# Map of 2Mpp groups
v 0.319 -0.029 -0.006
v -0.263 -0.029 -0.006
v 0.028 -0.029 -0.297
v 0.028 -0.029 0.285
v 0.028 0.218 -0.006
v 0.028 -0.276 -0.006
usemtl mtl-000
f 5 1 3
f 5 3 2
f 5 2 4
f 5 4 1
f 6 3 1
f 6 2 3
f 6 4 2
f 6 1 4
v 4.456 5.041 6.844
v 3.875 5.041 6.844
v 4.166 5.041 6.553
v 4.166 5.041 7.135
v 4.166 5.288 6.844
v 4.166 4.793 6.844
f 11 7 9
f 11 9 8
f 11 8 10
f 11 10 7
f 12 9 7
f 12 8 9
f 12 10 8
f 12 7 10
v 1.326 0.044 0.203
v 0.826 0.044 0.203
v 1.076 0.044 -0.047
v 1.076 0.044 0.453
v 1.076 0.257 0.203
v 1.076 -0.168 0.203
f 17 13 15
f 17 15 14
f 17 14 16
f 17 16 13
f 18 15 13
f 18 14 15
f 18 16 14
f 18 13 16
v 5.113 -2.836 4.093
v 4.531 -2.836 4.093
v 4.822 -2.836 3.802
v 4.822 -2.836 4.384
v 4.822 -2.589 4.093
v 4.822 -3.083 4.093
f 23 19 21
f 23 21 20
f 23 20 22
f 23 22 19
f 24 21 19
f 24 20 21
f 24 22 20
f 24 19 22
v 1.540 0.885 2.077
v 0.821 0.885 2.077
v 1.181 0.885 1.718
v 1.181 0.885 2.437
v 1.181 1.190 2.077
v 1.181 0.579 2.077
f 29 25 27
f 29 27 26
f 29 26 28
f 29 28 25
f 30 27 25
f 30 26 27
f 30 28 26
f 30 25 28
v 2.245 -0.011 0.427
v 1.663 -0.011 0.427
v 1.954 -0.011 0.136
v 1.954 -0.011 0.718
v 1.954 0.236 0.427
v 1.954 -0.258 0.427
f 35 31 33
f 35 33 32
f 35 32 34
f 35 34 31
f 36 33 31
f 36 32 33
f 36 34 32
f 36 31 34
v 1.336 -0.047 0.754
v 0.682 -0.047 0.754
v 1.009 -0.047 0.427
v 1.009 -0.047 1.081
v 1.009 0.231 0.754
v 1.009 -0.325 0.754
f 41 37 39
f 41 39 38
f 41 38 40
f 41 40 37
f 42 39 37
f 42 38 39
f 42 40 38
f 42 37 40
v -5.618 24.608 3.497
v -6.199 24.608 3.497
v -5.909 24.608 3.206
v -5.909 24.608 3.788
v -5.909 24.855 3.497
v -5.909 24.361 3.497
f 47 43 45
f 47 45 44
f 47 44 46
f 47 46 43
f 48 45 43
f 48 44 45
f 48 46 44
f 48 43 46
v -2.914 30.865 4.722
v -3.414 30.865 4.722
v -3.164 30.865 4.472
v -3.164 30.865 4.972
v -3.164 31.077 4.722
v -3.164 30.652 4.722
f 53 49 51
f 53 51 50
f 53 50 52
f 53 52 49
f 54 51 49
f 54 50 51
f 54 52 50
f 54 49 52
v 15.608 1.740 9.710
v 15.026 1.740 9.710
v 15.317 1.740 9.419
v 15.317 1.740 10.001
v 15.317 1.987 9.710
v 15.317 1.493 9.710
f 59 55 57
f 59 57 56
f 59 56 58
f 59 58 55
f 60 57 55
f 60 56 57
f 60 58 56
f 60 55 58
v 11.508 8.401 7.889
v 10.926 8.401 7.889
v 11.217 8.401 7.598
v 11.217 8.401 8.180
v 11.217 8.648 7.889
v 11.217 8.153 7.889
f 65 61 63
f 65 63 62
f 65 62 64
f 65 64 61
f 66 63 61
f 66 62 63
f 66 64 62
f 66 61 64
v -3.776 37.096 4.184
v -4.276 37.096 4.184
v -4.026 37.096 3.934
v -4.026 37.096 4.434
v -4.026 37.309 4.184
v -4.026 36.884 4.184
f 71 67 69
f 71 69 68
f 71 68 70
f 71 70 67
f 72 69 67
f 72 68 69
f 72 70 68
f 72 67 70
v -0.950 30.338 6.119
v -1.450 30.338 6.119
v -1.200 30.338 5.869
v -1.200 30.338 6.369
v -1.200 30.551 6.119
v -1.200 30.126 6.119
f 77 73 75
f 77 75 74
f 77 74 76
f 77 76 73
f 78 75 73
f 78 74 75
f 78 76 74
f 78 73 76
v 44.224 6.937 6.233
v 43.570 6.937 6.233
v 43.897 6.937 5.906
v 43.897 6.937 6.560
v 43.897 7.215 6.233
v 43.897 6.659 6.233
f 83 79 81
f 83 81 80
f 83 80 82
f 83 82 79
f 84 81 79
f 84 80 81
f 84 82 80
f 84 79 82
v 30.131 20.972 5.638
v 29.477 20.972 5.638
v 29.804 20.972 5.311
v 29.804 20.972 5.965
v 29.804 21.250 5.638
v 29.804 20.694 5.638
f 89 85 87
f 89 87 86
f 89 86 88
f 89 88 85
f 90 87 85
f 90 86 87
f 90 88 86
f 90 85 88
v -40.094 -35.090 12.471
v -40.594 -35.090 12.471
v -40.344 -35.090 12.221
v -40.344 -35.090 12.721
v -40.344 -34.877 12.471
v -40.344 -35.302 12.471
f 95 91 93
f 95 93 92
f 95 92 94
f 95 94 91
f 96 93 91
f 96 92 93
f 96 94 92
f 96 91 94
v -31.575 -19.455 7.901
v -32.228 -19.455 7.901
v -31.901 -19.455 7.574
v -31.901 -19.455 8.228
v -31.901 -19.177 7.901
v -31.901 -19.733 7.901
f 101 97 99
f 101 99 98
f 101 98 100
f 101 100 97
f 102 99 97
f 102 98 99
f 102 100 98
f 102 97 100
v -48.320 -8.449 7.007
v -48.820 -8.449 7.007
v -48.570 -8.449 6.757
v -48.570 -8.449 7.257
v -48.570 -8.236 7.007
v -48.570 -8.661 7.007
f 107 103 105
f 107 105 104
f 107 104 106
f 107 106 103
f 108 105 103
f 108 104 105
f 108 106 104
f 108 103 106
v -55.141 -2.953 6.138
v -55.641 -2.953 6.138
v -55.391 -2.953 5.888
v -55.391 -2.953 6.388
v -55.391 -2.741 6.138
v -55.391 -3.166 6.138
f 113 109 111
f 113 111 110
f 113 110 112
f 113 112 109
f 114 111 109
f 114 110 111
f 114 112 110
f 114 109 112
v -55.833 -6.960 8.038
v -56.333 -6.960 8.038
v -56.083 -6.960 7.788
v -56.083 -6.960 8.288
v -56.083 -6.747 8.038
v -56.083 -7.172 8.038
f 119 115 117
f 119 117 116
f 119 116 118
f 119 118 115
f 120 117 115
f 120 116 117
f 120 118 116
f 120 115 118
v -52.240 -2.349 7.451
v -52.740 -2.349 7.451
v -52.490 -2.349 7.201
v -52.490 -2.349 7.701
v -52.490 -2.137 7.451
v -52.490 -2.562 7.451
f 125 121 123
f 125 123 122
f 125 122 124
f 125 124 121
f 126 123 121
f 126 122 123
f 126 124 122
f 126 121 124
v -51.687 -3.748 8.577
v -52.341 -3.748 8.577
v -52.014 -3.748 8.250
v -52.014 -3.748 8.904
v -52.014 -3.470 8.577
v -52.014 -4.026 8.577
f 131 127 129
f 131 129 128
f 131 128 130
f 131 130 127
f 132 129 127
f 132 128 129
f 132 130 128
f 132 127 130
v -42.164 -0.837 6.505
v -42.664 -0.837 6.505
v -42.414 -0.837 6.255
v -42.414 -0.837 6.755
v -42.414 -0.624 6.505
v -42.414 -1.049 6.505
f 137 133 135
f 137 135 134
f 137 134 136
f 137 136 133
f 138 135 133
f 138 134 135
f 138 136 134
f 138 133 136
v -12.580 -30.558 11.424
v -13.300 -30.558 11.424
v -12.940 -30.558 11.064
v -12.940 -30.558 11.783
v -12.940 -30.252 11.424
v -12.940 -30.863 11.424
f 143 139 141
f 143 141 140
f 143 140 142
f 143 142 139
f 144 141 139
f 144 140 141
f 144 142 140
f 144 139 142
v -15.653 -26.929 9.823
v -16.153 -26.929 9.823
v -15.903 -26.929 9.573
v -15.903 -26.929 10.073
v -15.903 -26.717 9.823
v -15.903 -27.142 9.823
f 149 145 147
f 149 147 146
f 149 146 148
f 149 148 145
f 150 147 145
f 150 146 147
f 150 148 146
f 150 145 148
v -16.406 -25.553 11.453
v -16.988 -25.553 11.453
v -16.697 -25.553 11.162
v -16.697 -25.553 11.744
v -16.697 -25.306 11.453
v -16.697 -25.801 11.453
f 155 151 153
f 155 153 152
f 155 152 154
f 155 154 151
f 156 153 151
f 156 152 153
f 156 154 152
f 156 151 154
v -17.215 0.338 3.800
v -17.715 0.338 3.800
v -17.465 0.338 3.550
v -17.465 0.338 4.050
v -17.465 0.551 3.800
v -17.465 0.126 3.800
f 161 157 159
f 161 159 158
f 161 158 160
f 161 160 157
f 162 159 157
f 162 158 159
f 162 160 158
f 162 157 160
v -5.596 0.150 3.552
v -6.177 0.150 3.552
v -5.886 0.150 3.261
v -5.886 0.150 3.843
v -5.886 0.398 3.552
v -5.886 -0.097 3.552
f 167 163 165
f 167 165 164
f 167 164 166
f 167 166 163
f 168 165 163
f 168 164 165
f 168 166 164
f 168 163 166
v 10.024 2.495 -3.768
v 9.370 2.495 -3.768
v 9.697 2.495 -4.095
v 9.697 2.495 -3.441
v 9.697 2.773 -3.768
v 9.697 2.217 -3.768
f 173 169 171
f 173 171 170
f 173 170 172
f 173 172 169
f 174 171 169
f 174 170 171
f 174 172 170
f 174 169 172
v 14.425 -0.785 20.211
v 13.925 -0.785 20.211
v 14.175 -0.785 19.961
v 14.175 -0.785 20.461
v 14.175 -0.573 20.211
v 14.175 -0.998 20.211
f 179 175 177
f 179 177 176
f 179 176 178
f 179 178 175
f 180 177 175
f 180 176 177
f 180 178 176
f 180 175 178
v 13.496 -2.992 12.150
v 12.914 -2.992 12.150
v 13.205 -2.992 11.859
v 13.205 -2.992 12.441
v 13.205 -2.744 12.150
v 13.205 -3.239 12.150
f 185 181 183
f 185 183 182
f 185 182 184
f 185 184 181
f 186 183 181
f 186 182 183
f 186 184 182
f 186 181 184
v 16.894 -2.074 14.739
v 16.394 -2.074 14.739
v 16.644 -2.074 14.489
v 16.644 -2.074 14.989
v 16.644 -1.861 14.739
v 16.644 -2.286 14.739
f 191 187 189
f 191 189 188
f 191 188 190
f 191 190 187
f 192 189 187
f 192 188 189
f 192 190 188
f 192 187 190
v 2.092 2.811 12.451
v 1.511 2.811 12.451
v 1.802 2.811 12.160
v 1.802 2.811 12.741
v 1.802 3.058 12.451
v 1.802 2.564 12.451
f 197 193 195
f 197 195 194
f 197 194 196
f 197 196 193
f 198 195 193
f 198 194 195
f 198 196 194
f 198 193 196
v 12.834 1.855 10.882
v 12.334 1.855 10.882
v 12.584 1.855 10.632
v 12.584 1.855 11.132
v 12.584 2.068 10.882
v 12.584 1.643 10.882
f 203 199 201
f 203 201 200
f 203 200 202
f 203 202 199
f 204 201 199
f 204 200 201
f 204 202 200
f 204 199 202
v 24.805 0.752 16.565
v 24.305 0.752 16.565
v 24.555 0.752 16.315
v 24.555 0.752 16.815
v 24.555 0.964 16.565
v 24.555 0.539 16.565
f 209 205 207
f 209 207 206
f 209 206 208
f 209 208 205
f 210 207 205
f 210 206 207
f 210 208 206
f 210 205 208
v 16.228 0.189 17.091
v 15.728 0.189 17.091
v 15.978 0.189 16.841
v 15.978 0.189 17.341
v 15.978 0.402 17.091
v 15.978 -0.023 17.091
f 215 211 213
f 215 213 212
f 215 212 214
f 215 214 211
f 216 213 211
f 216 212 213
f 216 214 212
f 216 211 214
v 20.673 1.501 16.787
v 20.173 1.501 16.787
v 20.423 1.501 16.537
v 20.423 1.501 17.037
v 20.423 1.713 16.787
v 20.423 1.288 16.787
f 221 217 219
f 221 219 218
f 221 218 220
f 221 220 217
f 222 219 217
f 222 218 219
f 222 220 218
f 222 217 220
v -2.258 41.245 10.359
v -2.840 41.245 10.359
v -2.549 41.245 10.068
v -2.549 41.245 10.650
v -2.549 41.493 10.359
v -2.549 40.998 10.359
f 227 223 225
f 227 225 224
f 227 224 226
f 227 226 223
f 228 225 223
f 228 224 225
f 228 226 224
f 228 223 226
v 53.289 -9.391 21.257
v 52.635 -9.391 21.257
v 52.962 -9.391 20.930
v 52.962 -9.391 21.583
v 52.962 -9.113 21.257
v 52.962 -9.668 21.257
f 233 229 231
f 233 231 230
f 233 230 232
f 233 232 229
f 234 231 229
f 234 230 231
f 234 232 230
f 234 229 232
v 41.270 -0.207 10.880
v 40.770 -0.207 10.880
v 41.020 -0.207 10.630
v 41.020 -0.207 11.130
v 41.020 0.005 10.880
v 41.020 -0.420 10.880
f 239 235 237
f 239 237 236
f 239 236 238
f 239 238 235
f 240 237 235
f 240 236 237
f 240 238 236
f 240 235 238
v 36.837 -1.801 19.489
v 36.337 -1.801 19.489
v 36.587 -1.801 19.239
v 36.587 -1.801 19.739
v 36.587 -1.589 19.489
v 36.587 -2.014 19.489
f 245 241 243
f 245 243 242
f 245 242 244
f 245 244 241
f 246 243 241
f 246 242 243
f 246 244 242
f 246 241 244
v -7.154 55.039 13.495
v -7.654 55.039 13.495
v -7.404 55.039 13.245
v -7.404 55.039 13.745
v -7.404 55.251 13.495
v -7.404 54.826 13.495
f 251 247 249
f 251 249 248
f 251 248 250
f 251 250 247
f 252 249 247
f 252 248 249
f 252 250 248
f 252 247 250
v 50.692 -3.500 11.960
v 50.192 -3.500 11.960
v 50.442 -3.500 11.710
v 50.442 -3.500 12.210
v 50.442 -3.287 11.960
v 50.442 -3.712 11.960
f 257 253 255
f 257 255 254
f 257 254 256
f 257 256 253
f 258 255 253
f 258 254 255
f 258 256 254
f 258 253 256
v 52.454 -3.963 19.228
v 51.735 -3.963 19.228
v 52.095 -3.963 18.869
v 52.095 -3.963 19.588
v 52.095 -3.657 19.228
v 52.095 -4.268 19.228
f 263 259 261
f 263 261 260
f 263 260 262
f 263 262 259
f 264 261 259
f 264 260 261
f 264 262 260
f 264 259 262
v 57.475 0.759 13.474
v 56.975 0.759 13.474
v 57.225 0.759 13.224
v 57.225 0.759 13.724
v 57.225 0.971 13.474
v 57.225 0.546 13.474
f 269 265 267
f 269 267 266
f 269 266 268
f 269 268 265
f 270 267 265
f 270 266 267
f 270 268 266
f 270 265 268
v 4.584 57.601 7.397
v 4.002 57.601 7.397
v 4.293 57.601 7.106
v 4.293 57.601 7.688
v 4.293 57.849 7.397
v 4.293 57.354 7.397
f 275 271 273
f 275 273 272
f 275 272 274
f 275 274 271
f 276 273 271
f 276 272 273
f 276 274 272
f 276 271 274
v 4.254 56.918 8.787
v 3.600 56.918 8.787
v 3.927 56.918 8.460
v 3.927 56.918 9.114
v 3.927 57.196 8.787
v 3.927 56.640 8.787
f 281 277 279
f 281 279 278
f 281 278 280
f 281 280 277
f 282 279 277
f 282 278 279
f 282 280 278
f 282 277 280
v 57.691 7.824 13.726
v 57.109 7.824 13.726
v 57.400 7.824 13.435
v 57.400 7.824 14.016
v 57.400 8.072 13.726
v 57.400 7.577 13.726
f 287 283 285
f 287 285 284
f 287 284 286
f 287 286 283
f 288 285 283
f 288 284 285
f 288 286 284
f 288 283 286
v 52.693 18.762 13.693
v 52.193 18.762 13.693
v 52.443 18.762 13.443
v 52.443 18.762 13.943
v 52.443 18.975 13.693
v 52.443 18.550 13.693
f 293 289 291
f 293 291 290
f 293 290 292
f 293 292 289
f 294 291 289
f 294 290 291
f 294 292 290
f 294 289 292
v -49.844 -27.367 14.770
v -50.498 -27.367 14.770
v -50.171 -27.367 14.443
v -50.171 -27.367 15.096
v -50.171 -27.089 14.770
v -50.171 -27.645 14.770
f 299 295 297
f 299 297 296
f 299 296 298
f 299 298 295
f 300 297 295
f 300 296 297
f 300 298 296
f 300 295 298
v -51.470 -19.999 13.661
v -51.970 -19.999 13.661
v -51.720 -19.999 13.411
v -51.720 -19.999 13.911
v -51.720 -19.786 13.661
v -51.720 -20.211 13.661
f 305 301 303
f 305 303 302
f 305 302 304
f 305 304 301
f 306 303 301
f 306 302 303
f 306 304 302
f 306 301 304
v -28.452 -23.800 16.275
v -29.034 -23.800 16.275
v -28.743 -23.800 15.985
v -28.743 -23.800 16.566
v -28.743 -23.553 16.275
v -28.743 -24.048 16.275
f 311 307 309
f 311 309 308
f 311 308 310
f 311 310 307
f 312 309 307
f 312 308 309
f 312 310 308
f 312 307 310
v -29.445 -19.929 19.509
v -30.027 -19.929 19.509
v -29.736 -19.929 19.218
v -29.736 -19.929 19.800
v -29.736 -19.681 19.509
v -29.736 -20.176 19.509
f 317 313 315
f 317 315 314
f 317 314 316
f 317 316 313
f 318 315 313
f 318 314 315
f 318 316 314
f 318 313 316
v -24.743 -22.332 17.615
v -25.243 -22.332 17.615
v -24.993 -22.332 17.365
v -24.993 -22.332 17.865
v -24.993 -22.119 17.615
v -24.993 -22.544 17.615
f 323 319 321
f 323 321 320
f 323 320 322
f 323 322 319
f 324 321 319
f 324 320 321
f 324 322 320
f 324 319 322
v -33.172 -15.190 17.136
v -33.754 -15.190 17.136
v -33.463 -15.190 16.845
v -33.463 -15.190 17.427
v -33.463 -14.943 17.136
v -33.463 -15.437 17.136
f 329 325 327
f 329 327 326
f 329 326 328
f 329 328 325
f 330 327 325
f 330 326 327
f 330 328 326
f 330 325 328
v -35.881 -13.095 18.859
v -36.381 -13.095 18.859
v -36.131 -13.095 18.609
v -36.131 -13.095 19.109
v -36.131 -12.883 18.859
v -36.131 -13.308 18.859
f 335 331 333
f 335 333 332
f 335 332 334
f 335 334 331
f 336 333 331
f 336 332 333
f 336 334 332
f 336 331 334
v -46.617 -14.114 12.447
v -47.271 -14.114 12.447
v -46.944 -14.114 12.120
v -46.944 -14.114 12.773
v -46.944 -13.836 12.447
v -46.944 -14.392 12.447
f 341 337 339
f 341 339 338
f 341 338 340
f 341 340 337
f 342 339 337
f 342 338 339
f 342 340 338
f 342 337 340
v -42.869 -9.986 15.328
v -43.451 -9.986 15.328
v -43.160 -9.986 15.037
v -43.160 -9.986 15.618
v -43.160 -9.739 15.328
v -43.160 -10.234 15.328
f 347 343 345
f 347 345 344
f 347 344 346
f 347 346 343
f 348 345 343
f 348 344 345
f 348 346 344
f 348 343 346
v -44.416 -7.527 18.663
v -44.998 -7.527 18.663
v -44.707 -7.527 18.373
v -44.707 -7.527 18.954
v -44.707 -7.279 18.663
v -44.707 -7.774 18.663
f 353 349 351
f 353 351 350
f 353 350 352
f 353 352 349
f 354 351 349
f 354 350 351
f 354 352 350
f 354 349 352
v -49.956 -9.079 10.809
v -50.537 -9.079 10.809
v -50.247 -9.079 10.518
v -50.247 -9.079 11.100
v -50.247 -8.832 10.809
v -50.247 -9.326 10.809
f 359 355 357
f 359 357 356
f 359 356 358
f 359 358 355
f 360 357 355
f 360 356 357
f 360 358 356
f 360 355 358
v -50.068 -4.751 10.480
v -50.568 -4.751 10.480
v -50.318 -4.751 10.230
v -50.318 -4.751 10.730
v -50.318 -4.538 10.480
v -50.318 -4.963 10.480
f 365 361 363
f 365 363 362
f 365 362 364
f 365 364 361
f 366 363 361
f 366 362 363
f 366 364 362
f 366 361 364
v -48.396 -4.712 11.245
v -48.896 -4.712 11.245
v -48.646 -4.712 10.995
v -48.646 -4.712 11.495
v -48.646 -4.500 11.245
v -48.646 -4.925 11.245
f 371 367 369
f 371 369 368
f 371 368 370
f 371 370 367
f 372 369 367
f 372 368 369
f 372 370 368
f 372 367 370
v -52.345 -2.685 12.850
v -53.064 -2.685 12.850
v -52.705 -2.685 12.491
v -52.705 -2.685 13.210
v -52.705 -2.379 12.850
v -52.705 -2.990 12.850
f 377 373 375
f 377 375 374
f 377 374 376
f 377 376 373
f 378 375 373
f 378 374 375
f 378 376 374
f 378 373 376
v -14.932 -27.870 13.675
v -15.514 -27.870 13.675
v -15.223 -27.870 13.384
v -15.223 -27.870 13.965
v -15.223 -27.622 13.675
v -15.223 -28.117 13.675
f 383 379 381
f 383 381 380
f 383 380 382
f 383 382 379
f 384 381 379
f 384 380 381
f 384 382 380
f 384 379 382
v -25.014 -26.421 15.763
v -25.596 -26.421 15.763
v -25.305 -26.421 15.472
v -25.305 -26.421 16.054
v -25.305 -26.174 15.763
v -25.305 -26.668 15.763
f 389 385 387
f 389 387 386
f 389 386 388
f 389 388 385
f 390 387 385
f 390 386 387
f 390 388 386
f 390 385 388
v -29.895 -15.995 16.391
v -30.476 -15.995 16.391
v -30.185 -15.995 16.100
v -30.185 -15.995 16.682
v -30.185 -15.748 16.391
v -30.185 -16.243 16.391
f 395 391 393
f 395 393 392
f 395 392 394
f 395 394 391
f 396 393 391
f 396 392 393
f 396 394 392
f 396 391 394
v -39.507 -6.119 12.739
v -40.089 -6.119 12.739
v -39.798 -6.119 12.448
v -39.798 -6.119 13.030
v -39.798 -5.872 12.739
v -39.798 -6.366 12.739
f 401 397 399
f 401 399 398
f 401 398 400
f 401 400 397
f 402 399 397
f 402 398 399
f 402 400 398
f 402 397 400
v -36.479 -7.259 17.336
v -37.199 -7.259 17.336
v -36.839 -7.259 16.976
v -36.839 -7.259 17.695
v -36.839 -6.954 17.336
v -36.839 -7.565 17.336
f 407 403 405
f 407 405 404
f 407 404 406
f 407 406 403
f 408 405 403
f 408 404 405
f 408 406 404
f 408 403 406
v -10.009 -29.003 21.050
v -10.591 -29.003 21.050
v -10.300 -29.003 20.759
v -10.300 -29.003 21.341
v -10.300 -28.756 21.050
v -10.300 -29.250 21.050
f 413 409 411
f 413 411 410
f 413 410 412
f 413 412 409
f 414 411 409
f 414 410 411
f 414 412 410
f 414 409 412
v -19.602 -26.014 15.904
v -20.102 -26.014 15.904
v -19.852 -26.014 15.654
v -19.852 -26.014 16.154
v -19.852 -25.801 15.904
v -19.852 -26.226 15.904
f 419 415 417
f 419 417 416
f 419 416 418
f 419 418 415
f 420 417 415
f 420 416 417
f 420 418 416
f 420 415 418
v -12.112 -22.600 14.717
v -12.694 -22.600 14.717
v -12.403 -22.600 14.427
v -12.403 -22.600 15.008
v -12.403 -22.353 14.717
v -12.403 -22.847 14.717
f 425 421 423
f 425 423 422
f 425 422 424
f 425 424 421
f 426 423 421
f 426 422 423
f 426 424 422
f 426 421 424
v -11.891 -8.938 10.424
v -12.473 -8.938 10.424
v -12.182 -8.938 10.133
v -12.182 -8.938 10.715
v -12.182 -8.691 10.424
v -12.182 -9.185 10.424
f 431 427 429
f 431 429 428
f 431 428 430
f 431 430 427
f 432 429 427
f 432 428 429
f 432 430 428
f 432 427 430
v -22.170 -0.802 16.045
v -22.889 -0.802 16.045
v -22.530 -0.802 15.686
v -22.530 -0.802 16.405
v -22.530 -0.496 16.045
v -22.530 -1.107 16.045
f 437 433 435
f 437 435 434
f 437 434 436
f 437 436 433
f 438 435 433
f 438 434 435
f 438 436 434
f 438 433 436
v -32.517 -0.086 10.265
v -33.171 -0.086 10.265
v -32.844 -0.086 9.938
v -32.844 -0.086 10.592
v -32.844 0.192 10.265
v -32.844 -0.364 10.265
f 443 439 441
f 443 441 440
f 443 440 442
f 443 442 439
f 444 441 439
f 444 440 441
f 444 442 440
f 444 439 442
v -27.608 -2.384 16.796
v -28.108 -2.384 16.796
v -27.858 -2.384 16.546
v -27.858 -2.384 17.046
v -27.858 -2.171 16.796
v -27.858 -2.596 16.796
f 449 445 447
f 449 447 446
f 449 446 448
f 449 448 445
f 450 447 445
f 450 446 447
f 450 448 446
f 450 445 448
v -31.097 5.251 17.281
v -31.597 5.251 17.281
v -31.347 5.251 17.031
v -31.347 5.251 17.531
v -31.347 5.464 17.281
v -31.347 5.039 17.281
f 455 451 453
f 455 453 452
f 455 452 454
f 455 454 451
f 456 453 451
f 456 452 453
f 456 454 452
f 456 451 454
v -38.597 7.525 9.523
v -39.097 7.525 9.523
v -38.847 7.525 9.273
v -38.847 7.525 9.773
v -38.847 7.738 9.523
v -38.847 7.313 9.523
f 461 457 459
f 461 459 458
f 461 458 460
f 461 460 457
f 462 459 457
f 462 458 459
f 462 460 458
f 462 457 460
v -5.454 -20.120 13.898
v -5.954 -20.120 13.898
v -5.704 -20.120 13.648
v -5.704 -20.120 14.148
v -5.704 -19.908 13.898
v -5.704 -20.333 13.898
f 467 463 465
f 467 465 464
f 467 464 466
f 467 466 463
f 468 465 463
f 468 464 465
f 468 466 464
f 468 463 466
v -12.870 -0.961 14.900
v -13.370 -0.961 14.900
v -13.120 -0.961 14.650
v -13.120 -0.961 15.150
v -13.120 -0.749 14.900
v -13.120 -1.174 14.900
f 473 469 471
f 473 471 470
f 473 470 472
f 473 472 469
f 474 471 469
f 474 470 471
f 474 472 470
f 474 469 472
v -7.125 -1.775 11.555
v -7.625 -1.775 11.555
v -7.375 -1.775 11.305
v -7.375 -1.775 11.805
v -7.375 -1.563 11.555
v -7.375 -1.988 11.555
f 479 475 477
f 479 477 476
f 479 476 478
f 479 478 475
f 480 477 475
f 480 476 477
f 480 478 476
f 480 475 478
v -28.751 11.173 15.431
v -29.251 11.173 15.431
v -29.001 11.173 15.181
v -29.001 11.173 15.681
v -29.001 11.385 15.431
v -29.001 10.960 15.431
f 485 481 483
f 485 483 482
f 485 482 484
f 485 484 481
f 486 483 481
f 486 482 483
f 486 484 482
f 486 481 484
v -26.872 13.600 14.105
v -27.591 13.600 14.105
v -27.231 13.600 13.746
v -27.231 13.600 14.465
v -27.231 13.906 14.105
v -27.231 13.295 14.105
f 491 487 489
f 491 489 488
f 491 488 490
f 491 490 487
f 492 489 487
f 492 488 489
f 492 490 488
f 492 487 490
v 6.355 -21.642 17.099
v 5.701 -21.642 17.099
v 6.028 -21.642 16.772
v 6.028 -21.642 17.426
v 6.028 -21.364 17.099
v 6.028 -21.920 17.099
f 497 493 495
f 497 495 494
f 497 494 496
f 497 496 493
f 498 495 493
f 498 494 495
f 498 496 494
f 498 493 496
v -2.098 -10.804 13.961
v -2.598 -10.804 13.961
v -2.348 -10.804 13.711
v -2.348 -10.804 14.211
v -2.348 -10.591 13.961
v -2.348 -11.016 13.961
f 503 499 501
f 503 501 500
f 503 500 502
f 503 502 499
f 504 501 499
f 504 500 501
f 504 502 500
f 504 499 502
v -5.225 -7.930 19.128
v -5.879 -7.930 19.128
v -5.552 -7.930 18.801
v -5.552 -7.930 19.455
v -5.552 -7.652 19.128
v -5.552 -8.208 19.128
f 509 505 507
f 509 507 506
f 509 506 508
f 509 508 505
f 510 507 505
f 510 506 507
f 510 508 506
f 510 505 508
v -6.344 -1.113 13.595
v -6.844 -1.113 13.595
v -6.594 -1.113 13.345
v -6.594 -1.113 13.845
v -6.594 -0.901 13.595
v -6.594 -1.326 13.595
f 515 511 513
f 515 513 512
f 515 512 514
f 515 514 511
f 516 513 511
f 516 512 513
f 516 514 512
f 516 511 514
v -6.436 4.488 14.280
v -7.155 4.488 14.280
v -6.795 4.488 13.920
v -6.795 4.488 14.639
v -6.795 4.793 14.280
v -6.795 4.182 14.280
f 521 517 519
f 521 519 518
f 521 518 520
f 521 520 517
f 522 519 517
f 522 518 519
f 522 520 518
f 522 517 520
v -9.225 7.794 17.185
v -9.944 7.794 17.185
v -9.584 7.794 16.826
v -9.584 7.794 17.545
v -9.584 8.100 17.185
v -9.584 7.488 17.185
f 527 523 525
f 527 525 524
f 527 524 526
f 527 526 523
f 528 525 523
f 528 524 525
f 528 526 524
f 528 523 526
v -9.449 10.607 16.062
v -10.103 10.607 16.062
v -9.776 10.607 15.735
v -9.776 10.607 16.389
v -9.776 10.885 16.062
v -9.776 10.329 16.062
f 533 529 531
f 533 531 530
f 533 530 532
f 533 532 529
f 534 531 529
f 534 530 531
f 534 532 530
f 534 529 532
v -22.309 13.569 14.923
v -22.809 13.569 14.923
v -22.559 13.569 14.673
v -22.559 13.569 15.173
v -22.559 13.781 14.923
v -22.559 13.356 14.923
f 539 535 537
f 539 537 536
f 539 536 538
f 539 538 535
f 540 537 535
f 540 536 537
f 540 538 536
f 540 535 538
v -19.418 12.995 15.135
v -19.918 12.995 15.135
v -19.668 12.995 14.885
v -19.668 12.995 15.385
v -19.668 13.208 15.135
v -19.668 12.783 15.135
f 545 541 543
f 545 543 542
f 545 542 544
f 545 544 541
f 546 543 541
f 546 542 543
f 546 544 542
f 546 541 544
v -17.375 12.439 15.614
v -17.875 12.439 15.614
v -17.625 12.439 15.364
v -17.625 12.439 15.864
v -17.625 12.651 15.614
v -17.625 12.226 15.614
f 551 547 549
f 551 549 548
f 551 548 550
f 551 550 547
f 552 549 547
f 552 548 549
f 552 550 548
f 552 547 550
v -44.958 31.774 9.634
v -45.539 31.774 9.634
v -45.248 31.774 9.343
v -45.248 31.774 9.925
v -45.248 32.021 9.634
v -45.248 31.527 9.634
f 557 553 555
f 557 555 554
f 557 554 556
f 557 556 553
f 558 555 553
f 558 554 555
f 558 556 554
f 558 553 556
v 12.752 -20.437 18.103
v 12.252 -20.437 18.103
v 12.502 -20.437 17.853
v 12.502 -20.437 18.353
v 12.502 -20.224 18.103
v 12.502 -20.649 18.103
f 563 559 561
f 563 561 560
f 563 560 562
f 563 562 559
f 564 561 559
f 564 560 561
f 564 562 560
f 564 559 562
v 1.986 -7.653 14.543
v 1.404 -7.653 14.543
v 1.695 -7.653 14.252
v 1.695 -7.653 14.833
v 1.695 -7.406 14.543
v 1.695 -7.900 14.543
f 569 565 567
f 569 567 566
f 569 566 568
f 569 568 565
f 570 567 565
f 570 566 567
f 570 568 566
f 570 565 568
v 3.031 -8.612 16.068
v 2.311 -8.612 16.068
v 2.671 -8.612 15.708
v 2.671 -8.612 16.427
v 2.671 -8.306 16.068
v 2.671 -8.917 16.068
f 575 571 573
f 575 573 572
f 575 572 574
f 575 574 571
f 576 573 571
f 576 572 573
f 576 574 572
f 576 571 574
v 4.503 -6.815 16.601
v 3.849 -6.815 16.601
v 4.176 -6.815 16.274
v 4.176 -6.815 16.928
v 4.176 -6.537 16.601
v 4.176 -7.093 16.601
f 581 577 579
f 581 579 578
f 581 578 580
f 581 580 577
f 582 579 577
f 582 578 579
f 582 580 578
f 582 577 580
v 11.751 -9.513 17.536
v 11.251 -9.513 17.536
v 11.501 -9.513 17.286
v 11.501 -9.513 17.786
v 11.501 -9.300 17.536
v 11.501 -9.725 17.536
f 587 583 585
f 587 585 584
f 587 584 586
f 587 586 583
f 588 585 583
f 588 584 585
f 588 586 584
f 588 583 586
v 0.512 -6.291 15.022
v -0.142 -6.291 15.022
v 0.185 -6.291 14.696
v 0.185 -6.291 15.349
v 0.185 -6.013 15.022
v 0.185 -6.569 15.022
f 593 589 591
f 593 591 590
f 593 590 592
f 593 592 589
f 594 591 589
f 594 590 591
f 594 592 590
f 594 589 592
v 3.711 -5.817 17.540
v 2.992 -5.817 17.540
v 3.352 -5.817 17.180
v 3.352 -5.817 17.899
v 3.352 -5.511 17.540
v 3.352 -6.123 17.540
f 599 595 597
f 599 597 596
f 599 596 598
f 599 598 595
f 600 597 595
f 600 596 597
f 600 598 596
f 600 595 598
v -7.774 17.609 17.896
v -8.356 17.609 17.896
v -8.065 17.609 17.605
v -8.065 17.609 18.187
v -8.065 17.856 17.896
v -8.065 17.362 17.896
f 605 601 603
f 605 603 602
f 605 602 604
f 605 604 601
f 606 603 601
f 606 602 603
f 606 604 602
f 606 601 604
v -6.390 17.336 18.262
v -6.890 17.336 18.262
v -6.640 17.336 18.012
v -6.640 17.336 18.512
v -6.640 17.549 18.262
v -6.640 17.124 18.262
f 611 607 609
f 611 609 608
f 611 608 610
f 611 610 607
f 612 609 607
f 612 608 609
f 612 610 608
f 612 607 610
v 22.541 -10.860 27.646
v 22.041 -10.860 27.646
v 22.291 -10.860 27.396
v 22.291 -10.860 27.896
v 22.291 -10.648 27.646
v 22.291 -11.073 27.646
f 617 613 615
f 617 615 614
f 617 614 616
f 617 616 613
f 618 615 613
f 618 614 615
f 618 616 614
f 618 613 616
v 8.315 -3.473 25.904
v 7.661 -3.473 25.904
v 7.988 -3.473 25.577
v 7.988 -3.473 26.230
v 7.988 -3.196 25.904
v 7.988 -3.751 25.904
f 623 619 621
f 623 621 620
f 623 620 622
f 623 622 619
f 624 621 619
f 624 620 621
f 624 622 620
f 624 619 622
v 5.779 -2.464 22.364
v 5.126 -2.464 22.364
v 5.452 -2.464 22.037
v 5.452 -2.464 22.691
v 5.452 -2.186 22.364
v 5.452 -2.742 22.364
f 629 625 627
f 629 627 626
f 629 626 628
f 629 628 625
f 630 627 625
f 630 626 627
f 630 628 626
f 630 625 628
v -4.380 27.550 18.452
v -4.880 27.550 18.452
v -4.630 27.550 18.202
v -4.630 27.550 18.702
v -4.630 27.762 18.452
v -4.630 27.337 18.452
f 635 631 633
f 635 633 632
f 635 632 634
f 635 634 631
f 636 633 631
f 636 632 633
f 636 634 632
f 636 631 634
v 37.906 -12.421 22.176
v 37.324 -12.421 22.176
v 37.615 -12.421 21.885
v 37.615 -12.421 22.466
v 37.615 -12.174 22.176
v 37.615 -12.668 22.176
f 641 637 639
f 641 639 638
f 641 638 640
f 641 640 637
f 642 639 637
f 642 638 639
f 642 640 638
f 642 637 640
v 21.287 7.183 27.665
v 20.568 7.183 27.665
v 20.927 7.183 27.306
v 20.927 7.183 28.025
v 20.927 7.489 27.665
v 20.927 6.878 27.665
f 647 643 645
f 647 645 644
f 647 644 646
f 647 646 643
f 648 645 643
f 648 644 645
f 648 646 644
f 648 643 646
v 23.226 6.796 27.993
v 22.644 6.796 27.993
v 22.935 6.796 27.703
v 22.935 6.796 28.284
v 22.935 7.044 27.993
v 22.935 6.549 27.993
f 653 649 651
f 653 651 650
f 653 650 652
f 653 652 649
f 654 651 649
f 654 650 651
f 654 652 650
f 654 649 652
v 21.244 5.588 24.162
v 20.744 5.588 24.162
v 20.994 5.588 23.912
v 20.994 5.588 24.412
v 20.994 5.801 24.162
v 20.994 5.376 24.162
f 659 655 657
f 659 657 656
f 659 656 658
f 659 658 655
f 660 657 655
f 660 656 657
f 660 658 656
f 660 655 658
v 7.721 9.912 23.157
v 7.221 9.912 23.157
v 7.471 9.912 22.907
v 7.471 9.912 23.407
v 7.471 10.125 23.157
v 7.471 9.700 23.157
f 665 661 663
f 665 663 662
f 665 662 664
f 665 664 661
f 666 663 661
f 666 662 663
f 666 664 662
f 666 661 664
v 9.606 10.755 22.672
v 9.106 10.755 22.672
v 9.356 10.755 22.422
v 9.356 10.755 22.922
v 9.356 10.967 22.672
v 9.356 10.542 22.672
f 671 667 669
f 671 669 668
f 671 668 670
f 671 670 667
f 672 669 667
f 672 668 669
f 672 670 668
f 672 667 670
v -1.924 34.255 18.138
v -2.424 34.255 18.138
v -2.174 34.255 17.888
v -2.174 34.255 18.388
v -2.174 34.468 18.138
v -2.174 34.043 18.138
f 677 673 675
f 677 675 674
f 677 674 676
f 677 676 673
f 678 675 673
f 678 674 675
f 678 676 674
f 678 673 676
v 53.813 -9.704 22.933
v 53.313 -9.704 22.933
v 53.563 -9.704 22.683
v 53.563 -9.704 23.183
v 53.563 -9.491 22.933
v 53.563 -9.916 22.933
f 683 679 681
f 683 681 680
f 683 680 682
f 683 682 679
f 684 681 679
f 684 680 681
f 684 682 680
f 684 679 682
v 45.927 0.882 23.597
v 45.345 0.882 23.597
v 45.636 0.882 23.307
v 45.636 0.882 23.888
v 45.636 1.129 23.597
v 45.636 0.634 23.597
f 689 685 687
f 689 687 686
f 689 686 688
f 689 688 685
f 690 687 685
f 690 686 687
f 690 688 686
f 690 685 688
v 31.521 3.753 25.210
v 31.021 3.753 25.210
v 31.271 3.753 24.960
v 31.271 3.753 25.460
v 31.271 3.966 25.210
v 31.271 3.541 25.210
f 695 691 693
f 695 693 692
f 695 692 694
f 695 694 691
f 696 693 691
f 696 692 693
f 696 694 692
f 696 691 694
v 34.360 2.117 24.906
v 33.860 2.117 24.906
v 34.110 2.117 24.656
v 34.110 2.117 25.156
v 34.110 2.330 24.906
v 34.110 1.905 24.906
f 701 697 699
f 701 699 698
f 701 698 700
f 701 700 697
f 702 699 697
f 702 698 699
f 702 700 698
f 702 697 700
v 0.930 51.309 15.307
v 0.430 51.309 15.307
v 0.680 51.309 15.057
v 0.680 51.309 15.557
v 0.680 51.521 15.307
v 0.680 51.096 15.307
f 707 703 705
f 707 705 704
f 707 704 706
f 707 706 703
f 708 705 703
f 708 704 705
f 708 706 704
f 708 703 706
v 48.877 0.165 23.483
v 48.377 0.165 23.483
v 48.627 0.165 23.233
v 48.627 0.165 23.733
v 48.627 0.378 23.483
v 48.627 -0.047 23.483
f 713 709 711
f 713 711 710
f 713 710 712
f 713 712 709
f 714 711 709
f 714 710 711
f 714 712 710
f 714 709 712
v 55.739 2.967 20.192
v 55.239 2.967 20.192
v 55.489 2.967 19.942
v 55.489 2.967 20.442
v 55.489 3.180 20.192
v 55.489 2.755 20.192
f 719 715 717
f 719 717 716
f 719 716 718
f 719 718 715
f 720 717 715
f 720 716 717
f 720 718 716
f 720 715 718
v 47.813 0.112 28.094
v 47.231 0.112 28.094
v 47.522 0.112 27.803
v 47.522 0.112 28.385
v 47.522 0.359 28.094
v 47.522 -0.135 28.094
f 725 721 723
f 725 723 722
f 725 722 724
f 725 724 721
f 726 723 721
f 726 722 723
f 726 724 722
f 726 721 724
v 52.490 8.786 25.092
v 51.990 8.786 25.092
v 52.240 8.786 24.842
v 52.240 8.786 25.342
v 52.240 8.999 25.092
v 52.240 8.574 25.092
f 731 727 729
f 731 729 728
f 731 728 730
f 731 730 727
f 732 729 727
f 732 728 729
f 732 730 728
f 732 727 730
v -35.614 -36.103 26.374
v -36.195 -36.103 26.374
v -35.905 -36.103 26.083
v -35.905 -36.103 26.665
v -35.905 -35.856 26.374
v -35.905 -36.350 26.374
f 737 733 735
f 737 735 734
f 737 734 736
f 737 736 733
f 738 735 733
f 738 734 735
f 738 736 734
f 738 733 736
v -32.528 -29.511 24.526
v -33.028 -29.511 24.526
v -32.778 -29.511 24.276
v -32.778 -29.511 24.776
v -32.778 -29.298 24.526
v -32.778 -29.723 24.526
f 743 739 741
f 743 741 740
f 743 740 742
f 743 742 739
f 744 741 739
f 744 740 741
f 744 742 740
f 744 739 742
v -30.291 -29.721 29.251
v -30.872 -29.721 29.251
v -30.581 -29.721 28.960
v -30.581 -29.721 29.542
v -30.581 -29.474 29.251
v -30.581 -29.968 29.251
f 749 745 747
f 749 747 746
f 749 746 748
f 749 748 745
f 750 747 745
f 750 746 747
f 750 748 746
f 750 745 748
v -19.868 -45.742 30.172
v -20.587 -45.742 30.172
v -20.228 -45.742 29.812
v -20.228 -45.742 30.531
v -20.228 -45.437 30.172
v -20.228 -46.048 30.172
f 755 751 753
f 755 753 752
f 755 752 754
f 755 754 751
f 756 753 751
f 756 752 753
f 756 754 752
f 756 751 754
v -18.220 -44.416 28.214
v -18.720 -44.416 28.214
v -18.470 -44.416 27.964
v -18.470 -44.416 28.464
v -18.470 -44.204 28.214
v -18.470 -44.629 28.214
f 761 757 759
f 761 759 758
f 761 758 760
f 761 760 757
f 762 759 757
f 762 758 759
f 762 760 758
f 762 757 760
v -27.703 -30.882 27.691
v -28.285 -30.882 27.691
v -27.994 -30.882 27.400
v -27.994 -30.882 27.982
v -27.994 -30.635 27.691
v -27.994 -31.129 27.691
f 767 763 765
f 767 765 764
f 767 764 766
f 767 766 763
f 768 765 763
f 768 764 765
f 768 766 764
f 768 763 766
v -28.879 -30.703 29.280
v -29.532 -30.703 29.280
v -29.206 -30.703 28.953
v -29.206 -30.703 29.607
v -29.206 -30.425 29.280
v -29.206 -30.981 29.280
f 773 769 771
f 773 771 770
f 773 770 772
f 773 772 769
f 774 771 769
f 774 770 771
f 774 772 770
f 774 769 772
v -24.190 -36.126 27.474
v -24.690 -36.126 27.474
v -24.440 -36.126 27.224
v -24.440 -36.126 27.724
v -24.440 -35.913 27.474
v -24.440 -36.338 27.474
f 779 775 777
f 779 777 776
f 779 776 778
f 779 778 775
f 780 777 775
f 780 776 777
f 780 778 776
f 780 775 778
v -30.531 -24.944 20.872
v -31.031 -24.944 20.872
v -30.781 -24.944 20.622
v -30.781 -24.944 21.122
v -30.781 -24.731 20.872
v -30.781 -25.156 20.872
f 785 781 783
f 785 783 782
f 785 782 784
f 785 784 781
f 786 783 781
f 786 782 783
f 786 784 782
f 786 781 784
v -29.210 -27.728 22.264
v -29.710 -27.728 22.264
v -29.460 -27.728 22.014
v -29.460 -27.728 22.514
v -29.460 -27.515 22.264
v -29.460 -27.940 22.264
f 791 787 789
f 791 789 788
f 791 788 790
f 791 790 787
f 792 789 787
f 792 788 789
f 792 790 788
f 792 787 790
v -43.294 -16.857 25.075
v -43.794 -16.857 25.075
v -43.544 -16.857 24.825
v -43.544 -16.857 25.325
v -43.544 -16.644 25.075
v -43.544 -17.069 25.075
f 797 793 795
f 797 795 794
f 797 794 796
f 797 796 793
f 798 795 793
f 798 794 795
f 798 796 794
f 798 793 796
v -51.115 -10.468 24.853
v -51.615 -10.468 24.853
v -51.365 -10.468 24.603
v -51.365 -10.468 25.103
v -51.365 -10.256 24.853
v -51.365 -10.681 24.853
f 803 799 801
f 803 801 800
f 803 800 802
f 803 802 799
f 804 801 799
f 804 800 801
f 804 802 800
f 804 799 802
v -40.632 -4.860 20.804
v -41.214 -4.860 20.804
v -40.923 -4.860 20.513
v -40.923 -4.860 21.095
v -40.923 -4.612 20.804
v -40.923 -5.107 20.804
f 809 805 807
f 809 807 806
f 809 806 808
f 809 808 805
f 810 807 805
f 810 806 807
f 810 808 806
f 810 805 808
v -52.039 -1.062 26.712
v -52.539 -1.062 26.712
v -52.289 -1.062 26.462
v -52.289 -1.062 26.962
v -52.289 -0.849 26.712
v -52.289 -1.274 26.712
f 815 811 813
f 815 813 812
f 815 812 814
f 815 814 811
f 816 813 811
f 816 812 813
f 816 814 812
f 816 811 814
v -2.533 -52.046 27.820
v -3.114 -52.046 27.820
v -2.824 -52.046 27.530
v -2.824 -52.046 28.111
v -2.824 -51.798 27.820
v -2.824 -52.293 27.820
f 821 817 819
f 821 819 818
f 821 818 820
f 821 820 817
f 822 819 817
f 822 818 819
f 822 820 818
f 822 817 820
v -12.503 -39.165 26.492
v -13.003 -39.165 26.492
v -12.753 -39.165 26.242
v -12.753 -39.165 26.742
v -12.753 -38.952 26.492
v -12.753 -39.377 26.492
f 827 823 825
f 827 825 824
f 827 824 826
f 827 826 823
f 828 825 823
f 828 824 825
f 828 826 824
f 828 823 826
v -29.086 -30.634 30.726
v -29.668 -30.634 30.726
v -29.377 -30.634 30.435
v -29.377 -30.634 31.016
v -29.377 -30.386 30.726
v -29.377 -30.881 30.726
f 833 829 831
f 833 831 830
f 833 830 832
f 833 832 829
f 834 831 829
f 834 830 831
f 834 832 830
f 834 829 832
v -31.861 -10.070 19.094
v -32.442 -10.070 19.094
v -32.151 -10.070 18.803
v -32.151 -10.070 19.385
v -32.151 -9.823 19.094
v -32.151 -10.317 19.094
f 839 835 837
f 839 837 836
f 839 836 838
f 839 838 835
f 840 837 835
f 840 836 837
f 840 838 836
f 840 835 838
v -38.737 -9.308 21.139
v -39.237 -9.308 21.139
v -38.987 -9.308 20.889
v -38.987 -9.308 21.389
v -38.987 -9.095 21.139
v -38.987 -9.520 21.139
f 845 841 843
f 845 843 842
f 845 842 844
f 845 844 841
f 846 843 841
f 846 842 843
f 846 844 842
f 846 841 844
v -38.502 -3.390 20.563
v -39.002 -3.390 20.563
v -38.752 -3.390 20.313
v -38.752 -3.390 20.813
v -38.752 -3.177 20.563
v -38.752 -3.602 20.563
f 851 847 849
f 851 849 848
f 851 848 850
f 851 850 847
f 852 849 847
f 852 848 849
f 852 850 848
f 852 847 850
v -43.126 -2.175 25.675
v -43.626 -2.175 25.675
v -43.376 -2.175 25.425
v -43.376 -2.175 25.925
v -43.376 -1.962 25.675
v -43.376 -2.387 25.675
f 857 853 855
f 857 855 854
f 857 854 856
f 857 856 853
f 858 855 853
f 858 854 855
f 858 856 854
f 858 853 856
v -49.922 6.679 22.379
v -50.576 6.679 22.379
v -50.249 6.679 22.052
v -50.249 6.679 22.706
v -50.249 6.957 22.379
v -50.249 6.402 22.379
f 863 859 861
f 863 861 860
f 863 860 862
f 863 862 859
f 864 861 859
f 864 860 861
f 864 862 860
f 864 859 862
v -52.645 13.727 18.644
v -53.145 13.727 18.644
v -52.895 13.727 18.394
v -52.895 13.727 18.894
v -52.895 13.939 18.644
v -52.895 13.514 18.644
f 869 865 867
f 869 867 866
f 869 866 868
f 869 868 865
f 870 867 865
f 870 866 867
f 870 868 866
f 870 865 868
v 1.662 -42.341 30.955
v 0.943 -42.341 30.955
v 1.302 -42.341 30.595
v 1.302 -42.341 31.314
v 1.302 -42.035 30.955
v 1.302 -42.646 30.955
f 875 871 873
f 875 873 872
f 875 872 874
f 875 874 871
f 876 873 871
f 876 872 873
f 876 874 872
f 876 871 874
v -11.911 -8.129 19.371
v -12.411 -8.129 19.371
v -12.161 -8.129 19.121
v -12.161 -8.129 19.621
v -12.161 -7.916 19.371
v -12.161 -8.341 19.371
f 881 877 879
f 881 879 878
f 881 878 880
f 881 880 877
f 882 879 877
f 882 878 879
f 882 880 878
f 882 877 880
v -11.212 -10.372 19.676
v -11.794 -10.372 19.676
v -11.503 -10.372 19.385
v -11.503 -10.372 19.967
v -11.503 -10.125 19.676
v -11.503 -10.619 19.676
f 887 883 885
f 887 885 884
f 887 884 886
f 887 886 883
f 888 885 883
f 888 884 885
f 888 886 884
f 888 883 886
v -27.274 -0.779 26.246
v -27.928 -0.779 26.246
v -27.601 -0.779 25.919
v -27.601 -0.779 26.573
v -27.601 -0.501 26.246
v -27.601 -1.057 26.246
f 893 889 891
f 893 891 890
f 893 890 892
f 893 892 889
f 894 891 889
f 894 890 891
f 894 892 890
f 894 889 892
v -43.182 11.642 24.124
v -43.682 11.642 24.124
v -43.432 11.642 23.874
v -43.432 11.642 24.374
v -43.432 11.854 24.124
v -43.432 11.429 24.124
f 899 895 897
f 899 897 896
f 899 896 898
f 899 898 895
f 900 897 895
f 900 896 897
f 900 898 896
f 900 895 898
v -38.646 13.699 23.835
v -39.146 13.699 23.835
v -38.896 13.699 23.585
v -38.896 13.699 24.085
v -38.896 13.911 23.835
v -38.896 13.486 23.835
f 905 901 903
f 905 903 902
f 905 902 904
f 905 904 901
f 906 903 901
f 906 902 903
f 906 904 902
f 906 901 904
v -9.746 -7.588 19.143
v -10.246 -7.588 19.143
v -9.996 -7.588 18.893
v -9.996 -7.588 19.393
v -9.996 -7.376 19.143
v -9.996 -7.801 19.143
f 911 907 909
f 911 909 908
f 911 908 910
f 911 910 907
f 912 909 907
f 912 908 909
f 912 910 908
f 912 907 910
v -9.550 -1.036 20.036
v -10.050 -1.036 20.036
v -9.800 -1.036 19.786
v -9.800 -1.036 20.286
v -9.800 -0.824 20.036
v -9.800 -1.249 20.036
f 917 913 915
f 917 915 914
f 917 914 916
f 917 916 913
f 918 915 913
f 918 914 915
f 918 916 914
f 918 913 916
v -9.386 -1.568 22.281
v -10.040 -1.568 22.281
v -9.713 -1.568 21.954
v -9.713 -1.568 22.608
v -9.713 -1.290 22.281
v -9.713 -1.846 22.281
f 923 919 921
f 923 921 920
f 923 920 922
f 923 922 919
f 924 921 919
f 924 920 921
f 924 922 920
f 924 919 922
v -5.802 -3.333 16.235
v -6.302 -3.333 16.235
v -6.052 -3.333 15.985
v -6.052 -3.333 16.485
v -6.052 -3.120 16.235
v -6.052 -3.545 16.235
f 929 925 927
f 929 927 926
f 929 926 928
f 929 928 925
f 930 927 925
f 930 926 927
f 930 928 926
f 930 925 928
v -21.876 1.588 27.310
v -22.530 1.588 27.310
v -22.203 1.588 26.983
v -22.203 1.588 27.637
v -22.203 1.866 27.310
v -22.203 1.310 27.310
f 935 931 933
f 935 933 932
f 935 932 934
f 935 934 931
f 936 933 931
f 936 932 933
f 936 934 932
f 936 931 934
v -27.442 12.664 20.378
v -28.096 12.664 20.378
v -27.769 12.664 20.051
v -27.769 12.664 20.705
v -27.769 12.942 20.378
v -27.769 12.386 20.378
f 941 937 939
f 941 939 938
f 941 938 940
f 941 940 937
f 942 939 937
f 942 938 939
f 942 940 938
f 942 937 940
v -21.911 10.504 17.040
v -22.411 10.504 17.040
v -22.161 10.504 16.790
v -22.161 10.504 17.290
v -22.161 10.717 17.040
v -22.161 10.292 17.040
f 947 943 945
f 947 945 944
f 947 944 946
f 947 946 943
f 948 945 943
f 948 944 945
f 948 946 944
f 948 943 946
v -36.028 14.448 23.501
v -36.528 14.448 23.501
v -36.278 14.448 23.251
v -36.278 14.448 23.751
v -36.278 14.661 23.501
v -36.278 14.236 23.501
f 953 949 951
f 953 951 950
f 953 950 952
f 953 952 949
f 954 951 949
f 954 950 951
f 954 952 950
f 954 949 952
v 23.327 -40.999 31.991
v 22.608 -40.999 31.991
v 22.968 -40.999 31.631
v 22.968 -40.999 32.350
v 22.968 -40.694 31.991
v 22.968 -41.305 31.991
f 959 955 957
f 959 957 956
f 959 956 958
f 959 958 955
f 960 957 955
f 960 956 957
f 960 958 956
f 960 955 958
v 25.245 -40.105 31.007
v 24.745 -40.105 31.007
v 24.995 -40.105 30.757
v 24.995 -40.105 31.257
v 24.995 -39.892 31.007
v 24.995 -40.317 31.007
f 965 961 963
f 965 963 962
f 965 962 964
f 965 964 961
f 966 963 961
f 966 962 963
f 966 964 962
f 966 961 964
v 33.345 -39.955 29.919
v 32.845 -39.955 29.919
v 33.095 -39.955 29.669
v 33.095 -39.955 30.169
v 33.095 -39.743 29.919
v 33.095 -40.168 29.919
f 971 967 969
f 971 969 968
f 971 968 970
f 971 970 967
f 972 969 967
f 972 968 969
f 972 970 968
f 972 967 970
v 18.730 -35.470 26.713
v 18.230 -35.470 26.713
v 18.480 -35.470 26.463
v 18.480 -35.470 26.963
v 18.480 -35.257 26.713
v 18.480 -35.682 26.713
f 977 973 975
f 977 975 974
f 977 974 976
f 977 976 973
f 978 975 973
f 978 974 975
f 978 976 974
f 978 973 976
v 12.906 -23.026 26.535
v 12.324 -23.026 26.535
v 12.615 -23.026 26.244
v 12.615 -23.026 26.826
v 12.615 -22.778 26.535
v 12.615 -23.273 26.535
f 983 979 981
f 983 981 980
f 983 980 982
f 983 982 979
f 984 981 979
f 984 980 981
f 984 982 980
f 984 979 982
v 1.220 -20.508 20.503
v 0.638 -20.508 20.503
v 0.929 -20.508 20.212
v 0.929 -20.508 20.794
v 0.929 -20.260 20.503
v 0.929 -20.755 20.503
f 989 985 987
f 989 987 986
f 989 986 988
f 989 988 985
f 990 987 985
f 990 986 987
f 990 988 986
f 990 985 988
v -3.215 -7.629 18.137
v -3.797 -7.629 18.137
v -3.506 -7.629 17.846
v -3.506 -7.629 18.428
v -3.506 -7.382 18.137
v -3.506 -7.877 18.137
f 995 991 993
f 995 993 992
f 995 992 994
f 995 994 991
f 996 993 991
f 996 992 993
f 996 994 992
f 996 991 994
v -2.061 -7.628 18.909
v -2.561 -7.628 18.909
v -2.311 -7.628 18.659
v -2.311 -7.628 19.159
v -2.311 -7.416 18.909
v -2.311 -7.841 18.909
f 1001 997 999
f 1001 999 998
f 1001 998 1000
f 1001 1000 997
f 1002 999 997
f 1002 998 999
f 1002 1000 998
f 1002 997 1000
v -12.132 10.469 18.122
v -12.786 10.469 18.122
v -12.459 10.469 17.795
v -12.459 10.469 18.449
v -12.459 10.747 18.122
v -12.459 10.191 18.122
f 1007 1003 1005
f 1007 1005 1004
f 1007 1004 1006
f 1007 1006 1003
f 1008 1005 1003
f 1008 1004 1005
f 1008 1006 1004
f 1008 1003 1006
v -9.981 9.117 17.951
v -10.562 9.117 17.951
v -10.272 9.117 17.660
v -10.272 9.117 18.242
v -10.272 9.365 17.951
v -10.272 8.870 17.951
f 1013 1009 1011
f 1013 1011 1010
f 1013 1010 1012
f 1013 1012 1009
f 1014 1011 1009
f 1014 1010 1011
f 1014 1012 1010
f 1014 1009 1012
v -21.002 15.447 16.531
v -21.502 15.447 16.531
v -21.252 15.447 16.281
v -21.252 15.447 16.781
v -21.252 15.660 16.531
v -21.252 15.235 16.531
f 1019 1015 1017
f 1019 1017 1016
f 1019 1016 1018
f 1019 1018 1015
f 1020 1017 1015
f 1020 1016 1017
f 1020 1018 1016
f 1020 1015 1018
v -26.406 16.229 21.921
v -26.906 16.229 21.921
v -26.656 16.229 21.671
v -26.656 16.229 22.171
v -26.656 16.441 21.921
v -26.656 16.016 21.921
f 1025 1021 1023
f 1025 1023 1022
f 1025 1022 1024
f 1025 1024 1021
f 1026 1023 1021
f 1026 1022 1023
f 1026 1024 1022
f 1026 1021 1024
v 35.148 -35.707 24.868
v 34.567 -35.707 24.868
v 34.857 -35.707 24.577
v 34.857 -35.707 25.159
v 34.857 -35.460 24.868
v 34.857 -35.954 24.868
f 1031 1027 1029
f 1031 1029 1028
f 1031 1028 1030
f 1031 1030 1027
f 1032 1029 1027
f 1032 1028 1029
f 1032 1030 1028
f 1032 1027 1030
v 34.038 -32.980 25.779
v 33.538 -32.980 25.779
v 33.788 -32.980 25.529
v 33.788 -32.980 26.029
v 33.788 -32.768 25.779
v 33.788 -33.193 25.779
f 1037 1033 1035
f 1037 1035 1034
f 1037 1034 1036
f 1037 1036 1033
f 1038 1035 1033
f 1038 1034 1035
f 1038 1036 1034
f 1038 1033 1036
v 35.490 -30.315 28.067
v 34.990 -30.315 28.067
v 35.240 -30.315 27.817
v 35.240 -30.315 28.317
v 35.240 -30.102 28.067
v 35.240 -30.527 28.067
f 1043 1039 1041
f 1043 1041 1040
f 1043 1040 1042
f 1043 1042 1039
f 1044 1041 1039
f 1044 1040 1041
f 1044 1042 1040
f 1044 1039 1042
v 34.018 -28.449 29.389
v 33.518 -28.449 29.389
v 33.768 -28.449 29.139
v 33.768 -28.449 29.639
v 33.768 -28.237 29.389
v 33.768 -28.662 29.389
f 1049 1045 1047
f 1049 1047 1046
f 1049 1046 1048
f 1049 1048 1045
f 1050 1047 1045
f 1050 1046 1047
f 1050 1048 1046
f 1050 1045 1048
v 12.914 -13.874 20.764
v 12.414 -13.874 20.764
v 12.664 -13.874 20.514
v 12.664 -13.874 21.014
v 12.664 -13.662 20.764
v 12.664 -14.087 20.764
f 1055 1051 1053
f 1055 1053 1052
f 1055 1052 1054
f 1055 1054 1051
f 1056 1053 1051
f 1056 1052 1053
f 1056 1054 1052
f 1056 1051 1054
v 1.912 -2.975 24.476
v 1.412 -2.975 24.476
v 1.662 -2.975 24.226
v 1.662 -2.975 24.726
v 1.662 -2.762 24.476
v 1.662 -3.187 24.476
f 1061 1057 1059
f 1061 1059 1058
f 1061 1058 1060
f 1061 1060 1057
f 1062 1059 1057
f 1062 1058 1059
f 1062 1060 1058
f 1062 1057 1060
v -8.348 13.000 27.019
v -8.848 13.000 27.019
v -8.598 13.000 26.769
v -8.598 13.000 27.269
v -8.598 13.212 27.019
v -8.598 12.787 27.019
f 1067 1063 1065
f 1067 1065 1064
f 1067 1064 1066
f 1067 1066 1063
f 1068 1065 1063
f 1068 1064 1065
f 1068 1066 1064
f 1068 1063 1066
v -23.519 34.794 31.337
v -24.173 34.794 31.337
v -23.846 34.794 31.010
v -23.846 34.794 31.664
v -23.846 35.072 31.337
v -23.846 34.516 31.337
f 1073 1069 1071
f 1073 1071 1070
f 1073 1070 1072
f 1073 1072 1069
f 1074 1071 1069
f 1074 1070 1071
f 1074 1072 1070
f 1074 1069 1072
v 6.285 16.710 40.898
v 5.566 16.710 40.898
v 5.925 16.710 40.538
v 5.925 16.710 41.257
v 5.925 17.015 40.898
v 5.925 16.404 40.898
f 1079 1075 1077
f 1079 1077 1076
f 1079 1076 1078
f 1079 1078 1075
f 1080 1077 1075
f 1080 1076 1077
f 1080 1078 1076
f 1080 1075 1078
v 36.634 -16.143 37.157
v 36.134 -16.143 37.157
v 36.384 -16.143 36.907
v 36.384 -16.143 37.407
v 36.384 -15.930 37.157
v 36.384 -16.355 37.157
f 1085 1081 1083
f 1085 1083 1082
f 1085 1082 1084
f 1085 1084 1081
f 1086 1083 1081
f 1086 1082 1083
f 1086 1084 1082
f 1086 1081 1084
v 27.060 -4.126 30.097
v 26.406 -4.126 30.097
v 26.733 -4.126 29.770
v 26.733 -4.126 30.424
v 26.733 -3.848 30.097
v 26.733 -4.404 30.097
f 1091 1087 1089
f 1091 1089 1088
f 1091 1088 1090
f 1091 1090 1087
f 1092 1089 1087
f 1092 1088 1089
f 1092 1090 1088
f 1092 1087 1090
v 26.727 3.555 37.376
v 26.145 3.555 37.376
v 26.436 3.555 37.085
v 26.436 3.555 37.667
v 26.436 3.802 37.376
v 26.436 3.307 37.376
f 1097 1093 1095
f 1097 1095 1094
f 1097 1094 1096
f 1097 1096 1093
f 1098 1095 1093
f 1098 1094 1095
f 1098 1096 1094
f 1098 1093 1096
v 28.685 3.889 37.234
v 28.103 3.889 37.234
v 28.394 3.889 36.943
v 28.394 3.889 37.525
v 28.394 4.137 37.234
v 28.394 3.642 37.234
f 1103 1099 1101
f 1103 1101 1100
f 1103 1100 1102
f 1103 1102 1099
f 1104 1101 1099
f 1104 1100 1101
f 1104 1102 1100
f 1104 1099 1102
v 30.620 3.684 37.252
v 30.038 3.684 37.252
v 30.329 3.684 36.961
v 30.329 3.684 37.543
v 30.329 3.931 37.252
v 30.329 3.436 37.252
f 1109 1105 1107
f 1109 1107 1106
f 1109 1106 1108
f 1109 1108 1105
f 1110 1107 1105
f 1110 1106 1107
f 1110 1108 1106
f 1110 1105 1108
v 32.608 -0.372 32.577
v 32.108 -0.372 32.577
v 32.358 -0.372 32.327
v 32.358 -0.372 32.827
v 32.358 -0.159 32.577
v 32.358 -0.584 32.577
f 1115 1111 1113
f 1115 1113 1112
f 1115 1112 1114
f 1115 1114 1111
f 1116 1113 1111
f 1116 1112 1113
f 1116 1114 1112
f 1116 1111 1114
v 10.579 10.224 31.413
v 9.925 10.224 31.413
v 10.252 10.224 31.086
v 10.252 10.224 31.740
v 10.252 10.502 31.413
v 10.252 9.946 31.413
f 1121 1117 1119
f 1121 1119 1118
f 1121 1118 1120
f 1121 1120 1117
f 1122 1119 1117
f 1122 1118 1119
f 1122 1120 1118
f 1122 1117 1120
v 46.024 -5.554 32.187
v 45.524 -5.554 32.187
v 45.774 -5.554 31.937
v 45.774 -5.554 32.437
v 45.774 -5.342 32.187
v 45.774 -5.767 32.187
f 1127 1123 1125
f 1127 1125 1124
f 1127 1124 1126
f 1127 1126 1123
f 1128 1125 1123
f 1128 1124 1125
f 1128 1126 1124
f 1128 1123 1126
v 22.446 12.820 31.859
v 21.946 12.820 31.859
v 22.196 12.820 31.609
v 22.196 12.820 32.109
v 22.196 13.032 31.859
v 22.196 12.607 31.859
f 1133 1129 1131
f 1133 1131 1130
f 1133 1130 1132
f 1133 1132 1129
f 1134 1131 1129
f 1134 1130 1131
f 1134 1132 1130
f 1134 1129 1132
v -32.213 -28.494 30.308
v -32.713 -28.494 30.308
v -32.463 -28.494 30.058
v -32.463 -28.494 30.558
v -32.463 -28.282 30.308
v -32.463 -28.707 30.308
f 1139 1135 1137
f 1139 1137 1136
f 1139 1136 1138
f 1139 1138 1135
f 1140 1137 1135
f 1140 1136 1137
f 1140 1138 1136
f 1140 1135 1138
v -30.018 -29.826 32.971
v -30.600 -29.826 32.971
v -30.309 -29.826 32.680
v -30.309 -29.826 33.262
v -30.309 -29.579 32.971
v -30.309 -30.074 32.971
f 1145 1141 1143
f 1145 1143 1142
f 1145 1142 1144
f 1145 1144 1141
f 1146 1143 1141
f 1146 1142 1143
f 1146 1144 1142
f 1146 1141 1144
v -28.222 -25.429 33.425
v -28.722 -25.429 33.425
v -28.472 -25.429 33.175
v -28.472 -25.429 33.675
v -28.472 -25.216 33.425
v -28.472 -25.641 33.425
f 1151 1147 1149
f 1151 1149 1148
f 1151 1148 1150
f 1151 1150 1147
f 1152 1149 1147
f 1152 1148 1149
f 1152 1150 1148
f 1152 1147 1150
v -13.459 -42.076 37.323
v -13.959 -42.076 37.323
v -13.709 -42.076 37.073
v -13.709 -42.076 37.573
v -13.709 -41.863 37.323
v -13.709 -42.288 37.323
f 1157 1153 1155
f 1157 1155 1154
f 1157 1154 1156
f 1157 1156 1153
f 1158 1155 1153
f 1158 1154 1155
f 1158 1156 1154
f 1158 1153 1156
v -26.778 -29.771 30.541
v -27.278 -29.771 30.541
v -27.028 -29.771 30.291
v -27.028 -29.771 30.791
v -27.028 -29.558 30.541
v -27.028 -29.983 30.541
f 1163 1159 1161
f 1163 1161 1160
f 1163 1160 1162
f 1163 1162 1159
f 1164 1161 1159
f 1164 1160 1161
f 1164 1162 1160
f 1164 1159 1162
v 10.409 -41.834 35.837
v 9.909 -41.834 35.837
v 10.159 -41.834 35.587
v 10.159 -41.834 36.087
v 10.159 -41.621 35.837
v 10.159 -42.046 35.837
f 1169 1165 1167
f 1169 1167 1166
f 1169 1166 1168
f 1169 1168 1165
f 1170 1167 1165
f 1170 1166 1167
f 1170 1168 1166
f 1170 1165 1168
v -23.337 -1.545 27.696
v -23.919 -1.545 27.696
v -23.628 -1.545 27.405
v -23.628 -1.545 27.987
v -23.628 -1.297 27.696
v -23.628 -1.792 27.696
f 1175 1171 1173
f 1175 1173 1172
f 1175 1172 1174
f 1175 1174 1171
f 1176 1173 1171
f 1176 1172 1173
f 1176 1174 1172
f 1176 1171 1174
v -25.647 1.713 30.480
v -26.300 1.713 30.480
v -25.973 1.713 30.153
v -25.973 1.713 30.807
v -25.973 1.991 30.480
v -25.973 1.435 30.480
f 1181 1177 1179
f 1181 1179 1178
f 1181 1178 1180
f 1181 1180 1177
f 1182 1179 1177
f 1182 1178 1179
f 1182 1180 1178
f 1182 1177 1180
v -18.632 -2.823 26.394
v -19.132 -2.823 26.394
v -18.882 -2.823 26.144
v -18.882 -2.823 26.644
v -18.882 -2.611 26.394
v -18.882 -3.036 26.394
f 1187 1183 1185
f 1187 1185 1184
f 1187 1184 1186
f 1187 1186 1183
f 1188 1185 1183
f 1188 1184 1185
f 1188 1186 1184
f 1188 1183 1186
v -21.397 -6.201 33.836
v -21.897 -6.201 33.836
v -21.647 -6.201 33.586
v -21.647 -6.201 34.086
v -21.647 -5.988 33.836
v -21.647 -6.413 33.836
f 1193 1189 1191
f 1193 1191 1190
f 1193 1190 1192
f 1193 1192 1189
f 1194 1191 1189
f 1194 1190 1191
f 1194 1192 1190
f 1194 1189 1192
v -21.303 -3.167 34.157
v -21.885 -3.167 34.157
v -21.594 -3.167 33.866
v -21.594 -3.167 34.448
v -21.594 -2.920 34.157
v -21.594 -3.415 34.157
f 1199 1195 1197
f 1199 1197 1196
f 1199 1196 1198
f 1199 1198 1195
f 1200 1197 1195
f 1200 1196 1197
f 1200 1198 1196
f 1200 1195 1198
v -44.451 19.360 30.836
v -45.105 19.360 30.836
v -44.778 19.360 30.509
v -44.778 19.360 31.163
v -44.778 19.638 30.836
v -44.778 19.082 30.836
f 1205 1201 1203
f 1205 1203 1202
f 1205 1202 1204
f 1205 1204 1201
f 1206 1203 1201
f 1206 1202 1203
f 1206 1204 1202
f 1206 1201 1204
v 14.136 -39.574 39.880
v 13.554 -39.574 39.880
v 13.845 -39.574 39.589
v 13.845 -39.574 40.170
v 13.845 -39.326 39.880
v 13.845 -39.821 39.880
f 1211 1207 1209
f 1211 1209 1208
f 1211 1208 1210
f 1211 1210 1207
f 1212 1209 1207
f 1212 1208 1209
f 1212 1210 1208
f 1212 1207 1210
v 11.776 -32.767 32.864
v 11.195 -32.767 32.864
v 11.486 -32.767 32.573
v 11.486 -32.767 33.155
v 11.486 -32.519 32.864
v 11.486 -33.014 32.864
f 1217 1213 1215
f 1217 1215 1214
f 1217 1214 1216
f 1217 1216 1213
f 1218 1215 1213
f 1218 1214 1215
f 1218 1216 1214
f 1218 1213 1216
v 1.332 -28.060 32.402
v 0.832 -28.060 32.402
v 1.082 -28.060 32.152
v 1.082 -28.060 32.652
v 1.082 -27.848 32.402
v 1.082 -28.273 32.402
f 1223 1219 1221
f 1223 1221 1220
f 1223 1220 1222
f 1223 1222 1219
f 1224 1221 1219
f 1224 1220 1221
f 1224 1222 1220
f 1224 1219 1222
v 1.444 -22.051 31.729
v 0.944 -22.051 31.729
v 1.194 -22.051 31.479
v 1.194 -22.051 31.979
v 1.194 -21.839 31.729
v 1.194 -22.264 31.729
f 1229 1225 1227
f 1229 1227 1226
f 1229 1226 1228
f 1229 1228 1225
f 1230 1227 1225
f 1230 1226 1227
f 1230 1228 1226
f 1230 1225 1228
v -0.327 -19.377 36.531
v -0.827 -19.377 36.531
v -0.577 -19.377 36.281
v -0.577 -19.377 36.781
v -0.577 -19.164 36.531
v -0.577 -19.589 36.531
f 1235 1231 1233
f 1235 1233 1232
f 1235 1232 1234
f 1235 1234 1231
f 1236 1233 1231
f 1236 1232 1233
f 1236 1234 1232
f 1236 1231 1234
v -16.940 -2.928 29.140
v -17.440 -2.928 29.140
v -17.190 -2.928 28.890
v -17.190 -2.928 29.390
v -17.190 -2.715 29.140
v -17.190 -3.140 29.140
f 1241 1237 1239
f 1241 1239 1238
f 1241 1238 1240
f 1241 1240 1237
f 1242 1239 1237
f 1242 1238 1239
f 1242 1240 1238
f 1242 1237 1240
v -11.378 1.408 34.476
v -11.878 1.408 34.476
v -11.628 1.408 34.226
v -11.628 1.408 34.726
v -11.628 1.621 34.476
v -11.628 1.196 34.476
f 1247 1243 1245
f 1247 1245 1244
f 1247 1244 1246
f 1247 1246 1243
f 1248 1245 1243
f 1248 1244 1245
f 1248 1246 1244
f 1248 1243 1246
v -22.050 7.538 28.386
v -22.550 7.538 28.386
v -22.300 7.538 28.136
v -22.300 7.538 28.636
v -22.300 7.750 28.386
v -22.300 7.325 28.386
f 1253 1249 1251
f 1253 1251 1250
f 1253 1250 1252
f 1253 1252 1249
f 1254 1251 1249
f 1254 1250 1251
f 1254 1252 1250
f 1254 1249 1252
v -21.999 10.211 29.488
v -22.653 10.211 29.488
v -22.326 10.211 29.161
v -22.326 10.211 29.815
v -22.326 10.489 29.488
v -22.326 9.933 29.488
f 1259 1255 1257
f 1259 1257 1256
f 1259 1256 1258
f 1259 1258 1255
f 1260 1257 1255
f 1260 1256 1257
f 1260 1258 1256
f 1260 1255 1258
v 7.053 -4.685 34.617
v 6.553 -4.685 34.617
v 6.803 -4.685 34.367
v 6.803 -4.685 34.867
v 6.803 -4.473 34.617
v 6.803 -4.898 34.617
f 1265 1261 1263
f 1265 1263 1262
f 1265 1262 1264
f 1265 1264 1261
f 1266 1263 1261
f 1266 1262 1263
f 1266 1264 1262
f 1266 1261 1264
v 1.955 -0.094 33.079
v 1.455 -0.094 33.079
v 1.705 -0.094 32.829
v 1.705 -0.094 33.329
v 1.705 0.118 33.079
v 1.705 -0.307 33.079
f 1271 1267 1269
f 1271 1269 1268
f 1271 1268 1270
f 1271 1270 1267
f 1272 1269 1267
f 1272 1268 1269
f 1272 1270 1268
f 1272 1267 1270
v 4.166 20.177 40.159
v 3.584 20.177 40.159
v 3.875 20.177 39.868
v 3.875 20.177 40.450
v 3.875 20.425 40.159
v 3.875 19.930 40.159
f 1277 1273 1275
f 1277 1275 1274
f 1277 1274 1276
f 1277 1276 1273
f 1278 1275 1273
f 1278 1274 1275
f 1278 1276 1274
f 1278 1273 1276
v 5.022 18.704 38.529
v 4.303 18.704 38.529
v 4.662 18.704 38.170
v 4.662 18.704 38.889
v 4.662 19.010 38.529
v 4.662 18.399 38.529
f 1283 1279 1281
f 1283 1281 1280
f 1283 1280 1282
f 1283 1282 1279
f 1284 1281 1279
f 1284 1280 1281
f 1284 1282 1280
f 1284 1279 1282
v 7.173 17.121 44.401
v 6.591 17.121 44.401
v 6.882 17.121 44.110
v 6.882 17.121 44.692
v 6.882 17.368 44.401
v 6.882 16.874 44.401
f 1289 1285 1287
f 1289 1287 1286
f 1289 1286 1288
f 1289 1288 1285
f 1290 1287 1285
f 1290 1286 1287
f 1290 1288 1286
f 1290 1285 1288
v -9.806 38.934 36.492
v -10.306 38.934 36.492
v -10.056 38.934 36.242
v -10.056 38.934 36.742
v -10.056 39.146 36.492
v -10.056 38.721 36.492
f 1295 1291 1293
f 1295 1293 1292
f 1295 1292 1294
f 1295 1294 1291
f 1296 1293 1291
f 1296 1292 1293
f 1296 1294 1292
f 1296 1291 1294
v 18.297 25.822 36.306
v 17.797 25.822 36.306
v 18.047 25.822 36.056
v 18.047 25.822 36.556
v 18.047 26.034 36.306
v 18.047 25.609 36.306
f 1301 1297 1299
f 1301 1299 1298
f 1301 1298 1300
f 1301 1300 1297
f 1302 1299 1297
f 1302 1298 1299
f 1302 1300 1298
f 1302 1297 1300
v 18.816 29.320 43.985
v 18.234 29.320 43.985
v 18.525 29.320 43.694
v 18.525 29.320 44.276
v 18.525 29.568 43.985
v 18.525 29.073 43.985
f 1307 1303 1305
f 1307 1305 1304
f 1307 1304 1306
f 1307 1306 1303
f 1308 1305 1303
f 1308 1304 1305
f 1308 1306 1304
f 1308 1303 1306
v -29.063 -32.089 40.987
v -29.563 -32.089 40.987
v -29.313 -32.089 40.737
v -29.313 -32.089 41.237
v -29.313 -31.876 40.987
v -29.313 -32.301 40.987
f 1313 1309 1311
f 1313 1311 1310
f 1313 1310 1312
f 1313 1312 1309
f 1314 1311 1309
f 1314 1310 1311
f 1314 1312 1310
f 1314 1309 1312
v -32.957 -4.542 39.308
v -33.457 -4.542 39.308
v -33.207 -4.542 39.058
v -33.207 -4.542 39.558
v -33.207 -4.330 39.308
v -33.207 -4.755 39.308
f 1319 1315 1317
f 1319 1317 1316
f 1319 1316 1318
f 1319 1318 1315
f 1320 1317 1315
f 1320 1316 1317
f 1320 1318 1316
f 1320 1315 1318
v -4.555 -35.593 42.500
v -5.055 -35.593 42.500
v -4.805 -35.593 42.250
v -4.805 -35.593 42.750
v -4.805 -35.381 42.500
v -4.805 -35.806 42.500
f 1325 1321 1323
f 1325 1323 1322
f 1325 1322 1324
f 1325 1324 1321
f 1326 1323 1321
f 1326 1322 1323
f 1326 1324 1322
f 1326 1321 1324
v -25.761 -0.422 38.746
v -26.415 -0.422 38.746
v -26.088 -0.422 38.419
v -26.088 -0.422 39.073
v -26.088 -0.144 38.746
v -26.088 -0.700 38.746
f 1331 1327 1329
f 1331 1329 1328
f 1331 1328 1330
f 1331 1330 1327
f 1332 1329 1327
f 1332 1328 1329
f 1332 1330 1328
f 1332 1327 1330
v -21.616 0.209 36.195
v -22.116 0.209 36.195
v -21.866 0.209 35.945
v -21.866 0.209 36.445
v -21.866 0.421 36.195
v -21.866 -0.004 36.195
f 1337 1333 1335
f 1337 1335 1334
f 1337 1334 1336
f 1337 1336 1333
f 1338 1335 1333
f 1338 1334 1335
f 1338 1336 1334
f 1338 1333 1336
v -27.418 7.508 46.857
v -27.918 7.508 46.857
v -27.668 7.508 46.607
v -27.668 7.508 47.107
v -27.668 7.720 46.857
v -27.668 7.295 46.857
f 1343 1339 1341
f 1343 1341 1340
f 1343 1340 1342
f 1343 1342 1339
f 1344 1341 1339
f 1344 1340 1341
f 1344 1342 1340
f 1344 1339 1342
v -24.912 7.766 43.307
v -25.412 7.766 43.307
v -25.162 7.766 43.057
v -25.162 7.766 43.557
v -25.162 7.978 43.307
v -25.162 7.553 43.307
f 1349 1345 1347
f 1349 1347 1346
f 1349 1346 1348
f 1349 1348 1345
f 1350 1347 1345
f 1350 1346 1347
f 1350 1348 1346
f 1350 1345 1348
v -3.987 -9.585 43.329
v -4.706 -9.585 43.329
v -4.346 -9.585 42.970
v -4.346 -9.585 43.689
v -4.346 -9.280 43.329
v -4.346 -9.891 43.329
f 1355 1351 1353
f 1355 1353 1352
f 1355 1352 1354
f 1355 1354 1351
f 1356 1353 1351
f 1356 1352 1353
f 1356 1354 1352
f 1356 1351 1354
v 6.243 -4.515 36.175
v 5.743 -4.515 36.175
v 5.993 -4.515 35.925
v 5.993 -4.515 36.425
v 5.993 -4.303 36.175
v 5.993 -4.728 36.175
f 1361 1357 1359
f 1361 1359 1358
f 1361 1358 1360
f 1361 1360 1357
f 1362 1359 1357
f 1362 1358 1359
f 1362 1360 1358
f 1362 1357 1360
v 9.304 17.435 52.865
v 8.804 17.435 52.865
v 9.054 17.435 52.615
v 9.054 17.435 53.115
v 9.054 17.648 52.865
v 9.054 17.223 52.865
f 1367 1363 1365
f 1367 1365 1364
f 1367 1364 1366
f 1367 1366 1363
f 1368 1365 1363
f 1368 1364 1365
f 1368 1366 1364
f 1368 1363 1366
v -1.136 26.672 50.232
v -1.636 26.672 50.232
v -1.386 26.672 49.982
v -1.386 26.672 50.482
v -1.386 26.884 50.232
v -1.386 26.459 50.232
f 1373 1369 1371
f 1373 1371 1370
f 1373 1370 1372
f 1373 1372 1369
f 1374 1371 1369
f 1374 1370 1371
f 1374 1372 1370
f 1374 1369 1372
v -20.823 -5.000 55.102
v -21.323 -5.000 55.102
v -21.073 -5.000 54.852
v -21.073 -5.000 55.352
v -21.073 -4.788 55.102
v -21.073 -5.213 55.102
f 1379 1375 1377
f 1379 1377 1376
f 1379 1376 1378
f 1379 1378 1375
f 1380 1377 1375
f 1380 1376 1377
f 1380 1378 1376
f 1380 1375 1378
v -4.576 -8.690 48.858
v -5.158 -8.690 48.858
v -4.867 -8.690 48.567
v -4.867 -8.690 49.149
v -4.867 -8.442 48.858
v -4.867 -8.937 48.858
f 1385 1381 1383
f 1385 1383 1382
f 1385 1382 1384
f 1385 1384 1381
f 1386 1383 1381
f 1386 1382 1383
f 1386 1384 1382
f 1386 1381 1384
v -23.431 17.054 51.385
v -24.012 17.054 51.385
v -23.721 17.054 51.094
v -23.721 17.054 51.676
v -23.721 17.302 51.385
v -23.721 16.807 51.385
f 1391 1387 1389
f 1391 1389 1388
f 1391 1388 1390
f 1391 1390 1387
f 1392 1389 1387
f 1392 1388 1389
f 1392 1390 1388
f 1392 1387 1390
v 2.771 -8.202 49.163
v 2.189 -8.202 49.163
v 2.480 -8.202 48.872
v 2.480 -8.202 49.454
v 2.480 -7.955 49.163
v 2.480 -8.449 49.163
f 1397 1393 1395
f 1397 1395 1394
f 1397 1394 1396
f 1397 1396 1393
f 1398 1395 1393
f 1398 1394 1395
f 1398 1396 1394
f 1398 1393 1396
v 2.925 -5.955 50.306
v 2.344 -5.955 50.306
v 2.634 -5.955 50.015
v 2.634 -5.955 50.597
v 2.634 -5.708 50.306
v 2.634 -6.202 50.306
f 1403 1399 1401
f 1403 1401 1400
f 1403 1400 1402
f 1403 1402 1399
f 1404 1401 1399
f 1404 1400 1401
f 1404 1402 1400
f 1404 1399 1402
v 3.754 -3.877 46.905
v 3.172 -3.877 46.905
v 3.463 -3.877 46.614
v 3.463 -3.877 47.196
v 3.463 -3.629 46.905
v 3.463 -4.124 46.905
f 1409 1405 1407
f 1409 1407 1406
f 1409 1406 1408
f 1409 1408 1405
f 1410 1407 1405
f 1410 1406 1407
f 1410 1408 1406
f 1410 1405 1408
v 2.687 22.651 55.299
v 2.187 22.651 55.299
v 2.437 22.651 55.049
v 2.437 22.651 55.549
v 2.437 22.863 55.299
v 2.437 22.438 55.299
f 1415 1411 1413
f 1415 1413 1412
f 1415 1412 1414
f 1415 1414 1411
f 1416 1413 1411
f 1416 1412 1413
f 1416 1414 1412
f 1416 1411 1414
v 0.447 -15.569 56.837
v -0.053 -15.569 56.837
v 0.197 -15.569 56.587
v 0.197 -15.569 57.087
v 0.197 -15.357 56.837
v 0.197 -15.782 56.837
f 1421 1417 1419
f 1421 1419 1418
f 1421 1418 1420
f 1421 1420 1417
f 1422 1419 1417
f 1422 1418 1419
f 1422 1420 1418
f 1422 1417 1420
v 3.253 -1.781 -52.857
v 2.753 -1.781 -52.857
v 3.003 -1.781 -53.107
v 3.003 -1.781 -52.607
v 3.003 -1.569 -52.857
v 3.003 -1.994 -52.857
f 1427 1423 1425
f 1427 1425 1424
f 1427 1424 1426
f 1427 1426 1423
f 1428 1425 1423
f 1428 1424 1425
f 1428 1426 1424
f 1428 1423 1426
v 18.698 -19.010 -47.243
v 18.045 -19.010 -47.243
v 18.372 -19.010 -47.570
v 18.372 -19.010 -46.916
v 18.372 -18.732 -47.243
v 18.372 -19.288 -47.243
f 1433 1429 1431
f 1433 1431 1430
f 1433 1430 1432
f 1433 1432 1429
f 1434 1431 1429
f 1434 1430 1431
f 1434 1432 1430
f 1434 1429 1432
v 7.034 -1.237 -52.342
v 6.534 -1.237 -52.342
v 6.784 -1.237 -52.592
v 6.784 -1.237 -52.092
v 6.784 -1.024 -52.342
v 6.784 -1.449 -52.342
f 1439 1435 1437
f 1439 1437 1436
f 1439 1436 1438
f 1439 1438 1435
f 1440 1437 1435
f 1440 1436 1437
f 1440 1438 1436
f 1440 1435 1438
v 26.037 4.082 -52.313
v 25.537 4.082 -52.313
v 25.787 4.082 -52.563
v 25.787 4.082 -52.063
v 25.787 4.295 -52.313
v 25.787 3.870 -52.313
f 1445 1441 1443
f 1445 1443 1442
f 1445 1442 1444
f 1445 1444 1441
f 1446 1443 1441
f 1446 1442 1443
f 1446 1444 1442
f 1446 1441 1444
v 20.650 5.998 -53.698
v 20.068 5.998 -53.698
v 20.359 5.998 -53.988
v 20.359 5.998 -53.407
v 20.359 6.245 -53.698
v 20.359 5.751 -53.698
f 1451 1447 1449
f 1451 1449 1448
f 1451 1448 1450
f 1451 1450 1447
f 1452 1449 1447
f 1452 1448 1449
f 1452 1450 1448
f 1452 1447 1450
v 22.091 6.077 -52.076
v 21.509 6.077 -52.076
v 21.800 6.077 -52.367
v 21.800 6.077 -51.785
v 21.800 6.324 -52.076
v 21.800 5.829 -52.076
f 1457 1453 1455
f 1457 1455 1454
f 1457 1454 1456
f 1457 1456 1453
f 1458 1455 1453
f 1458 1454 1455
f 1458 1456 1454
f 1458 1453 1456
v -4.076 -16.803 -49.757
v -4.658 -16.803 -49.757
v -4.367 -16.803 -50.048
v -4.367 -16.803 -49.466
v -4.367 -16.555 -49.757
v -4.367 -17.050 -49.757
f 1463 1459 1461
f 1463 1461 1460
f 1463 1460 1462
f 1463 1462 1459
f 1464 1461 1459
f 1464 1460 1461
f 1464 1462 1460
f 1464 1459 1462
v 18.186 -27.921 -47.401
v 17.686 -27.921 -47.401
v 17.936 -27.921 -47.651
v 17.936 -27.921 -47.151
v 17.936 -27.708 -47.401
v 17.936 -28.133 -47.401
f 1469 1465 1467
f 1469 1467 1466
f 1469 1466 1468
f 1469 1468 1465
f 1470 1467 1465
f 1470 1466 1467
f 1470 1468 1466
f 1470 1465 1468
v 27.304 -28.677 -38.800
v 26.804 -28.677 -38.800
v 27.054 -28.677 -39.050
v 27.054 -28.677 -38.550
v 27.054 -28.464 -38.800
v 27.054 -28.889 -38.800
f 1475 1471 1473
f 1475 1473 1472
f 1475 1472 1474
f 1475 1474 1471
f 1476 1473 1471
f 1476 1472 1473
f 1476 1474 1472
f 1476 1471 1474
v 20.658 -18.009 -45.988
v 19.939 -18.009 -45.988
v 20.299 -18.009 -46.348
v 20.299 -18.009 -45.629
v 20.299 -17.704 -45.988
v 20.299 -18.315 -45.988
f 1481 1477 1479
f 1481 1479 1478
f 1481 1478 1480
f 1481 1480 1477
f 1482 1479 1477
f 1482 1478 1479
f 1482 1480 1478
f 1482 1477 1480
v -15.048 23.542 -50.580
v -15.548 23.542 -50.580
v -15.298 23.542 -50.830
v -15.298 23.542 -50.330
v -15.298 23.754 -50.580
v -15.298 23.329 -50.580
f 1487 1483 1485
f 1487 1485 1484
f 1487 1484 1486
f 1487 1486 1483
f 1488 1485 1483
f 1488 1484 1485
f 1488 1486 1484
f 1488 1483 1486
v 22.343 0.698 -49.782
v 21.762 0.698 -49.782
v 22.053 0.698 -50.073
v 22.053 0.698 -49.491
v 22.053 0.945 -49.782
v 22.053 0.451 -49.782
f 1493 1489 1491
f 1493 1491 1490
f 1493 1490 1492
f 1493 1492 1489
f 1494 1491 1489
f 1494 1490 1491
f 1494 1492 1490
f 1494 1489 1492
v 12.377 2.297 -46.878
v 11.795 2.297 -46.878
v 12.086 2.297 -47.169
v 12.086 2.297 -46.588
v 12.086 2.545 -46.878
v 12.086 2.050 -46.878
f 1499 1495 1497
f 1499 1497 1496
f 1499 1496 1498
f 1499 1498 1495
f 1500 1497 1495
f 1500 1496 1497
f 1500 1498 1496
f 1500 1495 1498
v 13.218 19.954 -43.755
v 12.718 19.954 -43.755
v 12.968 19.954 -44.005
v 12.968 19.954 -43.505
v 12.968 20.166 -43.755
v 12.968 19.741 -43.755
f 1505 1501 1503
f 1505 1503 1502
f 1505 1502 1504
f 1505 1504 1501
f 1506 1503 1501
f 1506 1502 1503
f 1506 1504 1502
f 1506 1501 1504
v 26.513 7.035 -50.736
v 26.013 7.035 -50.736
v 26.263 7.035 -50.986
v 26.263 7.035 -50.486
v 26.263 7.248 -50.736
v 26.263 6.823 -50.736
f 1511 1507 1509
f 1511 1509 1508
f 1511 1508 1510
f 1511 1510 1507
f 1512 1509 1507
f 1512 1508 1509
f 1512 1510 1508
f 1512 1507 1510
v -1.445 -47.441 -34.056
v -2.027 -47.441 -34.056
v -1.736 -47.441 -34.347
v -1.736 -47.441 -33.765
v -1.736 -47.194 -34.056
v -1.736 -47.688 -34.056
f 1517 1513 1515
f 1517 1515 1514
f 1517 1514 1516
f 1517 1516 1513
f 1518 1515 1513
f 1518 1514 1515
f 1518 1516 1514
f 1518 1513 1516
v 1.602 -46.598 -33.157
v 1.020 -46.598 -33.157
v 1.311 -46.598 -33.447
v 1.311 -46.598 -32.866
v 1.311 -46.351 -33.157
v 1.311 -46.845 -33.157
f 1523 1519 1521
f 1523 1521 1520
f 1523 1520 1522
f 1523 1522 1519
f 1524 1521 1519
f 1524 1520 1521
f 1524 1522 1520
f 1524 1519 1522
v 7.766 -44.544 -36.167
v 7.184 -44.544 -36.167
v 7.475 -44.544 -36.458
v 7.475 -44.544 -35.876
v 7.475 -44.297 -36.167
v 7.475 -44.791 -36.167
f 1529 1525 1527
f 1529 1527 1526
f 1529 1526 1528
f 1529 1528 1525
f 1530 1527 1525
f 1530 1526 1527
f 1530 1528 1526
f 1530 1525 1528
v 11.849 -40.171 -41.101
v 11.349 -40.171 -41.101
v 11.599 -40.171 -41.351
v 11.599 -40.171 -40.851
v 11.599 -39.958 -41.101
v 11.599 -40.383 -41.101
f 1535 1531 1533
f 1535 1533 1532
f 1535 1532 1534
f 1535 1534 1531
f 1536 1533 1531
f 1536 1532 1533
f 1536 1534 1532
f 1536 1531 1534
v 18.845 -31.547 -40.243
v 18.345 -31.547 -40.243
v 18.595 -31.547 -40.493
v 18.595 -31.547 -39.993
v 18.595 -31.335 -40.243
v 18.595 -31.760 -40.243
f 1541 1537 1539
f 1541 1539 1538
f 1541 1538 1540
f 1541 1540 1537
f 1542 1539 1537
f 1542 1538 1539
f 1542 1540 1538
f 1542 1537 1540
v 23.244 -34.623 -35.945
v 22.590 -34.623 -35.945
v 22.917 -34.623 -36.272
v 22.917 -34.623 -35.618
v 22.917 -34.345 -35.945
v 22.917 -34.901 -35.945
f 1547 1543 1545
f 1547 1545 1544
f 1547 1544 1546
f 1547 1546 1543
f 1548 1545 1543
f 1548 1544 1545
f 1548 1546 1544
f 1548 1543 1546
v 23.583 -19.920 -28.653
v 22.864 -19.920 -28.653
v 23.223 -19.920 -29.013
v 23.223 -19.920 -28.294
v 23.223 -19.614 -28.653
v 23.223 -20.225 -28.653
f 1553 1549 1551
f 1553 1551 1550
f 1553 1550 1552
f 1553 1552 1549
f 1554 1551 1549
f 1554 1550 1551
f 1554 1552 1550
f 1554 1549 1552
v -4.489 16.173 -40.600
v -4.989 16.173 -40.600
v -4.739 16.173 -40.850
v -4.739 16.173 -40.350
v -4.739 16.385 -40.600
v -4.739 15.960 -40.600
f 1559 1555 1557
f 1559 1557 1556
f 1559 1556 1558
f 1559 1558 1555
f 1560 1557 1555
f 1560 1556 1557
f 1560 1558 1556
f 1560 1555 1558
v -2.223 15.852 -40.338
v -2.723 15.852 -40.338
v -2.473 15.852 -40.588
v -2.473 15.852 -40.088
v -2.473 16.064 -40.338
v -2.473 15.639 -40.338
f 1565 1561 1563
f 1565 1563 1562
f 1565 1562 1564
f 1565 1564 1561
f 1566 1563 1561
f 1566 1562 1563
f 1566 1564 1562
f 1566 1561 1564
v -11.802 25.342 -38.672
v -12.302 25.342 -38.672
v -12.052 25.342 -38.922
v -12.052 25.342 -38.422
v -12.052 25.555 -38.672
v -12.052 25.130 -38.672
f 1571 1567 1569
f 1571 1569 1568
f 1571 1568 1570
f 1571 1570 1567
f 1572 1569 1567
f 1572 1568 1569
f 1572 1570 1568
f 1572 1567 1570
v 37.189 -13.723 -34.805
v 36.689 -13.723 -34.805
v 36.939 -13.723 -35.055
v 36.939 -13.723 -34.555
v 36.939 -13.510 -34.805
v 36.939 -13.935 -34.805
f 1577 1573 1575
f 1577 1575 1574
f 1577 1574 1576
f 1577 1576 1573
f 1578 1575 1573
f 1578 1574 1575
f 1578 1576 1574
f 1578 1573 1576
v 40.475 -14.474 -34.932
v 39.821 -14.474 -34.932
v 40.148 -14.474 -35.259
v 40.148 -14.474 -34.605
v 40.148 -14.196 -34.932
v 40.148 -14.751 -34.932
f 1583 1579 1581
f 1583 1581 1580
f 1583 1580 1582
f 1583 1582 1579
f 1584 1581 1579
f 1584 1580 1581
f 1584 1582 1580
f 1584 1579 1582
v 19.655 21.446 -39.727
v 19.074 21.446 -39.727
v 19.365 21.446 -40.017
v 19.365 21.446 -39.436
v 19.365 21.693 -39.727
v 19.365 21.198 -39.727
f 1589 1585 1587
f 1589 1587 1586
f 1589 1586 1588
f 1589 1588 1585
f 1590 1587 1585
f 1590 1586 1587
f 1590 1588 1586
f 1590 1585 1588
v 45.560 -16.512 -32.224
v 45.060 -16.512 -32.224
v 45.310 -16.512 -32.474
v 45.310 -16.512 -31.974
v 45.310 -16.299 -32.224
v 45.310 -16.724 -32.224
f 1595 1591 1593
f 1595 1593 1592
f 1595 1592 1594
f 1595 1594 1591
f 1596 1593 1591
f 1596 1592 1593
f 1596 1594 1592
f 1596 1591 1594
v 36.868 19.642 -39.833
v 36.368 19.642 -39.833
v 36.618 19.642 -40.083
v 36.618 19.642 -39.583
v 36.618 19.854 -39.833
v 36.618 19.429 -39.833
f 1601 1597 1599
f 1601 1599 1598
f 1601 1598 1600
f 1601 1600 1597
f 1602 1599 1597
f 1602 1598 1599
f 1602 1600 1598
f 1602 1597 1600
v 31.360 22.269 -41.018
v 30.779 22.269 -41.018
v 31.070 22.269 -41.309
v 31.070 22.269 -40.727
v 31.070 22.516 -41.018
v 31.070 22.021 -41.018
f 1607 1603 1605
f 1607 1605 1604
f 1607 1604 1606
f 1607 1606 1603
f 1608 1605 1603
f 1608 1604 1605
f 1608 1606 1604
f 1608 1603 1606
v -40.257 -34.351 -25.153
v -40.839 -34.351 -25.153
v -40.548 -34.351 -25.444
v -40.548 -34.351 -24.863
v -40.548 -34.103 -25.153
v -40.548 -34.598 -25.153
f 1613 1609 1611
f 1613 1611 1610
f 1613 1610 1612
f 1613 1612 1609
f 1614 1611 1609
f 1614 1610 1611
f 1614 1612 1610
f 1614 1609 1612
v -24.318 -47.194 -27.435
v -24.818 -47.194 -27.435
v -24.568 -47.194 -27.685
v -24.568 -47.194 -27.185
v -24.568 -46.982 -27.435
v -24.568 -47.407 -27.435
f 1619 1615 1617
f 1619 1617 1616
f 1619 1616 1618
f 1619 1618 1615
f 1620 1617 1615
f 1620 1616 1617
f 1620 1618 1616
f 1620 1615 1618
v -25.975 -41.999 -28.786
v -26.475 -41.999 -28.786
v -26.225 -41.999 -29.036
v -26.225 -41.999 -28.536
v -26.225 -41.786 -28.786
v -26.225 -42.211 -28.786
f 1625 1621 1623
f 1625 1623 1622
f 1625 1622 1624
f 1625 1624 1621
f 1626 1623 1621
f 1626 1622 1623
f 1626 1624 1622
f 1626 1621 1624
v -43.326 -4.844 -30.741
v -43.826 -4.844 -30.741
v -43.576 -4.844 -30.991
v -43.576 -4.844 -30.491
v -43.576 -4.631 -30.741
v -43.576 -5.056 -30.741
f 1631 1627 1629
f 1631 1629 1628
f 1631 1628 1630
f 1631 1630 1627
f 1632 1629 1627
f 1632 1628 1629
f 1632 1630 1628
f 1632 1627 1630
v -47.411 0.894 -33.921
v -47.911 0.894 -33.921
v -47.661 0.894 -34.171
v -47.661 0.894 -33.671
v -47.661 1.107 -33.921
v -47.661 0.682 -33.921
f 1637 1633 1635
f 1637 1635 1634
f 1637 1634 1636
f 1637 1636 1633
f 1638 1635 1633
f 1638 1634 1635
f 1638 1636 1634
f 1638 1633 1636
v -49.061 3.666 -29.952
v -49.715 3.666 -29.952
v -49.388 3.666 -30.279
v -49.388 3.666 -29.625
v -49.388 3.944 -29.952
v -49.388 3.388 -29.952
f 1643 1639 1641
f 1643 1641 1640
f 1643 1640 1642
f 1643 1642 1639
f 1644 1641 1639
f 1644 1640 1641
f 1644 1642 1640
f 1644 1639 1642
v -30.550 -1.269 -33.654
v -31.269 -1.269 -33.654
v -30.910 -1.269 -34.014
v -30.910 -1.269 -33.295
v -30.910 -0.963 -33.654
v -30.910 -1.574 -33.654
f 1649 1645 1647
f 1649 1647 1646
f 1649 1646 1648
f 1649 1648 1645
f 1650 1647 1645
f 1650 1646 1647
f 1650 1648 1646
f 1650 1645 1648
v 15.510 -50.422 -23.349
v 14.856 -50.422 -23.349
v 15.183 -50.422 -23.676
v 15.183 -50.422 -23.022
v 15.183 -50.144 -23.349
v 15.183 -50.700 -23.349
f 1655 1651 1653
f 1655 1653 1652
f 1655 1652 1654
f 1655 1654 1651
f 1656 1653 1651
f 1656 1652 1653
f 1656 1654 1652
f 1656 1651 1654
v 17.137 -51.099 -26.411
v 16.418 -51.099 -26.411
v 16.777 -51.099 -26.771
v 16.777 -51.099 -26.052
v 16.777 -50.794 -26.411
v 16.777 -51.405 -26.411
f 1661 1657 1659
f 1661 1659 1658
f 1661 1658 1660
f 1661 1660 1657
f 1662 1659 1657
f 1662 1658 1659
f 1662 1660 1658
f 1662 1657 1660
v -28.258 1.118 -28.762
v -28.977 1.118 -28.762
v -28.617 1.118 -29.122
v -28.617 1.118 -28.403
v -28.617 1.423 -28.762
v -28.617 0.812 -28.762
f 1667 1663 1665
f 1667 1665 1664
f 1667 1664 1666
f 1667 1666 1663
f 1668 1665 1663
f 1668 1664 1665
f 1668 1666 1664
f 1668 1663 1666
v -33.690 10.674 -30.961
v -34.190 10.674 -30.961
v -33.940 10.674 -31.211
v -33.940 10.674 -30.711
v -33.940 10.886 -30.961
v -33.940 10.461 -30.961
f 1673 1669 1671
f 1673 1671 1670
f 1673 1670 1672
f 1673 1672 1669
f 1674 1671 1669
f 1674 1670 1671
f 1674 1672 1670
f 1674 1669 1672
v -16.933 0.532 -38.516
v -17.433 0.532 -38.516
v -17.183 0.532 -38.766
v -17.183 0.532 -38.266
v -17.183 0.744 -38.516
v -17.183 0.319 -38.516
f 1679 1675 1677
f 1679 1677 1676
f 1679 1676 1678
f 1679 1678 1675
f 1680 1677 1675
f 1680 1676 1677
f 1680 1678 1676
f 1680 1675 1678
v 9.689 -20.876 -28.734
v 9.107 -20.876 -28.734
v 9.398 -20.876 -29.025
v 9.398 -20.876 -28.443
v 9.398 -20.629 -28.734
v 9.398 -21.124 -28.734
f 1685 1681 1683
f 1685 1683 1682
f 1685 1682 1684
f 1685 1684 1681
f 1686 1683 1681
f 1686 1682 1683
f 1686 1684 1682
f 1686 1681 1684
v -7.549 15.345 -30.967
v -8.131 15.345 -30.967
v -7.840 15.345 -31.258
v -7.840 15.345 -30.676
v -7.840 15.592 -30.967
v -7.840 15.097 -30.967
f 1691 1687 1689
f 1691 1689 1688
f 1691 1688 1690
f 1691 1690 1687
f 1692 1689 1687
f 1692 1688 1689
f 1692 1690 1688
f 1692 1687 1690
v -13.643 15.303 -30.538
v -14.297 15.303 -30.538
v -13.970 15.303 -30.865
v -13.970 15.303 -30.211
v -13.970 15.581 -30.538
v -13.970 15.026 -30.538
f 1697 1693 1695
f 1697 1695 1694
f 1697 1694 1696
f 1697 1696 1693
f 1698 1695 1693
f 1698 1694 1695
f 1698 1696 1694
f 1698 1693 1696
v 16.910 -2.992 -27.011
v 16.410 -2.992 -27.011
v 16.660 -2.992 -27.261
v 16.660 -2.992 -26.761
v 16.660 -2.779 -27.011
v 16.660 -3.204 -27.011
f 1703 1699 1701
f 1703 1701 1700
f 1703 1700 1702
f 1703 1702 1699
f 1704 1701 1699
f 1704 1700 1701
f 1704 1702 1700
f 1704 1699 1702
v 8.663 -6.884 -22.391
v 8.082 -6.884 -22.391
v 8.373 -6.884 -22.682
v 8.373 -6.884 -22.100
v 8.373 -6.636 -22.391
v 8.373 -7.131 -22.391
f 1709 1705 1707
f 1709 1707 1706
f 1709 1706 1708
f 1709 1708 1705
f 1710 1707 1705
f 1710 1706 1707
f 1710 1708 1706
f 1710 1705 1708
v 10.189 10.770 -29.749
v 9.607 10.770 -29.749
v 9.898 10.770 -30.040
v 9.898 10.770 -29.458
v 9.898 11.017 -29.749
v 9.898 10.522 -29.749
f 1715 1711 1713
f 1715 1713 1712
f 1715 1712 1714
f 1715 1714 1711
f 1716 1713 1711
f 1716 1712 1713
f 1716 1714 1712
f 1716 1711 1714
v -17.791 29.443 -25.487
v -18.291 29.443 -25.487
v -18.041 29.443 -25.737
v -18.041 29.443 -25.237
v -18.041 29.655 -25.487
v -18.041 29.230 -25.487
f 1721 1717 1719
f 1721 1719 1718
f 1721 1718 1720
f 1721 1720 1717
f 1722 1719 1717
f 1722 1718 1719
f 1722 1720 1718
f 1722 1717 1720
v -13.836 35.494 -24.877
v -14.336 35.494 -24.877
v -14.086 35.494 -25.127
v -14.086 35.494 -24.627
v -14.086 35.707 -24.877
v -14.086 35.282 -24.877
f 1727 1723 1725
f 1727 1725 1724
f 1727 1724 1726
f 1727 1726 1723
f 1728 1725 1723
f 1728 1724 1725
f 1728 1726 1724
f 1728 1723 1726
v 30.618 -4.396 -24.231
v 29.899 -4.396 -24.231
v 30.259 -4.396 -24.591
v 30.259 -4.396 -23.872
v 30.259 -4.091 -24.231
v 30.259 -4.702 -24.231
f 1733 1729 1731
f 1733 1731 1730
f 1733 1730 1732
f 1733 1732 1729
f 1734 1731 1729
f 1734 1730 1731
f 1734 1732 1730
f 1734 1729 1732
v -5.386 43.931 -28.327
v -5.886 43.931 -28.327
v -5.636 43.931 -28.577
v -5.636 43.931 -28.077
v -5.636 44.144 -28.327
v -5.636 43.719 -28.327
f 1739 1735 1737
f 1739 1737 1736
f 1739 1736 1738
f 1739 1738 1735
f 1740 1737 1735
f 1740 1736 1737
f 1740 1738 1736
f 1740 1735 1738
v 42.276 -3.211 -27.266
v 41.694 -3.211 -27.266
v 41.985 -3.211 -27.557
v 41.985 -3.211 -26.975
v 41.985 -2.964 -27.266
v 41.985 -3.459 -27.266
f 1745 1741 1743
f 1745 1743 1742
f 1745 1742 1744
f 1745 1744 1741
f 1746 1743 1741
f 1746 1742 1743
f 1746 1744 1742
f 1746 1741 1744
v 45.806 -8.864 -19.220
v 45.306 -8.864 -19.220
v 45.556 -8.864 -19.470
v 45.556 -8.864 -18.970
v 45.556 -8.652 -19.220
v 45.556 -9.077 -19.220
f 1751 1747 1749
f 1751 1749 1748
f 1751 1748 1750
f 1751 1750 1747
f 1752 1749 1747
f 1752 1748 1749
f 1752 1750 1748
f 1752 1747 1750
v 5.474 44.521 -32.736
v 4.974 44.521 -32.736
v 5.224 44.521 -32.986
v 5.224 44.521 -32.486
v 5.224 44.733 -32.736
v 5.224 44.308 -32.736
f 1757 1753 1755
f 1757 1755 1754
f 1757 1754 1756
f 1757 1756 1753
f 1758 1755 1753
f 1758 1754 1755
f 1758 1756 1754
f 1758 1753 1756
v -31.315 -31.681 -16.598
v -31.969 -31.681 -16.598
v -31.642 -31.681 -16.925
v -31.642 -31.681 -16.271
v -31.642 -31.403 -16.598
v -31.642 -31.959 -16.598
f 1763 1759 1761
f 1763 1761 1760
f 1763 1760 1762
f 1763 1762 1759
f 1764 1761 1759
f 1764 1760 1761
f 1764 1762 1760
f 1764 1759 1762
v -48.363 9.344 -28.873
v -48.945 9.344 -28.873
v -48.654 9.344 -29.164
v -48.654 9.344 -28.582
v -48.654 9.591 -28.873
v -48.654 9.096 -28.873
f 1769 1765 1767
f 1769 1767 1766
f 1769 1766 1768
f 1769 1768 1765
f 1770 1767 1765
f 1770 1766 1767
f 1770 1768 1766
f 1770 1765 1768
v -46.625 11.504 -25.864
v -47.207 11.504 -25.864
v -46.916 11.504 -26.155
v -46.916 11.504 -25.573
v -46.916 11.751 -25.864
v -46.916 11.257 -25.864
f 1775 1771 1773
f 1775 1773 1772
f 1775 1772 1774
f 1775 1774 1771
f 1776 1773 1771
f 1776 1772 1773
f 1776 1774 1772
f 1776 1771 1774
v 20.866 -47.265 -18.699
v 20.284 -47.265 -18.699
v 20.575 -47.265 -18.990
v 20.575 -47.265 -18.408
v 20.575 -47.017 -18.699
v 20.575 -47.512 -18.699
f 1781 1777 1779
f 1781 1779 1778
f 1781 1778 1780
f 1781 1780 1777
f 1782 1779 1777
f 1782 1778 1779
f 1782 1780 1778
f 1782 1777 1780
v 13.275 -45.227 -20.722
v 12.556 -45.227 -20.722
v 12.916 -45.227 -21.081
v 12.916 -45.227 -20.362
v 12.916 -44.921 -20.722
v 12.916 -45.533 -20.722
f 1787 1783 1785
f 1787 1785 1784
f 1787 1784 1786
f 1787 1786 1783
f 1788 1785 1783
f 1788 1784 1785
f 1788 1786 1784
f 1788 1783 1786
v 17.106 -47.179 -20.899
v 16.452 -47.179 -20.899
v 16.779 -47.179 -21.226
v 16.779 -47.179 -20.572
v 16.779 -46.901 -20.899
v 16.779 -47.457 -20.899
f 1793 1789 1791
f 1793 1791 1790
f 1793 1790 1792
f 1793 1792 1789
f 1794 1791 1789
f 1794 1790 1791
f 1794 1792 1790
f 1794 1789 1792
v 4.729 -39.691 -13.605
v 4.147 -39.691 -13.605
v 4.438 -39.691 -13.895
v 4.438 -39.691 -13.314
v 4.438 -39.444 -13.605
v 4.438 -39.938 -13.605
f 1799 1795 1797
f 1799 1797 1796
f 1799 1796 1798
f 1799 1798 1795
f 1800 1797 1795
f 1800 1796 1797
f 1800 1798 1796
f 1800 1795 1798
v 9.245 -43.357 -16.713
v 8.745 -43.357 -16.713
v 8.995 -43.357 -16.963
v 8.995 -43.357 -16.463
v 8.995 -43.144 -16.713
v 8.995 -43.569 -16.713
f 1805 1801 1803
f 1805 1803 1802
f 1805 1802 1804
f 1805 1804 1801
f 1806 1803 1801
f 1806 1802 1803
f 1806 1804 1802
f 1806 1801 1804
v 7.611 -42.456 -13.534
v 7.111 -42.456 -13.534
v 7.361 -42.456 -13.784
v 7.361 -42.456 -13.284
v 7.361 -42.243 -13.534
v 7.361 -42.668 -13.534
f 1811 1807 1809
f 1811 1809 1808
f 1811 1808 1810
f 1811 1810 1807
f 1812 1809 1807
f 1812 1808 1809
f 1812 1810 1808
f 1812 1807 1810
v -32.467 4.680 -28.605
v -33.121 4.680 -28.605
v -32.794 4.680 -28.932
v -32.794 4.680 -28.278
v -32.794 4.958 -28.605
v -32.794 4.402 -28.605
f 1817 1813 1815
f 1817 1815 1814
f 1817 1814 1816
f 1817 1816 1813
f 1818 1815 1813
f 1818 1814 1815
f 1818 1816 1814
f 1818 1813 1816
v -42.135 11.425 -28.574
v -42.716 11.425 -28.574
v -42.426 11.425 -28.865
v -42.426 11.425 -28.283
v -42.426 11.672 -28.574
v -42.426 11.177 -28.574
f 1823 1819 1821
f 1823 1821 1820
f 1823 1820 1822
f 1823 1822 1819
f 1824 1821 1819
f 1824 1820 1821
f 1824 1822 1820
f 1824 1819 1822
v 23.708 -38.878 -21.283
v 22.989 -38.878 -21.283
v 23.348 -38.878 -21.642
v 23.348 -38.878 -20.923
v 23.348 -38.572 -21.283
v 23.348 -39.184 -21.283
f 1829 1825 1827
f 1829 1827 1826
f 1829 1826 1828
f 1829 1828 1825
f 1830 1827 1825
f 1830 1826 1827
f 1830 1828 1826
f 1830 1825 1828
v -2.043 -1.350 -21.813
v -2.762 -1.350 -21.813
v -2.403 -1.350 -22.172
v -2.403 -1.350 -21.453
v -2.403 -1.044 -21.813
v -2.403 -1.655 -21.813
f 1835 1831 1833
f 1835 1833 1832
f 1835 1832 1834
f 1835 1834 1831
f 1836 1833 1831
f 1836 1832 1833
f 1836 1834 1832
f 1836 1831 1834
v -15.593 9.747 -27.092
v -16.093 9.747 -27.092
v -15.843 9.747 -27.342
v -15.843 9.747 -26.842
v -15.843 9.960 -27.092
v -15.843 9.535 -27.092
f 1841 1837 1839
f 1841 1839 1838
f 1841 1838 1840
f 1841 1840 1837
f 1842 1839 1837
f 1842 1838 1839
f 1842 1840 1838
f 1842 1837 1840
v -17.287 9.203 -21.356
v -17.869 9.203 -21.356
v -17.578 9.203 -21.647
v -17.578 9.203 -21.065
v -17.578 9.451 -21.356
v -17.578 8.956 -21.356
f 1847 1843 1845
f 1847 1845 1844
f 1847 1844 1846
f 1847 1846 1843
f 1848 1845 1843
f 1848 1844 1845
f 1848 1846 1844
f 1848 1843 1846
v -17.590 12.024 -26.530
v -18.172 12.024 -26.530
v -17.881 12.024 -26.821
v -17.881 12.024 -26.239
v -17.881 12.271 -26.530
v -17.881 11.777 -26.530
f 1853 1849 1851
f 1853 1851 1850
f 1853 1850 1852
f 1853 1852 1849
f 1854 1851 1849
f 1854 1850 1851
f 1854 1852 1850
f 1854 1849 1852
v -25.324 18.315 -25.152
v -25.906 18.315 -25.152
v -25.615 18.315 -25.443
v -25.615 18.315 -24.861
v -25.615 18.563 -25.152
v -25.615 18.068 -25.152
f 1859 1855 1857
f 1859 1857 1856
f 1859 1856 1858
f 1859 1858 1855
f 1860 1857 1855
f 1860 1856 1857
f 1860 1858 1856
f 1860 1855 1858
v 32.161 -40.662 -20.146
v 31.579 -40.662 -20.146
v 31.870 -40.662 -20.437
v 31.870 -40.662 -19.855
v 31.870 -40.415 -20.146
v 31.870 -40.909 -20.146
f 1865 1861 1863
f 1865 1863 1862
f 1865 1862 1864
f 1865 1864 1861
f 1866 1863 1861
f 1866 1862 1863
f 1866 1864 1862
f 1866 1861 1864
v 13.247 -18.279 -21.858
v 12.665 -18.279 -21.858
v 12.956 -18.279 -22.149
v 12.956 -18.279 -21.568
v 12.956 -18.032 -21.858
v 12.956 -18.526 -21.858
f 1871 1867 1869
f 1871 1869 1868
f 1871 1868 1870
f 1871 1870 1867
f 1872 1869 1867
f 1872 1868 1869
f 1872 1870 1868
f 1872 1867 1870
v 8.547 -20.245 -19.675
v 8.047 -20.245 -19.675
v 8.297 -20.245 -19.925
v 8.297 -20.245 -19.425
v 8.297 -20.033 -19.675
v 8.297 -20.458 -19.675
f 1877 1873 1875
f 1877 1875 1874
f 1877 1874 1876
f 1877 1876 1873
f 1878 1875 1873
f 1878 1874 1875
f 1878 1876 1874
f 1878 1873 1876
v -3.209 11.950 -19.280
v -3.709 11.950 -19.280
v -3.459 11.950 -19.530
v -3.459 11.950 -19.030
v -3.459 12.163 -19.280
v -3.459 11.738 -19.280
f 1883 1879 1881
f 1883 1881 1880
f 1883 1880 1882
f 1883 1882 1879
f 1884 1881 1879
f 1884 1880 1881
f 1884 1882 1880
f 1884 1879 1882
v 3.917 6.092 -23.696
v 3.417 6.092 -23.696
v 3.667 6.092 -23.946
v 3.667 6.092 -23.446
v 3.667 6.305 -23.696
v 3.667 5.880 -23.696
f 1889 1885 1887
f 1889 1887 1886
f 1889 1886 1888
f 1889 1888 1885
f 1890 1887 1885
f 1890 1886 1887
f 1890 1888 1886
f 1890 1885 1888
v 9.853 -7.623 -15.513
v 9.271 -7.623 -15.513
v 9.562 -7.623 -15.804
v 9.562 -7.623 -15.222
v 9.562 -7.376 -15.513
v 9.562 -7.870 -15.513
f 1895 1891 1893
f 1895 1893 1892
f 1895 1892 1894
f 1895 1894 1891
f 1896 1893 1891
f 1896 1892 1893
f 1896 1894 1892
f 1896 1891 1894
v 8.788 -7.307 -12.287
v 8.206 -7.307 -12.287
v 8.497 -7.307 -12.578
v 8.497 -7.307 -11.996
v 8.497 -7.060 -12.287
v 8.497 -7.554 -12.287
f 1901 1897 1899
f 1901 1899 1898
f 1901 1898 1900
f 1901 1900 1897
f 1902 1899 1897
f 1902 1898 1899
f 1902 1900 1898
f 1902 1897 1900
v 5.821 -6.254 -19.048
v 5.321 -6.254 -19.048
v 5.571 -6.254 -19.298
v 5.571 -6.254 -18.798
v 5.571 -6.042 -19.048
v 5.571 -6.467 -19.048
f 1907 1903 1905
f 1907 1905 1904
f 1907 1904 1906
f 1907 1906 1903
f 1908 1905 1903
f 1908 1904 1905
f 1908 1906 1904
f 1908 1903 1906
v 5.185 -0.339 -21.235
v 4.603 -0.339 -21.235
v 4.894 -0.339 -21.526
v 4.894 -0.339 -20.944
v 4.894 -0.092 -21.235
v 4.894 -0.587 -21.235
f 1913 1909 1911
f 1913 1911 1910
f 1913 1910 1912
f 1913 1912 1909
f 1914 1911 1909
f 1914 1910 1911
f 1914 1912 1910
f 1914 1909 1912
v 8.081 -1.040 -21.732
v 7.499 -1.040 -21.732
v 7.790 -1.040 -22.023
v 7.790 -1.040 -21.441
v 7.790 -0.793 -21.732
v 7.790 -1.288 -21.732
f 1919 1915 1917
f 1919 1917 1916
f 1919 1916 1918
f 1919 1918 1915
f 1920 1917 1915
f 1920 1916 1917
f 1920 1918 1916
f 1920 1915 1918
v 15.004 15.049 -20.230
v 14.422 15.049 -20.230
v 14.713 15.049 -20.520
v 14.713 15.049 -19.939
v 14.713 15.296 -20.230
v 14.713 14.801 -20.230
f 1925 1921 1923
f 1925 1923 1922
f 1925 1922 1924
f 1925 1924 1921
f 1926 1923 1921
f 1926 1922 1923
f 1926 1924 1922
f 1926 1921 1924
v 44.689 -28.279 -12.706
v 44.107 -28.279 -12.706
v 44.398 -28.279 -12.997
v 44.398 -28.279 -12.415
v 44.398 -28.032 -12.706
v 44.398 -28.526 -12.706
f 1931 1927 1929
f 1931 1929 1928
f 1931 1928 1930
f 1931 1930 1927
f 1932 1929 1927
f 1932 1928 1929
f 1932 1930 1928
f 1932 1927 1930
v 49.685 -24.103 -13.442
v 49.185 -24.103 -13.442
v 49.435 -24.103 -13.692
v 49.435 -24.103 -13.192
v 49.435 -23.890 -13.442
v 49.435 -24.315 -13.442
f 1937 1933 1935
f 1937 1935 1934
f 1937 1934 1936
f 1937 1936 1933
f 1938 1935 1933
f 1938 1934 1935
f 1938 1936 1934
f 1938 1933 1936
v 35.802 -7.419 -8.243
v 35.083 -7.419 -8.243
v 35.442 -7.419 -8.602
v 35.442 -7.419 -7.883
v 35.442 -7.113 -8.243
v 35.442 -7.725 -8.243
f 1943 1939 1941
f 1943 1941 1940
f 1943 1940 1942
f 1943 1942 1939
f 1944 1941 1939
f 1944 1940 1941
f 1944 1942 1940
f 1944 1939 1942
v 41.398 40.278 -16.573
v 40.898 40.278 -16.573
v 41.148 40.278 -16.823
v 41.148 40.278 -16.323
v 41.148 40.491 -16.573
v 41.148 40.066 -16.573
f 1949 1945 1947
f 1949 1947 1946
f 1949 1946 1948
f 1949 1948 1945
f 1950 1947 1945
f 1950 1946 1947
f 1950 1948 1946
f 1950 1945 1948
v -30.611 -28.950 -8.169
v -31.111 -28.950 -8.169
v -30.861 -28.950 -8.419
v -30.861 -28.950 -7.919
v -30.861 -28.738 -8.169
v -30.861 -29.163 -8.169
f 1955 1951 1953
f 1955 1953 1952
f 1955 1952 1954
f 1955 1954 1951
f 1956 1953 1951
f 1956 1952 1953
f 1956 1954 1952
f 1956 1951 1954
v -32.367 -8.119 -8.347
v -32.948 -8.119 -8.347
v -32.658 -8.119 -8.638
v -32.658 -8.119 -8.056
v -32.658 -7.871 -8.347
v -32.658 -8.366 -8.347
f 1961 1957 1959
f 1961 1959 1958
f 1961 1958 1960
f 1961 1960 1957
f 1962 1959 1957
f 1962 1958 1959
f 1962 1960 1958
f 1962 1957 1960
v -2.670 -37.020 -7.461
v -3.170 -37.020 -7.461
v -2.920 -37.020 -7.711
v -2.920 -37.020 -7.211
v -2.920 -36.807 -7.461
v -2.920 -37.232 -7.461
f 1967 1963 1965
f 1967 1965 1964
f 1967 1964 1966
f 1967 1966 1963
f 1968 1965 1963
f 1968 1964 1965
f 1968 1966 1964
f 1968 1963 1966
v -35.148 -4.967 -11.223
v -35.648 -4.967 -11.223
v -35.398 -4.967 -11.473
v -35.398 -4.967 -10.973
v -35.398 -4.755 -11.223
v -35.398 -5.180 -11.223
f 1973 1969 1971
f 1973 1971 1970
f 1973 1970 1972
f 1973 1972 1969
f 1974 1971 1969
f 1974 1970 1971
f 1974 1972 1970
f 1974 1969 1972
v -38.158 8.630 -10.152
v -38.812 8.630 -10.152
v -38.485 8.630 -10.479
v -38.485 8.630 -9.825
v -38.485 8.908 -10.152
v -38.485 8.352 -10.152
f 1979 1975 1977
f 1979 1977 1976
f 1979 1976 1978
f 1979 1978 1975
f 1980 1977 1975
f 1980 1976 1977
f 1980 1978 1976
f 1980 1975 1978
v -47.654 11.437 -15.643
v -48.235 11.437 -15.643
v -47.945 11.437 -15.933
v -47.945 11.437 -15.352
v -47.945 11.684 -15.643
v -47.945 11.189 -15.643
f 1985 1981 1983
f 1985 1983 1982
f 1985 1982 1984
f 1985 1984 1981
f 1986 1983 1981
f 1986 1982 1983
f 1986 1984 1982
f 1986 1981 1984
v 26.998 -51.148 -12.806
v 26.498 -51.148 -12.806
v 26.748 -51.148 -13.056
v 26.748 -51.148 -12.556
v 26.748 -50.936 -12.806
v 26.748 -51.361 -12.806
f 1991 1987 1989
f 1991 1989 1988
f 1991 1988 1990
f 1991 1990 1987
f 1992 1989 1987
f 1992 1988 1989
f 1992 1990 1988
f 1992 1987 1990
v 1.769 -39.164 -9.957
v 1.269 -39.164 -9.957
v 1.519 -39.164 -10.207
v 1.519 -39.164 -9.707
v 1.519 -38.951 -9.957
v 1.519 -39.376 -9.957
f 1997 1993 1995
f 1997 1995 1994
f 1997 1994 1996
f 1997 1996 1993
f 1998 1995 1993
f 1998 1994 1995
f 1998 1996 1994
f 1998 1993 1996
v 3.250 -38.894 -10.349
v 2.668 -38.894 -10.349
v 2.959 -38.894 -10.640
v 2.959 -38.894 -10.058
v 2.959 -38.647 -10.349
v 2.959 -39.142 -10.349
f 2003 1999 2001
f 2003 2001 2000
f 2003 2000 2002
f 2003 2002 1999
f 2004 2001 1999
f 2004 2000 2001
f 2004 2002 2000
f 2004 1999 2002
v -0.399 -34.545 -7.629
v -0.899 -34.545 -7.629
v -0.649 -34.545 -7.879
v -0.649 -34.545 -7.379
v -0.649 -34.333 -7.629
v -0.649 -34.758 -7.629
f 2009 2005 2007
f 2009 2007 2006
f 2009 2006 2008
f 2009 2008 2005
f 2010 2007 2005
f 2010 2006 2007
f 2010 2008 2006
f 2010 2005 2008
v -0.592 -36.986 -7.105
v -1.092 -36.986 -7.105
v -0.842 -36.986 -7.355
v -0.842 -36.986 -6.855
v -0.842 -36.773 -7.105
v -0.842 -37.198 -7.105
f 2015 2011 2013
f 2015 2013 2012
f 2015 2012 2014
f 2015 2014 2011
f 2016 2013 2011
f 2016 2012 2013
f 2016 2014 2012
f 2016 2011 2014
v -10.142 -10.898 -8.272
v -10.724 -10.898 -8.272
v -10.433 -10.898 -8.563
v -10.433 -10.898 -7.981
v -10.433 -10.651 -8.272
v -10.433 -11.145 -8.272
f 2021 2017 2019
f 2021 2019 2018
f 2021 2018 2020
f 2021 2020 2017
f 2022 2019 2017
f 2022 2018 2019
f 2022 2020 2018
f 2022 2017 2020
v -8.856 -11.145 -9.497
v -9.575 -11.145 -9.497
v -9.215 -11.145 -9.856
v -9.215 -11.145 -9.137
v -9.215 -10.840 -9.497
v -9.215 -11.451 -9.497
f 2027 2023 2025
f 2027 2025 2024
f 2027 2024 2026
f 2027 2026 2023
f 2028 2025 2023
f 2028 2024 2025
f 2028 2026 2024
f 2028 2023 2026
v -34.306 9.398 -12.082
v -34.806 9.398 -12.082
v -34.556 9.398 -12.332
v -34.556 9.398 -11.832
v -34.556 9.610 -12.082
v -34.556 9.185 -12.082
f 2033 2029 2031
f 2033 2031 2030
f 2033 2030 2032
f 2033 2032 2029
f 2034 2031 2029
f 2034 2030 2031
f 2034 2032 2030
f 2034 2029 2032
v -34.917 9.022 -10.452
v -35.417 9.022 -10.452
v -35.167 9.022 -10.702
v -35.167 9.022 -10.202
v -35.167 9.234 -10.452
v -35.167 8.809 -10.452
f 2039 2035 2037
f 2039 2037 2036
f 2039 2036 2038
f 2039 2038 2035
f 2040 2037 2035
f 2040 2036 2037
f 2040 2038 2036
f 2040 2035 2038
v -30.331 12.744 -17.360
v -30.985 12.744 -17.360
v -30.658 12.744 -17.687
v -30.658 12.744 -17.033
v -30.658 13.022 -17.360
v -30.658 12.466 -17.360
f 2045 2041 2043
f 2045 2043 2042
f 2045 2042 2044
f 2045 2044 2041
f 2046 2043 2041
f 2046 2042 2043
f 2046 2044 2042
f 2046 2041 2044
v -30.457 12.647 -15.408
v -31.039 12.647 -15.408
v -30.748 12.647 -15.699
v -30.748 12.647 -15.117
v -30.748 12.894 -15.408
v -30.748 12.399 -15.408
f 2051 2047 2049
f 2051 2049 2048
f 2051 2048 2050
f 2051 2050 2047
f 2052 2049 2047
f 2052 2048 2049
f 2052 2050 2048
f 2052 2047 2050
v -41.112 14.052 -19.694
v -41.612 14.052 -19.694
v -41.362 14.052 -19.944
v -41.362 14.052 -19.444
v -41.362 14.264 -19.694
v -41.362 13.839 -19.694
f 2057 2053 2055
f 2057 2055 2054
f 2057 2054 2056
f 2057 2056 2053
f 2058 2055 2053
f 2058 2054 2055
f 2058 2056 2054
f 2058 2053 2056
v 13.777 -32.123 -15.140
v 13.195 -32.123 -15.140
v 13.486 -32.123 -15.431
v 13.486 -32.123 -14.849
v 13.486 -31.876 -15.140
v 13.486 -32.370 -15.140
f 2063 2059 2061
f 2063 2061 2060
f 2063 2060 2062
f 2063 2062 2059
f 2064 2061 2059
f 2064 2060 2061
f 2064 2062 2060
f 2064 2059 2062
v 5.310 -25.787 -10.889
v 4.729 -25.787 -10.889
v 5.020 -25.787 -11.180
v 5.020 -25.787 -10.598
v 5.020 -25.540 -10.889
v 5.020 -26.035 -10.889
f 2069 2065 2067
f 2069 2067 2066
f 2069 2066 2068
f 2069 2068 2065
f 2070 2067 2065
f 2070 2066 2067
f 2070 2068 2066
f 2070 2065 2068
v 7.831 -28.550 -12.117
v 7.249 -28.550 -12.117
v 7.540 -28.550 -12.408
v 7.540 -28.550 -11.826
v 7.540 -28.302 -12.117
v 7.540 -28.797 -12.117
f 2075 2071 2073
f 2075 2073 2072
f 2075 2072 2074
f 2075 2074 2071
f 2076 2073 2071
f 2076 2072 2073
f 2076 2074 2072
f 2076 2071 2074
v 0.659 -22.343 -8.373
v 0.077 -22.343 -8.373
v 0.368 -22.343 -8.664
v 0.368 -22.343 -8.082
v 0.368 -22.096 -8.373
v 0.368 -22.590 -8.373
f 2081 2077 2079
f 2081 2079 2078
f 2081 2078 2080
f 2081 2080 2077
f 2082 2079 2077
f 2082 2078 2079
f 2082 2080 2078
f 2082 2077 2080
v -2.569 -12.588 -7.270
v -3.223 -12.588 -7.270
v -2.896 -12.588 -7.597
v -2.896 -12.588 -6.943
v -2.896 -12.310 -7.270
v -2.896 -12.866 -7.270
f 2087 2083 2085
f 2087 2085 2084
f 2087 2084 2086
f 2087 2086 2083
f 2088 2085 2083
f 2088 2084 2085
f 2088 2086 2084
f 2088 2083 2086
v -1.317 -13.200 -8.351
v -1.817 -13.200 -8.351
v -1.567 -13.200 -8.601
v -1.567 -13.200 -8.101
v -1.567 -12.988 -8.351
v -1.567 -13.413 -8.351
f 2093 2089 2091
f 2093 2091 2090
f 2093 2090 2092
f 2093 2092 2089
f 2094 2091 2089
f 2094 2090 2091
f 2094 2092 2090
f 2094 2089 2092
v -0.670 -13.068 -11.059
v -1.389 -13.068 -11.059
v -1.030 -13.068 -11.419
v -1.030 -13.068 -10.699
v -1.030 -12.763 -11.059
v -1.030 -13.374 -11.059
f 2099 2095 2097
f 2099 2097 2096
f 2099 2096 2098
f 2099 2098 2095
f 2100 2097 2095
f 2100 2096 2097
f 2100 2098 2096
f 2100 2095 2098
v -8.734 3.655 -20.565
v -9.315 3.655 -20.565
v -9.025 3.655 -20.856
v -9.025 3.655 -20.274
v -9.025 3.902 -20.565
v -9.025 3.408 -20.565
f 2105 2101 2103
f 2105 2103 2102
f 2105 2102 2104
f 2105 2104 2101
f 2106 2103 2101
f 2106 2102 2103
f 2106 2104 2102
f 2106 2101 2104
v -20.459 6.693 -13.574
v -21.113 6.693 -13.574
v -20.786 6.693 -13.901
v -20.786 6.693 -13.247
v -20.786 6.970 -13.574
v -20.786 6.415 -13.574
f 2111 2107 2109
f 2111 2109 2108
f 2111 2108 2110
f 2111 2110 2107
f 2112 2109 2107
f 2112 2108 2109
f 2112 2110 2108
f 2112 2107 2110
v -14.169 6.286 -20.553
v -14.751 6.286 -20.553
v -14.460 6.286 -20.844
v -14.460 6.286 -20.262
v -14.460 6.534 -20.553
v -14.460 6.039 -20.553
f 2117 2113 2115
f 2117 2115 2114
f 2117 2114 2116
f 2117 2116 2113
f 2118 2115 2113
f 2118 2114 2115
f 2118 2116 2114
f 2118 2113 2116
v 2.047 -13.759 -17.084
v 1.327 -13.759 -17.084
v 1.687 -13.759 -17.443
v 1.687 -13.759 -16.724
v 1.687 -13.453 -17.084
v 1.687 -14.064 -17.084
f 2123 2119 2121
f 2123 2121 2120
f 2123 2120 2122
f 2123 2122 2119
f 2124 2121 2119
f 2124 2120 2121
f 2124 2122 2120
f 2124 2119 2122
v 6.140 -12.482 -17.392
v 5.558 -12.482 -17.392
v 5.849 -12.482 -17.683
v 5.849 -12.482 -17.101
v 5.849 -12.234 -17.392
v 5.849 -12.729 -17.392
f 2129 2125 2127
f 2129 2127 2126
f 2129 2126 2128
f 2129 2128 2125
f 2130 2127 2125
f 2130 2126 2127
f 2130 2128 2126
f 2130 2125 2128
v -5.309 -8.247 -10.655
v -5.809 -8.247 -10.655
v -5.559 -8.247 -10.905
v -5.559 -8.247 -10.405
v -5.559 -8.034 -10.655
v -5.559 -8.459 -10.655
f 2135 2131 2133
f 2135 2133 2132
f 2135 2132 2134
f 2135 2134 2131
f 2136 2133 2131
f 2136 2132 2133
f 2136 2134 2132
f 2136 2131 2134
v 0.659 -9.749 -16.033
v 0.005 -9.749 -16.033
v 0.332 -9.749 -16.360
v 0.332 -9.749 -15.706
v 0.332 -9.471 -16.033
v 0.332 -10.026 -16.033
f 2141 2137 2139
f 2141 2139 2138
f 2141 2138 2140
f 2141 2140 2137
f 2142 2139 2137
f 2142 2138 2139
f 2142 2140 2138
f 2142 2137 2140
v 3.407 -12.167 -16.061
v 2.753 -12.167 -16.061
v 3.080 -12.167 -16.388
v 3.080 -12.167 -15.735
v 3.080 -11.889 -16.061
v 3.080 -12.445 -16.061
f 2147 2143 2145
f 2147 2145 2144
f 2147 2144 2146
f 2147 2146 2143
f 2148 2145 2143
f 2148 2144 2145
f 2148 2146 2144
f 2148 2143 2146
v 3.760 -9.313 -19.112
v 3.260 -9.313 -19.112
v 3.510 -9.313 -19.362
v 3.510 -9.313 -18.862
v 3.510 -9.100 -19.112
v 3.510 -9.525 -19.112
f 2153 2149 2151
f 2153 2151 2150
f 2153 2150 2152
f 2153 2152 2149
f 2154 2151 2149
f 2154 2150 2151
f 2154 2152 2150
f 2154 2149 2152
v 7.997 3.173 -9.402
v 7.497 3.173 -9.402
v 7.747 3.173 -9.652
v 7.747 3.173 -9.152
v 7.747 3.385 -9.402
v 7.747 2.960 -9.402
f 2159 2155 2157
f 2159 2157 2156
f 2159 2156 2158
f 2159 2158 2155
f 2160 2157 2155
f 2160 2156 2157
f 2160 2158 2156
f 2160 2155 2158
v 11.481 9.491 -2.966
v 10.981 9.491 -2.966
v 11.231 9.491 -3.216
v 11.231 9.491 -2.716
v 11.231 9.703 -2.966
v 11.231 9.278 -2.966
f 2165 2161 2163
f 2165 2163 2162
f 2165 2162 2164
f 2165 2164 2161
f 2166 2163 2161
f 2166 2162 2163
f 2166 2164 2162
f 2166 2161 2164
v 36.989 38.042 -11.045
v 36.489 38.042 -11.045
v 36.739 38.042 -11.295
v 36.739 38.042 -10.795
v 36.739 38.255 -11.045
v 36.739 37.830 -11.045
f 2171 2167 2169
f 2171 2169 2168
f 2171 2168 2170
f 2171 2170 2167
f 2172 2169 2167
f 2172 2168 2169
f 2172 2170 2168
f 2172 2167 2170
v -16.280 -35.038 -0.966
v -16.780 -35.038 -0.966
v -16.530 -35.038 -1.216
v -16.530 -35.038 -0.716
v -16.530 -34.825 -0.966
v -16.530 -35.250 -0.966
f 2177 2173 2175
f 2177 2175 2174
f 2177 2174 2176
f 2177 2176 2173
f 2178 2175 2173
f 2178 2174 2175
f 2178 2176 2174
f 2178 2173 2176
v -13.103 -36.844 -3.148
v -13.603 -36.844 -3.148
v -13.353 -36.844 -3.398
v -13.353 -36.844 -2.898
v -13.353 -36.631 -3.148
v -13.353 -37.056 -3.148
f 2183 2179 2181
f 2183 2181 2180
f 2183 2180 2182
f 2183 2182 2179
f 2184 2181 2179
f 2184 2180 2181
f 2184 2182 2180
f 2184 2179 2182
v -21.112 -12.404 -2.453
v -21.831 -12.404 -2.453
v -21.471 -12.404 -2.812
v -21.471 -12.404 -2.093
v -21.471 -12.099 -2.453
v -21.471 -12.710 -2.453
f 2189 2185 2187
f 2189 2187 2186
f 2189 2186 2188
f 2189 2188 2185
f 2190 2187 2185
f 2190 2186 2187
f 2190 2188 2186
f 2190 2185 2188
v -5.229 -35.329 -2.246
v -5.729 -35.329 -2.246
v -5.479 -35.329 -2.496
v -5.479 -35.329 -1.996
v -5.479 -35.117 -2.246
v -5.479 -35.542 -2.246
f 2195 2191 2193
f 2195 2193 2192
f 2195 2192 2194
f 2195 2194 2191
f 2196 2193 2191
f 2196 2192 2193
f 2196 2194 2192
f 2196 2191 2194
v -8.270 -26.370 -0.033
v -8.770 -26.370 -0.033
v -8.520 -26.370 -0.283
v -8.520 -26.370 0.217
v -8.520 -26.158 -0.033
v -8.520 -26.583 -0.033
f 2201 2197 2199
f 2201 2199 2198
f 2201 2198 2200
f 2201 2200 2197
f 2202 2199 2197
f 2202 2198 2199
f 2202 2200 2198
f 2202 2197 2200
v -7.703 -28.057 -0.357
v -8.203 -28.057 -0.357
v -7.953 -28.057 -0.607
v -7.953 -28.057 -0.107
v -7.953 -27.844 -0.357
v -7.953 -28.269 -0.357
f 2207 2203 2205
f 2207 2205 2204
f 2207 2204 2206
f 2207 2206 2203
f 2208 2205 2203
f 2208 2204 2205
f 2208 2206 2204
f 2208 2203 2206
v -6.733 -27.714 -0.982
v -7.387 -27.714 -0.982
v -7.060 -27.714 -1.309
v -7.060 -27.714 -0.655
v -7.060 -27.437 -0.982
v -7.060 -27.992 -0.982
f 2213 2209 2211
f 2213 2211 2210
f 2213 2210 2212
f 2213 2212 2209
f 2214 2211 2209
f 2214 2210 2211
f 2214 2212 2210
f 2214 2209 2212
v -10.006 1.797 -4.995
v -10.506 1.797 -4.995
v -10.256 1.797 -5.245
v -10.256 1.797 -4.745
v -10.256 2.009 -4.995
v -10.256 1.584 -4.995
f 2219 2215 2217
f 2219 2217 2216
f 2219 2216 2218
f 2219 2218 2215
f 2220 2217 2215
f 2220 2216 2217
f 2220 2218 2216
f 2220 2215 2218
v 15.686 0.280 3.321
v 14.799 0.280 3.321
v 15.243 0.280 2.878
v 15.243 0.280 3.765
v 15.243 0.657 3.321
v 15.243 -0.098 3.321
usemtl mtl-001
f 2225 2221 2223
f 2225 2223 2222
f 2225 2222 2224
f 2225 2224 2221
f 2226 2223 2221
f 2226 2222 2223
f 2226 2224 2222
f 2226 2221 2224
v -0.441 -0.577 -3.243
v -1.328 -0.577 -3.243
v -0.885 -0.577 -3.687
v -0.885 -0.577 -2.800
v -0.885 -0.200 -3.243
v -0.885 -0.954 -3.243
f 2231 2227 2229
f 2231 2229 2228
f 2231 2228 2230
f 2231 2230 2227
f 2232 2229 2227
f 2232 2228 2229
f 2232 2230 2228
f 2232 2227 2230
v -28.224 -22.535 9.869
v -29.160 -22.535 9.869
v -28.692 -22.535 9.400
v -28.692 -22.535 10.337
v -28.692 -22.137 9.869
v -28.692 -22.933 9.869
f 2237 2233 2235
f 2237 2235 2234
f 2237 2234 2236
f 2237 2236 2233
f 2238 2235 2233
f 2238 2234 2235
f 2238 2236 2234
f 2238 2233 2236
v -13.140 -24.713 5.603
v -13.919 -24.713 5.603
v -13.530 -24.713 5.213
v -13.530 -24.713 5.992
v -13.530 -24.382 5.603
v -13.530 -25.044 5.603
f 2243 2239 2241
f 2243 2241 2240
f 2243 2240 2242
f 2243 2242 2239
f 2244 2241 2239
f 2244 2240 2241
f 2244 2242 2240
f 2244 2239 2242
v -23.805 -4.915 6.304
v -24.639 -4.915 6.304
v -24.222 -4.915 5.887
v -24.222 -4.915 6.721
v -24.222 -4.560 6.304
v -24.222 -5.269 6.304
f 2249 2245 2247
f 2249 2247 2246
f 2249 2246 2248
f 2249 2248 2245
f 2250 2247 2245
f 2250 2246 2247
f 2250 2248 2246
f 2250 2245 2248
v -38.149 -1.494 9.197
v -39.086 -1.494 9.197
v -38.618 -1.494 8.729
v -38.618 -1.494 9.666
v -38.618 -1.096 9.197
v -38.618 -1.892 9.197
f 2255 2251 2253
f 2255 2253 2252
f 2255 2252 2254
f 2255 2254 2251
f 2256 2253 2251
f 2256 2252 2253
f 2256 2254 2252
f 2256 2251 2254
v -6.346 -20.322 4.589
v -7.180 -20.322 4.589
v -6.763 -20.322 4.171
v -6.763 -20.322 5.006
v -6.763 -19.967 4.589
v -6.763 -20.677 4.589
f 2261 2257 2259
f 2261 2259 2258
f 2261 2258 2260
f 2261 2260 2257
f 2262 2259 2257
f 2262 2258 2259
f 2262 2260 2258
f 2262 2257 2260
v -6.346 -22.192 8.787
v -7.181 -22.192 8.787
v -6.763 -22.192 8.370
v -6.763 -22.192 9.205
v -6.763 -21.837 8.787
v -6.763 -22.547 8.787
f 2267 2263 2265
f 2267 2265 2264
f 2267 2264 2266
f 2267 2266 2263
f 2268 2265 2263
f 2268 2264 2265
f 2268 2266 2264
f 2268 2263 2266
v -7.327 -9.819 6.144
v -8.106 -9.819 6.144
v -7.716 -9.819 5.755
v -7.716 -9.819 6.534
v -7.716 -9.488 6.144
v -7.716 -10.150 6.144
f 2273 2269 2271
f 2273 2271 2270
f 2273 2270 2272
f 2273 2272 2269
f 2274 2271 2269
f 2274 2270 2271
f 2274 2272 2270
f 2274 2269 2272
v 10.392 1.536 14.323
v 9.505 1.536 14.323
v 9.949 1.536 13.880
v 9.949 1.536 14.767
v 9.949 1.913 14.323
v 9.949 1.159 14.323
f 2279 2275 2277
f 2279 2277 2276
f 2279 2276 2278
f 2279 2278 2275
f 2280 2277 2275
f 2280 2276 2277
f 2280 2278 2276
f 2280 2275 2278
v 12.140 3.198 14.762
v 11.361 3.198 14.762
v 11.751 3.198 14.373
v 11.751 3.198 15.152
v 11.751 3.529 14.762
v 11.751 2.867 14.762
f 2285 2281 2283
f 2285 2283 2282
f 2285 2282 2284
f 2285 2284 2281
f 2286 2283 2281
f 2286 2282 2283
f 2286 2284 2282
f 2286 2281 2284
v -45.448 -5.324 16.614
v -46.335 -5.324 16.614
v -45.891 -5.324 16.171
v -45.891 -5.324 17.058
v -45.891 -4.947 16.614
v -45.891 -5.701 16.614
f 2291 2287 2289
f 2291 2289 2288
f 2291 2288 2290
f 2291 2290 2287
f 2292 2289 2287
f 2292 2288 2289
f 2292 2290 2288
f 2292 2287 2290
v -23.168 -26.809 14.113
v -24.055 -26.809 14.113
v -23.612 -26.809 13.670
v -23.612 -26.809 14.557
v -23.612 -26.432 14.113
v -23.612 -27.186 14.113
f 2297 2293 2295
f 2297 2295 2294
f 2297 2294 2296
f 2297 2296 2293
f 2298 2295 2293
f 2298 2294 2295
f 2298 2296 2294
f 2298 2293 2296
v -39.405 -5.163 11.299
v -40.292 -5.163 11.299
v -39.848 -5.163 10.856
v -39.848 -5.163 11.743
v -39.848 -4.786 11.299
v -39.848 -5.540 11.299
f 2303 2299 2301
f 2303 2301 2300
f 2303 2300 2302
f 2303 2302 2299
f 2304 2301 2299
f 2304 2300 2301
f 2304 2302 2300
f 2304 2299 2302
v -17.416 -25.967 13.576
v -18.195 -25.967 13.576
v -17.806 -25.967 13.187
v -17.806 -25.967 13.966
v -17.806 -25.636 13.576
v -17.806 -26.298 13.576
f 2309 2305 2307
f 2309 2307 2306
f 2309 2306 2308
f 2309 2308 2305
f 2310 2307 2305
f 2310 2306 2307
f 2310 2308 2306
f 2310 2305 2308
v -16.848 -24.178 15.195
v -17.683 -24.178 15.195
v -17.266 -24.178 14.778
v -17.266 -24.178 15.612
v -17.266 -23.823 15.195
v -17.266 -24.532 15.195
f 2315 2311 2313
f 2315 2313 2312
f 2315 2312 2314
f 2315 2314 2311
f 2316 2313 2311
f 2316 2312 2313
f 2316 2314 2312
f 2316 2311 2314
v -17.551 -9.061 14.345
v -18.534 -9.061 14.345
v -18.043 -9.061 13.853
v -18.043 -9.061 14.837
v -18.043 -8.643 14.345
v -18.043 -9.480 14.345
f 2321 2317 2319
f 2321 2319 2318
f 2321 2318 2320
f 2321 2320 2317
f 2322 2319 2317
f 2322 2318 2319
f 2322 2320 2318
f 2322 2317 2320
v -1.091 -21.289 13.329
v -1.978 -21.289 13.329
v -1.535 -21.289 12.886
v -1.535 -21.289 13.773
v -1.535 -20.912 13.329
v -1.535 -21.666 13.329
f 2327 2323 2325
f 2327 2325 2324
f 2327 2324 2326
f 2327 2326 2323
f 2328 2325 2323
f 2328 2324 2325
f 2328 2326 2324
f 2328 2323 2326
v -17.120 0.276 15.122
v -17.899 0.276 15.122
v -17.510 0.276 14.732
v -17.510 0.276 15.511
v -17.510 0.607 15.122
v -17.510 -0.055 15.122
f 2333 2329 2331
f 2333 2331 2330
f 2333 2330 2332
f 2333 2332 2329
f 2334 2331 2329
f 2334 2330 2331
f 2334 2332 2330
f 2334 2329 2332
v 7.740 -9.083 16.959
v 6.853 -9.083 16.959
v 7.296 -9.083 16.515
v 7.296 -9.083 17.402
v 7.296 -8.706 16.959
v 7.296 -9.460 16.959
f 2339 2335 2337
f 2339 2337 2336
f 2339 2336 2338
f 2339 2338 2335
f 2340 2337 2335
f 2340 2336 2337
f 2340 2338 2336
f 2340 2335 2338
v -1.164 -4.024 11.969
v -1.998 -4.024 11.969
v -1.581 -4.024 11.552
v -1.581 -4.024 12.387
v -1.581 -3.669 11.969
v -1.581 -4.378 11.969
f 2345 2341 2343
f 2345 2343 2342
f 2345 2342 2344
f 2345 2344 2341
f 2346 2343 2341
f 2346 2342 2343
f 2346 2344 2342
f 2346 2341 2344
v -0.093 -5.512 11.396
v -1.030 -5.512 11.396
v -0.562 -5.512 10.928
v -0.562 -5.512 11.864
v -0.562 -5.113 11.396
v -0.562 -5.910 11.396
f 2351 2347 2349
f 2351 2349 2348
f 2351 2348 2350
f 2351 2350 2347
f 2352 2349 2347
f 2352 2348 2349
f 2352 2350 2348
f 2352 2347 2350
v 14.960 0.755 21.441
v 14.072 0.755 21.441
v 14.516 0.755 20.998
v 14.516 0.755 21.885
v 14.516 1.132 21.441
v 14.516 0.378 21.441
f 2357 2353 2355
f 2357 2355 2354
f 2357 2354 2356
f 2357 2356 2353
f 2358 2355 2353
f 2358 2354 2355
f 2358 2356 2354
f 2358 2353 2356
v 10.222 14.228 25.064
v 9.443 14.228 25.064
v 9.832 14.228 24.674
v 9.832 14.228 25.453
v 9.832 14.560 25.064
v 9.832 13.897 25.064
f 2363 2359 2361
f 2363 2361 2360
f 2363 2360 2362
f 2363 2362 2359
f 2364 2361 2359
f 2364 2360 2361
f 2364 2362 2360
f 2364 2359 2362
v 11.678 10.246 21.284
v 10.694 10.246 21.284
v 11.186 10.246 20.793
v 11.186 10.246 21.776
v 11.186 10.665 21.284
v 11.186 9.828 21.284
f 2369 2365 2367
f 2369 2367 2366
f 2369 2366 2368
f 2369 2368 2365
f 2370 2367 2365
f 2370 2366 2367
f 2370 2368 2366
f 2370 2365 2368
v 13.683 9.315 20.973
v 12.848 9.315 20.973
v 13.265 9.315 20.556
v 13.265 9.315 21.391
v 13.265 9.670 20.973
v 13.265 8.960 20.973
f 2375 2371 2373
f 2375 2373 2372
f 2375 2372 2374
f 2375 2374 2371
f 2376 2373 2371
f 2376 2372 2373
f 2376 2374 2372
f 2376 2371 2374
v 52.888 -7.384 22.068
v 52.109 -7.384 22.068
v 52.498 -7.384 21.678
v 52.498 -7.384 22.457
v 52.498 -7.053 22.068
v 52.498 -7.715 22.068
f 2381 2377 2379
f 2381 2379 2378
f 2381 2378 2380
f 2381 2380 2377
f 2382 2379 2377
f 2382 2378 2379
f 2382 2380 2378
f 2382 2377 2380
v 40.918 0.677 27.718
v 40.084 0.677 27.718
v 40.501 0.677 27.300
v 40.501 0.677 28.135
v 40.501 1.032 27.718
v 40.501 0.323 27.718
f 2387 2383 2385
f 2387 2385 2384
f 2387 2384 2386
f 2387 2386 2383
f 2388 2385 2383
f 2388 2384 2385
f 2388 2386 2384
f 2388 2383 2386
v 42.227 0.400 26.388
v 41.448 0.400 26.388
v 41.838 0.400 25.998
v 41.838 0.400 26.777
v 41.838 0.731 26.388
v 41.838 0.069 26.388
f 2393 2389 2391
f 2393 2391 2390
f 2393 2390 2392
f 2393 2392 2389
f 2394 2391 2389
f 2394 2390 2391
f 2394 2392 2390
f 2394 2389 2392
v 7.235 -49.748 27.154
v 6.348 -49.748 27.154
v 6.792 -49.748 26.710
v 6.792 -49.748 27.598
v 6.792 -49.371 27.154
v 6.792 -50.126 27.154
f 2399 2395 2397
f 2399 2397 2396
f 2399 2396 2398
f 2399 2398 2395
f 2400 2397 2395
f 2400 2396 2397
f 2400 2398 2396
f 2400 2395 2398
v -31.369 -2.450 26.433
v -32.305 -2.450 26.433
v -31.837 -2.450 25.964
v -31.837 -2.450 26.901
v -31.837 -2.052 26.433
v -31.837 -2.848 26.433
f 2405 2401 2403
f 2405 2403 2402
f 2405 2402 2404
f 2405 2404 2401
f 2406 2403 2401
f 2406 2402 2403
f 2406 2404 2402
f 2406 2401 2404
v -33.865 17.115 23.805
v -34.700 17.115 23.805
v -34.283 17.115 23.387
v -34.283 17.115 24.222
v -34.283 17.469 23.805
v -34.283 16.760 23.805
f 2411 2407 2409
f 2411 2409 2408
f 2411 2408 2410
f 2411 2410 2407
f 2412 2409 2407
f 2412 2408 2409
f 2412 2410 2408
f 2412 2407 2410
v -10.673 10.290 17.703
v -11.452 10.290 17.703
v -11.063 10.290 17.314
v -11.063 10.290 18.093
v -11.063 10.621 17.703
v -11.063 9.959 17.703
f 2417 2413 2415
f 2417 2415 2414
f 2417 2414 2416
f 2417 2416 2413
f 2418 2415 2413
f 2418 2414 2415
f 2418 2416 2414
f 2418 2413 2416
v 6.322 -5.876 20.879
v 5.487 -5.876 20.879
v 5.904 -5.876 20.462
v 5.904 -5.876 21.296
v 5.904 -5.521 20.879
v 5.904 -6.231 20.879
f 2423 2419 2421
f 2423 2421 2420
f 2423 2420 2422
f 2423 2422 2419
f 2424 2421 2419
f 2424 2420 2421
f 2424 2422 2420
f 2424 2419 2422
v 25.857 4.275 37.020
v 25.078 4.275 37.020
v 25.468 4.275 36.630
v 25.468 4.275 37.409
v 25.468 4.606 37.020
v 25.468 3.943 37.020
f 2429 2425 2427
f 2429 2427 2426
f 2429 2426 2428
f 2429 2428 2425
f 2430 2427 2425
f 2430 2426 2427
f 2430 2428 2426
f 2430 2425 2428
v 19.296 23.962 33.197
v 18.517 23.962 33.197
v 18.907 23.962 32.807
v 18.907 23.962 33.586
v 18.907 24.293 33.197
v 18.907 23.630 33.197
f 2435 2431 2433
f 2435 2433 2432
f 2435 2432 2434
f 2435 2434 2431
f 2436 2433 2431
f 2436 2432 2433
f 2436 2434 2432
f 2436 2431 2434
v 16.849 -41.374 37.679
v 15.962 -41.374 37.679
v 16.405 -41.374 37.236
v 16.405 -41.374 38.123
v 16.405 -40.997 37.679
v 16.405 -41.751 37.679
f 2441 2437 2439
f 2441 2439 2438
f 2441 2438 2440
f 2441 2440 2437
f 2442 2439 2437
f 2442 2438 2439
f 2442 2440 2438
f 2442 2437 2440
v 2.533 -30.067 32.318
v 1.698 -30.067 32.318
v 2.116 -30.067 31.900
v 2.116 -30.067 32.735
v 2.116 -29.712 32.318
v 2.116 -30.421 32.318
f 2447 2443 2445
f 2447 2445 2444
f 2447 2444 2446
f 2447 2446 2443
f 2448 2445 2443
f 2448 2444 2445
f 2448 2446 2444
f 2448 2443 2446
v 1.000 24.427 45.902
v 0.221 24.427 45.902
v 0.611 24.427 45.512
v 0.611 24.427 46.291
v 0.611 24.758 45.902
v 0.611 24.096 45.902
f 2453 2449 2451
f 2453 2451 2450
f 2453 2450 2452
f 2453 2452 2449
f 2454 2451 2449
f 2454 2450 2451
f 2454 2452 2450
f 2454 2449 2452
v -34.111 -11.502 46.511
v -34.890 -11.502 46.511
v -34.501 -11.502 46.121
v -34.501 -11.502 46.900
v -34.501 -11.171 46.511
v -34.501 -11.833 46.511
f 2459 2455 2457
f 2459 2457 2456
f 2459 2456 2458
f 2459 2458 2455
f 2460 2457 2455
f 2460 2456 2457
f 2460 2458 2456
f 2460 2455 2458
v -2.629 -9.972 45.195
v -3.516 -9.972 45.195
v -3.072 -9.972 44.751
v -3.072 -9.972 45.638
v -3.072 -9.595 45.195
v -3.072 -10.349 45.195
f 2465 2461 2463
f 2465 2463 2462
f 2465 2462 2464
f 2465 2464 2461
f 2466 2463 2461
f 2466 2462 2463
f 2466 2464 2462
f 2466 2461 2464
v 7.015 -2.698 43.159
v 6.128 -2.698 43.159
v 6.571 -2.698 42.715
v 6.571 -2.698 43.603
v 6.571 -2.321 43.159
v 6.571 -3.075 43.159
f 2471 2467 2469
f 2471 2469 2468
f 2471 2468 2470
f 2471 2470 2467
f 2472 2469 2467
f 2472 2468 2469
f 2472 2470 2468
f 2472 2467 2470
v 5.052 20.486 48.718
v 4.273 20.486 48.718
v 4.663 20.486 48.328
v 4.663 20.486 49.107
v 4.663 20.817 48.718
v 4.663 20.155 48.718
f 2477 2473 2475
f 2477 2475 2474
f 2477 2474 2476
f 2477 2476 2473
f 2478 2475 2473
f 2478 2474 2475
f 2478 2476 2474
f 2478 2473 2476
v -4.356 27.672 52.815
v -5.340 27.672 52.815
v -4.848 27.672 52.323
v -4.848 27.672 53.307
v -4.848 28.091 52.815
v -4.848 27.254 52.815
f 2483 2479 2481
f 2483 2481 2480
f 2483 2480 2482
f 2483 2482 2479
f 2484 2481 2479
f 2484 2480 2481
f 2484 2482 2480
f 2484 2479 2482
v 6.347 27.301 48.419
v 5.568 27.301 48.419
v 5.957 27.301 48.030
v 5.957 27.301 48.809
v 5.957 27.632 48.419
v 5.957 26.970 48.419
f 2489 2485 2487
f 2489 2487 2486
f 2489 2486 2488
f 2489 2488 2485
f 2490 2487 2485
f 2490 2486 2487
f 2490 2488 2486
f 2490 2485 2488
v 4.466 -1.431 53.379
v 3.529 -1.431 53.379
v 3.997 -1.431 52.911
v 3.997 -1.431 53.848
v 3.997 -1.033 53.379
v 3.997 -1.829 53.379
f 2495 2491 2493
f 2495 2493 2492
f 2495 2492 2494
f 2495 2494 2491
f 2496 2493 2491
f 2496 2492 2493
f 2496 2494 2492
f 2496 2491 2494
v 18.221 -31.813 -43.455
v 17.237 -31.813 -43.455
v 17.729 -31.813 -43.947
v 17.729 -31.813 -42.963
v 17.729 -31.395 -43.455
v 17.729 -32.231 -43.455
f 2501 2497 2499
f 2501 2499 2498
f 2501 2498 2500
f 2501 2500 2497
f 2502 2499 2497
f 2502 2498 2499
f 2502 2500 2498
f 2502 2497 2500
v -35.942 -6.318 -39.378
v -36.829 -6.318 -39.378
v -36.386 -6.318 -39.822
v -36.386 -6.318 -38.935
v -36.386 -5.941 -39.378
v -36.386 -6.695 -39.378
f 2507 2503 2505
f 2507 2505 2504
f 2507 2504 2506
f 2507 2506 2503
f 2508 2505 2503
f 2508 2504 2505
f 2508 2506 2504
f 2508 2503 2506
v 44.288 -14.982 -33.165
v 43.453 -14.982 -33.165
v 43.871 -14.982 -33.582
v 43.871 -14.982 -32.748
v 43.871 -14.627 -33.165
v 43.871 -15.336 -33.165
f 2513 2509 2511
f 2513 2511 2510
f 2513 2510 2512
f 2513 2512 2509
f 2514 2511 2509
f 2514 2510 2511
f 2514 2512 2510
f 2514 2509 2512
v -48.771 14.169 -30.737
v -49.550 14.169 -30.737
v -49.161 14.169 -31.127
v -49.161 14.169 -30.348
v -49.161 14.500 -30.737
v -49.161 13.838 -30.737
f 2519 2515 2517
f 2519 2517 2516
f 2519 2516 2518
f 2519 2518 2515
f 2520 2517 2515
f 2520 2516 2517
f 2520 2518 2516
f 2520 2515 2518
v -31.013 3.195 -29.503
v -31.792 3.195 -29.503
v -31.402 3.195 -29.892
v -31.402 3.195 -29.113
v -31.402 3.526 -29.503
v -31.402 2.864 -29.503
f 2525 2521 2523
f 2525 2523 2522
f 2525 2522 2524
f 2525 2524 2521
f 2526 2523 2521
f 2526 2522 2523
f 2526 2524 2522
f 2526 2521 2524
v 10.052 -4.833 -23.525
v 9.068 -4.833 -23.525
v 9.560 -4.833 -24.017
v 9.560 -4.833 -23.033
v 9.560 -4.415 -23.525
v 9.560 -5.251 -23.525
f 2531 2527 2529
f 2531 2529 2528
f 2531 2528 2530
f 2531 2530 2527
f 2532 2529 2527
f 2532 2528 2529
f 2532 2530 2528
f 2532 2527 2530
v 20.765 -2.524 -26.636
v 19.986 -2.524 -26.636
v 20.375 -2.524 -27.025
v 20.375 -2.524 -26.246
v 20.375 -2.193 -26.636
v 20.375 -2.855 -26.636
f 2537 2533 2535
f 2537 2535 2534
f 2537 2534 2536
f 2537 2536 2533
f 2538 2535 2533
f 2538 2534 2535
f 2538 2536 2534
f 2538 2533 2536
v 0.424 46.258 -28.492
v -0.355 46.258 -28.492
v 0.034 46.258 -28.881
v 0.034 46.258 -28.102
v 0.034 46.589 -28.492
v 0.034 45.927 -28.492
f 2543 2539 2541
f 2543 2541 2540
f 2543 2540 2542
f 2543 2542 2539
f 2544 2541 2539
f 2544 2540 2541
f 2544 2542 2540
f 2544 2539 2542
v -42.410 -32.606 -22.076
v -43.245 -32.606 -22.076
v -42.828 -32.606 -22.493
v -42.828 -32.606 -21.658
v -42.828 -32.251 -22.076
v -42.828 -32.960 -22.076
f 2549 2545 2547
f 2549 2547 2546
f 2549 2546 2548
f 2549 2548 2545
f 2550 2547 2545
f 2550 2546 2547
f 2550 2548 2546
f 2550 2545 2548
v -51.832 8.808 -27.104
v -52.769 8.808 -27.104
v -52.301 8.808 -27.573
v -52.301 8.808 -26.636
v -52.301 9.206 -27.104
v -52.301 8.410 -27.104
f 2555 2551 2553
f 2555 2553 2552
f 2555 2552 2554
f 2555 2554 2551
f 2556 2553 2551
f 2556 2552 2553
f 2556 2554 2552
f 2556 2551 2554
v -43.093 2.050 -19.667
v -43.872 2.050 -19.667
v -43.482 2.050 -20.057
v -43.482 2.050 -19.278
v -43.482 2.381 -19.667
v -43.482 1.719 -19.667
f 2561 2557 2559
f 2561 2559 2558
f 2561 2558 2560
f 2561 2560 2557
f 2562 2559 2557
f 2562 2558 2559
f 2562 2560 2558
f 2562 2557 2560
v 13.977 -43.740 -18.794
v 13.090 -43.740 -18.794
v 13.533 -43.740 -19.237
v 13.533 -43.740 -18.350
v 13.533 -43.363 -18.794
v 13.533 -44.117 -18.794
f 2567 2563 2565
f 2567 2565 2564
f 2567 2564 2566
f 2567 2566 2563
f 2568 2565 2563
f 2568 2564 2565
f 2568 2566 2564
f 2568 2563 2566
v 19.611 -45.493 -19.866
v 18.832 -45.493 -19.866
v 19.221 -45.493 -20.255
v 19.221 -45.493 -19.476
v 19.221 -45.162 -19.866
v 19.221 -45.824 -19.866
f 2573 2569 2571
f 2573 2571 2570
f 2573 2570 2572
f 2573 2572 2569
f 2574 2571 2569
f 2574 2570 2571
f 2574 2572 2570
f 2574 2569 2572
v -12.475 5.991 -21.556
v -13.310 5.991 -21.556
v -12.893 5.991 -21.973
v -12.893 5.991 -21.138
v -12.893 6.346 -21.556
v -12.893 5.637 -21.556
f 2579 2575 2577
f 2579 2577 2576
f 2579 2576 2578
f 2579 2578 2575
f 2580 2577 2575
f 2580 2576 2577
f 2580 2578 2576
f 2580 2575 2578
v -26.319 15.404 -22.182
v -27.303 15.404 -22.182
v -26.811 15.404 -22.674
v -26.811 15.404 -21.690
v -26.811 15.822 -22.182
v -26.811 14.986 -22.182
f 2585 2581 2583
f 2585 2583 2582
f 2585 2582 2584
f 2585 2584 2581
f 2586 2583 2581
f 2586 2582 2583
f 2586 2584 2582
f 2586 2581 2584
v 8.117 -9.226 -16.273
v 7.230 -9.226 -16.273
v 7.673 -9.226 -16.717
v 7.673 -9.226 -15.829
v 7.673 -8.849 -16.273
v 7.673 -9.603 -16.273
f 2591 2587 2589
f 2591 2589 2588
f 2591 2588 2590
f 2591 2590 2587
f 2592 2589 2587
f 2592 2588 2589
f 2592 2590 2588
f 2592 2587 2590
v -7.274 2.306 -20.025
v -8.109 2.306 -20.025
v -7.692 2.306 -20.443
v -7.692 2.306 -19.608
v -7.692 2.661 -20.025
v -7.692 1.951 -20.025
f 2597 2593 2595
f 2597 2595 2594
f 2597 2594 2596
f 2597 2596 2593
f 2598 2595 2593
f 2598 2594 2595
f 2598 2596 2594
f 2598 2593 2596
v -5.715 -27.869 -2.182
v -6.652 -27.869 -2.182
v -6.183 -27.869 -2.651
v -6.183 -27.869 -1.714
v -6.183 -27.471 -2.182
v -6.183 -28.267 -2.182
f 2603 2599 2601
f 2603 2601 2600
f 2603 2600 2602
f 2603 2602 2599
f 2604 2601 2599
f 2604 2600 2601
f 2604 2602 2600
f 2604 2599 2602
v -14.113 -11.366 -5.906
v -14.948 -11.366 -5.906
v -14.531 -11.366 -6.323
v -14.531 -11.366 -5.488
v -14.531 -11.011 -5.906
v -14.531 -11.720 -5.906
f 2609 2605 2607
f 2609 2607 2606
f 2609 2606 2608
f 2609 2608 2605
f 2610 2607 2605
f 2610 2606 2607
f 2610 2608 2606
f 2610 2605 2608
v -1.621 -10.946 -11.685
v -1.621 -11.510 -11.685
v -1.339 -10.772 -12.141
v -1.903 -10.772 -12.141
v -1.165 -11.228 -11.860
v -2.077 -11.228 -11.860
v -1.621 -11.510 -12.597
v -1.621 -10.946 -12.597
v -1.903 -11.684 -12.141
v -1.339 -11.684 -12.141
v -2.077 -11.228 -12.423
v -1.165 -11.228 -12.423
v -1.621 -11.228 -11.605
v -1.455 -10.794 -11.873
v -1.787 -10.794 -11.873
v -1.353 -11.062 -11.708
v -1.889 -11.062 -11.708
v -1.353 -11.394 -11.708
v -1.889 -11.394 -11.708
v -1.787 -11.662 -11.873
v -1.455 -11.662 -11.873
v -1.621 -10.692 -12.141
v -1.187 -10.960 -11.976
v -1.455 -10.794 -12.409
v -1.187 -10.960 -12.307
v -2.055 -10.960 -11.976
v -1.787 -10.794 -12.409
v -2.055 -10.960 -12.307
v -1.187 -11.496 -11.976
v -1.085 -11.228 -12.141
v -2.055 -11.496 -11.976
v -2.157 -11.228 -12.141
v -1.621 -11.228 -12.677
v -1.787 -11.662 -12.409
v -1.455 -11.662 -12.409
v -1.889 -11.394 -12.575
v -1.353 -11.394 -12.575
v -1.889 -11.062 -12.575
v -1.353 -11.062 -12.575
v -1.621 -11.764 -12.141
v -2.055 -11.496 -12.307
v -1.187 -11.496 -12.307
usemtl mtl-002
f 2611 2627 2623
f 2627 2616 2629
f 2627 2629 2623
f 2623 2629 2612
f 2611 2625 2627
f 2625 2614 2636
f 2625 2636 2627
f 2627 2636 2616
f 2611 2624 2625
f 2624 2613 2632
f 2624 2632 2625
f 2625 2632 2614
f 2611 2626 2624
f 2626 2615 2633
f 2626 2633 2624
f 2624 2633 2613
f 2611 2623 2626
f 2623 2612 2628
f 2623 2628 2626
f 2626 2628 2615
f 2612 2629 2630
f 2629 2616 2641
f 2629 2641 2630
f 2630 2641 2619
f 2616 2636 2642
f 2636 2614 2638
f 2636 2638 2642
f 2642 2638 2621
f 2614 2632 2637
f 2632 2613 2634
f 2632 2634 2637
f 2637 2634 2618
f 2613 2633 2635
f 2633 2615 2640
f 2633 2640 2635
f 2635 2640 2622
f 2615 2628 2639
f 2628 2612 2631
f 2628 2631 2639
f 2639 2631 2620
f 2618 2649 2643
f 2649 2622 2647
f 2649 2647 2643
f 2643 2647 2617
f 2622 2652 2647
f 2652 2620 2645
f 2652 2645 2647
f 2647 2645 2617
f 2620 2650 2645
f 2650 2619 2644
f 2650 2644 2645
f 2645 2644 2617
f 2619 2651 2644
f 2651 2621 2646
f 2651 2646 2644
f 2644 2646 2617
f 2621 2648 2646
f 2648 2618 2643
f 2648 2643 2646
f 2646 2643 2617
f 2613 2635 2634
f 2635 2622 2649
f 2635 2649 2634
f 2634 2649 2618
f 2615 2639 2640
f 2639 2620 2652
f 2639 2652 2640
f 2640 2652 2622
f 2612 2630 2631
f 2630 2619 2650
f 2630 2650 2631
f 2631 2650 2620
f 2616 2642 2641
f 2642 2621 2651
f 2642 2651 2641
f 2641 2651 2619
f 2614 2637 2638
f 2637 2618 2648
f 2637 2648 2638
f 2638 2648 2621
v -26.862 -23.161 12.877
v -26.862 -23.701 12.877
v -26.592 -22.993 12.439
v -27.133 -22.993 12.439
v -26.425 -23.431 12.709
v -27.300 -23.431 12.709
v -26.862 -23.701 12.001
v -26.862 -23.161 12.001
v -27.133 -23.869 12.439
v -26.592 -23.869 12.439
v -27.300 -23.431 12.168
v -26.425 -23.431 12.168
v -26.862 -23.431 12.953
v -26.703 -23.015 12.696
v -27.021 -23.015 12.696
v -26.605 -23.272 12.855
v -27.119 -23.272 12.855
v -26.605 -23.590 12.855
v -27.119 -23.590 12.855
v -27.021 -23.847 12.696
v -26.703 -23.847 12.696
v -26.862 -22.917 12.439
v -26.446 -23.174 12.598
v -26.703 -23.015 12.182
v -26.446 -23.174 12.280
v -27.278 -23.174 12.598
v -27.021 -23.015 12.182
v -27.278 -23.174 12.280
v -26.446 -23.688 12.598
v -26.348 -23.431 12.439
v -27.278 -23.688 12.598
v -27.377 -23.431 12.439
v -26.862 -23.431 11.925
v -27.021 -23.847 12.182
v -26.703 -23.847 12.182
v -27.119 -23.590 12.023
v -26.605 -23.590 12.023
v -27.119 -23.272 12.023
v -26.605 -23.272 12.023
v -26.862 -23.945 12.439
v -27.278 -23.688 12.280
v -26.446 -23.688 12.280
f 2653 2669 2665
f 2669 2658 2671
f 2669 2671 2665
f 2665 2671 2654
f 2653 2667 2669
f 2667 2656 2678
f 2667 2678 2669
f 2669 2678 2658
f 2653 2666 2667
f 2666 2655 2674
f 2666 2674 2667
f 2667 2674 2656
f 2653 2668 2666
f 2668 2657 2675
f 2668 2675 2666
f 2666 2675 2655
f 2653 2665 2668
f 2665 2654 2670
f 2665 2670 2668
f 2668 2670 2657
f 2654 2671 2672
f 2671 2658 2683
f 2671 2683 2672
f 2672 2683 2661
f 2658 2678 2684
f 2678 2656 2680
f 2678 2680 2684
f 2684 2680 2663
f 2656 2674 2679
f 2674 2655 2676
f 2674 2676 2679
f 2679 2676 2660
f 2655 2675 2677
f 2675 2657 2682
f 2675 2682 2677
f 2677 2682 2664
f 2657 2670 2681
f 2670 2654 2673
f 2670 2673 2681
f 2681 2673 2662
f 2660 2691 2685
f 2691 2664 2689
f 2691 2689 2685
f 2685 2689 2659
f 2664 2694 2689
f 2694 2662 2687
f 2694 2687 2689
f 2689 2687 2659
f 2662 2692 2687
f 2692 2661 2686
f 2692 2686 2687
f 2687 2686 2659
f 2661 2693 2686
f 2693 2663 2688
f 2693 2688 2686
f 2686 2688 2659
f 2663 2690 2688
f 2690 2660 2685
f 2690 2685 2688
f 2688 2685 2659
f 2655 2677 2676
f 2677 2664 2691
f 2677 2691 2676
f 2676 2691 2660
f 2657 2681 2682
f 2681 2662 2694
f 2681 2694 2682
f 2682 2694 2664
f 2654 2672 2673
f 2672 2661 2692
f 2672 2692 2673
f 2673 2692 2662
f 2658 2684 2683
f 2684 2663 2693
f 2684 2693 2683
f 2683 2693 2661
f 2656 2679 2680
f 2679 2660 2690
f 2679 2690 2680
f 2680 2690 2663
v 7.101 -0.881 -2.373
v 7.101 -1.466 -2.373
v 7.394 -0.700 -2.846
v 6.808 -0.700 -2.846
v 7.575 -1.173 -2.554
v 6.627 -1.173 -2.554
v 7.101 -1.466 -3.320
v 7.101 -0.881 -3.320
v 6.808 -1.647 -2.846
v 7.394 -1.647 -2.846
v 6.627 -1.173 -3.139
v 7.575 -1.173 -3.139
v 7.101 -1.173 -2.289
v 7.273 -0.723 -2.568
v 6.929 -0.723 -2.568
v 7.379 -1.001 -2.396
v 6.823 -1.001 -2.396
v 7.379 -1.346 -2.396
v 6.823 -1.346 -2.396
v 6.929 -1.624 -2.568
v 7.273 -1.624 -2.568
v 7.101 -0.617 -2.846
v 7.552 -0.895 -2.674
v 7.273 -0.723 -3.125
v 7.552 -0.895 -3.018
v 6.651 -0.895 -2.674
v 6.929 -0.723 -3.125
v 6.651 -0.895 -3.018
v 7.552 -1.452 -2.674
v 7.658 -1.173 -2.846
v 6.651 -1.452 -2.674
v 6.544 -1.173 -2.846
v 7.101 -1.173 -3.403
v 6.929 -1.624 -3.125
v 7.273 -1.624 -3.125
v 6.823 -1.346 -3.297
v 7.379 -1.346 -3.297
v 6.823 -1.001 -3.297
v 7.379 -1.001 -3.297
v 7.101 -1.730 -2.846
v 6.651 -1.452 -3.018
v 7.552 -1.452 -3.018
f 2695 2711 2707
f 2711 2700 2713
f 2711 2713 2707
f 2707 2713 2696
f 2695 2709 2711
f 2709 2698 2720
f 2709 2720 2711
f 2711 2720 2700
f 2695 2708 2709
f 2708 2697 2716
f 2708 2716 2709
f 2709 2716 2698
f 2695 2710 2708
f 2710 2699 2717
f 2710 2717 2708
f 2708 2717 2697
f 2695 2707 2710
f 2707 2696 2712
f 2707 2712 2710
f 2710 2712 2699
f 2696 2713 2714
f 2713 2700 2725
f 2713 2725 2714
f 2714 2725 2703
f 2700 2720 2726
f 2720 2698 2722
f 2720 2722 2726
f 2726 2722 2705
f 2698 2716 2721
f 2716 2697 2718
f 2716 2718 2721
f 2721 2718 2702
f 2697 2717 2719
f 2717 2699 2724
f 2717 2724 2719
f 2719 2724 2706
f 2699 2712 2723
f 2712 2696 2715
f 2712 2715 2723
f 2723 2715 2704
f 2702 2733 2727
f 2733 2706 2731
f 2733 2731 2727
f 2727 2731 2701
f 2706 2736 2731
f 2736 2704 2729
f 2736 2729 2731
f 2731 2729 2701
f 2704 2734 2729
f 2734 2703 2728
f 2734 2728 2729
f 2729 2728 2701
f 2703 2735 2728
f 2735 2705 2730
f 2735 2730 2728
f 2728 2730 2701
f 2705 2732 2730
f 2732 2702 2727
f 2732 2727 2730
f 2730 2727 2701
f 2697 2719 2718
f 2719 2706 2733
f 2719 2733 2718
f 2718 2733 2702
f 2699 2723 2724
f 2723 2704 2736
f 2723 2736 2724
f 2724 2736 2706
f 2696 2714 2715
f 2714 2703 2734
f 2714 2734 2715
f 2715 2734 2704
f 2700 2726 2725
f 2726 2705 2735
f 2726 2735 2725
f 2725 2735 2703
f 2698 2721 2722
f 2721 2702 2732
f 2721 2732 2722
f 2722 2732 2705
v 16.768 5.720 15.653
v 16.768 5.113 15.653
v 17.072 5.907 15.162
v 16.465 5.907 15.162
v 17.259 5.416 15.465
v 16.278 5.416 15.465
v 16.768 5.113 14.671
v 16.768 5.720 14.671
v 16.465 4.926 15.162
v 17.072 4.926 15.162
v 16.278 5.416 14.859
v 17.259 5.416 14.859
v 16.768 5.416 15.739
v 16.947 5.883 15.451
v 16.590 5.883 15.451
v 17.057 5.595 15.629
v 16.480 5.595 15.629
v 17.057 5.238 15.629
v 16.480 5.238 15.629
v 16.590 4.950 15.451
v 16.947 4.950 15.451
v 16.768 5.993 15.162
v 17.235 5.705 15.340
v 16.947 5.883 14.874
v 17.235 5.705 14.984
v 16.302 5.705 15.340
v 16.590 5.883 14.874
v 16.302 5.705 14.984
v 17.235 5.128 15.340
v 17.345 5.416 15.162
v 16.302 5.128 15.340
v 16.191 5.416 15.162
v 16.768 5.416 14.585
v 16.590 4.950 14.874
v 16.947 4.950 14.874
v 16.480 5.238 14.695
v 17.057 5.238 14.695
v 16.480 5.595 14.695
v 17.057 5.595 14.695
v 16.768 4.840 15.162
v 16.302 5.128 14.984
v 17.235 5.128 14.984
f 2737 2753 2749
f 2753 2742 2755
f 2753 2755 2749
f 2749 2755 2738
f 2737 2751 2753
f 2751 2740 2762
f 2751 2762 2753
f 2753 2762 2742
f 2737 2750 2751
f 2750 2739 2758
f 2750 2758 2751
f 2751 2758 2740
f 2737 2752 2750
f 2752 2741 2759
f 2752 2759 2750
f 2750 2759 2739
f 2737 2749 2752
f 2749 2738 2754
f 2749 2754 2752
f 2752 2754 2741
f 2738 2755 2756
f 2755 2742 2767
f 2755 2767 2756
f 2756 2767 2745
f 2742 2762 2768
f 2762 2740 2764
f 2762 2764 2768
f 2768 2764 2747
f 2740 2758 2763
f 2758 2739 2760
f 2758 2760 2763
f 2763 2760 2744
f 2739 2759 2761
f 2759 2741 2766
f 2759 2766 2761
f 2761 2766 2748
f 2741 2754 2765
f 2754 2738 2757
f 2754 2757 2765
f 2765 2757 2746
f 2744 2775 2769
f 2775 2748 2773
f 2775 2773 2769
f 2769 2773 2743
f 2748 2778 2773
f 2778 2746 2771
f 2778 2771 2773
f 2773 2771 2743
f 2746 2776 2771
f 2776 2745 2770
f 2776 2770 2771
f 2771 2770 2743
f 2745 2777 2770
f 2777 2747 2772
f 2777 2772 2770
f 2770 2772 2743
f 2747 2774 2772
f 2774 2744 2769
f 2774 2769 2772
f 2772 2769 2743
f 2739 2761 2760
f 2761 2748 2775
f 2761 2775 2760
f 2760 2775 2744
f 2741 2765 2766
f 2765 2746 2778
f 2765 2778 2766
f 2766 2778 2748
f 2738 2756 2757
f 2756 2745 2776
f 2756 2776 2757
f 2757 2776 2746
f 2742 2768 2767
f 2768 2747 2777
f 2768 2777 2767
f 2767 2777 2745
f 2740 2763 2764
f 2763 2744 2774
f 2763 2774 2764
f 2764 2774 2747
v 23.532 5.597 12.792
v 23.532 5.034 12.792
v 23.814 5.771 12.336
v 23.250 5.771 12.336
v 23.988 5.316 12.617
v 23.076 5.316 12.617
v 23.532 5.034 11.880
v 23.532 5.597 11.880
v 23.250 4.860 12.336
v 23.814 4.860 12.336
v 23.076 5.316 12.054
v 23.988 5.316 12.054
v 23.532 5.316 12.872
v 23.698 5.749 12.604
v 23.367 5.749 12.604
v 23.800 5.481 12.769
v 23.264 5.481 12.769
v 23.800 5.150 12.769
v 23.264 5.150 12.769
v 23.367 4.882 12.604
v 23.698 4.882 12.604
v 23.532 5.852 12.336
v 23.966 5.584 12.501
v 23.698 5.749 12.068
v 23.966 5.584 12.170
v 23.099 5.584 12.501
v 23.367 5.749 12.068
v 23.099 5.584 12.170
v 23.966 5.047 12.501
v 24.068 5.316 12.336
v 23.099 5.047 12.501
v 22.996 5.316 12.336
v 23.532 5.316 11.800
v 23.367 4.882 12.068
v 23.698 4.882 12.068
v 23.264 5.150 11.902
v 23.800 5.150 11.902
v 23.264 5.481 11.902
v 23.800 5.481 11.902
v 23.532 4.779 12.336
v 23.099 5.047 12.170
v 23.966 5.047 12.170
f 2779 2795 2791
f 2795 2784 2797
f 2795 2797 2791
f 2791 2797 2780
f 2779 2793 2795
f 2793 2782 2804
f 2793 2804 2795
f 2795 2804 2784
f 2779 2792 2793
f 2792 2781 2800
f 2792 2800 2793
f 2793 2800 2782
f 2779 2794 2792
f 2794 2783 2801
f 2794 2801 2792
f 2792 2801 2781
f 2779 2791 2794
f 2791 2780 2796
f 2791 2796 2794
f 2794 2796 2783
f 2780 2797 2798
f 2797 2784 2809
f 2797 2809 2798
f 2798 2809 2787
f 2784 2804 2810
f 2804 2782 2806
f 2804 2806 2810
f 2810 2806 2789
f 2782 2800 2805
f 2800 2781 2802
f 2800 2802 2805
f 2805 2802 2786
f 2781 2801 2803
f 2801 2783 2808
f 2801 2808 2803
f 2803 2808 2790
f 2783 2796 2807
f 2796 2780 2799
f 2796 2799 2807
f 2807 2799 2788
f 2786 2817 2811
f 2817 2790 2815
f 2817 2815 2811
f 2811 2815 2785
f 2790 2820 2815
f 2820 2788 2813
f 2820 2813 2815
f 2815 2813 2785
f 2788 2818 2813
f 2818 2787 2812
f 2818 2812 2813
f 2813 2812 2785
f 2787 2819 2812
f 2819 2789 2814
f 2819 2814 2812
f 2812 2814 2785
f 2789 2816 2814
f 2816 2786 2811
f 2816 2811 2814
f 2814 2811 2785
f 2781 2803 2802
f 2803 2790 2817
f 2803 2817 2802
f 2802 2817 2786
f 2783 2807 2808
f 2807 2788 2820
f 2807 2820 2808
f 2808 2820 2790
f 2780 2798 2799
f 2798 2787 2818
f 2798 2818 2799
f 2799 2818 2788
f 2784 2810 2809
f 2810 2789 2819
f 2810 2819 2809
f 2809 2819 2787
f 2782 2805 2806
f 2805 2786 2816
f 2805 2816 2806
f 2806 2816 2789
v 57.214 1.806 18.443
v 57.214 1.159 18.443
v 57.537 2.006 17.920
v 56.890 2.006 17.920
v 57.737 1.482 18.243
v 56.690 1.482 18.243
v 57.214 1.159 17.397
v 57.214 1.806 17.397
v 56.890 0.959 17.920
v 57.537 0.959 17.920
v 56.690 1.482 17.597
v 57.737 1.482 17.597
v 57.214 1.482 18.535
v 57.404 1.980 18.227
v 57.024 1.980 18.227
v 57.521 1.672 18.418
v 56.906 1.672 18.418
v 57.521 1.292 18.418
v 56.906 1.292 18.418
v 57.024 0.985 18.227
v 57.404 0.985 18.227
v 57.214 2.097 17.920
v 57.711 1.790 18.110
v 57.404 1.980 17.612
v 57.711 1.790 17.730
v 56.716 1.790 18.110
v 57.024 1.980 17.612
v 56.716 1.790 17.730
v 57.711 1.175 18.110
v 57.829 1.482 17.920
v 56.716 1.175 18.110
v 56.599 1.482 17.920
v 57.214 1.482 17.305
v 57.024 0.985 17.612
v 57.404 0.985 17.612
v 56.906 1.292 17.422
v 57.521 1.292 17.422
v 56.906 1.672 17.422
v 57.521 1.672 17.422
v 57.214 0.867 17.920
v 56.716 1.175 17.730
v 57.711 1.175 17.730
f 2821 2837 2833
f 2837 2826 2839
f 2837 2839 2833
f 2833 2839 2822
f 2821 2835 2837
f 2835 2824 2846
f 2835 2846 2837
f 2837 2846 2826
f 2821 2834 2835
f 2834 2823 2842
f 2834 2842 2835
f 2835 2842 2824
f 2821 2836 2834
f 2836 2825 2843
f 2836 2843 2834
f 2834 2843 2823
f 2821 2833 2836
f 2833 2822 2838
f 2833 2838 2836
f 2836 2838 2825
f 2822 2839 2840
f 2839 2826 2851
f 2839 2851 2840
f 2840 2851 2829
f 2826 2846 2852
f 2846 2824 2848
f 2846 2848 2852
f 2852 2848 2831
f 2824 2842 2847
f 2842 2823 2844
f 2842 2844 2847
f 2847 2844 2828
f 2823 2843 2845
f 2843 2825 2850
f 2843 2850 2845
f 2845 2850 2832
f 2825 2838 2849
f 2838 2822 2841
f 2838 2841 2849
f 2849 2841 2830
f 2828 2859 2853
f 2859 2832 2857
f 2859 2857 2853
f 2853 2857 2827
f 2832 2862 2857
f 2862 2830 2855
f 2862 2855 2857
f 2857 2855 2827
f 2830 2860 2855
f 2860 2829 2854
f 2860 2854 2855
f 2855 2854 2827
f 2829 2861 2854
f 2861 2831 2856
f 2861 2856 2854
f 2854 2856 2827
f 2831 2858 2856
f 2858 2828 2853
f 2858 2853 2856
f 2856 2853 2827
f 2823 2845 2844
f 2845 2832 2859
f 2845 2859 2844
f 2844 2859 2828
f 2825 2849 2850
f 2849 2830 2862
f 2849 2862 2850
f 2850 2862 2832
f 2822 2840 2841
f 2840 2829 2860
f 2840 2860 2841
f 2841 2860 2830
f 2826 2852 2851
f 2852 2831 2861
f 2852 2861 2851
f 2851 2861 2829
f 2824 2847 2848
f 2847 2828 2858
f 2847 2858 2848
f 2848 2858 2831
v -29.696 -19.552 17.429
v -29.696 -20.158 17.429
v -29.392 -19.364 16.938
v -29.999 -19.364 16.938
v -29.205 -19.855 17.242
v -30.186 -19.855 17.242
v -29.696 -20.158 16.448
v -29.696 -19.552 16.448
v -29.999 -20.346 16.938
v -29.392 -20.346 16.938
v -30.186 -19.855 16.635
v -29.205 -19.855 16.635
v -29.696 -19.855 17.515
v -29.517 -19.388 17.227
v -29.874 -19.388 17.227
v -29.407 -19.677 17.405
v -29.984 -19.677 17.405
v -29.407 -20.033 17.405
v -29.984 -20.033 17.405
v -29.874 -20.322 17.227
v -29.517 -20.322 17.227
v -29.696 -19.278 16.938
v -29.229 -19.567 17.117
v -29.517 -19.388 16.650
v -29.229 -19.567 16.760
v -30.162 -19.567 17.117
v -29.874 -19.388 16.650
v -30.162 -19.567 16.760
v -29.229 -20.143 17.117
v -29.119 -19.855 16.938
v -30.162 -20.143 17.117
v -30.272 -19.855 16.938
v -29.696 -19.855 16.361
v -29.874 -20.322 16.650
v -29.517 -20.322 16.650
v -29.984 -20.033 16.472
v -29.407 -20.033 16.472
v -29.984 -19.677 16.472
v -29.407 -19.677 16.472
v -29.696 -20.432 16.938
v -30.162 -20.143 16.760
v -29.229 -20.143 16.760
f 2863 2879 2875
f 2879 2868 2881
f 2879 2881 2875
f 2875 2881 2864
f 2863 2877 2879
f 2877 2866 2888
f 2877 2888 2879
f 2879 2888 2868
f 2863 2876 2877
f 2876 2865 2884
f 2876 2884 2877
f 2877 2884 2866
f 2863 2878 2876
f 2878 2867 2885
f 2878 2885 2876
f 2876 2885 2865
f 2863 2875 2878
f 2875 2864 2880
f 2875 2880 2878
f 2878 2880 2867
f 2864 2881 2882
f 2881 2868 2893
f 2881 2893 2882
f 2882 2893 2871
f 2868 2888 2894
f 2888 2866 2890
f 2888 2890 2894
f 2894 2890 2873
f 2866 2884 2889
f 2884 2865 2886
f 2884 2886 2889
f 2889 2886 2870
f 2865 2885 2887
f 2885 2867 2892
f 2885 2892 2887
f 2887 2892 2874
f 2867 2880 2891
f 2880 2864 2883
f 2880 2883 2891
f 2891 2883 2872
f 2870 2901 2895
f 2901 2874 2899
f 2901 2899 2895
f 2895 2899 2869
f 2874 2904 2899
f 2904 2872 2897
f 2904 2897 2899
f 2899 2897 2869
f 2872 2902 2897
f 2902 2871 2896
f 2902 2896 2897
f 2897 2896 2869
f 2871 2903 2896
f 2903 2873 2898
f 2903 2898 2896
f 2896 2898 2869
f 2873 2900 2898
f 2900 2870 2895
f 2900 2895 2898
f 2898 2895 2869
f 2865 2887 2886
f 2887 2874 2901
f 2887 2901 2886
f 2886 2901 2870
f 2867 2891 2892
f 2891 2872 2904
f 2891 2904 2892
f 2892 2904 2874
f 2864 2882 2883
f 2882 2871 2902
f 2882 2902 2883
f 2883 2902 2872
f 2868 2894 2893
f 2894 2873 2903
f 2894 2903 2893
f 2893 2903 2871
f 2866 2889 2890
f 2889 2870 2900
f 2889 2900 2890
f 2890 2900 2873
v -21.783 -8.462 16.279
v -21.783 -9.048 16.279
v -21.491 -8.281 15.805
v -22.076 -8.281 15.805
v -21.310 -8.755 16.098
v -22.257 -8.755 16.098
v -21.783 -9.048 15.331
v -21.783 -8.462 15.331
v -22.076 -9.229 15.805
v -21.491 -9.229 15.805
v -22.257 -8.755 15.512
v -21.310 -8.755 15.512
v -21.783 -8.755 16.362
v -21.611 -8.304 16.083
v -21.956 -8.304 16.083
v -21.505 -8.583 16.256
v -22.062 -8.583 16.256
v -21.505 -8.927 16.256
v -22.062 -8.927 16.256
v -21.956 -9.205 16.083
v -21.611 -9.205 16.083
v -21.783 -8.198 15.805
v -21.333 -8.477 15.977
v -21.611 -8.304 15.527
v -21.333 -8.477 15.633
v -22.234 -8.477 15.977
v -21.956 -8.304 15.527
v -22.234 -8.477 15.633
v -21.333 -9.033 15.977
v -21.227 -8.755 15.805
v -22.234 -9.033 15.977
v -22.340 -8.755 15.805
v -21.783 -8.755 15.248
v -21.956 -9.205 15.527
v -21.611 -9.205 15.527
v -22.062 -8.927 15.355
v -21.505 -8.927 15.355
v -22.062 -8.583 15.355
v -21.505 -8.583 15.355
v -21.783 -9.312 15.805
v -22.234 -9.033 15.633
v -21.333 -9.033 15.633
f 2905 2921 2917
f 2921 2910 2923
f 2921 2923 2917
f 2917 2923 2906
f 2905 2919 2921
f 2919 2908 2930
f 2919 2930 2921
f 2921 2930 2910
f 2905 2918 2919
f 2918 2907 2926
f 2918 2926 2919
f 2919 2926 2908
f 2905 2920 2918
f 2920 2909 2927
f 2920 2927 2918
f 2918 2927 2907
f 2905 2917 2920
f 2917 2906 2922
f 2917 2922 2920
f 2920 2922 2909
f 2906 2923 2924
f 2923 2910 2935
f 2923 2935 2924
f 2924 2935 2913
f 2910 2930 2936
f 2930 2908 2932
f 2930 2932 2936
f 2936 2932 2915
f 2908 2926 2931
f 2926 2907 2928
f 2926 2928 2931
f 2931 2928 2912
f 2907 2927 2929
f 2927 2909 2934
f 2927 2934 2929
f 2929 2934 2916
f 2909 2922 2933
f 2922 2906 2925
f 2922 2925 2933
f 2933 2925 2914
f 2912 2943 2937
f 2943 2916 2941
f 2943 2941 2937
f 2937 2941 2911
f 2916 2946 2941
f 2946 2914 2939
f 2946 2939 2941
f 2941 2939 2911
f 2914 2944 2939
f 2944 2913 2938
f 2944 2938 2939
f 2939 2938 2911
f 2913 2945 2938
f 2945 2915 2940
f 2945 2940 2938
f 2938 2940 2911
f 2915 2942 2940
f 2942 2912 2937
f 2942 2937 2940
f 2940 2937 2911
f 2907 2929 2928
f 2929 2916 2943
f 2929 2943 2928
f 2928 2943 2912
f 2909 2933 2934
f 2933 2914 2946
f 2933 2946 2934
f 2934 2946 2916
f 2906 2924 2925
f 2924 2913 2944
f 2924 2944 2925
f 2925 2944 2914
f 2910 2936 2935
f 2936 2915 2945
f 2936 2945 2935
f 2935 2945 2913
f 2908 2931 2932
f 2931 2912 2942
f 2931 2942 2932
f 2932 2942 2915
v -33.776 -5.219 14.690
v -33.776 -5.760 14.690
v -33.505 -5.052 14.253
v -34.046 -5.052 14.253
v -33.338 -5.490 14.523
v -34.213 -5.490 14.523
v -33.776 -5.760 13.815
v -33.776 -5.219 13.815
v -34.046 -5.927 14.253
v -33.505 -5.927 14.253
v -34.213 -5.490 13.982
v -33.338 -5.490 13.982
v -33.776 -5.490 14.767
v -33.617 -5.074 14.510
v -33.935 -5.074 14.510
v -33.519 -5.331 14.669
v -34.033 -5.331 14.669
v -33.519 -5.649 14.669
v -34.033 -5.649 14.669
v -33.935 -5.906 14.510
v -33.617 -5.906 14.510
v -33.776 -4.975 14.253
v -33.360 -5.233 14.411
v -33.617 -5.074 13.995
v -33.360 -5.233 14.094
v -34.192 -5.233 14.411
v -33.935 -5.074 13.995
v -34.192 -5.233 14.094
v -33.360 -5.747 14.411
v -33.261 -5.490 14.253
v -34.192 -5.747 14.411
v -34.290 -5.490 14.253
v -33.776 -5.490 13.738
v -33.935 -5.906 13.995
v -33.617 -5.906 13.995
v -34.033 -5.649 13.836
v -33.519 -5.649 13.836
v -34.033 -5.331 13.836
v -33.519 -5.331 13.836
v -33.776 -6.004 14.253
v -34.192 -5.747 14.094
v -33.360 -5.747 14.094
f 2947 2963 2959
f 2963 2952 2965
f 2963 2965 2959
f 2959 2965 2948
f 2947 2961 2963
f 2961 2950 2972
f 2961 2972 2963
f 2963 2972 2952
f 2947 2960 2961
f 2960 2949 2968
f 2960 2968 2961
f 2961 2968 2950
f 2947 2962 2960
f 2962 2951 2969
f 2962 2969 2960
f 2960 2969 2949
f 2947 2959 2962
f 2959 2948 2964
f 2959 2964 2962
f 2962 2964 2951
f 2948 2965 2966
f 2965 2952 2977
f 2965 2977 2966
f 2966 2977 2955
f 2952 2972 2978
f 2972 2950 2974
f 2972 2974 2978
f 2978 2974 2957
f 2950 2968 2973
f 2968 2949 2970
f 2968 2970 2973
f 2973 2970 2954
f 2949 2969 2971
f 2969 2951 2976
f 2969 2976 2971
f 2971 2976 2958
f 2951 2964 2975
f 2964 2948 2967
f 2964 2967 2975
f 2975 2967 2956
f 2954 2985 2979
f 2985 2958 2983
f 2985 2983 2979
f 2979 2983 2953
f 2958 2988 2983
f 2988 2956 2981
f 2988 2981 2983
f 2983 2981 2953
f 2956 2986 2981
f 2986 2955 2980
f 2986 2980 2981
f 2981 2980 2953
f 2955 2987 2980
f 2987 2957 2982
f 2987 2982 2980
f 2980 2982 2953
f 2957 2984 2982
f 2984 2954 2979
f 2984 2979 2982
f 2982 2979 2953
f 2949 2971 2970
f 2971 2958 2985
f 2971 2985 2970
f 2970 2985 2954
f 2951 2975 2976
f 2975 2956 2988
f 2975 2988 2976
f 2976 2988 2958
f 2948 2966 2967
f 2966 2955 2986
f 2966 2986 2967
f 2967 2986 2956
f 2952 2978 2977
f 2978 2957 2987
f 2978 2987 2977
f 2977 2987 2955
f 2950 2973 2974
f 2973 2954 2984
f 2973 2984 2974
f 2974 2984 2957
v -14.250 -6.885 16.412
v -14.250 -7.449 16.412
v -13.968 -6.711 15.956
v -14.532 -6.711 15.956
v -13.794 -7.167 16.238
v -14.706 -7.167 16.238
v -14.250 -7.449 15.500
v -14.250 -6.885 15.500
v -14.532 -7.623 15.956
v -13.968 -7.623 15.956
v -14.706 -7.167 15.674
v -13.794 -7.167 15.674
v -14.250 -7.167 16.492
v -14.084 -6.733 16.224
v -14.415 -6.733 16.224
v -13.982 -7.002 16.390
v -14.518 -7.002 16.390
v -13.982 -7.333 16.390
v -14.518 -7.333 16.390
v -14.415 -7.601 16.224
v -14.084 -7.601 16.224
v -14.250 -6.631 15.956
v -13.816 -6.899 16.122
v -14.084 -6.733 15.688
v -13.816 -6.899 15.791
v -14.683 -6.899 16.122
v -14.415 -6.733 15.688
v -14.683 -6.899 15.791
v -13.816 -7.435 16.122
v -13.714 -7.167 15.956
v -14.683 -7.435 16.122
v -14.786 -7.167 15.956
v -14.250 -7.167 15.420
v -14.415 -7.601 15.688
v -14.084 -7.601 15.688
v -14.518 -7.333 15.523
v -13.982 -7.333 15.523
v -14.518 -7.002 15.523
v -13.982 -7.002 15.523
v -14.250 -7.703 15.956
v -14.683 -7.435 15.791
v -13.816 -7.435 15.791
f 2989 3005 3001
f 3005 2994 3007
f 3005 3007 3001
f 3001 3007 2990
f 2989 3003 3005
f 3003 2992 3014
f 3003 3014 3005
f 3005 3014 2994
f 2989 3002 3003
f 3002 2991 3010
f 3002 3010 3003
f 3003 3010 2992
f 2989 3004 3002
f 3004 2993 3011
f 3004 3011 3002
f 3002 3011 2991
f 2989 3001 3004
f 3001 2990 3006
f 3001 3006 3004
f 3004 3006 2993
f 2990 3007 3008
f 3007 2994 3019
f 3007 3019 3008
f 3008 3019 2997
f 2994 3014 3020
f 3014 2992 3016
f 3014 3016 3020
f 3020 3016 2999
f 2992 3010 3015
f 3010 2991 3012
f 3010 3012 3015
f 3015 3012 2996
f 2991 3011 3013
f 3011 2993 3018
f 3011 3018 3013
f 3013 3018 3000
f 2993 3006 3017
f 3006 2990 3009
f 3006 3009 3017
f 3017 3009 2998
f 2996 3027 3021
f 3027 3000 3025
f 3027 3025 3021
f 3021 3025 2995
f 3000 3030 3025
f 3030 2998 3023
f 3030 3023 3025
f 3025 3023 2995
f 2998 3028 3023
f 3028 2997 3022
f 3028 3022 3023
f 3023 3022 2995
f 2997 3029 3022
f 3029 2999 3024
f 3029 3024 3022
f 3022 3024 2995
f 2999 3026 3024
f 3026 2996 3021
f 3026 3021 3024
f 3024 3021 2995
f 2991 3013 3012
f 3013 3000 3027
f 3013 3027 3012
f 3012 3027 2996
f 2993 3017 3018
f 3017 2998 3030
f 3017 3030 3018
f 3018 3030 3000
f 2990 3008 3009
f 3008 2997 3028
f 3008 3028 3009
f 3009 3028 2998
f 2994 3020 3019
f 3020 2999 3029
f 3020 3029 3019
f 3019 3029 2997
f 2992 3015 3016
f 3015 2996 3026
f 3015 3026 3016
f 3016 3026 2999
v -0.548 -4.022 15.085
v -0.548 -4.649 15.085
v -0.234 -3.828 14.578
v -0.861 -3.828 14.578
v -0.040 -4.336 14.892
v -1.055 -4.336 14.892
v -0.548 -4.649 14.071
v -0.548 -4.022 14.071
v -0.861 -4.843 14.578
v -0.234 -4.843 14.578
v -1.055 -4.336 14.265
v -0.040 -4.336 14.265
v -0.548 -4.336 15.175
v -0.363 -3.853 14.876
v -0.732 -3.853 14.876
v -0.249 -4.151 15.061
v -0.846 -4.151 15.061
v -0.249 -4.520 15.061
v -0.846 -4.520 15.061
v -0.732 -4.818 14.876
v -0.363 -4.818 14.876
v -0.548 -3.739 14.578
v -0.065 -4.037 14.763
v -0.363 -3.853 14.280
v -0.065 -4.037 14.394
v -1.030 -4.037 14.763
v -0.732 -3.853 14.280
v -1.030 -4.037 14.394
v -0.065 -4.634 14.763
v 0.049 -4.336 14.578
v -1.030 -4.634 14.763
v -1.144 -4.336 14.578
v -0.548 -4.336 13.982
v -0.732 -4.818 14.280
v -0.363 -4.818 14.280
v -0.846 -4.520 14.096
v -0.249 -4.520 14.096
v -0.846 -4.151 14.096
v -0.249 -4.151 14.096
v -0.548 -4.932 14.578
v -1.030 -4.634 14.394
v -0.065 -4.634 14.394
f 3031 3047 3043
f 3047 3036 3049
f 3047 3049 3043
f 3043 3049 3032
f 3031 3045 3047
f 3045 3034 3056
f 3045 3056 3047
f 3047 3056 3036
f 3031 3044 3045
f 3044 3033 3052
f 3044 3052 3045
f 3045 3052 3034
f 3031 3046 3044
f 3046 3035 3053
f 3046 3053 3044
f 3044 3053 3033
f 3031 3043 3046
f 3043 3032 3048
f 3043 3048 3046
f 3046 3048 3035
f 3032 3049 3050
f 3049 3036 3061
f 3049 3061 3050
f 3050 3061 3039
f 3036 3056 3062
f 3056 3034 3058
f 3056 3058 3062
f 3062 3058 3041
f 3034 3052 3057
f 3052 3033 3054
f 3052 3054 3057
f 3057 3054 3038
f 3033 3053 3055
f 3053 3035 3060
f 3053 3060 3055
f 3055 3060 3042
f 3035 3048 3059
f 3048 3032 3051
f 3048 3051 3059
f 3059 3051 3040
f 3038 3069 3063
f 3069 3042 3067
f 3069 3067 3063
f 3063 3067 3037
f 3042 3072 3067
f 3072 3040 3065
f 3072 3065 3067
f 3067 3065 3037
f 3040 3070 3065
f 3070 3039 3064
f 3070 3064 3065
f 3065 3064 3037
f 3039 3071 3064
f 3071 3041 3066
f 3071 3066 3064
f 3064 3066 3037
f 3041 3068 3066
f 3068 3038 3063
f 3068 3063 3066
f 3066 3063 3037
f 3033 3055 3054
f 3055 3042 3069
f 3055 3069 3054
f 3054 3069 3038
f 3035 3059 3060
f 3059 3040 3072
f 3059 3072 3060
f 3060 3072 3042
f 3032 3050 3051
f 3050 3039 3070
f 3050 3070 3051
f 3051 3070 3040
f 3036 3062 3061
f 3062 3041 3071
f 3062 3071 3061
f 3061 3071 3039
f 3034 3057 3058
f 3057 3038 3068
f 3057 3068 3058
f 3058 3068 3041
v 53.000 6.435 24.300
v 53.000 5.829 24.300
v 53.303 6.623 23.809
v 52.696 6.623 23.809
v 53.490 6.132 24.113
v 52.509 6.132 24.113
v 53.000 5.829 23.319
v 53.000 6.435 23.319
v 52.696 5.641 23.809
v 53.303 5.641 23.809
v 52.509 6.132 23.506
v 53.490 6.132 23.506
v 53.000 6.132 24.386
v 53.178 6.599 24.098
v 52.821 6.599 24.098
v 53.288 6.310 24.276
v 52.711 6.310 24.276
v 53.288 5.954 24.276
v 52.711 5.954 24.276
v 52.821 5.665 24.098
v 53.178 5.665 24.098
v 53.000 6.709 23.809
v 53.466 6.420 23.988
v 53.178 6.599 23.521
v 53.466 6.420 23.631
v 52.533 6.420 23.988
v 52.821 6.599 23.521
v 52.533 6.420 23.631
v 53.466 5.844 23.988
v 53.576 6.132 23.809
v 52.533 5.844 23.988
v 52.423 6.132 23.809
v 53.000 6.132 23.232
v 52.821 5.665 23.521
v 53.178 5.665 23.521
v 52.711 5.954 23.343
v 53.288 5.954 23.343
v 52.711 6.310 23.343
v 53.288 6.310 23.343
v 53.000 5.555 23.809
v 52.533 5.844 23.631
v 53.466 5.844 23.631
f 3073 3089 3085
f 3089 3078 3091
f 3089 3091 3085
f 3085 3091 3074
f 3073 3087 3089
f 3087 3076 3098
f 3087 3098 3089
f 3089 3098 3078
f 3073 3086 3087
f 3086 3075 3094
f 3086 3094 3087
f 3087 3094 3076
f 3073 3088 3086
f 3088 3077 3095
f 3088 3095 3086
f 3086 3095 3075
f 3073 3085 3088
f 3085 3074 3090
f 3085 3090 3088
f 3088 3090 3077
f 3074 3091 3092
f 3091 3078 3103
f 3091 3103 3092
f 3092 3103 3081
f 3078 3098 3104
f 3098 3076 3100
f 3098 3100 3104
f 3104 3100 3083
f 3076 3094 3099
f 3094 3075 3096
f 3094 3096 3099
f 3099 3096 3080
f 3075 3095 3097
f 3095 3077 3102
f 3095 3102 3097
f 3097 3102 3084
f 3077 3090 3101
f 3090 3074 3093
f 3090 3093 3101
f 3101 3093 3082
f 3080 3111 3105
f 3111 3084 3109
f 3111 3109 3105
f 3105 3109 3079
f 3084 3114 3109
f 3114 3082 3107
f 3114 3107 3109
f 3109 3107 3079
f 3082 3112 3107
f 3112 3081 3106
f 3112 3106 3107
f 3107 3106 3079
f 3081 3113 3106
f 3113 3083 3108
f 3113 3108 3106
f 3106 3108 3079
f 3083 3110 3108
f 3110 3080 3105
f 3110 3105 3108
f 3108 3105 3079
f 3075 3097 3096
f 3097 3084 3111
f 3097 3111 3096
f 3096 3111 3080
f 3077 3101 3102
f 3101 3082 3114
f 3101 3114 3102
f 3102 3114 3084
f 3074 3092 3093
f 3092 3081 3112
f 3092 3112 3093
f 3093 3112 3082
f 3078 3104 3103
f 3104 3083 3113
f 3104 3113 3103
f 3103 3113 3081
f 3076 3099 3100
f 3099 3080 3110
f 3099 3110 3100
f 3100 3110 3083
v -22.420 -36.725 28.428
v -22.420 -37.310 28.428
v -22.127 -36.544 27.955
v -22.712 -36.544 27.955
v -21.946 -37.017 28.247
v -22.893 -37.017 28.247
v -22.420 -37.310 27.481
v -22.420 -36.725 27.481
v -22.712 -37.491 27.955
v -22.127 -37.491 27.955
v -22.893 -37.017 27.662
v -21.946 -37.017 27.662
v -22.420 -37.017 28.511
v -22.247 -36.567 28.233
v -22.592 -36.567 28.233
v -22.141 -36.845 28.405
v -22.698 -36.845 28.405
v -22.141 -37.189 28.405
v -22.698 -37.189 28.405
v -22.592 -37.468 28.233
v -22.247 -37.468 28.233
v -22.420 -36.460 27.955
v -21.969 -36.739 28.127
v -22.247 -36.567 27.676
v -21.969 -36.739 27.782
v -22.870 -36.739 28.127
v -22.592 -36.567 27.676
v -22.870 -36.739 27.782
v -21.969 -37.296 28.127
v -21.863 -37.017 27.955
v -22.870 -37.296 28.127
v -22.976 -37.017 27.955
v -22.420 -37.017 27.398
v -22.592 -37.468 27.676
v -22.247 -37.468 27.676
v -22.698 -37.189 27.504
v -22.141 -37.189 27.504
v -22.698 -36.845 27.504
v -22.141 -36.845 27.504
v -22.420 -37.574 27.955
v -22.870 -37.296 27.782
v -21.969 -37.296 27.782
f 3115 3131 3127
f 3131 3120 3133
f 3131 3133 3127
f 3127 3133 3116
f 3115 3129 3131
f 3129 3118 3140
f 3129 3140 3131
f 3131 3140 3120
f 3115 3128 3129
f 3128 3117 3136
f 3128 3136 3129
f 3129 3136 3118
f 3115 3130 3128
f 3130 3119 3137
f 3130 3137 3128
f 3128 3137 3117
f 3115 3127 3130
f 3127 3116 3132
f 3127 3132 3130
f 3130 3132 3119
f 3116 3133 3134
f 3133 3120 3145
f 3133 3145 3134
f 3134 3145 3123
f 3120 3140 3146
f 3140 3118 3142
f 3140 3142 3146
f 3146 3142 3125
f 3118 3136 3141
f 3136 3117 3138
f 3136 3138 3141
f 3141 3138 3122
f 3117 3137 3139
f 3137 3119 3144
f 3137 3144 3139
f 3139 3144 3126
f 3119 3132 3143
f 3132 3116 3135
f 3132 3135 3143
f 3143 3135 3124
f 3122 3153 3147
f 3153 3126 3151
f 3153 3151 3147
f 3147 3151 3121
f 3126 3156 3151
f 3156 3124 3149
f 3156 3149 3151
f 3151 3149 3121
f 3124 3154 3149
f 3154 3123 3148
f 3154 3148 3149
f 3149 3148 3121
f 3123 3155 3148
f 3155 3125 3150
f 3155 3150 3148
f 3148 3150 3121
f 3125 3152 3150
f 3152 3122 3147
f 3152 3147 3150
f 3150 3147 3121
f 3117 3139 3138
f 3139 3126 3153
f 3139 3153 3138
f 3138 3153 3122
f 3119 3143 3144
f 3143 3124 3156
f 3143 3156 3144
f 3144 3156 3126
f 3116 3134 3135
f 3134 3123 3154
f 3134 3154 3135
f 3135 3154 3124
f 3120 3146 3145
f 3146 3125 3155
f 3146 3155 3145
f 3145 3155 3123
f 3118 3141 3142
f 3141 3122 3152
f 3141 3152 3142
f 3142 3152 3125
v -24.653 -32.784 28.423
v -24.653 -33.430 28.423
v -24.329 -32.584 27.900
v -24.976 -32.584 27.900
v -24.129 -33.107 28.223
v -25.176 -33.107 28.223
v -24.653 -33.430 27.377
v -24.653 -32.784 27.377
v -24.976 -33.630 27.900
v -24.329 -33.630 27.900
v -25.176 -33.107 27.576
v -24.129 -33.107 27.576
v -24.653 -33.107 28.515
v -24.462 -32.610 28.207
v -24.843 -32.610 28.207
v -24.345 -32.917 28.397
v -24.960 -32.917 28.397
v -24.345 -33.297 28.397
v -24.960 -33.297 28.397
v -24.843 -33.605 28.207
v -24.462 -33.605 28.207
v -24.653 -32.492 27.900
v -24.155 -32.800 28.090
v -24.462 -32.610 27.592
v -24.155 -32.800 27.710
v -25.150 -32.800 28.090
v -24.843 -32.610 27.592
v -25.150 -32.800 27.710
v -24.155 -33.415 28.090
v -24.038 -33.107 27.900
v -25.150 -33.415 28.090
v -25.268 -33.107 27.900
v -24.653 -33.107 27.285
v -24.843 -33.605 27.592
v -24.462 -33.605 27.592
v -24.960 -33.297 27.402
v -24.345 -33.297 27.402
v -24.960 -32.917 27.402
v -24.345 -32.917 27.402
v -24.653 -33.722 27.900
v -25.150 -33.415 27.710
v -24.155 -33.415 27.710
f 3157 3173 3169
f 3173 3162 3175
f 3173 3175 3169
f 3169 3175 3158
f 3157 3171 3173
f 3171 3160 3182
f 3171 3182 3173
f 3173 3182 3162
f 3157 3170 3171
f 3170 3159 3178
f 3170 3178 3171
f 3171 3178 3160
f 3157 3172 3170
f 3172 3161 3179
f 3172 3179 3170
f 3170 3179 3159
f 3157 3169 3172
f 3169 3158 3174
f 3169 3174 3172
f 3172 3174 3161
f 3158 3175 3176
f 3175 3162 3187
f 3175 3187 3176
f 3176 3187 3165
f 3162 3182 3188
f 3182 3160 3184
f 3182 3184 3188
f 3188 3184 3167
f 3160 3178 3183
f 3178 3159 3180
f 3178 3180 3183
f 3183 3180 3164
f 3159 3179 3181
f 3179 3161 3186
f 3179 3186 3181
f 3181 3186 3168
f 3161 3174 3185
f 3174 3158 3177
f 3174 3177 3185
f 3185 3177 3166
f 3164 3195 3189
f 3195 3168 3193
f 3195 3193 3189
f 3189 3193 3163
f 3168 3198 3193
f 3198 3166 3191
f 3198 3191 3193
f 3193 3191 3163
f 3166 3196 3191
f 3196 3165 3190
f 3196 3190 3191
f 3191 3190 3163
f 3165 3197 3190
f 3197 3167 3192
f 3197 3192 3190
f 3190 3192 3163
f 3167 3194 3192
f 3194 3164 3189
f 3194 3189 3192
f 3192 3189 3163
f 3159 3181 3180
f 3181 3168 3195
f 3181 3195 3180
f 3180 3195 3164
f 3161 3185 3186
f 3185 3166 3198
f 3185 3198 3186
f 3186 3198 3168
f 3158 3176 3177
f 3176 3165 3196
f 3176 3196 3177
f 3177 3196 3166
f 3162 3188 3187
f 3188 3167 3197
f 3188 3197 3187
f 3187 3197 3165
f 3160 3183 3184
f 3183 3164 3194
f 3183 3194 3184
f 3184 3194 3167
v 23.992 -36.921 -32.972
v 23.992 -37.528 -32.972
v 24.295 -36.734 -33.462
v 23.689 -36.734 -33.462
v 24.483 -37.224 -33.159
v 23.501 -37.224 -33.159
v 23.992 -37.528 -33.953
v 23.992 -36.921 -33.953
v 23.689 -37.715 -33.462
v 24.295 -37.715 -33.462
v 23.501 -37.224 -33.766
v 24.483 -37.224 -33.766
v 23.992 -37.224 -32.886
v 24.170 -36.758 -33.174
v 23.814 -36.758 -33.174
v 24.280 -37.046 -32.996
v 23.704 -37.046 -32.996
v 24.280 -37.403 -32.996
v 23.704 -37.403 -32.996
v 23.814 -37.691 -33.174
v 24.170 -37.691 -33.174
v 23.992 -36.648 -33.462
v 24.459 -36.936 -33.284
v 24.170 -36.758 -33.751
v 24.459 -36.936 -33.641
v 23.525 -36.936 -33.284
v 23.814 -36.758 -33.751
v 23.525 -36.936 -33.641
v 24.459 -37.513 -33.284
v 24.569 -37.224 -33.462
v 23.525 -37.513 -33.284
v 23.415 -37.224 -33.462
v 23.992 -37.224 -34.039
v 23.814 -37.691 -33.751
v 24.170 -37.691 -33.751
v 23.704 -37.403 -33.929
v 24.280 -37.403 -33.929
v 23.704 -37.046 -33.929
v 24.280 -37.046 -33.929
v 23.992 -37.801 -33.462
v 23.525 -37.513 -33.641
v 24.459 -37.513 -33.641
f 3199 3215 3211
f 3215 3204 3217
f 3215 3217 3211
f 3211 3217 3200
f 3199 3213 3215
f 3213 3202 3224
f 3213 3224 3215
f 3215 3224 3204
f 3199 3212 3213
f 3212 3201 3220
f 3212 3220 3213
f 3213 3220 3202
f 3199 3214 3212
f 3214 3203 3221
f 3214 3221 3212
f 3212 3221 3201
f 3199 3211 3214
f 3211 3200 3216
f 3211 3216 3214
f 3214 3216 3203
f 3200 3217 3218
f 3217 3204 3229
f 3217 3229 3218
f 3218 3229 3207
f 3204 3224 3230
f 3224 3202 3226
f 3224 3226 3230
f 3230 3226 3209
f 3202 3220 3225
f 3220 3201 3222
f 3220 3222 3225
f 3225 3222 3206
f 3201 3221 3223
f 3221 3203 3228
f 3221 3228 3223
f 3223 3228 3210
f 3203 3216 3227
f 3216 3200 3219
f 3216 3219 3227
f 3227 3219 3208
f 3206 3237 3231
f 3237 3210 3235
f 3237 3235 3231
f 3231 3235 3205
f 3210 3240 3235
f 3240 3208 3233
f 3240 3233 3235
f 3235 3233 3205
f 3208 3238 3233
f 3238 3207 3232
f 3238 3232 3233
f 3233 3232 3205
f 3207 3239 3232
f 3239 3209 3234
f 3239 3234 3232
f 3232 3234 3205
f 3209 3236 3234
f 3236 3206 3231
f 3236 3231 3234
f 3234 3231 3205
f 3201 3223 3222
f 3223 3210 3237
f 3223 3237 3222
f 3222 3237 3206
f 3203 3227 3228
f 3227 3208 3240
f 3227 3240 3228
f 3228 3240 3210
f 3200 3218 3219
f 3218 3207 3238
f 3218 3238 3219
f 3219 3238 3208
f 3204 3230 3229
f 3230 3209 3239
f 3230 3239 3229
f 3229 3239 3207
f 3202 3225 3226
f 3225 3206 3236
f 3225 3236 3226
f 3226 3236 3209
v 19.985 19.550 -36.253
v 19.985 19.009 -36.253
v 20.255 19.717 -36.690
v 19.714 19.717 -36.690
v 20.422 19.280 -36.420
v 19.547 19.280 -36.420
v 19.985 19.009 -37.128
v 19.985 19.550 -37.128
v 19.714 18.842 -36.690
v 20.255 18.842 -36.690
v 19.547 19.280 -36.961
v 20.422 19.280 -36.961
v 19.985 19.280 -36.176
v 20.144 19.696 -36.433
v 19.826 19.696 -36.433
v 20.242 19.439 -36.274
v 19.727 19.439 -36.274
v 20.242 19.121 -36.274
v 19.727 19.121 -36.274
v 19.826 18.863 -36.433
v 20.144 18.863 -36.433
v 19.985 19.794 -36.690
v 20.401 19.537 -36.531
v 20.144 19.696 -36.947
v 20.401 19.537 -36.849
v 19.568 19.537 -36.531
v 19.826 19.696 -36.947
v 19.568 19.537 -36.849
v 20.401 19.022 -36.531
v 20.499 19.280 -36.690
v 19.568 19.022 -36.531
v 19.470 19.280 -36.690
v 19.985 19.280 -37.205
v 19.826 18.863 -36.947
v 20.144 18.863 -36.947
v 19.727 19.121 -37.106
v 20.242 19.121 -37.106
v 19.727 19.439 -37.106
v 20.242 19.439 -37.106
v 19.985 18.765 -36.690
v 19.568 19.022 -36.849
v 20.401 19.022 -36.849
f 3241 3257 3253
f 3257 3246 3259
f 3257 3259 3253
f 3253 3259 3242
f 3241 3255 3257
f 3255 3244 3266
f 3255 3266 3257
f 3257 3266 3246
f 3241 3254 3255
f 3254 3243 3262
f 3254 3262 3255
f 3255 3262 3244
f 3241 3256 3254
f 3256 3245 3263
f 3256 3263 3254
f 3254 3263 3243
f 3241 3253 3256
f 3253 3242 3258
f 3253 3258 3256
f 3256 3258 3245
f 3242 3259 3260
f 3259 3246 3271
f 3259 3271 3260
f 3260 3271 3249
f 3246 3266 3272
f 3266 3244 3268
f 3266 3268 3272
f 3272 3268 3251
f 3244 3262 3267
f 3262 3243 3264
f 3262 3264 3267
f 3267 3264 3248
f 3243 3263 3265
f 3263 3245 3270
f 3263 3270 3265
f 3265 3270 3252
f 3245 3258 3269
f 3258 3242 3261
f 3258 3261 3269
f 3269 3261 3250
f 3248 3279 3273
f 3279 3252 3277
f 3279 3277 3273
f 3273 3277 3247
f 3252 3282 3277
f 3282 3250 3275
f 3282 3275 3277
f 3277 3275 3247
f 3250 3280 3275
f 3280 3249 3274
f 3280 3274 3275
f 3275 3274 3247
f 3249 3281 3274
f 3281 3251 3276
f 3281 3276 3274
f 3274 3276 3247
f 3251 3278 3276
f 3278 3248 3273
f 3278 3273 3276
f 3276 3273 3247
f 3243 3265 3264
f 3265 3252 3279
f 3265 3279 3264
f 3264 3279 3248
f 3245 3269 3270
f 3269 3250 3282
f 3269 3282 3270
f 3270 3282 3252
f 3242 3260 3261
f 3260 3249 3280
f 3260 3280 3261
f 3261 3280 3250
f 3246 3272 3271
f 3272 3251 3281
f 3272 3281 3271
f 3271 3281 3249
f 3244 3267 3268
f 3267 3248 3278
f 3267 3278 3268
f 3268 3278 3251
v 25.798 -36.997 -22.411
v 25.798 -37.624 -22.411
v 26.112 -36.803 -22.918
v 25.485 -36.803 -22.918
v 26.305 -37.310 -22.605
v 25.291 -37.310 -22.605
v 25.798 -37.624 -23.426
v 25.798 -36.997 -23.426
v 25.485 -37.818 -22.918
v 26.112 -37.818 -22.918
v 25.291 -37.310 -23.232
v 26.305 -37.310 -23.232
v 25.798 -37.310 -22.322
v 25.983 -36.828 -22.620
v 25.614 -36.828 -22.620
v 26.096 -37.126 -22.436
v 25.500 -37.126 -22.436
v 26.096 -37.495 -22.436
v 25.500 -37.495 -22.436
v 25.614 -37.793 -22.620
v 25.983 -37.793 -22.620
v 25.798 -36.714 -22.918
v 26.281 -37.012 -22.734
v 25.983 -36.828 -23.217
v 26.281 -37.012 -23.103
v 25.316 -37.012 -22.734
v 25.614 -36.828 -23.217
v 25.316 -37.012 -23.103
v 26.281 -37.608 -22.734
v 26.395 -37.310 -22.918
v 25.316 -37.608 -22.734
v 25.202 -37.310 -22.918
v 25.798 -37.310 -23.515
v 25.614 -37.793 -23.217
v 25.983 -37.793 -23.217
v 25.500 -37.495 -23.401
v 26.096 -37.495 -23.401
v 25.500 -37.126 -23.401
v 26.096 -37.126 -23.401
v 25.798 -37.907 -22.918
v 25.316 -37.608 -23.103
v 26.281 -37.608 -23.103
f 3283 3299 3295
f 3299 3288 3301
f 3299 3301 3295
f 3295 3301 3284
f 3283 3297 3299
f 3297 3286 3308
f 3297 3308 3299
f 3299 3308 3288
f 3283 3296 3297
f 3296 3285 3304
f 3296 3304 3297
f 3297 3304 3286
f 3283 3298 3296
f 3298 3287 3305
f 3298 3305 3296
f 3296 3305 3285
f 3283 3295 3298
f 3295 3284 3300
f 3295 3300 3298
f 3298 3300 3287
f 3284 3301 3302
f 3301 3288 3313
f 3301 3313 3302
f 3302 3313 3291
f 3288 3308 3314
f 3308 3286 3310
f 3308 3310 3314
f 3314 3310 3293
f 3286 3304 3309
f 3304 3285 3306
f 3304 3306 3309
f 3309 3306 3290
f 3285 3305 3307
f 3305 3287 3312
f 3305 3312 3307
f 3307 3312 3294
f 3287 3300 3311
f 3300 3284 3303
f 3300 3303 3311
f 3311 3303 3292
f 3290 3321 3315
f 3321 3294 3319
f 3321 3319 3315
f 3315 3319 3289
f 3294 3324 3319
f 3324 3292 3317
f 3324 3317 3319
f 3319 3317 3289
f 3292 3322 3317
f 3322 3291 3316
f 3322 3316 3317
f 3317 3316 3289
f 3291 3323 3316
f 3323 3293 3318
f 3323 3318 3316
f 3316 3318 3289
f 3293 3320 3318
f 3320 3290 3315
f 3320 3315 3318
f 3318 3315 3289
f 3285 3307 3306
f 3307 3294 3321
f 3307 3321 3306
f 3306 3321 3290
f 3287 3311 3312
f 3311 3292 3324
f 3311 3324 3312
f 3312 3324 3294
f 3284 3302 3303
f 3302 3291 3322
f 3302 3322 3303
f 3303 3322 3292
f 3288 3314 3313
f 3314 3293 3323
f 3314 3323 3313
f 3313 3323 3291
f 3286 3309 3310
f 3309 3290 3320
f 3309 3320 3310
f 3310 3320 3293
v -6.551 5.151 -20.226
v -6.551 4.504 -20.226
v -6.228 5.351 -20.749
v -6.875 5.351 -20.749
v -6.028 4.828 -20.426
v -7.075 4.828 -20.426
v -6.551 4.504 -21.272
v -6.551 5.151 -21.272
v -6.875 4.304 -20.749
v -6.228 4.304 -20.749
v -7.075 4.828 -21.072
v -6.028 4.828 -21.072
v -6.551 4.828 -20.134
v -6.361 5.325 -20.441
v -6.741 5.325 -20.441
v -6.244 5.018 -20.251
v -6.859 5.018 -20.251
v -6.244 4.637 -20.251
v -6.859 4.637 -20.251
v -6.741 4.330 -20.441
v -6.361 4.330 -20.441
v -6.551 5.443 -20.749
v -6.054 5.135 -20.559
v -6.361 5.325 -21.056
v -6.054 5.135 -20.939
v -7.049 5.135 -20.559
v -6.741 5.325 -21.056
v -7.049 5.135 -20.939
v -6.054 4.520 -20.559
v -5.936 4.828 -20.749
v -7.049 4.520 -20.559
v -7.166 4.828 -20.749
v -6.551 4.828 -21.364
v -6.741 4.330 -21.056
v -6.361 4.330 -21.056
v -6.859 4.637 -21.246
v -6.244 4.637 -21.246
v -6.859 5.018 -21.246
v -6.244 5.018 -21.246
v -6.551 4.212 -20.749
v -7.049 4.520 -20.939
v -6.054 4.520 -20.939
f 3325 3341 3337
f 3341 3330 3343
f 3341 3343 3337
f 3337 3343 3326
f 3325 3339 3341
f 3339 3328 3350
f 3339 3350 3341
f 3341 3350 3330
f 3325 3338 3339
f 3338 3327 3346
f 3338 3346 3339
f 3339 3346 3328
f 3325 3340 3338
f 3340 3329 3347
f 3340 3347 3338
f 3338 3347 3327
f 3325 3337 3340
f 3337 3326 3342
f 3337 3342 3340
f 3340 3342 3329
f 3326 3343 3344
f 3343 3330 3355
f 3343 3355 3344
f 3344 3355 3333
f 3330 3350 3356
f 3350 3328 3352
f 3350 3352 3356
f 3356 3352 3335
f 3328 3346 3351
f 3346 3327 3348
f 3346 3348 3351
f 3351 3348 3332
f 3327 3347 3349
f 3347 3329 3354
f 3347 3354 3349
f 3349 3354 3336
f 3329 3342 3353
f 3342 3326 3345
f 3342 3345 3353
f 3353 3345 3334
f 3332 3363 3357
f 3363 3336 3361
f 3363 3361 3357
f 3357 3361 3331
f 3336 3366 3361
f 3366 3334 3359
f 3366 3359 3361
f 3361 3359 3331
f 3334 3364 3359
f 3364 3333 3358
f 3364 3358 3359
f 3359 3358 3331
f 3333 3365 3358
f 3365 3335 3360
f 3365 3360 3358
f 3358 3360 3331
f 3335 3362 3360
f 3362 3332 3357
f 3362 3357 3360
f 3360 3357 3331
f 3327 3349 3348
f 3349 3336 3363
f 3349 3363 3348
f 3348 3363 3332
f 3329 3353 3354
f 3353 3334 3366
f 3353 3366 3354
f 3354 3366 3336
f 3326 3344 3345
f 3344 3333 3364
f 3344 3364 3345
f 3345 3364 3334
f 3330 3356 3355
f 3356 3335 3365
f 3356 3365 3355
f 3355 3365 3333
f 3328 3351 3352
f 3351 3332 3362
f 3351 3362 3352
f 3352 3362 3335
v -11.350 14.935 -29.332
v -11.350 14.288 -29.332
v -11.027 15.134 -29.855
v -11.673 15.134 -29.855
v -10.827 14.611 -29.532
v -11.873 14.611 -29.532
v -11.350 14.288 -30.378
v -11.350 14.935 -30.378
v -11.673 14.088 -29.855
v -11.027 14.088 -29.855
v -11.873 14.611 -30.179
v -10.827 14.611 -30.179
v -11.350 14.611 -29.240
v -11.160 15.109 -29.548
v -11.540 15.109 -29.548
v -11.042 14.801 -29.358
v -11.657 14.801 -29.358
v -11.042 14.421 -29.358
v -11.657 14.421 -29.358
v -11.540 14.114 -29.548
v -11.160 14.114 -29.548
v -11.350 15.226 -29.855
v -10.852 14.919 -29.665
v -11.160 15.109 -30.163
v -10.852 14.919 -30.045
v -11.847 14.919 -29.665
v -11.540 15.109 -30.163
v -11.847 14.919 -30.045
v -10.852 14.304 -29.665
v -10.735 14.611 -29.855
v -11.847 14.304 -29.665
v -11.965 14.611 -29.855
v -11.350 14.611 -30.470
v -11.540 14.114 -30.163
v -11.160 14.114 -30.163
v -11.657 14.421 -30.353
v -11.042 14.421 -30.353
v -11.657 14.801 -30.353
v -11.042 14.801 -30.353
v -11.350 13.996 -29.855
v -11.847 14.304 -30.045
v -10.852 14.304 -30.045
f 3367 3383 3379
f 3383 3372 3385
f 3383 3385 3379
f 3379 3385 3368
f 3367 3381 3383
f 3381 3370 3392
f 3381 3392 3383
f 3383 3392 3372
f 3367 3380 3381
f 3380 3369 3388
f 3380 3388 3381
f 3381 3388 3370
f 3367 3382 3380
f 3382 3371 3389
f 3382 3389 3380
f 3380 3389 3369
f 3367 3379 3382
f 3379 3368 3384
f 3379 3384 3382
f 3382 3384 3371
f 3368 3385 3386
f 3385 3372 3397
f 3385 3397 3386
f 3386 3397 3375
f 3372 3392 3398
f 3392 3370 3394
f 3392 3394 3398
f 3398 3394 3377
f 3370 3388 3393
f 3388 3369 3390
f 3388 3390 3393
f 3393 3390 3374
f 3369 3389 3391
f 3389 3371 3396
f 3389 3396 3391
f 3391 3396 3378
f 3371 3384 3395
f 3384 3368 3387
f 3384 3387 3395
f 3395 3387 3376
f 3374 3405 3399
f 3405 3378 3403
f 3405 3403 3399
f 3399 3403 3373
f 3378 3408 3403
f 3408 3376 3401
f 3408 3401 3403
f 3403 3401 3373
f 3376 3406 3401
f 3406 3375 3400
f 3406 3400 3401
f 3401 3400 3373
f 3375 3407 3400
f 3407 3377 3402
f 3407 3402 3400
f 3400 3402 3373
f 3377 3404 3402
f 3404 3374 3399
f 3404 3399 3402
f 3402 3399 3373
f 3369 3391 3390
f 3391 3378 3405
f 3391 3405 3390
f 3390 3405 3374
f 3371 3395 3396
f 3395 3376 3408
f 3395 3408 3396
f 3396 3408 3378
f 3368 3386 3387
f 3386 3375 3406
f 3386 3406 3387
f 3387 3406 3376
f 3372 3398 3397
f 3398 3377 3407
f 3398 3407 3397
f 3397 3407 3375
f 3370 3393 3394
f 3393 3374 3404
f 3393 3404 3394
f 3394 3404 3377
v -29.942 -29.737 -11.303
v -29.942 -30.278 -11.303
v -29.671 -29.570 -11.740
v -30.212 -29.570 -11.740
v -29.504 -30.008 -11.470
v -30.379 -30.008 -11.470
v -29.942 -30.278 -12.178
v -29.942 -29.737 -12.178
v -30.212 -30.445 -11.740
v -29.671 -30.445 -11.740
v -30.379 -30.008 -12.011
v -29.504 -30.008 -12.011
v -29.942 -30.008 -11.226
v -29.783 -29.592 -11.483
v -30.101 -29.592 -11.483
v -29.684 -29.849 -11.324
v -30.199 -29.849 -11.324
v -29.684 -30.167 -11.324
v -30.199 -30.167 -11.324
v -30.101 -30.424 -11.483
v -29.783 -30.424 -11.483
v -29.942 -29.493 -11.740
v -29.525 -29.750 -11.581
v -29.783 -29.592 -11.997
v -29.525 -29.750 -11.899
v -30.358 -29.750 -11.581
v -30.101 -29.592 -11.997
v -30.358 -29.750 -11.899
v -29.525 -30.265 -11.581
v -29.427 -30.008 -11.740
v -30.358 -30.265 -11.581
v -30.456 -30.008 -11.740
v -29.942 -30.008 -12.255
v -30.101 -30.424 -11.997
v -29.783 -30.424 -11.997
v -30.199 -30.167 -12.156
v -29.684 -30.167 -12.156
v -30.199 -29.849 -12.156
v -29.684 -29.849 -12.156
v -29.942 -30.522 -11.740
v -30.358 -30.265 -11.899
v -29.525 -30.265 -11.899
f 3409 3425 3421
f 3425 3414 3427
f 3425 3427 3421
f 3421 3427 3410
f 3409 3423 3425
f 3423 3412 3434
f 3423 3434 3425
f 3425 3434 3414
f 3409 3422 3423
f 3422 3411 3430
f 3422 3430 3423
f 3423 3430 3412
f 3409 3424 3422
f 3424 3413 3431
f 3424 3431 3422
f 3422 3431 3411
f 3409 3421 3424
f 3421 3410 3426
f 3421 3426 3424
f 3424 3426 3413
f 3410 3427 3428
f 3427 3414 3439
f 3427 3439 3428
f 3428 3439 3417
f 3414 3434 3440
f 3434 3412 3436
f 3434 3436 3440
f 3440 3436 3419
f 3412 3430 3435
f 3430 3411 3432
f 3430 3432 3435
f 3435 3432 3416
f 3411 3431 3433
f 3431 3413 3438
f 3431 3438 3433
f 3433 3438 3420
f 3413 3426 3437
f 3426 3410 3429
f 3426 3429 3437
f 3437 3429 3418
f 3416 3447 3441
f 3447 3420 3445
f 3447 3445 3441
f 3441 3445 3415
f 3420 3450 3445
f 3450 3418 3443
f 3450 3443 3445
f 3445 3443 3415
f 3418 3448 3443
f 3448 3417 3442
f 3448 3442 3443
f 3443 3442 3415
f 3417 3449 3442
f 3449 3419 3444
f 3449 3444 3442
f 3442 3444 3415
f 3419 3446 3444
f 3446 3416 3441
f 3446 3441 3444
f 3444 3441 3415
f 3411 3433 3432
f 3433 3420 3447
f 3433 3447 3432
f 3432 3447 3416
f 3413 3437 3438
f 3437 3418 3450
f 3437 3450 3438
f 3438 3450 3420
f 3410 3428 3429
f 3428 3417 3448
f 3428 3448 3429
f 3429 3448 3418
f 3414 3440 3439
f 3440 3419 3449
f 3440 3449 3439
f 3439 3449 3417
f 3412 3435 3436
f 3435 3416 3446
f 3435 3446 3436
f 3436 3446 3419
v -3.972 -8.823 -9.133
v -3.972 -9.450 -9.133
v -3.659 -8.629 -9.640
v -4.286 -8.629 -9.640
v -3.465 -9.137 -9.326
v -4.480 -9.137 -9.326
v -3.972 -9.450 -10.147
v -3.972 -8.823 -10.147
v -4.286 -9.644 -9.640
v -3.659 -9.644 -9.640
v -4.480 -9.137 -9.953
v -3.465 -9.137 -9.953
v -3.972 -9.137 -9.044
v -3.788 -8.654 -9.342
v -4.157 -8.654 -9.342
v -3.674 -8.952 -9.157
v -4.271 -8.952 -9.157
v -3.674 -9.321 -9.157
v -4.271 -9.321 -9.157
v -4.157 -9.619 -9.342
v -3.788 -9.619 -9.342
v -3.972 -8.540 -9.640
v -3.490 -8.839 -9.456
v -3.788 -8.654 -9.938
v -3.490 -8.839 -9.824
v -4.455 -8.839 -9.456
v -4.157 -8.654 -9.938
v -4.455 -8.839 -9.824
v -3.490 -9.435 -9.456
v -3.376 -9.137 -9.640
v -4.455 -9.435 -9.456
v -4.569 -9.137 -9.640
v -3.972 -9.137 -10.236
v -4.157 -9.619 -9.938
v -3.788 -9.619 -9.938
v -4.271 -9.321 -10.122
v -3.674 -9.321 -10.122
v -4.271 -8.952 -10.122
v -3.674 -8.952 -10.122
v -3.972 -9.733 -9.640
v -4.455 -9.435 -9.824
v -3.490 -9.435 -9.824
f 3451 3467 3463
f 3467 3456 3469
f 3467 3469 3463
f 3463 3469 3452
f 3451 3465 3467
f 3465 3454 3476
f 3465 3476 3467
f 3467 3476 3456
f 3451 3464 3465
f 3464 3453 3472
f 3464 3472 3465
f 3465 3472 3454
f 3451 3466 3464
f 3466 3455 3473
f 3466 3473 3464
f 3464 3473 3453
f 3451 3463 3466
f 3463 3452 3468
f 3463 3468 3466
f 3466 3468 3455
f 3452 3469 3470
f 3469 3456 3481
f 3469 3481 3470
f 3470 3481 3459
f 3456 3476 3482
f 3476 3454 3478
f 3476 3478 3482
f 3482 3478 3461
f 3454 3472 3477
f 3472 3453 3474
f 3472 3474 3477
f 3477 3474 3458
f 3453 3473 3475
f 3473 3455 3480
f 3473 3480 3475
f 3475 3480 3462
f 3455 3468 3479
f 3468 3452 3471
f 3468 3471 3479
f 3479 3471 3460
f 3458 3489 3483
f 3489 3462 3487
f 3489 3487 3483
f 3483 3487 3457
f 3462 3492 3487
f 3492 3460 3485
f 3492 3485 3487
f 3487 3485 3457
f 3460 3490 3485
f 3490 3459 3484
f 3490 3484 3485
f 3485 3484 3457
f 3459 3491 3484
f 3491 3461 3486
f 3491 3486 3484
f 3484 3486 3457
f 3461 3488 3486
f 3488 3458 3483
f 3488 3483 3486
f 3486 3483 3457
f 3453 3475 3474
f 3475 3462 3489
f 3475 3489 3474
f 3474 3489 3458
f 3455 3479 3480
f 3479 3460 3492
f 3479 3492 3480
f 3480 3492 3462
f 3452 3470 3471
f 3470 3459 3490
f 3470 3490 3471
f 3471 3490 3460
f 3456 3482 3481
f 3482 3461 3491
f 3482 3491 3481
f 3481 3491 3459
f 3454 3477 3478
f 3477 3458 3488
f 3477 3488 3478
f 3478 3488 3461
v -28.118 -20.521 -1.573
v -28.118 -21.062 -1.573
v -27.847 -20.354 -2.010
v -28.388 -20.354 -2.010
v -27.680 -20.791 -1.740
v -28.555 -20.791 -1.740
v -28.118 -21.062 -2.448
v -28.118 -20.521 -2.448
v -28.388 -21.229 -2.010
v -27.847 -21.229 -2.010
v -28.555 -20.791 -2.281
v -27.680 -20.791 -2.281
v -28.118 -20.791 -1.496
v -27.959 -20.375 -1.753
v -28.277 -20.375 -1.753
v -27.860 -20.632 -1.594
v -28.375 -20.632 -1.594
v -27.860 -20.950 -1.594
v -28.375 -20.950 -1.594
v -28.277 -21.207 -1.753
v -27.959 -21.207 -1.753
v -28.118 -20.277 -2.010
v -27.701 -20.534 -1.851
v -27.959 -20.375 -2.268
v -27.701 -20.534 -2.169
v -28.534 -20.534 -1.851
v -28.277 -20.375 -2.268
v -28.534 -20.534 -2.169
v -27.701 -21.049 -1.851
v -27.603 -20.791 -2.010
v -28.534 -21.049 -1.851
v -28.632 -20.791 -2.010
v -28.118 -20.791 -2.525
v -28.277 -21.207 -2.268
v -27.959 -21.207 -2.268
v -28.375 -20.950 -2.427
v -27.860 -20.950 -2.427
v -28.375 -20.632 -2.427
v -27.860 -20.632 -2.427
v -28.118 -21.306 -2.010
v -28.534 -21.049 -2.169
v -27.701 -21.049 -2.169
f 3493 3509 3505
f 3509 3498 3511
f 3509 3511 3505
f 3505 3511 3494
f 3493 3507 3509
f 3507 3496 3518
f 3507 3518 3509
f 3509 3518 3498
f 3493 3506 3507
f 3506 3495 3514
f 3506 3514 3507
f 3507 3514 3496
f 3493 3508 3506
f 3508 3497 3515
f 3508 3515 3506
f 3506 3515 3495
f 3493 3505 3508
f 3505 3494 3510
f 3505 3510 3508
f 3508 3510 3497
f 3494 3511 3512
f 3511 3498 3523
f 3511 3523 3512
f 3512 3523 3501
f 3498 3518 3524
f 3518 3496 3520
f 3518 3520 3524
f 3524 3520 3503
f 3496 3514 3519
f 3514 3495 3516
f 3514 3516 3519
f 3519 3516 3500
f 3495 3515 3517
f 3515 3497 3522
f 3515 3522 3517
f 3517 3522 3504
f 3497 3510 3521
f 3510 3494 3513
f 3510 3513 3521
f 3521 3513 3502
f 3500 3531 3525
f 3531 3504 3529
f 3531 3529 3525
f 3525 3529 3499
f 3504 3534 3529
f 3534 3502 3527
f 3534 3527 3529
f 3529 3527 3499
f 3502 3532 3527
f 3532 3501 3526
f 3532 3526 3527
f 3527 3526 3499
f 3501 3533 3526
f 3533 3503 3528
f 3533 3528 3526
f 3526 3528 3499
f 3503 3530 3528
f 3530 3500 3525
f 3530 3525 3528
f 3528 3525 3499
f 3495 3517 3516
f 3517 3504 3531
f 3517 3531 3516
f 3516 3531 3500
f 3497 3521 3522
f 3521 3502 3534
f 3521 3534 3522
f 3522 3534 3504
f 3494 3512 3513
f 3512 3501 3532
f 3512 3532 3513
f 3513 3532 3502
f 3498 3524 3523
f 3524 3503 3533
f 3524 3533 3523
f 3523 3533 3501
f 3496 3519 3520
f 3519 3500 3530
f 3519 3530 3520
f 3520 3530 3503
v -4.681 -28.550 -2.883
v -4.681 -29.157 -2.883
v -4.378 -28.363 -3.373
v -4.984 -28.363 -3.373
v -4.190 -28.853 -3.070
v -5.172 -28.853 -3.070
v -4.681 -29.157 -3.864
v -4.681 -28.550 -3.864
v -4.984 -29.344 -3.373
v -4.378 -29.344 -3.373
v -5.172 -28.853 -3.677
v -4.190 -28.853 -3.677
v -4.681 -28.853 -2.796
v -4.503 -28.387 -3.085
v -4.859 -28.387 -3.085
v -4.393 -28.675 -2.907
v -4.970 -28.675 -2.907
v -4.393 -29.032 -2.907
v -4.970 -29.032 -2.907
v -4.859 -29.320 -3.085
v -4.503 -29.320 -3.085
v -4.681 -28.277 -3.373
v -4.214 -28.565 -3.195
v -4.503 -28.387 -3.662
v -4.214 -28.565 -3.552
v -5.148 -28.565 -3.195
v -4.859 -28.387 -3.662
v -5.148 -28.565 -3.552
v -4.214 -29.142 -3.195
v -4.104 -28.853 -3.373
v -5.148 -29.142 -3.195
v -5.258 -28.853 -3.373
v -4.681 -28.853 -3.950
v -4.859 -29.320 -3.662
v -4.503 -29.320 -3.662
v -4.970 -29.032 -3.840
v -4.393 -29.032 -3.840
v -4.970 -28.675 -3.840
v -4.393 -28.675 -3.840
v -4.681 -29.430 -3.373
v -5.148 -29.142 -3.552
v -4.214 -29.142 -3.552
f 3535 3551 3547
f 3551 3540 3553
f 3551 3553 3547
f 3547 3553 3536
f 3535 3549 3551
f 3549 3538 3560
f 3549 3560 3551
f 3551 3560 3540
f 3535 3548 3549
f 3548 3537 3556
f 3548 3556 3549
f 3549 3556 3538
f 3535 3550 3548
f 3550 3539 3557
f 3550 3557 3548
f 3548 3557 3537
f 3535 3547 3550
f 3547 3536 3552
f 3547 3552 3550
f 3550 3552 3539
f 3536 3553 3554
f 3553 3540 3565
f 3553 3565 3554
f 3554 3565 3543
f 3540 3560 3566
f 3560 3538 3562
f 3560 3562 3566
f 3566 3562 3545
f 3538 3556 3561
f 3556 3537 3558
f 3556 3558 3561
f 3561 3558 3542
f 3537 3557 3559
f 3557 3539 3564
f 3557 3564 3559
f 3559 3564 3546
f 3539 3552 3563
f 3552 3536 3555
f 3552 3555 3563
f 3563 3555 3544
f 3542 3573 3567
f 3573 3546 3571
f 3573 3571 3567
f 3567 3571 3541
f 3546 3576 3571
f 3576 3544 3569
f 3576 3569 3571
f 3571 3569 3541
f 3544 3574 3569
f 3574 3543 3568
f 3574 3568 3569
f 3569 3568 3541
f 3543 3575 3568
f 3575 3545 3570
f 3575 3570 3568
f 3568 3570 3541
f 3545 3572 3570
f 3572 3542 3567
f 3572 3567 3570
f 3570 3567 3541
f 3537 3559 3558
f 3559 3546 3573
f 3559 3573 3558
f 3558 3573 3542
f 3539 3563 3564
f 3563 3544 3576
f 3563 3576 3564
f 3564 3576 3546
f 3536 3554 3555
f 3554 3543 3574
f 3554 3574 3555
f 3555 3574 3544
f 3540 3566 3565
f 3566 3545 3575
f 3566 3575 3565
f 3565 3575 3543
f 3538 3561 3562
f 3561 3542 3572
f 3561 3572 3562
f 3562 3572 3545
v 0.759 0.579 9.837
v 0.759 -0.192 9.837
v 1.144 0.817 9.213
v 0.373 0.817 9.213
v 1.383 0.193 9.599
v 0.135 0.193 9.599
v 0.759 -0.192 8.589
v 0.759 0.579 8.589
v 0.373 -0.431 9.213
v 1.144 -0.431 9.213
v 0.135 0.193 8.828
v 1.383 0.193 8.828
v 0.759 0.193 9.947
v 0.985 0.787 9.580
v 0.532 0.787 9.580
v 1.126 0.420 9.807
v 0.392 0.420 9.807
v 1.126 -0.034 9.807
v 0.392 -0.034 9.807
v 0.532 -0.400 9.580
v 0.985 -0.400 9.580
v 0.759 0.927 9.213
v 1.352 0.560 9.440
v 0.985 0.787 8.847
v 1.352 0.560 8.987
v 0.165 0.560 9.440
v 0.532 0.787 8.847
v 0.165 0.560 8.987
v 1.352 -0.174 9.440
v 1.492 0.193 9.213
v 0.165 -0.174 9.440
v 0.025 0.193 9.213
v 0.759 0.193 8.480
v 0.532 -0.400 8.847
v 0.985 -0.400 8.847
v 0.392 -0.034 8.620
v 1.126 -0.034 8.620
v 0.392 0.420 8.620
v 1.126 0.420 8.620
v 0.759 -0.540 9.213
v 0.165 -0.174 8.987
v 1.352 -0.174 8.987
usemtl mtl-003
f 3577 3593 3589
f 3593 3582 3595
f 3593 3595 3589
f 3589 3595 3578
f 3577 3591 3593
f 3591 3580 3602
f 3591 3602 3593
f 3593 3602 3582
f 3577 3590 3591
f 3590 3579 3598
f 3590 3598 3591
f 3591 3598 3580
f 3577 3592 3590
f 3592 3581 3599
f 3592 3599 3590
f 3590 3599 3579
f 3577 3589 3592
f 3589 3578 3594
f 3589 3594 3592
f 3592 3594 3581
f 3578 3595 3596
f 3595 3582 3607
f 3595 3607 3596
f 3596 3607 3585
f 3582 3602 3608
f 3602 3580 3604
f 3602 3604 3608
f 3608 3604 3587
f 3580 3598 3603
f 3598 3579 3600
f 3598 3600 3603
f 3603 3600 3584
f 3579 3599 3601
f 3599 3581 3606
f 3599 3606 3601
f 3601 3606 3588
f 3581 3594 3605
f 3594 3578 3597
f 3594 3597 3605
f 3605 3597 3586
f 3584 3615 3609
f 3615 3588 3613
f 3615 3613 3609
f 3609 3613 3583
f 3588 3618 3613
f 3618 3586 3611
f 3618 3611 3613
f 3613 3611 3583
f 3586 3616 3611
f 3616 3585 3610
f 3616 3610 3611
f 3611 3610 3583
f 3585 3617 3610
f 3617 3587 3612
f 3617 3612 3610
f 3610 3612 3583
f 3587 3614 3612
f 3614 3584 3609
f 3614 3609 3612
f 3612 3609 3583
f 3579 3601 3600
f 3601 3588 3615
f 3601 3615 3600
f 3600 3615 3584
f 3581 3605 3606
f 3605 3586 3618
f 3605 3618 3606
f 3606 3618 3588
f 3578 3596 3597
f 3596 3585 3616
f 3596 3616 3597
f 3597 3616 3586
f 3582 3608 3607
f 3608 3587 3617
f 3608 3617 3607
f 3607 3617 3585
f 3580 3603 3604
f 3603 3584 3614
f 3603 3614 3604
f 3604 3614 3587
v -10.942 12.423 16.623
v -10.942 11.757 16.623
v -10.609 12.629 16.084
v -11.275 12.629 16.084
v -10.403 12.090 16.417
v -11.480 12.090 16.417
v -10.942 11.757 15.546
v -10.942 12.423 15.546
v -11.275 11.552 16.084
v -10.609 11.552 16.084
v -11.480 12.090 15.751
v -10.403 12.090 15.751
v -10.942 12.090 16.718
v -10.746 12.603 16.401
v -11.137 12.603 16.401
v -10.625 12.286 16.597
v -11.258 12.286 16.597
v -10.625 11.895 16.597
v -11.258 11.895 16.597
v -11.137 11.578 16.401
v -10.746 11.578 16.401
v -10.942 12.724 16.084
v -10.429 12.407 16.280
v -10.746 12.603 15.768
v -10.429 12.407 15.889
v -11.454 12.407 16.280
v -11.137 12.603 15.768
v -11.454 12.407 15.889
v -10.429 11.774 16.280
v -10.308 12.090 16.084
v -11.454 11.774 16.280
v -11.575 12.090 16.084
v -10.942 12.090 15.451
v -11.137 11.578 15.768
v -10.746 11.578 15.768
v -11.258 11.895 15.572
v -10.625 11.895 15.572
v -11.258 12.286 15.572
v -10.625 12.286 15.572
v -10.942 11.457 16.084
v -11.454 11.774 15.889
v -10.429 11.774 15.889
f 3619 3635 3631
f 3635 3624 3637
f 3635 3637 3631
f 3631 3637 3620
f 3619 3633 3635
f 3633 3622 3644
f 3633 3644 3635
f 3635 3644 3624
f 3619 3632 3633
f 3632 3621 3640
f 3632 3640 3633
f 3633 3640 3622
f 3619 3634 3632
f 3634 3623 3641
f 3634 3641 3632
f 3632 3641 3621
f 3619 3631 3634
f 3631 3620 3636
f 3631 3636 3634
f 3634 3636 3623
f 3620 3637 3638
f 3637 3624 3649
f 3637 3649 3638
f 3638 3649 3627
f 3624 3644 3650
f 3644 3622 3646
f 3644 3646 3650
f 3650 3646 3629
f 3622 3640 3645
f 3640 3621 3642
f 3640 3642 3645
f 3645 3642 3626
f 3621 3641 3643
f 3641 3623 3648
f 3641 3648 3643
f 3643 3648 3630
f 3623 3636 3647
f 3636 3620 3639
f 3636 3639 3647
f 3647 3639 3628
f 3626 3657 3651
f 3657 3630 3655
f 3657 3655 3651
f 3651 3655 3625
f 3630 3660 3655
f 3660 3628 3653
f 3660 3653 3655
f 3655 3653 3625
f 3628 3658 3653
f 3658 3627 3652
f 3658 3652 3653
f 3653 3652 3625
f 3627 3659 3652
f 3659 3629 3654
f 3659 3654 3652
f 3652 3654 3625
f 3629 3656 3654
f 3656 3626 3651
f 3656 3651 3654
f 3654 3651 3625
f 3621 3643 3642
f 3643 3630 3657
f 3643 3657 3642
f 3642 3657 3626
f 3623 3647 3648
f 3647 3628 3660
f 3647 3660 3648
f 3648 3660 3630
f 3620 3638 3639
f 3638 3627 3658
f 3638 3658 3639
f 3639 3658 3628
f 3624 3650 3649
f 3650 3629 3659
f 3650 3659 3649
f 3649 3659 3627
f 3622 3645 3646
f 3645 3626 3656
f 3645 3656 3646
f 3646 3656 3629
v -21.404 -25.915 14.491
v -21.404 -26.581 14.491
v -21.071 -25.709 13.952
v -21.737 -25.709 13.952
v -20.866 -26.248 14.285
v -21.943 -26.248 14.285
v -21.404 -26.581 13.414
v -21.404 -25.915 13.414
v -21.737 -26.787 13.952
v -21.071 -26.787 13.952
v -21.943 -26.248 13.620
v -20.866 -26.248 13.620
v -21.404 -26.248 14.586
v -21.209 -25.735 14.269
v -21.600 -25.735 14.269
v -21.088 -26.052 14.465
v -21.721 -26.052 14.465
v -21.088 -26.444 14.465
v -21.721 -26.444 14.465
v -21.600 -26.760 14.269
v -21.209 -26.760 14.269
v -21.404 -25.615 13.952
v -20.892 -25.931 14.148
v -21.209 -25.735 13.636
v -20.892 -25.931 13.757
v -21.917 -25.931 14.148
v -21.600 -25.735 13.636
v -21.917 -25.931 13.757
v -20.892 -26.564 14.148
v -20.771 -26.248 13.952
v -21.917 -26.564 14.148
v -22.038 -26.248 13.952
v -21.404 -26.248 13.319
v -21.600 -26.760 13.636
v -21.209 -26.760 13.636
v -21.721 -26.444 13.440
v -21.088 -26.444 13.440
v -21.721 -26.052 13.440
v -21.088 -26.052 13.440
v -21.404 -26.881 13.952
v -21.917 -26.564 13.757
v -20.892 -26.564 13.757
f 3661 3677 3673
f 3677 3666 3679
f 3677 3679 3673
f 3673 3679 3662
f 3661 3675 3677
f 3675 3664 3686
f 3675 3686 3677
f 3677 3686 3666
f 3661 3674 3675
f 3674 3663 3682
f 3674 3682 3675
f 3675 3682 3664
f 3661 3676 3674
f 3676 3665 3683
f 3676 3683 3674
f 3674 3683 3663
f 3661 3673 3676
f 3673 3662 3678
f 3673 3678 3676
f 3676 3678 3665
f 3662 3679 3680
f 3679 3666 3691
f 3679 3691 3680
f 3680 3691 3669
f 3666 3686 3692
f 3686 3664 3688
f 3686 3688 3692
f 3692 3688 3671
f 3664 3682 3687
f 3682 3663 3684
f 3682 3684 3687
f 3687 3684 3668
f 3663 3683 3685
f 3683 3665 3690
f 3683 3690 3685
f 3685 3690 3672
f 3665 3678 3689
f 3678 3662 3681
f 3678 3681 3689
f 3689 3681 3670
f 3668 3699 3693
f 3699 3672 3697
f 3699 3697 3693
f 3693 3697 3667
f 3672 3702 3697
f 3702 3670 3695
f 3702 3695 3697
f 3697 3695 3667
f 3670 3700 3695
f 3700 3669 3694
f 3700 3694 3695
f 3695 3694 3667
f 3669 3701 3694
f 3701 3671 3696
f 3701 3696 3694
f 3694 3696 3667
f 3671 3698 3696
f 3698 3668 3693
f 3698 3693 3696
f 3696 3693 3667
f 3663 3685 3684
f 3685 3672 3699
f 3685 3699 3684
f 3684 3699 3668
f 3665 3689 3690
f 3689 3670 3702
f 3689 3702 3690
f 3690 3702 3672
f 3662 3680 3681
f 3680 3669 3700
f 3680 3700 3681
f 3681 3700 3670
f 3666 3692 3691
f 3692 3671 3701
f 3692 3701 3691
f 3691 3701 3669
f 3664 3687 3688
f 3687 3668 3698
f 3687 3698 3688
f 3688 3698 3671
v -37.259 -4.320 25.651
v -37.259 -5.074 25.651
v -36.882 -4.086 25.041
v -37.637 -4.086 25.041
v -36.649 -4.697 25.418
v -37.870 -4.697 25.418
v -37.259 -5.074 24.430
v -37.259 -4.320 24.430
v -37.637 -5.307 25.041
v -36.882 -5.307 25.041
v -37.870 -4.697 24.663
v -36.649 -4.697 24.663
v -37.259 -4.697 25.759
v -37.037 -4.116 25.400
v -37.481 -4.116 25.400
v -36.900 -4.475 25.621
v -37.618 -4.475 25.621
v -36.900 -4.919 25.621
v -37.618 -4.919 25.621
v -37.481 -5.278 25.400
v -37.037 -5.278 25.400
v -37.259 -3.979 25.041
v -36.679 -4.338 25.263
v -37.037 -4.116 24.682
v -36.679 -4.338 24.819
v -37.840 -4.338 25.263
v -37.481 -4.116 24.682
v -37.840 -4.338 24.819
v -36.679 -5.056 25.263
v -36.541 -4.697 25.041
v -37.840 -5.056 25.263
v -37.977 -4.697 25.041
v -37.259 -4.697 24.323
v -37.481 -5.278 24.682
v -37.037 -5.278 24.682
v -37.618 -4.919 24.460
v -36.900 -4.919 24.460
v -37.618 -4.475 24.460
v -36.900 -4.475 24.460
v -37.259 -5.415 25.041
v -37.840 -5.056 24.819
v -36.679 -5.056 24.819
f 3703 3719 3715
f 3719 3708 3721
f 3719 3721 3715
f 3715 3721 3704
f 3703 3717 3719
f 3717 3706 3728
f 3717 3728 3719
f 3719 3728 3708
f 3703 3716 3717
f 3716 3705 3724
f 3716 3724 3717
f 3717 3724 3706
f 3703 3718 3716
f 3718 3707 3725
f 3718 3725 3716
f 3716 3725 3705
f 3703 3715 3718
f 3715 3704 3720
f 3715 3720 3718
f 3718 3720 3707
f 3704 3721 3722
f 3721 3708 3733
f 3721 3733 3722
f 3722 3733 3711
f 3708 3728 3734
f 3728 3706 3730
f 3728 3730 3734
f 3734 3730 3713
f 3706 3724 3729
f 3724 3705 3726
f 3724 3726 3729
f 3729 3726 3710
f 3705 3725 3727
f 3725 3707 3732
f 3725 3732 3727
f 3727 3732 3714
f 3707 3720 3731
f 3720 3704 3723
f 3720 3723 3731
f 3731 3723 3712
f 3710 3741 3735
f 3741 3714 3739
f 3741 3739 3735
f 3735 3739 3709
f 3714 3744 3739
f 3744 3712 3737
f 3744 3737 3739
f 3739 3737 3709
f 3712 3742 3737
f 3742 3711 3736
f 3742 3736 3737
f 3737 3736 3709
f 3711 3743 3736
f 3743 3713 3738
f 3743 3738 3736
f 3736 3738 3709
f 3713 3740 3738
f 3740 3710 3735
f 3740 3735 3738
f 3738 3735 3709
f 3705 3727 3726
f 3727 3714 3741
f 3727 3741 3726
f 3726 3741 3710
f 3707 3731 3732
f 3731 3712 3744
f 3731 3744 3732
f 3732 3744 3714
f 3704 3722 3723
f 3722 3711 3742
f 3722 3742 3723
f 3723 3742 3712
f 3708 3734 3733
f 3734 3713 3743
f 3734 3743 3733
f 3733 3743 3711
f 3706 3729 3730
f 3729 3710 3740
f 3729 3740 3730
f 3730 3740 3713
v -35.146 -5.769 28.015
v -35.146 -6.435 28.015
v -34.814 -5.563 27.477
v -35.479 -5.563 27.477
v -34.608 -6.102 27.809
v -35.685 -6.102 27.809
v -35.146 -6.435 26.938
v -35.146 -5.769 26.938
v -35.479 -6.641 27.477
v -34.814 -6.641 27.477
v -35.685 -6.102 27.144
v -34.608 -6.102 27.144
v -35.146 -6.102 28.110
v -34.951 -5.590 27.793
v -35.342 -5.590 27.793
v -34.830 -5.906 27.989
v -35.463 -5.906 27.989
v -34.830 -6.298 27.989
v -35.463 -6.298 27.989
v -35.342 -6.614 27.793
v -34.951 -6.614 27.793
v -35.146 -5.469 27.477
v -34.634 -5.785 27.672
v -34.951 -5.590 27.160
v -34.634 -5.785 27.281
v -35.659 -5.785 27.672
v -35.342 -5.590 27.160
v -35.659 -5.785 27.281
v -34.634 -6.419 27.672
v -34.513 -6.102 27.477
v -35.659 -6.419 27.672
v -35.780 -6.102 27.477
v -35.146 -6.102 26.843
v -35.342 -6.614 27.160
v -34.951 -6.614 27.160
v -35.463 -6.298 26.964
v -34.830 -6.298 26.964
v -35.463 -5.906 26.964
v -34.830 -5.906 26.964
v -35.146 -6.735 27.477
v -35.659 -6.419 27.281
v -34.634 -6.419 27.281
f 3745 3761 3757
f 3761 3750 3763
f 3761 3763 3757
f 3757 3763 3746
f 3745 3759 3761
f 3759 3748 3770
f 3759 3770 3761
f 3761 3770 3750
f 3745 3758 3759
f 3758 3747 3766
f 3758 3766 3759
f 3759 3766 3748
f 3745 3760 3758
f 3760 3749 3767
f 3760 3767 3758
f 3758 3767 3747
f 3745 3757 3760
f 3757 3746 3762
f 3757 3762 3760
f 3760 3762 3749
f 3746 3763 3764
f 3763 3750 3775
f 3763 3775 3764
f 3764 3775 3753
f 3750 3770 3776
f 3770 3748 3772
f 3770 3772 3776
f 3776 3772 3755
f 3748 3766 3771
f 3766 3747 3768
f 3766 3768 3771
f 3771 3768 3752
f 3747 3767 3769
f 3767 3749 3774
f 3767 3774 3769
f 3769 3774 3756
f 3749 3762 3773
f 3762 3746 3765
f 3762 3765 3773
f 3773 3765 3754
f 3752 3783 3777
f 3783 3756 3781
f 3783 3781 3777
f 3777 3781 3751
f 3756 3786 3781
f 3786 3754 3779
f 3786 3779 3781
f 3781 3779 3751
f 3754 3784 3779
f 3784 3753 3778
f 3784 3778 3779
f 3779 3778 3751
f 3753 3785 3778
f 3785 3755 3780
f 3785 3780 3778
f 3778 3780 3751
f 3755 3782 3780
f 3782 3752 3777
f 3782 3777 3780
f 3780 3777 3751
f 3747 3769 3768
f 3769 3756 3783
f 3769 3783 3768
f 3768 3783 3752
f 3749 3773 3774
f 3773 3754 3786
f 3773 3786 3774
f 3774 3786 3756
f 3746 3764 3765
f 3764 3753 3784
f 3764 3784 3765
f 3765 3784 3754
f 3750 3776 3775
f 3776 3755 3785
f 3776 3785 3775
f 3775 3785 3753
f 3748 3771 3772
f 3771 3752 3782
f 3771 3782 3772
f 3772 3782 3755
v -45.757 -0.068 25.556
v -45.757 -0.771 25.556
v -45.406 0.149 24.988
v -46.108 0.149 24.988
v -45.189 -0.419 25.339
v -46.326 -0.419 25.339
v -45.757 -0.771 24.419
v -45.757 -0.068 24.419
v -46.108 -0.988 24.988
v -45.406 -0.988 24.988
v -46.326 -0.419 24.636
v -45.189 -0.419 24.636
v -45.757 -0.419 25.656
v -45.551 0.121 25.322
v -45.964 0.121 25.322
v -45.423 -0.213 25.528
v -46.091 -0.213 25.528
v -45.423 -0.626 25.528
v -46.091 -0.626 25.528
v -45.964 -0.960 25.322
v -45.551 -0.960 25.322
v -45.757 0.249 24.988
v -45.216 -0.085 25.194
v -45.551 0.121 24.653
v -45.216 -0.085 24.781
v -46.298 -0.085 25.194
v -45.964 0.121 24.653
v -46.298 -0.085 24.781
v -45.216 -0.754 25.194
v -45.089 -0.419 24.988
v -46.298 -0.754 25.194
v -46.425 -0.419 24.988
v -45.757 -0.419 24.319
v -45.964 -0.960 24.653
v -45.551 -0.960 24.653
v -46.091 -0.626 24.447
v -45.423 -0.626 24.447
v -46.091 -0.213 24.447
v -45.423 -0.213 24.447
v -45.757 -1.088 24.988
v -46.298 -0.754 24.781
v -45.216 -0.754 24.781
f 3787 3803 3799
f 3803 3792 3805
f 3803 3805 3799
f 3799 3805 3788
f 3787 3801 3803
f 3801 3790 3812
f 3801 3812 3803
f 3803 3812 3792
f 3787 3800 3801
f 3800 3789 3808
f 3800 3808 3801
f 3801 3808 3790
f 3787 3802 3800
f 3802 3791 3809
f 3802 3809 3800
f 3800 3809 3789
f 3787 3799 3802
f 3799 3788 3804
f 3799 3804 3802
f 3802 3804 3791
f 3788 3805 3806
f 3805 3792 3817
f 3805 3817 3806
f 3806 3817 3795
f 3792 3812 3818
f 3812 3790 3814
f 3812 3814 3818
f 3818 3814 3797
f 3790 3808 3813
f 3808 3789 3810
f 3808 3810 3813
f 3813 3810 3794
f 3789 3809 3811
f 3809 3791 3816
f 3809 3816 3811
f 3811 3816 3798
f 3791 3804 3815
f 3804 3788 3807
f 3804 3807 3815
f 3815 3807 3796
f 3794 3825 3819
f 3825 3798 3823
f 3825 3823 3819
f 3819 3823 3793
f 3798 3828 3823
f 3828 3796 3821
f 3828 3821 3823
f 3823 3821 3793
f 3796 3826 3821
f 3826 3795 3820
f 3826 3820 3821
f 3821 3820 3793
f 3795 3827 3820
f 3827 3797 3822
f 3827 3822 3820
f 3820 3822 3793
f 3797 3824 3822
f 3824 3794 3819
f 3824 3819 3822
f 3822 3819 3793
f 3789 3811 3810
f 3811 3798 3825
f 3811 3825 3810
f 3810 3825 3794
f 3791 3815 3816
f 3815 3796 3828
f 3815 3828 3816
f 3816 3828 3798
f 3788 3806 3807
f 3806 3795 3826
f 3806 3826 3807
f 3807 3826 3796
f 3792 3818 3817
f 3818 3797 3827
f 3818 3827 3817
f 3817 3827 3795
f 3790 3813 3814
f 3813 3794 3824
f 3813 3824 3814
f 3814 3824 3797
v 6.283 12.216 31.261
v 6.283 11.550 31.261
v 6.616 12.422 30.722
v 5.950 12.422 30.722
v 6.821 11.883 31.055
v 5.744 11.883 31.055
v 6.283 11.550 30.184
v 6.283 12.216 30.184
v 5.950 11.344 30.722
v 6.616 11.344 30.722
v 5.744 11.883 30.389
v 6.821 11.883 30.389
v 6.283 11.883 31.356
v 6.478 12.395 31.039
v 6.087 12.395 31.039
v 6.599 12.079 31.235
v 5.966 12.079 31.235
v 6.599 11.687 31.235
v 5.966 11.687 31.235
v 6.087 11.371 31.039
v 6.478 11.371 31.039
v 6.283 12.516 30.722
v 6.795 12.200 30.918
v 6.478 12.395 30.406
v 6.795 12.200 30.527
v 5.770 12.200 30.918
v 6.087 12.395 30.406
v 5.770 12.200 30.527
v 6.795 11.566 30.918
v 6.916 11.883 30.722
v 5.770 11.566 30.918
v 5.649 11.883 30.722
v 6.283 11.883 30.089
v 6.087 11.371 30.406
v 6.478 11.371 30.406
v 5.966 11.687 30.210
v 6.599 11.687 30.210
v 5.966 12.079 30.210
v 6.599 12.079 30.210
v 6.283 11.250 30.722
v 5.770 11.566 30.527
v 6.795 11.566 30.527
f 3829 3845 3841
f 3845 3834 3847
f 3845 3847 3841
f 3841 3847 3830
f 3829 3843 3845
f 3843 3832 3854
f 3843 3854 3845
f 3845 3854 3834
f 3829 3842 3843
f 3842 3831 3850
f 3842 3850 3843
f 3843 3850 3832
f 3829 3844 3842
f 3844 3833 3851
f 3844 3851 3842
f 3842 3851 3831
f 3829 3841 3844
f 3841 3830 3846
f 3841 3846 3844
f 3844 3846 3833
f 3830 3847 3848
f 3847 3834 3859
f 3847 3859 3848
f 3848 3859 3837
f 3834 3854 3860
f 3854 3832 3856
f 3854 3856 3860
f 3860 3856 3839
f 3832 3850 3855
f 3850 3831 3852
f 3850 3852 3855
f 3855 3852 3836
f 3831 3851 3853
f 3851 3833 3858
f 3851 3858 3853
f 3853 3858 3840
f 3833 3846 3857
f 3846 3830 3849
f 3846 3849 3857
f 3857 3849 3838
f 3836 3867 3861
f 3867 3840 3865
f 3867 3865 3861
f 3861 3865 3835
f 3840 3870 3865
f 3870 3838 3863
f 3870 3863 3865
f 3865 3863 3835
f 3838 3868 3863
f 3868 3837 3862
f 3868 3862 3863
f 3863 3862 3835
f 3837 3869 3862
f 3869 3839 3864
f 3869 3864 3862
f 3862 3864 3835
f 3839 3866 3864
f 3866 3836 3861
f 3866 3861 3864
f 3864 3861 3835
f 3831 3853 3852
f 3853 3840 3867
f 3853 3867 3852
f 3852 3867 3836
f 3833 3857 3858
f 3857 3838 3870
f 3857 3870 3858
f 3858 3870 3840
f 3830 3848 3849
f 3848 3837 3868
f 3848 3868 3849
f 3849 3868 3838
f 3834 3860 3859
f 3860 3839 3869
f 3860 3869 3859
f 3859 3869 3837
f 3832 3855 3856
f 3855 3836 3866
f 3855 3866 3856
f 3856 3866 3839
v -48.282 -1.135 31.468
v -48.282 -1.838 31.468
v -47.931 -0.918 30.899
v -48.634 -0.918 30.899
v -47.714 -1.486 31.251
v -48.851 -1.486 31.251
v -48.282 -1.838 30.331
v -48.282 -1.135 30.331
v -48.634 -2.055 30.899
v -47.931 -2.055 30.899
v -48.851 -1.486 30.548
v -47.714 -1.486 30.548
v -48.282 -1.486 31.568
v -48.076 -0.946 31.234
v -48.489 -0.946 31.234
v -47.948 -1.280 31.440
v -48.616 -1.280 31.440
v -47.948 -1.693 31.440
v -48.616 -1.693 31.440
v -48.489 -2.027 31.234
v -48.076 -2.027 31.234
v -48.282 -0.818 30.899
v -47.742 -1.152 31.106
v -48.076 -0.946 30.565
v -47.742 -1.152 30.693
v -48.823 -1.152 31.106
v -48.489 -0.946 30.565
v -48.823 -1.152 30.693
v -47.742 -1.821 31.106
v -47.614 -1.486 30.899
v -48.823 -1.821 31.106
v -48.951 -1.486 30.899
v -48.282 -1.486 30.231
v -48.489 -2.027 30.565
v -48.076 -2.027 30.565
v -48.616 -1.693 30.359
v -47.948 -1.693 30.359
v -48.616 -1.280 30.359
v -47.948 -1.280 30.359
v -48.282 -2.155 30.899
v -48.823 -1.821 30.693
v -47.742 -1.821 30.693
f 3871 3887 3883
f 3887 3876 3889
f 3887 3889 3883
f 3883 3889 3872
f 3871 3885 3887
f 3885 3874 3896
f 3885 3896 3887
f 3887 3896 3876
f 3871 3884 3885
f 3884 3873 3892
f 3884 3892 3885
f 3885 3892 3874
f 3871 3886 3884
f 3886 3875 3893
f 3886 3893 3884
f 3884 3893 3873
f 3871 3883 3886
f 3883 3872 3888
f 3883 3888 3886
f 3886 3888 3875
f 3872 3889 3890
f 3889 3876 3901
f 3889 3901 3890
f 3890 3901 3879
f 3876 3896 3902
f 3896 3874 3898
f 3896 3898 3902
f 3902 3898 3881
f 3874 3892 3897
f 3892 3873 3894
f 3892 3894 3897
f 3897 3894 3878
f 3873 3893 3895
f 3893 3875 3900
f 3893 3900 3895
f 3895 3900 3882
f 3875 3888 3899
f 3888 3872 3891
f 3888 3891 3899
f 3899 3891 3880
f 3878 3909 3903
f 3909 3882 3907
f 3909 3907 3903
f 3903 3907 3877
f 3882 3912 3907
f 3912 3880 3905
f 3912 3905 3907
f 3907 3905 3877
f 3880 3910 3905
f 3910 3879 3904
f 3910 3904 3905
f 3905 3904 3877
f 3879 3911 3904
f 3911 3881 3906
f 3911 3906 3904
f 3904 3906 3877
f 3881 3908 3906
f 3908 3878 3903
f 3908 3903 3906
f 3906 3903 3877
f 3873 3895 3894
f 3895 3882 3909
f 3895 3909 3894
f 3894 3909 3878
f 3875 3899 3900
f 3899 3880 3912
f 3899 3912 3900
f 3900 3912 3882
f 3872 3890 3891
f 3890 3879 3910
f 3890 3910 3891
f 3891 3910 3880
f 3876 3902 3901
f 3902 3881 3911
f 3902 3911 3901
f 3901 3911 3879
f 3874 3897 3898
f 3897 3878 3908
f 3897 3908 3898
f 3898 3908 3881
v -44.632 2.269 -28.320
v -44.632 1.584 -28.320
v -44.289 2.480 -28.873
v -44.974 2.480 -28.873
v -44.078 1.926 -28.531
v -45.185 1.926 -28.531
v -44.632 1.584 -29.427
v -44.632 2.269 -29.427
v -44.974 1.373 -28.873
v -44.289 1.373 -28.873
v -45.185 1.926 -29.216
v -44.078 1.926 -29.216
v -44.632 1.926 -28.222
v -44.430 2.453 -28.548
v -44.833 2.453 -28.548
v -44.306 2.127 -28.347
v -44.957 2.127 -28.347
v -44.306 1.725 -28.347
v -44.957 1.725 -28.347
v -44.833 1.400 -28.548
v -44.430 1.400 -28.548
v -44.632 2.577 -28.873
v -44.105 2.252 -28.672
v -44.430 2.453 -29.199
v -44.105 2.252 -29.075
v -45.158 2.252 -28.672
v -44.833 2.453 -29.199
v -45.158 2.252 -29.075
v -44.105 1.601 -28.672
v -43.981 1.926 -28.873
v -45.158 1.601 -28.672
v -45.283 1.926 -28.873
v -44.632 1.926 -29.524
v -44.833 1.400 -29.199
v -44.430 1.400 -29.199
v -44.957 1.725 -29.400
v -44.306 1.725 -29.400
v -44.957 2.127 -29.400
v -44.306 2.127 -29.400
v -44.632 1.275 -28.873
v -45.158 1.601 -29.075
v -44.105 1.601 -29.075
f 3913 3929 3925
f 3929 3918 3931
f 3929 3931 3925
f 3925 3931 3914
f 3913 3927 3929
f 3927 3916 3938
f 3927 3938 3929
f 3929 3938 3918
f 3913 3926 3927
f 3926 3915 3934
f 3926 3934 3927
f 3927 3934 3916
f 3913 3928 3926
f 3928 3917 3935
f 3928 3935 3926
f 3926 3935 3915
f 3913 3925 3928
f 3925 3914 3930
f 3925 3930 3928
f 3928 3930 3917
f 3914 3931 3932
f 3931 3918 3943
f 3931 3943 3932
f 3932 3943 3921
f 3918 3938 3944
f 3938 3916 3940
f 3938 3940 3944
f 3944 3940 3923
f 3916 3934 3939
f 3934 3915 3936
f 3934 3936 3939
f 3939 3936 3920
f 3915 3935 3937
f 3935 3917 3942
f 3935 3942 3937
f 3937 3942 3924
f 3917 3930 3941
f 3930 3914 3933
f 3930 3933 3941
f 3941 3933 3922
f 3920 3951 3945
f 3951 3924 3949
f 3951 3949 3945
f 3945 3949 3919
f 3924 3954 3949
f 3954 3922 3947
f 3954 3947 3949
f 3949 3947 3919
f 3922 3952 3947
f 3952 3921 3946
f 3952 3946 3947
f 3947 3946 3919
f 3921 3953 3946
f 3953 3923 3948
f 3953 3948 3946
f 3946 3948 3919
f 3923 3950 3948
f 3950 3920 3945
f 3950 3945 3948
f 3948 3945 3919
f 3915 3937 3936
f 3937 3924 3951
f 3937 3951 3936
f 3936 3951 3920
f 3917 3941 3942
f 3941 3922 3954
f 3941 3954 3942
f 3942 3954 3924
f 3914 3932 3933
f 3932 3921 3952
f 3932 3952 3933
f 3933 3952 3922
f 3918 3944 3943
f 3944 3923 3953
f 3944 3953 3943
f 3943 3953 3921
f 3916 3939 3940
f 3939 3920 3950
f 3939 3950 3940
f 3940 3950 3923
v -48.640 14.043 -26.510
v -48.640 13.288 -26.510
v -48.263 14.276 -27.121
v -49.018 14.276 -27.121
v -48.030 13.666 -26.743
v -49.251 13.666 -26.743
v -48.640 13.288 -27.731
v -48.640 14.043 -27.731
v -49.018 13.055 -27.121
v -48.263 13.055 -27.121
v -49.251 13.666 -27.498
v -48.030 13.666 -27.498
v -48.640 13.666 -26.403
v -48.418 14.246 -26.762
v -48.862 14.246 -26.762
v -48.281 13.887 -26.540
v -48.999 13.887 -26.540
v -48.281 13.444 -26.540
v -48.999 13.444 -26.540
v -48.862 13.085 -26.762
v -48.418 13.085 -26.762
v -48.640 14.383 -27.121
v -48.060 14.024 -26.899
v -48.418 14.246 -27.480
v -48.060 14.024 -27.343
v -49.221 14.024 -26.899
v -48.862 14.246 -27.480
v -49.221 14.024 -27.343
v -48.060 13.307 -26.899
v -47.923 13.666 -27.121
v -49.221 13.307 -26.899
v -49.358 13.666 -27.121
v -48.640 13.666 -27.839
v -48.862 13.085 -27.480
v -48.418 13.085 -27.480
v -48.999 13.444 -27.701
v -48.281 13.444 -27.701
v -48.999 13.887 -27.701
v -48.281 13.887 -27.701
v -48.640 12.948 -27.121
v -49.221 13.307 -27.343
v -48.060 13.307 -27.343
f 3955 3971 3967
f 3971 3960 3973
f 3971 3973 3967
f 3967 3973 3956
f 3955 3969 3971
f 3969 3958 3980
f 3969 3980 3971
f 3971 3980 3960
f 3955 3968 3969
f 3968 3957 3976
f 3968 3976 3969
f 3969 3976 3958
f 3955 3970 3968
f 3970 3959 3977
f 3970 3977 3968
f 3968 3977 3957
f 3955 3967 3970
f 3967 3956 3972
f 3967 3972 3970
f 3970 3972 3959
f 3956 3973 3974
f 3973 3960 3985
f 3973 3985 3974
f 3974 3985 3963
f 3960 3980 3986
f 3980 3958 3982
f 3980 3982 3986
f 3986 3982 3965
f 3958 3976 3981
f 3976 3957 3978
f 3976 3978 3981
f 3981 3978 3962
f 3957 3977 3979
f 3977 3959 3984
f 3977 3984 3979
f 3979 3984 3966
f 3959 3972 3983
f 3972 3956 3975
f 3972 3975 3983
f 3983 3975 3964
f 3962 3993 3987
f 3993 3966 3991
f 3993 3991 3987
f 3987 3991 3961
f 3966 3996 3991
f 3996 3964 3989
f 3996 3989 3991
f 3991 3989 3961
f 3964 3994 3989
f 3994 3963 3988
f 3994 3988 3989
f 3989 3988 3961
f 3963 3995 3988
f 3995 3965 3990
f 3995 3990 3988
f 3988 3990 3961
f 3965 3992 3990
f 3992 3962 3987
f 3992 3987 3990
f 3990 3987 3961
f 3957 3979 3978
f 3979 3966 3993
f 3979 3993 3978
f 3978 3993 3962
f 3959 3983 3984
f 3983 3964 3996
f 3983 3996 3984
f 3984 3996 3966
f 3956 3974 3975
f 3974 3963 3994
f 3974 3994 3975
f 3975 3994 3964
f 3960 3986 3985
f 3986 3965 3995
f 3986 3995 3985
f 3985 3995 3963
f 3958 3981 3982
f 3981 3962 3992
f 3981 3992 3982
f 3982 3992 3965
v -37.975 14.428 -20.912
v -37.975 13.762 -20.912
v -37.642 14.633 -21.451
v -38.308 14.633 -21.451
v -37.436 14.095 -21.118
v -38.514 14.095 -21.118
v -37.975 13.762 -21.989
v -37.975 14.428 -21.989
v -38.308 13.556 -21.451
v -37.642 13.556 -21.451
v -38.514 14.095 -21.784
v -37.436 14.095 -21.784
v -37.975 14.095 -20.817
v -37.779 14.607 -21.134
v -38.171 14.607 -21.134
v -37.658 14.290 -20.938
v -38.292 14.290 -20.938
v -37.658 13.899 -20.938
v -38.292 13.899 -20.938
v -38.171 13.582 -21.134
v -37.779 13.582 -21.134
v -37.975 14.728 -21.451
v -37.463 14.411 -21.255
v -37.779 14.607 -21.767
v -37.463 14.411 -21.646
v -38.487 14.411 -21.255
v -38.171 14.607 -21.767
v -38.487 14.411 -21.646
v -37.463 13.778 -21.255
v -37.342 14.095 -21.451
v -38.487 13.778 -21.255
v -38.608 14.095 -21.451
v -37.975 14.095 -22.084
v -38.171 13.582 -21.767
v -37.779 13.582 -21.767
v -38.292 13.899 -21.963
v -37.658 13.899 -21.963
v -38.292 14.290 -21.963
v -37.658 14.290 -21.963
v -37.975 13.461 -21.451
v -38.487 13.778 -21.646
v -37.463 13.778 -21.646
f 3997 4013 4009
f 4013 4002 4015
f 4013 4015 4009
f 4009 4015 3998
f 3997 4011 4013
f 4011 4000 4022
f 4011 4022 4013
f 4013 4022 4002
f 3997 4010 4011
f 4010 3999 4018
f 4010 4018 4011
f 4011 4018 4000
f 3997 4012 4010
f 4012 4001 4019
f 4012 4019 4010
f 4010 4019 3999
f 3997 4009 4012
f 4009 3998 4014
f 4009 4014 4012
f 4012 4014 4001
f 3998 4015 4016
f 4015 4002 4027
f 4015 4027 4016
f 4016 4027 4005
f 4002 4022 4028
f 4022 4000 4024
f 4022 4024 4028
f 4028 4024 4007
f 4000 4018 4023
f 4018 3999 4020
f 4018 4020 4023
f 4023 4020 4004
f 3999 4019 4021
f 4019 4001 4026
f 4019 4026 4021
f 4021 4026 4008
f 4001 4014 4025
f 4014 3998 4017
f 4014 4017 4025
f 4025 4017 4006
f 4004 4035 4029
f 4035 4008 4033
f 4035 4033 4029
f 4029 4033 4003
f 4008 4038 4033
f 4038 4006 4031
f 4038 4031 4033
f 4033 4031 4003
f 4006 4036 4031
f 4036 4005 4030
f 4036 4030 4031
f 4031 4030 4003
f 4005 4037 4030
f 4037 4007 4032
f 4037 4032 4030
f 4030 4032 4003
f 4007 4034 4032
f 4034 4004 4029
f 4034 4029 4032
f 4032 4029 4003
f 3999 4021 4020
f 4021 4008 4035
f 4021 4035 4020
f 4020 4035 4004
f 4001 4025 4026
f 4025 4006 4038
f 4025 4038 4026
f 4026 4038 4008
f 3998 4016 4017
f 4016 4005 4036
f 4016 4036 4017
f 4017 4036 4006
f 4002 4028 4027
f 4028 4007 4037
f 4028 4037 4027
f 4027 4037 4005
f 4000 4023 4024
f 4023 4004 4034
f 4023 4034 4024
f 4024 4034 4007
v -7.627 -10.414 -9.895
v -7.627 -11.080 -9.895
v -7.294 -10.208 -10.433
v -7.959 -10.208 -10.433
v -7.088 -10.747 -10.100
v -8.165 -10.747 -10.100
v -7.627 -11.080 -10.972
v -7.627 -10.414 -10.972
v -7.959 -11.286 -10.433
v -7.294 -11.286 -10.433
v -8.165 -10.747 -10.766
v -7.088 -10.747 -10.766
v -7.627 -10.747 -9.800
v -7.431 -10.235 -10.117
v -7.822 -10.235 -10.117
v -7.310 -10.551 -9.921
v -7.943 -10.551 -9.921
v -7.310 -10.943 -9.921
v -7.943 -10.943 -9.921
v -7.822 -11.259 -10.117
v -7.431 -11.259 -10.117
v -7.627 -10.114 -10.433
v -7.114 -10.430 -10.238
v -7.431 -10.235 -10.750
v -7.114 -10.430 -10.629
v -8.139 -10.430 -10.238
v -7.822 -10.235 -10.750
v -8.139 -10.430 -10.629
v -7.114 -11.064 -10.238
v -6.993 -10.747 -10.433
v -8.139 -11.064 -10.238
v -8.260 -10.747 -10.433
v -7.627 -10.747 -11.067
v -7.822 -11.259 -10.750
v -7.431 -11.259 -10.750
v -7.943 -10.943 -10.946
v -7.310 -10.943 -10.946
v -7.943 -10.551 -10.946
v -7.310 -10.551 -10.946
v -7.627 -11.380 -10.433
v -8.139 -11.064 -10.629
v -7.114 -11.064 -10.629
f 4039 4055 4051
f 4055 4044 4057
f 4055 4057 4051
f 4051 4057 4040
f 4039 4053 4055
f 4053 4042 4064
f 4053 4064 4055
f 4055 4064 4044
f 4039 4052 4053
f 4052 4041 4060
f 4052 4060 4053
f 4053 4060 4042
f 4039 4054 4052
f 4054 4043 4061
f 4054 4061 4052
f 4052 4061 4041
f 4039 4051 4054
f 4051 4040 4056
f 4051 4056 4054
f 4054 4056 4043
f 4040 4057 4058
f 4057 4044 4069
f 4057 4069 4058
f 4058 4069 4047
f 4044 4064 4070
f 4064 4042 4066
f 4064 4066 4070
f 4070 4066 4049
f 4042 4060 4065
f 4060 4041 4062
f 4060 4062 4065
f 4065 4062 4046
f 4041 4061 4063
f 4061 4043 4068
f 4061 4068 4063
f 4063 4068 4050
f 4043 4056 4067
f 4056 4040 4059
f 4056 4059 4067
f 4067 4059 4048
f 4046 4077 4071
f 4077 4050 4075
f 4077 4075 4071
f 4071 4075 4045
f 4050 4080 4075
f 4080 4048 4073
f 4080 4073 4075
f 4075 4073 4045
f 4048 4078 4073
f 4078 4047 4072
f 4078 4072 4073
f 4073 4072 4045
f 4047 4079 4072
f 4079 4049 4074
f 4079 4074 4072
f 4072 4074 4045
f 4049 4076 4074
f 4076 4046 4071
f 4076 4071 4074
f 4074 4071 4045
f 4041 4063 4062
f 4063 4050 4077
f 4063 4077 4062
f 4062 4077 4046
f 4043 4067 4068
f 4067 4048 4080
f 4067 4080 4068
f 4068 4080 4050
f 4040 4058 4059
f 4058 4047 4078
f 4058 4078 4059
f 4059 4078 4048
f 4044 4070 4069
f 4070 4049 4079
f 4070 4079 4069
f 4069 4079 4047
f 4042 4065 4066
f 4065 4046 4076
f 4065 4076 4066
f 4066 4076 4049
v -10.571 0.009 16.148
v -10.571 -0.810 16.148
v -10.161 0.262 15.485
v -10.980 0.262 15.485
v -9.908 -0.400 15.895
v -11.233 -0.400 15.895
v -10.571 -0.810 14.823
v -10.571 0.009 14.823
v -10.980 -1.063 15.485
v -10.161 -1.063 15.485
v -11.233 -0.400 15.076
v -9.908 -0.400 15.076
v -10.571 -0.400 16.264
v -10.330 0.230 15.874
v -10.812 0.230 15.874
v -10.181 -0.160 16.115
v -10.960 -0.160 16.115
v -10.181 -0.641 16.115
v -10.960 -0.641 16.115
v -10.812 -1.031 15.874
v -10.330 -1.031 15.874
v -10.571 0.378 15.485
v -9.941 -0.011 15.726
v -10.330 0.230 15.096
v -9.941 -0.011 15.244
v -11.201 -0.011 15.726
v -10.812 0.230 15.096
v -11.201 -0.011 15.244
v -9.941 -0.790 15.726
v -9.792 -0.400 15.485
v -11.201 -0.790 15.726
v -11.350 -0.400 15.485
v -10.571 -0.400 14.706
v -10.812 -1.031 15.096
v -10.330 -1.031 15.096
v -10.960 -0.641 14.855
v -10.181 -0.641 14.855
v -10.960 -0.160 14.855
v -10.181 -0.160 14.855
v -10.571 -1.179 15.485
v -11.201 -0.790 15.244
v -9.941 -0.790 15.244
usemtl mtl-004
f 4081 4097 4093
f 4097 4086 4099
f 4097 4099 4093
f 4093 4099 4082
f 4081 4095 4097
f 4095 4084 4106
f 4095 4106 4097
f 4097 4106 4086
f 4081 4094 4095
f 4094 4083 4102
f 4094 4102 4095
f 4095 4102 4084
f 4081 4096 4094
f 4096 4085 4103
f 4096 4103 4094
f 4094 4103 4083
f 4081 4093 4096
f 4093 4082 4098
f 4093 4098 4096
f 4096 4098 4085
f 4082 4099 4100
f 4099 4086 4111
f 4099 4111 4100
f 4100 4111 4089
f 4086 4106 4112
f 4106 4084 4108
f 4106 4108 4112
f 4112 4108 4091
f 4084 4102 4107
f 4102 4083 4104
f 4102 4104 4107
f 4107 4104 4088
f 4083 4103 4105
f 4103 4085 4110
f 4103 4110 4105
f 4105 4110 4092
f 4085 4098 4109
f 4098 4082 4101
f 4098 4101 4109
f 4109 4101 4090
f 4088 4119 4113
f 4119 4092 4117
f 4119 4117 4113
f 4113 4117 4087
f 4092 4122 4117
f 4122 4090 4115
f 4122 4115 4117
f 4117 4115 4087
f 4090 4120 4115
f 4120 4089 4114
f 4120 4114 4115
f 4115 4114 4087
f 4089 4121 4114
f 4121 4091 4116
f 4121 4116 4114
f 4114 4116 4087
f 4091 4118 4116
f 4118 4088 4113
f 4118 4113 4116
f 4116 4113 4087
f 4083 4105 4104
f 4105 4092 4119
f 4105 4119 4104
f 4104 4119 4088
f 4085 4109 4110
f 4109 4090 4122
f 4109 4122 4110
f 4110 4122 4092
f 4082 4100 4101
f 4100 4089 4120
f 4100 4120 4101
f 4101 4120 4090
f 4086 4112 4111
f 4112 4091 4121
f 4112 4121 4111
f 4111 4121 4089
f 4084 4107 4108
f 4107 4088 4118
f 4107 4118 4108
f 4108 4118 4091
v -5.295 0.187 12.715
v -5.295 -0.616 12.715
v -4.894 0.435 12.065
v -5.697 0.435 12.065
v -4.645 -0.215 12.467
v -5.945 -0.215 12.467
v -5.295 -0.616 11.416
v -5.295 0.187 11.416
v -5.697 -0.864 12.065
v -4.894 -0.864 12.065
v -5.945 -0.215 11.664
v -4.645 -0.215 11.664
v -5.295 -0.215 12.830
v -5.059 0.404 12.448
v -5.531 0.404 12.448
v -4.913 0.022 12.684
v -5.677 0.022 12.684
v -4.913 -0.451 12.684
v -5.677 -0.451 12.684
v -5.531 -0.833 12.448
v -5.059 -0.833 12.448
v -5.295 0.549 12.065
v -4.677 0.167 12.302
v -5.059 0.404 11.683
v -4.677 0.167 11.829
v -5.913 0.167 12.302
v -5.531 0.404 11.683
v -5.913 0.167 11.829
v -4.677 -0.597 12.302
v -4.531 -0.215 12.065
v -5.913 -0.597 12.302
v -6.059 -0.215 12.065
v -5.295 -0.215 11.301
v -5.531 -0.833 11.683
v -5.059 -0.833 11.683
v -5.677 -0.451 11.447
v -4.913 -0.451 11.447
v -5.677 0.022 11.447
v -4.913 0.022 11.447
v -5.295 -0.979 12.065
v -5.913 -0.597 11.829
v -4.677 -0.597 11.829
f 4123 4139 4135
f 4139 4128 4141
f 4139 4141 4135
f 4135 4141 4124
f 4123 4137 4139
f 4137 4126 4148
f 4137 4148 4139
f 4139 4148 4128
f 4123 4136 4137
f 4136 4125 4144
f 4136 4144 4137
f 4137 4144 4126
f 4123 4138 4136
f 4138 4127 4145
f 4138 4145 4136
f 4136 4145 4125
f 4123 4135 4138
f 4135 4124 4140
f 4135 4140 4138
f 4138 4140 4127
f 4124 4141 4142
f 4141 4128 4153
f 4141 4153 4142
f 4142 4153 4131
f 4128 4148 4154
f 4148 4126 4150
f 4148 4150 4154
f 4154 4150 4133
f 4126 4144 4149
f 4144 4125 4146
f 4144 4146 4149
f 4149 4146 4130
f 4125 4145 4147
f 4145 4127 4152
f 4145 4152 4147
f 4147 4152 4134
f 4127 4140 4151
f 4140 4124 4143
f 4140 4143 4151
f 4151 4143 4132
f 4130 4161 4155
f 4161 4134 4159
f 4161 4159 4155
f 4155 4159 4129
f 4134 4164 4159
f 4164 4132 4157
f 4164 4157 4159
f 4159 4157 4129
f 4132 4162 4157
f 4162 4131 4156
f 4162 4156 4157
f 4157 4156 4129
f 4131 4163 4156
f 4163 4133 4158
f 4163 4158 4156
f 4156 4158 4129
f 4133 4160 4158
f 4160 4130 4155
f 4160 4155 4158
f 4158 4155 4129
f 4125 4147 4146
f 4147 4134 4161
f 4147 4161 4146
f 4146 4161 4130
f 4127 4151 4152
f 4151 4132 4164
f 4151 4164 4152
f 4152 4164 4134
f 4124 4142 4143
f 4142 4131 4162
f 4142 4162 4143
f 4143 4162 4132
f 4128 4154 4153
f 4154 4133 4163
f 4154 4163 4153
f 4153 4163 4131
f 4126 4149 4150
f 4149 4130 4160
f 4149 4160 4150
f 4150 4160 4133
v -24.078 0.733 26.070
v -24.078 -0.305 26.070
v -23.559 1.053 25.231
v -24.597 1.053 25.231
v -23.239 0.214 25.749
v -24.917 0.214 25.749
v -24.078 -0.305 24.391
v -24.078 0.733 24.391
v -24.597 -0.625 25.231
v -23.559 -0.625 25.231
v -24.917 0.214 24.712
v -23.239 0.214 24.712
v -24.078 0.214 26.217
v -23.773 1.012 25.724
v -24.383 1.012 25.724
v -23.585 0.519 26.029
v -24.571 0.519 26.029
v -23.585 -0.091 26.029
v -24.571 -0.091 26.029
v -24.383 -0.584 25.724
v -23.773 -0.584 25.724
v -24.078 1.201 25.231
v -23.280 0.707 25.536
v -23.773 1.012 24.737
v -23.280 0.707 24.926
v -24.876 0.707 25.536
v -24.383 1.012 24.737
v -24.876 0.707 24.926
v -23.280 -0.279 25.536
v -23.091 0.214 25.231
v -24.876 -0.279 25.536
v -25.065 0.214 25.231
v -24.078 0.214 24.244
v -24.383 -0.584 24.737
v -23.773 -0.584 24.737
v -24.571 -0.091 24.432
v -23.585 -0.091 24.432
v -24.571 0.519 24.432
v -23.585 0.519 24.432
v -24.078 -0.773 25.231
v -24.876 -0.279 24.926
v -23.280 -0.279 24.926
usemtl mtl-005
f 4165 4181 4177
f 4181 4170 4183
f 4181 4183 4177
f 4177 4183 4166
f 4165 4179 4181
f 4179 4168 4190
f 4179 4190 4181
f 4181 4190 4170
f 4165 4178 4179
f 4178 4167 4186
f 4178 4186 4179
f 4179 4186 4168
f 4165 4180 4178
f 4180 4169 4187
f 4180 4187 4178
f 4178 4187 4167
f 4165 4177 4180
f 4177 4166 4182
f 4177 4182 4180
f 4180 4182 4169
f 4166 4183 4184
f 4183 4170 4195
f 4183 4195 4184
f 4184 4195 4173
f 4170 4190 4196
f 4190 4168 4192
f 4190 4192 4196
f 4196 4192 4175
f 4168 4186 4191
f 4186 4167 4188
f 4186 4188 4191
f 4191 4188 4172
f 4167 4187 4189
f 4187 4169 4194
f 4187 4194 4189
f 4189 4194 4176
f 4169 4182 4193
f 4182 4166 4185
f 4182 4185 4193
f 4193 4185 4174
f 4172 4203 4197
f 4203 4176 4201
f 4203 4201 4197
f 4197 4201 4171
f 4176 4206 4201
f 4206 4174 4199
f 4206 4199 4201
f 4201 4199 4171
f 4174 4204 4199
f 4204 4173 4198
f 4204 4198 4199
f 4199 4198 4171
f 4173 4205 4198
f 4205 4175 4200
f 4205 4200 4198
f 4198 4200 4171
f 4175 4202 4200
f 4202 4172 4197
f 4202 4197 4200
f 4200 4197 4171
f 4167 4189 4188
f 4189 4176 4203
f 4189 4203 4188
f 4188 4203 4172
f 4169 4193 4194
f 4193 4174 4206
f 4193 4206 4194
f 4194 4206 4176
f 4166 4184 4185
f 4184 4173 4204
f 4184 4204 4185
f 4185 4204 4174
f 4170 4196 4195
f 4196 4175 4205
f 4196 4205 4195
f 4195 4205 4173
f 4168 4191 4192
f 4191 4172 4202
f 4191 4202 4192
f 4192 4202 4175
v -25.290 -22.727 15.938
v -25.290 -23.869 15.938
v -24.719 -22.374 15.014
v -25.861 -22.374 15.014
v -24.366 -23.298 15.585
v -26.214 -23.298 15.585
v -25.290 -23.869 14.090
v -25.290 -22.727 14.090
v -25.861 -24.222 15.014
v -24.719 -24.222 15.014
v -26.214 -23.298 14.443
v -24.366 -23.298 14.443
v -25.290 -23.298 16.100
v -24.954 -22.419 15.557
v -25.626 -22.419 15.557
v -24.747 -22.962 15.893
v -25.833 -22.962 15.893
v -24.747 -23.634 15.893
v -25.833 -23.634 15.893
v -25.626 -24.177 15.557
v -24.954 -24.177 15.557
v -25.290 -22.211 15.014
v -24.411 -22.755 15.349
v -24.954 -22.419 14.470
v -24.411 -22.755 14.678
v -26.169 -22.755 15.349
v -25.626 -22.419 14.470
v -26.169 -22.755 14.678
v -24.411 -23.841 15.349
v -24.204 -23.298 15.014
v -26.169 -23.841 15.349
v -26.376 -23.298 15.014
v -25.290 -23.298 13.927
v -25.626 -24.177 14.470
v -24.954 -24.177 14.470
v -25.833 -23.634 14.135
v -24.747 -23.634 14.135
v -25.833 -22.962 14.135
v -24.747 -22.962 14.135
v -25.290 -24.384 15.014
v -26.169 -23.841 14.678
v -24.411 -23.841 14.678
usemtl mtl-006
f 4207 4223 4219
f 4223 4212 4225
f 4223 4225 4219
f 4219 4225 4208
f 4207 4221 4223
f 4221 4210 4232
f 4221 4232 4223
f 4223 4232 4212
f 4207 4220 4221
f 4220 4209 4228
f 4220 4228 4221
f 4221 4228 4210
f 4207 4222 4220
f 4222 4211 4229
f 4222 4229 4220
f 4220 4229 4209
f 4207 4219 4222
f 4219 4208 4224
f 4219 4224 4222
f 4222 4224 4211
f 4208 4225 4226
f 4225 4212 4237
f 4225 4237 4226
f 4226 4237 4215
f 4212 4232 4238
f 4232 4210 4234
f 4232 4234 4238
f 4238 4234 4217
f 4210 4228 4233
f 4228 4209 4230
f 4228 4230 4233
f 4233 4230 4214
f 4209 4229 4231
f 4229 4211 4236
f 4229 4236 4231
f 4231 4236 4218
f 4211 4224 4235
f 4224 4208 4227
f 4224 4227 4235
f 4235 4227 4216
f 4214 4245 4239
f 4245 4218 4243
f 4245 4243 4239
f 4239 4243 4213
f 4218 4248 4243
f 4248 4216 4241
f 4248 4241 4243
f 4243 4241 4213
f 4216 4246 4241
f 4246 4215 4240
f 4246 4240 4241
f 4241 4240 4213
f 4215 4247 4240
f 4247 4217 4242
f 4247 4242 4240
f 4240 4242 4213
f 4217 4244 4242
f 4244 4214 4239
f 4244 4239 4242
f 4242 4239 4213
f 4209 4231 4230
f 4231 4218 4245
f 4231 4245 4230
f 4230 4245 4214
f 4211 4235 4236
f 4235 4216 4248
f 4235 4248 4236
f 4236 4248 4218
f 4208 4226 4227
f 4226 4215 4246
f 4226 4246 4227
f 4227 4246 4216
f 4212 4238 4237
f 4238 4217 4247
f 4238 4247 4237
f 4237 4247 4215
f 4210 4233 4234
f 4233 4214 4244
f 4233 4244 4234
f 4234 4244 4217
v -50.571 5.116 25.961
v -50.571 3.985 25.961
v -50.005 5.466 25.046
v -51.136 5.466 25.046
v -49.656 4.551 25.612
v -51.486 4.551 25.612
v -50.571 3.985 24.131
v -50.571 5.116 24.131
v -51.136 3.636 25.046
v -50.005 3.636 25.046
v -51.486 4.551 24.480
v -49.656 4.551 24.480
v -50.571 4.551 26.122
v -50.238 5.421 25.584
v -50.903 5.421 25.584
v -50.033 4.883 25.916
v -51.109 4.883 25.916
v -50.033 4.218 25.916
v -51.109 4.218 25.916
v -50.903 3.680 25.584
v -50.238 3.680 25.584
v -50.571 5.627 25.046
v -49.700 5.089 25.378
v -50.238 5.421 24.508
v -49.700 5.089 24.714
v -51.441 5.089 25.378
v -50.903 5.421 24.508
v -51.441 5.089 24.714
v -49.700 4.013 25.378
v -49.495 4.551 25.046
v -51.441 4.013 25.378
v -51.647 4.551 25.046
v -50.571 4.551 23.970
v -50.903 3.680 24.508
v -50.238 3.680 24.508
v -51.109 4.218 24.176
v -50.033 4.218 24.176
v -51.109 4.883 24.176
v -50.033 4.883 24.176
v -50.571 3.475 25.046
v -51.441 4.013 24.714
v -49.700 4.013 24.714
f 4249 4265 4261
f 4265 4254 4267
f 4265 4267 4261
f 4261 4267 4250
f 4249 4263 4265
f 4263 4252 4274
f 4263 4274 4265
f 4265 4274 4254
f 4249 4262 4263
f 4262 4251 4270
f 4262 4270 4263
f 4263 4270 4252
f 4249 4264 4262
f 4264 4253 4271
f 4264 4271 4262
f 4262 4271 4251
f 4249 4261 4264
f 4261 4250 4266
f 4261 4266 4264
f 4264 4266 4253
f 4250 4267 4268
f 4267 4254 4279
f 4267 4279 4268
f 4268 4279 4257
f 4254 4274 4280
f 4274 4252 4276
f 4274 4276 4280
f 4280 4276 4259
f 4252 4270 4275
f 4270 4251 4272
f 4270 4272 4275
f 4275 4272 4256
f 4251 4271 4273
f 4271 4253 4278
f 4271 4278 4273
f 4273 4278 4260
f 4253 4266 4277
f 4266 4250 4269
f 4266 4269 4277
f 4277 4269 4258
f 4256 4287 4281
f 4287 4260 4285
f 4287 4285 4281
f 4281 4285 4255
f 4260 4290 4285
f 4290 4258 4283
f 4290 4283 4285
f 4285 4283 4255
f 4258 4288 4283
f 4288 4257 4282
f 4288 4282 4283
f 4283 4282 4255
f 4257 4289 4282
f 4289 4259 4284
f 4289 4284 4282
f 4282 4284 4255
f 4259 4286 4284
f 4286 4256 4281
f 4286 4281 4284
f 4284 4281 4255
f 4251 4273 4272
f 4273 4260 4287
f 4273 4287 4272
f 4272 4287 4256
f 4253 4277 4278
f 4277 4258 4290
f 4277 4290 4278
f 4278 4290 4260
f 4250 4268 4269
f 4268 4257 4288
f 4268 4288 4269
f 4269 4288 4258
f 4254 4280 4279
f 4280 4259 4289
f 4280 4289 4279
f 4279 4289 4257
f 4252 4275 4276
f 4275 4256 4286
f 4275 4286 4276
f 4276 4286 4259
v -3.851 -0.385 17.307
v -3.851 -1.664 17.307
v -3.211 0.011 16.273
v -4.490 0.011 16.273
v -2.816 -1.024 16.912
v -4.886 -1.024 16.912
v -3.851 -1.664 15.238
v -3.851 -0.385 15.238
v -4.490 -2.059 16.273
v -3.211 -2.059 16.273
v -4.886 -1.024 15.633
v -2.816 -1.024 15.633
v -3.851 -1.024 17.489
v -3.475 -0.040 16.881
v -4.227 -0.040 16.881
v -3.243 -0.648 17.257
v -4.459 -0.648 17.257
v -3.243 -1.400 17.257
v -4.459 -1.400 17.257
v -4.227 -2.008 16.881
v -3.475 -2.008 16.881
v -3.851 0.192 16.273
v -2.867 -0.416 16.649
v -3.475 -0.040 15.664
v -2.867 -0.416 15.897
v -4.835 -0.416 16.649
v -4.227 -0.040 15.664
v -4.835 -0.416 15.897
v -2.867 -1.632 16.649
v -2.634 -1.024 16.273
v -4.835 -1.632 16.649
v -5.067 -1.024 16.273
v -3.851 -1.024 15.056
v -4.227 -2.008 15.664
v -3.475 -2.008 15.664
v -4.459 -1.400 15.289
v -3.243 -1.400 15.289
v -4.459 -0.648 15.289
v -3.243 -0.648 15.289
v -3.851 -2.240 16.273
v -4.835 -1.632 15.897
v -2.867 -1.632 15.897
usemtl mtl-007
f 4291 4307 4303
f 4307 4296 4309
f 4307 4309 4303
f 4303 4309 4292
f 4291 4305 4307
f 4305 4294 4316
f 4305 4316 4307
f 4307 4316 4296
f 4291 4304 4305
f 4304 4293 4312
f 4304 4312 4305
f 4305 4312 4294
f 4291 4306 4304
f 4306 4295 4313
f 4306 4313 4304
f 4304 4313 4293
f 4291 4303 4306
f 4303 4292 4308
f 4303 4308 4306
f 4306 4308 4295
f 4292 4309 4310
f 4309 4296 4321
f 4309 4321 4310
f 4310 4321 4299
f 4296 4316 4322
f 4316 4294 4318
f 4316 4318 4322
f 4322 4318 4301
f 4294 4312 4317
f 4312 4293 4314
f 4312 4314 4317
f 4317 4314 4298
f 4293 4313 4315
f 4313 4295 4320
f 4313 4320 4315
f 4315 4320 4302
f 4295 4308 4319
f 4308 4292 4311
f 4308 4311 4319
f 4319 4311 4300
f 4298 4329 4323
f 4329 4302 4327
f 4329 4327 4323
f 4323 4327 4297
f 4302 4332 4327
f 4332 4300 4325
f 4332 4325 4327
f 4327 4325 4297
f 4300 4330 4325
f 4330 4299 4324
f 4330 4324 4325
f 4325 4324 4297
f 4299 4331 4324
f 4331 4301 4326
f 4331 4326 4324
f 4324 4326 4297
f 4301 4328 4326
f 4328 4298 4323
f 4328 4323 4326
f 4326 4323 4297
f 4293 4315 4314
f 4315 4302 4329
f 4315 4329 4314
f 4314 4329 4298
f 4295 4319 4320
f 4319 4300 4332
f 4319 4332 4320
f 4320 4332 4302
f 4292 4310 4311
f 4310 4299 4330
f 4310 4330 4311
f 4311 4330 4300
f 4296 4322 4321
f 4322 4301 4331
f 4322 4331 4321
f 4321 4331 4299
f 4294 4317 4318
f 4317 4298 4328
f 4317 4328 4318
f 4318 4328 4301
v -1.773 -12.504 -13.718
v -1.773 -13.722 -13.718
v -1.164 -12.127 -14.704
v -2.382 -12.127 -14.704
v -0.788 -13.113 -14.095
v -2.758 -13.113 -14.095
v -1.773 -13.722 -15.689
v -1.773 -12.504 -15.689
v -2.382 -14.098 -14.704
v -1.164 -14.098 -14.704
v -2.758 -13.113 -15.312
v -0.788 -13.113 -15.312
v -1.773 -13.113 -13.545
v -1.415 -12.176 -14.124
v -2.131 -12.176 -14.124
v -1.194 -12.755 -13.766
v -2.352 -12.755 -13.766
v -1.194 -13.471 -13.766
v -2.352 -13.471 -13.766
v -2.131 -14.050 -14.124
v -1.415 -14.050 -14.124
v -1.773 -11.954 -14.704
v -0.836 -12.534 -14.346
v -1.415 -12.176 -15.283
v -0.836 -12.534 -15.061
v -2.710 -12.534 -14.346
v -2.131 -12.176 -15.283
v -2.710 -12.534 -15.061
v -0.836 -13.692 -14.346
v -0.615 -13.113 -14.704
v -2.710 -13.692 -14.346
v -2.931 -13.113 -14.704
v -1.773 -13.113 -15.862
v -2.131 -14.050 -15.283
v -1.415 -14.050 -15.283
v -2.352 -13.471 -15.641
v -1.194 -13.471 -15.641
v -2.352 -12.755 -15.641
v -1.194 -12.755 -15.641
v -1.773 -14.271 -14.704
v -2.710 -13.692 -15.061
v -0.836 -13.692 -15.061
f 4333 4349 4345
f 4349 4338 4351
f 4349 4351 4345
f 4345 4351 4334
f 4333 4347 4349
f 4347 4336 4358
f 4347 4358 4349
f 4349 4358 4338
f 4333 4346 4347
f 4346 4335 4354
f 4346 4354 4347
f 4347 4354 4336
f 4333 4348 4346
f 4348 4337 4355
f 4348 4355 4346
f 4346 4355 4335
f 4333 4345 4348
f 4345 4334 4350
f 4345 4350 4348
f 4348 4350 4337
f 4334 4351 4352
f 4351 4338 4363
f 4351 4363 4352
f 4352 4363 4341
f 4338 4358 4364
f 4358 4336 4360
f 4358 4360 4364
f 4364 4360 4343
f 4336 4354 4359
f 4354 4335 4356
f 4354 4356 4359
f 4359 4356 4340
f 4335 4355 4357
f 4355 4337 4362
f 4355 4362 4357
f 4357 4362 4344
f 4337 4350 4361
f 4350 4334 4353
f 4350 4353 4361
f 4361 4353 4342
f 4340 4371 4365
f 4371 4344 4369
f 4371 4369 4365
f 4365 4369 4339
f 4344 4374 4369
f 4374 4342 4367
f 4374 4367 4369
f 4369 4367 4339
f 4342 4372 4367
f 4372 4341 4366
f 4372 4366 4367
f 4367 4366 4339
f 4341 4373 4366
f 4373 4343 4368
f 4373 4368 4366
f 4366 4368 4339
f 4343 4370 4368
f 4370 4340 4365
f 4370 4365 4368
f 4368 4365 4339
f 4335 4357 4356
f 4357 4344 4371
f 4357 4371 4356
f 4356 4371 4340
f 4337 4361 4362
f 4361 4342 4374
f 4361 4374 4362
f 4362 4374 4344
f 4334 4352 4353
f 4352 4341 4372
f 4352 4372 4353
f 4353 4372 4342
f 4338 4364 4363
f 4364 4343 4373
f 4364 4373 4363
f 4363 4373 4341
f 4336 4359 4360
f 4359 4340 4370
f 4359 4370 4360
f 4360 4370 4343
v 4.636 1.286 11.654
v 4.636 -0.033 11.654
v 5.295 1.693 10.588
v 3.977 1.693 10.588
v 5.702 0.626 11.247
v 3.569 0.626 11.247
v 4.636 -0.033 9.522
v 4.636 1.286 9.522
v 3.977 -0.440 10.588
v 5.295 -0.440 10.588
v 3.569 0.626 9.929
v 5.702 0.626 9.929
v 4.636 0.626 11.842
v 5.023 1.641 11.215
v 4.248 1.641 11.215
v 5.263 1.014 11.602
v 4.009 1.014 11.602
v 5.263 0.239 11.602
v 4.009 0.239 11.602
v 4.248 -0.388 11.215
v 5.023 -0.388 11.215
v 4.636 1.880 10.588
v 5.650 1.253 10.975
v 5.023 1.641 9.961
v 5.650 1.253 10.201
v 3.622 1.253 10.975
v 4.248 1.641 9.961
v 3.622 1.253 10.201
v 5.650 -0.000 10.975
v 5.890 0.626 10.588
v 3.622 -0.000 10.975
v 3.382 0.626 10.588
v 4.636 0.626 9.334
v 4.248 -0.388 9.961
v 5.023 -0.388 9.961
v 4.009 0.239 9.574
v 5.263 0.239 9.574
v 4.009 1.014 9.574
v 5.263 1.014 9.574
v 4.636 -0.627 10.588
v 3.622 -0.000 10.201
v 5.650 -0.000 10.201
usemtl mtl-008
f 4375 4391 4387
f 4391 4380 4393
f 4391 4393 4387
f 4387 4393 4376
f 4375 4389 4391
f 4389 4378 4400
f 4389 4400 4391
f 4391 4400 4380
f 4375 4388 4389
f 4388 4377 4396
f 4388 4396 4389
f 4389 4396 4378
f 4375 4390 4388
f 4390 4379 4397
f 4390 4397 4388
f 4388 4397 4377
f 4375 4387 4390
f 4387 4376 4392
f 4387 4392 4390
f 4390 4392 4379
f 4376 4393 4394
f 4393 4380 4405
f 4393 4405 4394
f 4394 4405 4383
f 4380 4400 4406
f 4400 4378 4402
f 4400 4402 4406
f 4406 4402 4385
f 4378 4396 4401
f 4396 4377 4398
f 4396 4398 4401
f 4401 4398 4382
f 4377 4397 4399
f 4397 4379 4404
f 4397 4404 4399
f 4399 4404 4386
f 4379 4392 4403
f 4392 4376 4395
f 4392 4395 4403
f 4403 4395 4384
f 4382 4413 4407
f 4413 4386 4411
f 4413 4411 4407
f 4407 4411 4381
f 4386 4416 4411
f 4416 4384 4409
f 4416 4409 4411
f 4411 4409 4381
f 4384 4414 4409
f 4414 4383 4408
f 4414 4408 4409
f 4409 4408 4381
f 4383 4415 4408
f 4415 4385 4410
f 4415 4410 4408
f 4408 4410 4381
f 4385 4412 4410
f 4412 4382 4407
f 4412 4407 4410
f 4410 4407 4381
f 4377 4399 4398
f 4399 4386 4413
f 4399 4413 4398
f 4398 4413 4382
f 4379 4403 4404
f 4403 4384 4416
f 4403 4416 4404
f 4404 4416 4386
f 4376 4394 4395
f 4394 4383 4414
f 4394 4414 4395
f 4395 4414 4384
f 4380 4406 4405
f 4406 4385 4415
f 4406 4415 4405
f 4405 4415 4383
f 4378 4401 4402
f 4401 4382 4412
f 4401 4412 4402
f 4402 4412 4385
v 3.834 -14.735 -14.963
v 3.834 -16.063 -14.963
v 4.498 -14.325 -16.037
v 3.170 -14.325 -16.037
v 4.908 -15.399 -15.373
v 2.760 -15.399 -15.373
v 3.834 -16.063 -17.111
v 3.834 -14.735 -17.111
v 3.170 -16.474 -16.037
v 4.498 -16.474 -16.037
v 2.760 -15.399 -16.701
v 4.908 -15.399 -16.701
v 3.834 -15.399 -14.774
v 4.224 -14.378 -15.406
v 3.444 -14.378 -15.406
v 4.466 -15.009 -15.015
v 3.203 -15.009 -15.015
v 4.466 -15.790 -15.015
v 3.203 -15.790 -15.015
v 3.444 -16.421 -15.406
v 4.224 -16.421 -15.406
v 3.834 -14.136 -16.037
v 4.856 -14.768 -15.647
v 4.224 -14.378 -16.669
v 4.856 -14.768 -16.427
v 2.812 -14.768 -15.647
v 3.444 -14.378 -16.669
v 2.812 -14.768 -16.427
v 4.856 -16.031 -15.647
v 5.097 -15.399 -16.037
v 2.812 -16.031 -15.647
v 2.571 -15.399 -16.037
v 3.834 -15.399 -17.300
v 3.444 -16.421 -16.669
v 4.224 -16.421 -16.669
v 3.203 -15.790 -17.059
v 4.466 -15.790 -17.059
v 3.203 -15.009 -17.059
v 4.466 -15.009 -17.059
v 3.834 -16.662 -16.037
v 2.812 -16.031 -16.427
v 4.856 -16.031 -16.427
f 4417 4433 4429
f 4433 4422 4435
f 4433 4435 4429
f 4429 4435 4418
f 4417 4431 4433
f 4431 4420 4442
f 4431 4442 4433
f 4433 4442 4422
f 4417 4430 4431
f 4430 4419 4438
f 4430 4438 4431
f 4431 4438 4420
f 4417 4432 4430
f 4432 4421 4439
f 4432 4439 4430
f 4430 4439 4419
f 4417 4429 4432
f 4429 4418 4434
f 4429 4434 4432
f 4432 4434 4421
f 4418 4435 4436
f 4435 4422 4447
f 4435 4447 4436
f 4436 4447 4425
f 4422 4442 4448
f 4442 4420 4444
f 4442 4444 4448
f 4448 4444 4427
f 4420 4438 4443
f 4438 4419 4440
f 4438 4440 4443
f 4443 4440 4424
f 4419 4439 4441
f 4439 4421 4446
f 4439 4446 4441
f 4441 4446 4428
f 4421 4434 4445
f 4434 4418 4437
f 4434 4437 4445
f 4445 4437 4426
f 4424 4455 4449
f 4455 4428 4453
f 4455 4453 4449
f 4449 4453 4423
f 4428 4458 4453
f 4458 4426 4451
f 4458 4451 4453
f 4453 4451 4423
f 4426 4456 4451
f 4456 4425 4450
f 4456 4450 4451
f 4451 4450 4423
f 4425 4457 4450
f 4457 4427 4452
f 4457 4452 4450
f 4450 4452 4423
f 4427 4454 4452
f 4454 4424 4449
f 4454 4449 4452
f 4452 4449 4423
f 4419 4441 4440
f 4441 4428 4455
f 4441 4455 4440
f 4440 4455 4424
f 4421 4445 4446
f 4445 4426 4458
f 4445 4458 4446
f 4446 4458 4428
f 4418 4436 4437
f 4436 4425 4456
f 4436 4456 4437
f 4437 4456 4426
f 4422 4448 4447
f 4448 4427 4457
f 4448 4457 4447
f 4447 4457 4425
f 4420 4443 4444
f 4443 4424 4454
f 4443 4454 4444
f 4444 4454 4427
v -30.504 -30.104 27.398
v -30.504 -31.772 27.398
v -29.670 -29.588 26.049
v -31.338 -29.588 26.049
v -29.154 -30.938 26.883
v -31.854 -30.938 26.883
v -30.504 -31.772 24.699
v -30.504 -30.104 24.699
v -31.338 -32.288 26.049
v -29.670 -32.288 26.049
v -31.854 -30.938 25.214
v -29.154 -30.938 25.214
v -30.504 -30.938 27.635
v -30.014 -29.654 26.842
v -30.994 -29.654 26.842
v -29.711 -30.448 27.332
v -31.297 -30.448 27.332
v -29.711 -31.428 27.332
v -31.297 -31.428 27.332
v -30.994 -32.222 26.842
v -30.014 -32.222 26.842
v -30.504 -29.351 26.049
v -29.220 -30.145 26.539
v -30.014 -29.654 25.255
v -29.220 -30.145 25.558
v -31.788 -30.145 26.539
v -30.994 -29.654 25.255
v -31.788 -30.145 25.558
v -29.220 -31.732 26.539
v -28.917 -30.938 26.049
v -31.788 -31.732 26.539
v -32.091 -30.938 26.049
v -30.504 -30.938 24.462
v -30.994 -32.222 25.255
v -30.014 -32.222 25.255
v -31.297 -31.428 24.765
v -29.711 -31.428 24.765
v -31.297 -30.448 24.765
v -29.711 -30.448 24.765
v -30.504 -32.525 26.049
v -31.788 -31.732 25.558
v -29.220 -31.732 25.558
usemtl mtl-010
f 4459 4475 4471
f 4475 4464 4477
f 4475 4477 4471
f 4471 4477 4460
f 4459 4473 4475
f 4473 4462 4484
f 4473 4484 4475
f 4475 4484 4464
f 4459 4472 4473
f 4472 4461 4480
f 4472 4480 4473
f 4473 4480 4462
f 4459 4474 4472
f 4474 4463 4481
f 4474 4481 4472
f 4472 4481 4461
f 4459 4471 4474
f 4471 4460 4476
f 4471 4476 4474
f 4474 4476 4463
f 4460 4477 4478
f 4477 4464 4489
f 4477 4489 4478
f 4478 4489 4467
f 4464 4484 4490
f 4484 4462 4486
f 4484 4486 4490
f 4490 4486 4469
f 4462 4480 4485
f 4480 4461 4482
f 4480 4482 4485
f 4485 4482 4466
f 4461 4481 4483
f 4481 4463 4488
f 4481 4488 4483
f 4483 4488 4470
f 4463 4476 4487
f 4476 4460 4479
f 4476 4479 4487
f 4487 4479 4468
f 4466 4497 4491
f 4497 4470 4495
f 4497 4495 4491
f 4491 4495 4465
f 4470 4500 4495
f 4500 4468 4493
f 4500 4493 4495
f 4495 4493 4465
f 4468 4498 4493
f 4498 4467 4492
f 4498 4492 4493
f 4493 4492 4465
f 4467 4499 4492
f 4499 4469 4494
f 4499 4494 4492
f 4492 4494 4465
f 4469 4496 4494
f 4496 4466 4491
f 4496 4491 4494
f 4494 4491 4465
f 4461 4483 4482
f 4483 4470 4497
f 4483 4497 4482
f 4482 4497 4466
f 4463 4487 4488
f 4487 4468 4500
f 4487 4500 4488
f 4488 4500 4470
f 4460 4478 4479
f 4478 4467 4498
f 4478 4498 4479
f 4479 4498 4468
f 4464 4490 4489
f 4490 4469 4499
f 4490 4499 4489
f 4489 4499 4467
f 4462 4485 4486
f 4485 4466 4496
f 4485 4496 4486
f 4486 4496 4469
v -36.156 -2.578 48.316
v -36.156 -4.358 48.316
v -35.266 -2.028 46.876
v -37.046 -2.028 46.876
v -34.717 -3.468 47.766
v -37.596 -3.468 47.766
v -36.156 -4.358 45.436
v -36.156 -2.578 45.436
v -37.046 -4.908 46.876
v -35.266 -4.908 46.876
v -37.596 -3.468 45.986
v -34.717 -3.468 45.986
v -36.156 -3.468 48.568
v -35.633 -2.099 47.722
v -36.679 -2.099 47.722
v -35.310 -2.945 48.245
v -37.002 -2.945 48.245
v -35.310 -3.991 48.245
v -37.002 -3.991 48.245
v -36.679 -4.837 47.722
v -35.633 -4.837 47.722
v -36.156 -1.775 46.876
v -34.787 -2.622 47.399
v -35.633 -2.099 46.030
v -34.787 -2.622 46.353
v -37.525 -2.622 47.399
v -36.679 -2.099 46.030
v -37.525 -2.622 46.353
v -34.787 -4.314 47.399
v -34.464 -3.468 46.876
v -37.525 -4.314 47.399
v -37.849 -3.468 46.876
v -36.156 -3.468 45.184
v -36.679 -4.837 46.030
v -35.633 -4.837 46.030
v -37.002 -3.991 45.507
v -35.310 -3.991 45.507
v -37.002 -2.945 45.507
v -35.310 -2.945 45.507
v -36.156 -5.160 46.876
v -37.525 -4.314 46.353
v -34.787 -4.314 46.353
usemtl mtl-011
f 4501 4517 4513
f 4517 4506 4519
f 4517 4519 4513
f 4513 4519 4502
f 4501 4515 4517
f 4515 4504 4526
f 4515 4526 4517
f 4517 4526 4506
f 4501 4514 4515
f 4514 4503 4522
f 4514 4522 4515
f 4515 4522 4504
f 4501 4516 4514
f 4516 4505 4523
f 4516 4523 4514
f 4514 4523 4503
f 4501 4513 4516
f 4513 4502 4518
f 4513 4518 4516
f 4516 4518 4505
f 4502 4519 4520
f 4519 4506 4531
f 4519 4531 4520
f 4520 4531 4509
f 4506 4526 4532
f 4526 4504 4528
f 4526 4528 4532
f 4532 4528 4511
f 4504 4522 4527
f 4522 4503 4524
f 4522 4524 4527
f 4527 4524 4508
f 4503 4523 4525
f 4523 4505 4530
f 4523 4530 4525
f 4525 4530 4512
f 4505 4518 4529
f 4518 4502 4521
f 4518 4521 4529
f 4529 4521 4510
f 4508 4539 4533
f 4539 4512 4537
f 4539 4537 4533
f 4533 4537 4507
f 4512 4542 4537
f 4542 4510 4535
f 4542 4535 4537
f 4537 4535 4507
f 4510 4540 4535
f 4540 4509 4534
f 4540 4534 4535
f 4535 4534 4507
f 4509 4541 4534
f 4541 4511 4536
f 4541 4536 4534
f 4534 4536 4507
f 4511 4538 4536
f 4538 4508 4533
f 4538 4533 4536
f 4536 4533 4507
f 4503 4525 4524
f 4525 4512 4539
f 4525 4539 4524
f 4524 4539 4508
f 4505 4529 4530
f 4529 4510 4542
f 4529 4542 4530
f 4530 4542 4512
f 4502 4520 4521
f 4520 4509 4540
f 4520 4540 4521
f 4521 4540 4510
f 4506 4532 4531
f 4532 4511 4541
f 4532 4541 4531
f 4531 4541 4509
f 4504 4527 4528
f 4527 4508 4538
f 4527 4538 4528
f 4528 4538 4511
v -42.668 -8.649 20.359
v -42.668 -10.658 20.359
v -41.664 -8.028 18.734
v -43.673 -8.028 18.734
v -41.043 -9.653 19.738
v -44.294 -9.653 19.738
v -42.668 -10.658 17.108
v -42.668 -8.649 17.108
v -43.673 -11.278 18.734
v -41.664 -11.278 18.734
v -44.294 -9.653 17.729
v -41.043 -9.653 17.729
v -42.668 -9.653 20.644
v -42.078 -8.107 19.689
v -43.259 -8.107 19.689
v -41.713 -9.063 20.280
v -43.624 -9.063 20.280
v -41.713 -10.244 20.280
v -43.624 -10.244 20.280
v -43.259 -11.199 19.689
v -42.078 -11.199 19.689
v -42.668 -7.742 18.734
v -41.123 -8.698 19.324
v -42.078 -8.107 17.778
v -41.123 -8.698 18.143
v -44.214 -8.698 19.324
v -43.259 -8.107 17.778
v -44.214 -8.698 18.143
v -41.123 -10.608 19.324
v -40.758 -9.653 18.734
v -44.214 -10.608 19.324
v -44.579 -9.653 18.734
v -42.668 -9.653 16.823
v -43.259 -11.199 17.778
v -42.078 -11.199 17.778
v -43.624 -10.244 17.188
v -41.713 -10.244 17.188
v -43.624 -9.063 17.188
v -41.713 -9.063 17.188
v -42.668 -11.564 18.734
v -44.214 -10.608 18.143
v -41.123 -10.608 18.143
usemtl mtl-013
f 4543 4559 4555
f 4559 4548 4561
f 4559 4561 4555
f 4555 4561 4544
f 4543 4557 4559
f 4557 4546 4568
f 4557 4568 4559
f 4559 4568 4548
f 4543 4556 4557
f 4556 4545 4564
f 4556 4564 4557
f 4557 4564 4546
f 4543 4558 4556
f 4558 4547 4565
f 4558 4565 4556
f 4556 4565 4545
f 4543 4555 4558
f 4555 4544 4560
f 4555 4560 4558
f 4558 4560 4547
f 4544 4561 4562
f 4561 4548 4573
f 4561 4573 4562
f 4562 4573 4551
f 4548 4568 4574
f 4568 4546 4570
f 4568 4570 4574
f 4574 4570 4553
f 4546 4564 4569
f 4564 4545 4566
f 4564 4566 4569
f 4569 4566 4550
f 4545 4565 4567
f 4565 4547 4572
f 4565 4572 4567
f 4567 4572 4554
f 4547 4560 4571
f 4560 4544 4563
f 4560 4563 4571
f 4571 4563 4552
f 4550 4581 4575
f 4581 4554 4579
f 4581 4579 4575
f 4575 4579 4549
f 4554 4584 4579
f 4584 4552 4577
f 4584 4577 4579
f 4579 4577 4549
f 4552 4582 4577
f 4582 4551 4576
f 4582 4576 4577
f 4577 4576 4549
f 4551 4583 4576
f 4583 4553 4578
f 4583 4578 4576
f 4576 4578 4549
f 4553 4580 4578
f 4580 4550 4575
f 4580 4575 4578
f 4578 4575 4549
f 4545 4567 4566
f 4567 4554 4581
f 4567 4581 4566
f 4566 4581 4550
f 4547 4571 4572
f 4571 4552 4584
f 4571 4584 4572
f 4572 4584 4554
f 4544 4562 4563
f 4562 4551 4582
f 4562 4582 4563
f 4563 4582 4552
f 4548 4574 4573
f 4574 4553 4583
f 4574 4583 4573
f 4573 4583 4551
f 4546 4569 4570
f 4569 4550 4580
f 4569 4580 4570
f 4570 4580 4553
