# Map of 2Mpp groups
v 0.028 0.124 0.241
v 0.028 -0.182 0.241
v 0.181 0.218 -0.006
v -0.125 0.218 -0.006
v 0.276 -0.029 0.147
v -0.219 -0.029 0.147
v 0.028 -0.182 -0.254
v 0.028 0.124 -0.254
v -0.125 -0.277 -0.006
v 0.181 -0.277 -0.006
v -0.219 -0.029 -0.159
v 0.276 -0.029 -0.159
v 0.028 -0.029 0.285
v 0.118 0.206 0.139
v -0.062 0.206 0.139
v 0.174 0.061 0.229
v -0.117 0.061 0.229
v 0.174 -0.119 0.229
v -0.117 -0.119 0.229
v -0.062 -0.265 0.139
v 0.118 -0.265 0.139
v 0.028 0.262 -0.006
v 0.264 0.116 0.084
v 0.118 0.206 -0.152
v 0.264 0.116 -0.096
v -0.207 0.116 0.084
v -0.062 0.206 -0.152
v -0.207 0.116 -0.096
v 0.264 -0.175 0.084
v 0.319 -0.029 -0.006
v -0.207 -0.175 0.084
v -0.263 -0.029 -0.006
v 0.028 -0.029 -0.297
v -0.062 -0.265 -0.152
v 0.118 -0.265 -0.152
v -0.117 -0.119 -0.241
v 0.174 -0.119 -0.241
v -0.117 0.061 -0.241
v 0.174 0.061 -0.241
v 0.028 -0.320 -0.006
v -0.207 -0.175 -0.096
v 0.264 -0.175 -0.096
usemtl mtl-000
f 1 17 13
f 17 6 19
f 17 19 13
f 13 19 2
f 1 15 17
f 15 4 26
f 15 26 17
f 17 26 6
f 1 14 15
f 14 3 22
f 14 22 15
f 15 22 4
f 1 16 14
f 16 5 23
f 16 23 14
f 14 23 3
f 1 13 16
f 13 2 18
f 13 18 16
f 16 18 5
f 2 19 20
f 19 6 31
f 19 31 20
f 20 31 9
f 6 26 32
f 26 4 28
f 26 28 32
f 32 28 11
f 4 22 27
f 22 3 24
f 22 24 27
f 27 24 8
f 3 23 25
f 23 5 30
f 23 30 25
f 25 30 12
f 5 18 29
f 18 2 21
f 18 21 29
f 29 21 10
f 8 39 33
f 39 12 37
f 39 37 33
f 33 37 7
f 12 42 37
f 42 10 35
f 42 35 37
f 37 35 7
f 10 40 35
f 40 9 34
f 40 34 35
f 35 34 7
f 9 41 34
f 41 11 36
f 41 36 34
f 34 36 7
f 11 38 36
f 38 8 33
f 38 33 36
f 36 33 7
f 3 25 24
f 25 12 39
f 25 39 24
f 24 39 8
f 5 29 30
f 29 10 42
f 29 42 30
f 30 42 12
f 2 20 21
f 20 9 40
f 20 40 21
f 21 40 10
f 6 32 31
f 32 11 41
f 32 41 31
f 31 41 9
f 4 27 28
f 27 8 38
f 27 38 28
f 28 38 11
v 4.166 5.194 7.091
v 4.166 4.888 7.091
v 4.318 5.288 6.844
v 4.013 5.288 6.844
v 4.413 5.041 6.997
v 3.918 5.041 6.997
v 4.166 4.888 6.597
v 4.166 5.194 6.597
v 4.013 4.793 6.844
v 4.318 4.793 6.844
v 3.918 5.041 6.691
v 4.413 5.041 6.691
v 4.166 5.041 7.135
v 4.255 5.276 6.989
v 4.076 5.276 6.989
v 4.311 5.131 7.079
v 4.020 5.131 7.079
v 4.311 4.951 7.079
v 4.020 4.951 7.079
v 4.076 4.805 6.989
v 4.255 4.805 6.989
v 4.166 5.332 6.844
v 4.401 5.186 6.934
v 4.255 5.276 6.699
v 4.401 5.186 6.754
v 3.930 5.186 6.934
v 4.076 5.276 6.699
v 3.930 5.186 6.754
v 4.401 4.895 6.934
v 4.456 5.041 6.844
v 3.930 4.895 6.934
v 3.875 5.041 6.844
v 4.166 5.041 6.553
v 4.076 4.805 6.699
v 4.255 4.805 6.699
v 4.020 4.951 6.609
v 4.311 4.951 6.609
v 4.020 5.131 6.609
v 4.311 5.131 6.609
v 4.166 4.750 6.844
v 3.930 4.895 6.754
v 4.401 4.895 6.754
f 43 59 55
f 59 48 61
f 59 61 55
f 55 61 44
f 43 57 59
f 57 46 68
f 57 68 59
f 59 68 48
f 43 56 57
f 56 45 64
f 56 64 57
f 57 64 46
f 43 58 56
f 58 47 65
f 58 65 56
f 56 65 45
f 43 55 58
f 55 44 60
f 55 60 58
f 58 60 47
f 44 61 62
f 61 48 73
f 61 73 62
f 62 73 51
f 48 68 74
f 68 46 70
f 68 70 74
f 74 70 53
f 46 64 69
f 64 45 66
f 64 66 69
f 69 66 50
f 45 65 67
f 65 47 72
f 65 72 67
f 67 72 54
f 47 60 71
f 60 44 63
f 60 63 71
f 71 63 52
f 50 81 75
f 81 54 79
f 81 79 75
f 75 79 49
f 54 84 79
f 84 52 77
f 84 77 79
f 79 77 49
f 52 82 77
f 82 51 76
f 82 76 77
f 77 76 49
f 51 83 76
f 83 53 78
f 83 78 76
f 76 78 49
f 53 80 78
f 80 50 75
f 80 75 78
f 78 75 49
f 45 67 66
f 67 54 81
f 67 81 66
f 66 81 50
f 47 71 72
f 71 52 84
f 71 84 72
f 72 84 54
f 44 62 63
f 62 51 82
f 62 82 63
f 63 82 52
f 48 74 73
f 74 53 83
f 74 83 73
f 73 83 51
f 46 69 70
f 69 50 80
f 69 80 70
f 70 80 53
v 1.076 0.175 0.416
v 1.076 -0.087 0.416
v 1.207 0.257 0.203
v 0.945 0.257 0.203
v 1.289 0.044 0.335
v 0.863 0.044 0.335
v 1.076 -0.087 -0.009
v 1.076 0.175 -0.009
v 0.945 -0.169 0.203
v 1.207 -0.169 0.203
v 0.863 0.044 0.072
v 1.289 0.044 0.072
v 1.076 0.044 0.453
v 1.153 0.246 0.328
v 0.999 0.246 0.328
v 1.201 0.121 0.405
v 0.951 0.121 0.405
v 1.201 -0.033 0.405
v 0.951 -0.033 0.405
v 0.999 -0.158 0.328
v 1.153 -0.158 0.328
v 1.076 0.294 0.203
v 1.278 0.169 0.280
v 1.153 0.246 0.078
v 1.278 0.169 0.126
v 0.874 0.169 0.280
v 0.999 0.246 0.078
v 0.874 0.169 0.126
v 1.278 -0.081 0.280
v 1.326 0.044 0.203
v 0.874 -0.081 0.280
v 0.826 0.044 0.203
v 1.076 0.044 -0.047
v 0.999 -0.158 0.078
v 1.153 -0.158 0.078
v 0.951 -0.033 0.001
v 1.201 -0.033 0.001
v 0.951 0.121 0.001
v 1.201 0.121 0.001
v 1.076 -0.206 0.203
v 0.874 -0.081 0.126
v 1.278 -0.081 0.126
f 85 101 97
f 101 90 103
f 101 103 97
f 97 103 86
f 85 99 101
f 99 88 110
f 99 110 101
f 101 110 90
f 85 98 99
f 98 87 106
f 98 106 99
f 99 106 88
f 85 100 98
f 100 89 107
f 100 107 98
f 98 107 87
f 85 97 100
f 97 86 102
f 97 102 100
f 100 102 89
f 86 103 104
f 103 90 115
f 103 115 104
f 104 115 93
f 90 110 116
f 110 88 112
f 110 112 116
f 116 112 95
f 88 106 111
f 106 87 108
f 106 108 111
f 111 108 92
f 87 107 109
f 107 89 114
f 107 114 109
f 109 114 96
f 89 102 113
f 102 86 105
f 102 105 113
f 113 105 94
f 92 123 117
f 123 96 121
f 123 121 117
f 117 121 91
f 96 126 121
f 126 94 119
f 126 119 121
f 121 119 91
f 94 124 119
f 124 93 118
f 124 118 119
f 119 118 91
f 93 125 118
f 125 95 120
f 125 120 118
f 118 120 91
f 95 122 120
f 122 92 117
f 122 117 120
f 120 117 91
f 87 109 108
f 109 96 123
f 109 123 108
f 108 123 92
f 89 113 114
f 113 94 126
f 113 126 114
f 114 126 96
f 86 104 105
f 104 93 124
f 104 124 105
f 105 124 94
f 90 116 115
f 116 95 125
f 116 125 115
f 115 125 93
f 88 111 112
f 111 92 122
f 111 122 112
f 112 122 95
v 4.822 -2.683 4.340
v 4.822 -2.989 4.340
v 4.975 -2.589 4.093
v 4.669 -2.589 4.093
v 5.069 -2.836 4.246
v 4.574 -2.836 4.246
v 4.822 -2.989 3.845
v 4.822 -2.683 3.845
v 4.669 -3.084 4.093
v 4.975 -3.084 4.093
v 4.574 -2.836 3.940
v 5.069 -2.836 3.940
v 4.822 -2.836 4.384
v 4.912 -2.601 4.238
v 4.732 -2.601 4.238
v 4.967 -2.746 4.328
v 4.676 -2.746 4.328
v 4.967 -2.926 4.328
v 4.676 -2.926 4.328
v 4.732 -3.072 4.238
v 4.912 -3.072 4.238
v 4.822 -2.545 4.093
v 5.057 -2.691 4.183
v 4.912 -2.601 3.948
v 5.057 -2.691 4.003
v 4.586 -2.691 4.183
v 4.732 -2.601 3.948
v 4.586 -2.691 4.003
v 5.057 -2.982 4.183
v 5.113 -2.836 4.093
v 4.586 -2.982 4.183
v 4.531 -2.836 4.093
v 4.822 -2.836 3.802
v 4.732 -3.072 3.948
v 4.912 -3.072 3.948
v 4.676 -2.926 3.858
v 4.967 -2.926 3.858
v 4.676 -2.746 3.858
v 4.967 -2.746 3.858
v 4.822 -3.127 4.093
v 4.586 -2.982 4.003
v 5.057 -2.982 4.003
f 127 143 139
f 143 132 145
f 143 145 139
f 139 145 128
f 127 141 143
f 141 130 152
f 141 152 143
f 143 152 132
f 127 140 141
f 140 129 148
f 140 148 141
f 141 148 130
f 127 142 140
f 142 131 149
f 142 149 140
f 140 149 129
f 127 139 142
f 139 128 144
f 139 144 142
f 142 144 131
f 128 145 146
f 145 132 157
f 145 157 146
f 146 157 135
f 132 152 158
f 152 130 154
f 152 154 158
f 158 154 137
f 130 148 153
f 148 129 150
f 148 150 153
f 153 150 134
f 129 149 151
f 149 131 156
f 149 156 151
f 151 156 138
f 131 144 155
f 144 128 147
f 144 147 155
f 155 147 136
f 134 165 159
f 165 138 163
f 165 163 159
f 159 163 133
f 138 168 163
f 168 136 161
f 168 161 163
f 163 161 133
f 136 166 161
f 166 135 160
f 166 160 161
f 161 160 133
f 135 167 160
f 167 137 162
f 167 162 160
f 160 162 133
f 137 164 162
f 164 134 159
f 164 159 162
f 162 159 133
f 129 151 150
f 151 138 165
f 151 165 150
f 150 165 134
f 131 155 156
f 155 136 168
f 155 168 156
f 156 168 138
f 128 146 147
f 146 135 166
f 146 166 147
f 147 166 136
f 132 158 157
f 158 137 167
f 158 167 157
f 157 167 135
f 130 153 154
f 153 134 164
f 153 164 154
f 154 164 137
v 1.181 1.074 2.383
v 1.181 0.696 2.383
v 1.370 1.191 2.077
v 0.992 1.191 2.077
v 1.486 0.885 2.266
v 0.875 0.885 2.266
v 1.181 0.696 1.772
v 1.181 1.074 1.772
v 0.992 0.579 2.077
v 1.370 0.579 2.077
v 0.875 0.885 1.888
v 1.486 0.885 1.888
v 1.181 0.885 2.437
v 1.292 1.176 2.257
v 1.069 1.176 2.257
v 1.360 0.996 2.368
v 1.001 0.996 2.368
v 1.360 0.774 2.368
v 1.001 0.774 2.368
v 1.069 0.594 2.257
v 1.292 0.594 2.257
v 1.181 1.244 2.077
v 1.471 1.064 2.189
v 1.292 1.176 1.898
v 1.471 1.064 1.966
v 0.890 1.064 2.189
v 1.069 1.176 1.898
v 0.890 1.064 1.966
v 1.471 0.705 2.189
v 1.540 0.885 2.077
v 0.890 0.705 2.189
v 0.821 0.885 2.077
v 1.181 0.885 1.718
v 1.069 0.594 1.898
v 1.292 0.594 1.898
v 1.001 0.774 1.787
v 1.360 0.774 1.787
v 1.001 0.996 1.787
v 1.360 0.996 1.787
v 1.181 0.525 2.077
v 0.890 0.705 1.966
v 1.471 0.705 1.966
f 169 185 181
f 185 174 187
f 185 187 181
f 181 187 170
f 169 183 185
f 183 172 194
f 183 194 185
f 185 194 174
f 169 182 183
f 182 171 190
f 182 190 183
f 183 190 172
f 169 184 182
f 184 173 191
f 184 191 182
f 182 191 171
f 169 181 184
f 181 170 186
f 181 186 184
f 184 186 173
f 170 187 188
f 187 174 199
f 187 199 188
f 188 199 177
f 174 194 200
f 194 172 196
f 194 196 200
f 200 196 179
f 172 190 195
f 190 171 192
f 190 192 195
f 195 192 176
f 171 191 193
f 191 173 198
f 191 198 193
f 193 198 180
f 173 186 197
f 186 170 189
f 186 189 197
f 197 189 178
f 176 207 201
f 207 180 205
f 207 205 201
f 201 205 175
f 180 210 205
f 210 178 203
f 210 203 205
f 205 203 175
f 178 208 203
f 208 177 202
f 208 202 203
f 203 202 175
f 177 209 202
f 209 179 204
f 209 204 202
f 202 204 175
f 179 206 204
f 206 176 201
f 206 201 204
f 204 201 175
f 171 193 192
f 193 180 207
f 193 207 192
f 192 207 176
f 173 197 198
f 197 178 210
f 197 210 198
f 198 210 180
f 170 188 189
f 188 177 208
f 188 208 189
f 189 208 178
f 174 200 199
f 200 179 209
f 200 209 199
f 199 209 177
f 172 195 196
f 195 176 206
f 195 206 196
f 196 206 179
v 1.954 0.142 0.674
v 1.954 -0.164 0.674
v 2.107 0.236 0.427
v 1.801 0.236 0.427
v 2.201 -0.011 0.580
v 1.706 -0.011 0.580
v 1.954 -0.164 0.179
v 1.954 0.142 0.179
v 1.801 -0.259 0.427
v 2.107 -0.259 0.427
v 1.706 -0.011 0.274
v 2.201 -0.011 0.274
v 1.954 -0.011 0.718
v 2.044 0.224 0.572
v 1.864 0.224 0.572
v 2.099 0.079 0.662
v 1.808 0.079 0.662
v 2.099 -0.101 0.662
v 1.808 -0.101 0.662
v 1.864 -0.246 0.572
v 2.044 -0.246 0.572
v 1.954 0.280 0.427
v 2.189 0.134 0.517
v 2.044 0.224 0.281
v 2.189 0.134 0.337
v 1.719 0.134 0.517
v 1.864 0.224 0.281
v 1.719 0.134 0.337
v 2.189 -0.157 0.517
v 2.245 -0.011 0.427
v 1.719 -0.157 0.517
v 1.663 -0.011 0.427
v 1.954 -0.011 0.136
v 1.864 -0.246 0.281
v 2.044 -0.246 0.281
v 1.808 -0.101 0.191
v 2.099 -0.101 0.191
v 1.808 0.079 0.191
v 2.099 0.079 0.191
v 1.954 -0.302 0.427
v 1.719 -0.157 0.337
v 2.189 -0.157 0.337
f 211 227 223
f 227 216 229
f 227 229 223
f 223 229 212
f 211 225 227
f 225 214 236
f 225 236 227
f 227 236 216
f 211 224 225
f 224 213 232
f 224 232 225
f 225 232 214
f 211 226 224
f 226 215 233
f 226 233 224
f 224 233 213
f 211 223 226
f 223 212 228
f 223 228 226
f 226 228 215
f 212 229 230
f 229 216 241
f 229 241 230
f 230 241 219
f 216 236 242
f 236 214 238
f 236 238 242
f 242 238 221
f 214 232 237
f 232 213 234
f 232 234 237
f 237 234 218
f 213 233 235
f 233 215 240
f 233 240 235
f 235 240 222
f 215 228 239
f 228 212 231
f 228 231 239
f 239 231 220
f 218 249 243
f 249 222 247
f 249 247 243
f 243 247 217
f 222 252 247
f 252 220 245
f 252 245 247
f 247 245 217
f 220 250 245
f 250 219 244
f 250 244 245
f 245 244 217
f 219 251 244
f 251 221 246
f 251 246 244
f 244 246 217
f 221 248 246
f 248 218 243
f 248 243 246
f 246 243 217
f 213 235 234
f 235 222 249
f 235 249 234
f 234 249 218
f 215 239 240
f 239 220 252
f 239 252 240
f 240 252 222
f 212 230 231
f 230 219 250
f 230 250 231
f 231 250 220
f 216 242 241
f 242 221 251
f 242 251 241
f 241 251 219
f 214 237 238
f 237 218 248
f 237 248 238
f 238 248 221
v 1.009 0.125 1.032
v 1.009 -0.219 1.032
v 1.181 0.231 0.754
v 0.837 0.231 0.754
v 1.287 -0.047 0.926
v 0.731 -0.047 0.926
v 1.009 -0.219 0.476
v 1.009 0.125 0.476
v 0.837 -0.325 0.754
v 1.181 -0.325 0.754
v 0.731 -0.047 0.582
v 1.287 -0.047 0.582
v 1.009 -0.047 1.081
v 1.110 0.217 0.918
v 0.908 0.217 0.918
v 1.172 0.054 1.019
v 0.845 0.054 1.019
v 1.172 -0.148 1.019
v 0.845 -0.148 1.019
v 0.908 -0.312 0.918
v 1.110 -0.312 0.918
v 1.009 0.280 0.754
v 1.273 0.116 0.855
v 1.110 0.217 0.591
v 1.273 0.116 0.653
v 0.744 0.116 0.855
v 0.908 0.217 0.591
v 0.744 0.116 0.653
v 1.273 -0.211 0.855
v 1.336 -0.047 0.754
v 0.744 -0.211 0.855
v 0.682 -0.047 0.754
v 1.009 -0.047 0.427
v 0.908 -0.312 0.591
v 1.110 -0.312 0.591
v 0.845 -0.148 0.490
v 1.172 -0.148 0.490
v 0.845 0.054 0.490
v 1.172 0.054 0.490
v 1.009 -0.374 0.754
v 0.744 -0.211 0.653
v 1.273 -0.211 0.653
f 253 269 265
f 269 258 271
f 269 271 265
f 265 271 254
f 253 267 269
f 267 256 278
f 267 278 269
f 269 278 258
f 253 266 267
f 266 255 274
f 266 274 267
f 267 274 256
f 253 268 266
f 268 257 275
f 268 275 266
f 266 275 255
f 253 265 268
f 265 254 270
f 265 270 268
f 268 270 257
f 254 271 272
f 271 258 283
f 271 283 272
f 272 283 261
f 258 278 284
f 278 256 280
f 278 280 284
f 284 280 263
f 256 274 279
f 274 255 276
f 274 276 279
f 279 276 260
f 255 275 277
f 275 257 282
f 275 282 277
f 277 282 264
f 257 270 281
f 270 254 273
f 270 273 281
f 281 273 262
f 260 291 285
f 291 264 289
f 291 289 285
f 285 289 259
f 264 294 289
f 294 262 287
f 294 287 289
f 289 287 259
f 262 292 287
f 292 261 286
f 292 286 287
f 287 286 259
f 261 293 286
f 293 263 288
f 293 288 286
f 286 288 259
f 263 290 288
f 290 260 285
f 290 285 288
f 288 285 259
f 255 277 276
f 277 264 291
f 277 291 276
f 276 291 260
f 257 281 282
f 281 262 294
f 281 294 282
f 282 294 264
f 254 272 273
f 272 261 292
f 272 292 273
f 273 292 262
f 258 284 283
f 284 263 293
f 284 293 283
f 283 293 261
f 256 279 280
f 279 260 290
f 279 290 280
f 280 290 263
v -5.909 24.761 3.745
v -5.909 24.455 3.745
v -5.756 24.855 3.497
v -6.061 24.855 3.497
v -5.661 24.608 3.650
v -6.156 24.608 3.650
v -5.909 24.455 3.250
v -5.909 24.761 3.250
v -6.061 24.361 3.497
v -5.756 24.361 3.497
v -6.156 24.608 3.344
v -5.661 24.608 3.344
v -5.909 24.608 3.788
v -5.819 24.843 3.643
v -5.998 24.843 3.643
v -5.763 24.698 3.733
v -6.054 24.698 3.733
v -5.763 24.518 3.733
v -6.054 24.518 3.733
v -5.998 24.373 3.643
v -5.819 24.373 3.643
v -5.909 24.899 3.497
v -5.673 24.753 3.587
v -5.819 24.843 3.352
v -5.673 24.753 3.407
v -6.144 24.753 3.587
v -5.998 24.843 3.352
v -6.144 24.753 3.407
v -5.673 24.463 3.587
v -5.618 24.608 3.497
v -6.144 24.463 3.587
v -6.199 24.608 3.497
v -5.909 24.608 3.206
v -5.998 24.373 3.352
v -5.819 24.373 3.352
v -6.054 24.518 3.262
v -5.763 24.518 3.262
v -6.054 24.698 3.262
v -5.763 24.698 3.262
v -5.909 24.317 3.497
v -6.144 24.463 3.407
v -5.673 24.463 3.407
f 295 311 307
f 311 300 313
f 311 313 307
f 307 313 296
f 295 309 311
f 309 298 320
f 309 320 311
f 311 320 300
f 295 308 309
f 308 297 316
f 308 316 309
f 309 316 298
f 295 310 308
f 310 299 317
f 310 317 308
f 308 317 297
f 295 307 310
f 307 296 312
f 307 312 310
f 310 312 299
f 296 313 314
f 313 300 325
f 313 325 314
f 314 325 303
f 300 320 326
f 320 298 322
f 320 322 326
f 326 322 305
f 298 316 321
f 316 297 318
f 316 318 321
f 321 318 302
f 297 317 319
f 317 299 324
f 317 324 319
f 319 324 306
f 299 312 323
f 312 296 315
f 312 315 323
f 323 315 304
f 302 333 327
f 333 306 331
f 333 331 327
f 327 331 301
f 306 336 331
f 336 304 329
f 336 329 331
f 331 329 301
f 304 334 329
f 334 303 328
f 334 328 329
f 329 328 301
f 303 335 328
f 335 305 330
f 335 330 328
f 328 330 301
f 305 332 330
f 332 302 327
f 332 327 330
f 330 327 301
f 297 319 318
f 319 306 333
f 319 333 318
f 318 333 302
f 299 323 324
f 323 304 336
f 323 336 324
f 324 336 306
f 296 314 315
f 314 303 334
f 314 334 315
f 315 334 304
f 300 326 325
f 326 305 335
f 326 335 325
f 325 335 303
f 298 321 322
f 321 302 332
f 321 332 322
f 322 332 305
v -3.164 30.996 4.935
v -3.164 30.733 4.935
v -3.033 31.077 4.722
v -3.296 31.077 4.722
v -2.952 30.865 4.853
v -3.377 30.865 4.853
v -3.164 30.733 4.509
v -3.164 30.996 4.509
v -3.296 30.652 4.722
v -3.033 30.652 4.722
v -3.377 30.865 4.591
v -2.952 30.865 4.591
v -3.164 30.865 4.972
v -3.087 31.067 4.847
v -3.242 31.067 4.847
v -3.039 30.942 4.924
v -3.289 30.942 4.924
v -3.039 30.787 4.924
v -3.289 30.787 4.924
v -3.242 30.662 4.847
v -3.087 30.662 4.847
v -3.164 31.115 4.722
v -2.962 30.990 4.799
v -3.087 31.067 4.597
v -2.962 30.990 4.645
v -3.367 30.990 4.799
v -3.242 31.067 4.597
v -3.367 30.990 4.645
v -2.962 30.740 4.799
v -2.914 30.865 4.722
v -3.367 30.740 4.799
v -3.414 30.865 4.722
v -3.164 30.865 4.472
v -3.242 30.662 4.597
v -3.087 30.662 4.597
v -3.289 30.787 4.520
v -3.039 30.787 4.520
v -3.289 30.942 4.520
v -3.039 30.942 4.520
v -3.164 30.615 4.722
v -3.367 30.740 4.645
v -2.962 30.740 4.645
f 337 353 349
f 353 342 355
f 353 355 349
f 349 355 338
f 337 351 353
f 351 340 362
f 351 362 353
f 353 362 342
f 337 350 351
f 350 339 358
f 350 358 351
f 351 358 340
f 337 352 350
f 352 341 359
f 352 359 350
f 350 359 339
f 337 349 352
f 349 338 354
f 349 354 352
f 352 354 341
f 338 355 356
f 355 342 367
f 355 367 356
f 356 367 345
f 342 362 368
f 362 340 364
f 362 364 368
f 368 364 347
f 340 358 363
f 358 339 360
f 358 360 363
f 363 360 344
f 339 359 361
f 359 341 366
f 359 366 361
f 361 366 348
f 341 354 365
f 354 338 357
f 354 357 365
f 365 357 346
f 344 375 369
f 375 348 373
f 375 373 369
f 369 373 343
f 348 378 373
f 378 346 371
f 378 371 373
f 373 371 343
f 346 376 371
f 376 345 370
f 376 370 371
f 371 370 343
f 345 377 370
f 377 347 372
f 377 372 370
f 370 372 343
f 347 374 372
f 374 344 369
f 374 369 372
f 372 369 343
f 339 361 360
f 361 348 375
f 361 375 360
f 360 375 344
f 341 365 366
f 365 346 378
f 365 378 366
f 366 378 348
f 338 356 357
f 356 345 376
f 356 376 357
f 357 376 346
f 342 368 367
f 368 347 377
f 368 377 367
f 367 377 345
f 340 363 364
f 363 344 374
f 363 374 364
f 364 374 347
v 15.317 1.893 9.958
v 15.317 1.587 9.958
v 15.470 1.988 9.710
v 15.164 1.988 9.710
v 15.565 1.740 9.863
v 15.070 1.740 9.863
v 15.317 1.587 9.463
v 15.317 1.893 9.463
v 15.164 1.493 9.710
v 15.470 1.493 9.710
v 15.070 1.740 9.557
v 15.565 1.740 9.557
v 15.317 1.740 10.001
v 15.407 1.976 9.856
v 15.227 1.976 9.856
v 15.463 1.830 9.946
v 15.172 1.830 9.946
v 15.463 1.650 9.946
v 15.172 1.650 9.946
v 15.227 1.505 9.856
v 15.407 1.505 9.856
v 15.317 2.031 9.710
v 15.553 1.886 9.800
v 15.407 1.976 9.565
v 15.553 1.886 9.620
v 15.082 1.886 9.800
v 15.227 1.976 9.565
v 15.082 1.886 9.620
v 15.553 1.595 9.800
v 15.608 1.740 9.710
v 15.082 1.595 9.800
v 15.026 1.740 9.710
v 15.317 1.740 9.419
v 15.227 1.505 9.565
v 15.407 1.505 9.565
v 15.172 1.650 9.475
v 15.463 1.650 9.475
v 15.172 1.830 9.475
v 15.463 1.830 9.475
v 15.317 1.449 9.710
v 15.082 1.595 9.620
v 15.553 1.595 9.620
f 379 395 391
f 395 384 397
f 395 397 391
f 391 397 380
f 379 393 395
f 393 382 404
f 393 404 395
f 395 404 384
f 379 392 393
f 392 381 400
f 392 400 393
f 393 400 382
f 379 394 392
f 394 383 401
f 394 401 392
f 392 401 381
f 379 391 394
f 391 380 396
f 391 396 394
f 394 396 383
f 380 397 398
f 397 384 409
f 397 409 398
f 398 409 387
f 384 404 410
f 404 382 406
f 404 406 410
f 410 406 389
f 382 400 405
f 400 381 402
f 400 402 405
f 405 402 386
f 381 401 403
f 401 383 408
f 401 408 403
f 403 408 390
f 383 396 407
f 396 380 399
f 396 399 407
f 407 399 388
f 386 417 411
f 417 390 415
f 417 415 411
f 411 415 385
f 390 420 415
f 420 388 413
f 420 413 415
f 415 413 385
f 388 418 413
f 418 387 412
f 418 412 413
f 413 412 385
f 387 419 412
f 419 389 414
f 419 414 412
f 412 414 385
f 389 416 414
f 416 386 411
f 416 411 414
f 414 411 385
f 381 403 402
f 403 390 417
f 403 417 402
f 402 417 386
f 383 407 408
f 407 388 420
f 407 420 408
f 408 420 390
f 380 398 399
f 398 387 418
f 398 418 399
f 399 418 388
f 384 410 409
f 410 389 419
f 410 419 409
f 409 419 387
f 382 405 406
f 405 386 416
f 405 416 406
f 406 416 389
v 11.217 8.553 8.137
v 11.217 8.248 8.137
v 11.370 8.648 7.889
v 11.064 8.648 7.889
v 11.465 8.401 8.042
v 10.970 8.401 8.042
v 11.217 8.248 7.642
v 11.217 8.553 7.642
v 11.064 8.153 7.889
v 11.370 8.153 7.889
v 10.970 8.401 7.736
v 11.465 8.401 7.736
v 11.217 8.401 8.180
v 11.307 8.636 8.035
v 11.127 8.636 8.035
v 11.363 8.490 8.125
v 11.072 8.490 8.125
v 11.363 8.311 8.125
v 11.072 8.311 8.125
v 11.127 8.165 8.035
v 11.307 8.165 8.035
v 11.217 8.691 7.889
v 11.453 8.546 7.979
v 11.307 8.636 7.744
v 11.453 8.546 7.799
v 10.982 8.546 7.979
v 11.127 8.636 7.744
v 10.982 8.546 7.799
v 11.453 8.255 7.979
v 11.508 8.401 7.889
v 10.982 8.255 7.979
v 10.926 8.401 7.889
v 11.217 8.401 7.598
v 11.127 8.165 7.744
v 11.307 8.165 7.744
v 11.072 8.311 7.654
v 11.363 8.311 7.654
v 11.072 8.490 7.654
v 11.363 8.490 7.654
v 11.217 8.110 7.889
v 10.982 8.255 7.799
v 11.453 8.255 7.799
f 421 437 433
f 437 426 439
f 437 439 433
f 433 439 422
f 421 435 437
f 435 424 446
f 435 446 437
f 437 446 426
f 421 434 435
f 434 423 442
f 434 442 435
f 435 442 424
f 421 436 434
f 436 425 443
f 436 443 434
f 434 443 423
f 421 433 436
f 433 422 438
f 433 438 436
f 436 438 425
f 422 439 440
f 439 426 451
f 439 451 440
f 440 451 429
f 426 446 452
f 446 424 448
f 446 448 452
f 452 448 431
f 424 442 447
f 442 423 444
f 442 444 447
f 447 444 428
f 423 443 445
f 443 425 450
f 443 450 445
f 445 450 432
f 425 438 449
f 438 422 441
f 438 441 449
f 449 441 430
f 428 459 453
f 459 432 457
f 459 457 453
f 453 457 427
f 432 462 457
f 462 430 455
f 462 455 457
f 457 455 427
f 430 460 455
f 460 429 454
f 460 454 455
f 455 454 427
f 429 461 454
f 461 431 456
f 461 456 454
f 454 456 427
f 431 458 456
f 458 428 453
f 458 453 456
f 456 453 427
f 423 445 444
f 445 432 459
f 445 459 444
f 444 459 428
f 425 449 450
f 449 430 462
f 449 462 450
f 450 462 432
f 422 440 441
f 440 429 460
f 440 460 441
f 441 460 430
f 426 452 451
f 452 431 461
f 452 461 451
f 451 461 429
f 424 447 448
f 447 428 458
f 447 458 448
f 448 458 431
v -4.026 37.228 4.396
v -4.026 36.965 4.396
v -3.895 37.309 4.184
v -4.158 37.309 4.184
v -3.813 37.096 4.315
v -4.239 37.096 4.315
v -4.026 36.965 3.971
v -4.026 37.228 3.971
v -4.158 36.884 4.184
v -3.895 36.884 4.184
v -4.239 37.096 4.052
v -3.813 37.096 4.052
v -4.026 37.096 4.434
v -3.949 37.299 4.309
v -4.103 37.299 4.309
v -3.901 37.174 4.386
v -4.151 37.174 4.386
v -3.901 37.019 4.386
v -4.151 37.019 4.386
v -4.103 36.894 4.309
v -3.949 36.894 4.309
v -4.026 37.346 4.184
v -3.824 37.221 4.261
v -3.949 37.299 4.059
v -3.824 37.221 4.107
v -4.228 37.221 4.261
v -4.103 37.299 4.059
v -4.228 37.221 4.107
v -3.824 36.971 4.261
v -3.776 37.096 4.184
v -4.228 36.971 4.261
v -4.276 37.096 4.184
v -4.026 37.096 3.934
v -4.103 36.894 4.059
v -3.949 36.894 4.059
v -4.151 37.019 3.982
v -3.901 37.019 3.982
v -4.151 37.174 3.982
v -3.901 37.174 3.982
v -4.026 36.846 4.184
v -4.228 36.971 4.107
v -3.824 36.971 4.107
f 463 479 475
f 479 468 481
f 479 481 475
f 475 481 464
f 463 477 479
f 477 466 488
f 477 488 479
f 479 488 468
f 463 476 477
f 476 465 484
f 476 484 477
f 477 484 466
f 463 478 476
f 478 467 485
f 478 485 476
f 476 485 465
f 463 475 478
f 475 464 480
f 475 480 478
f 478 480 467
f 464 481 482
f 481 468 493
f 481 493 482
f 482 493 471
f 468 488 494
f 488 466 490
f 488 490 494
f 494 490 473
f 466 484 489
f 484 465 486
f 484 486 489
f 489 486 470
f 465 485 487
f 485 467 492
f 485 492 487
f 487 492 474
f 467 480 491
f 480 464 483
f 480 483 491
f 491 483 472
f 470 501 495
f 501 474 499
f 501 499 495
f 495 499 469
f 474 504 499
f 504 472 497
f 504 497 499
f 499 497 469
f 472 502 497
f 502 471 496
f 502 496 497
f 497 496 469
f 471 503 496
f 503 473 498
f 503 498 496
f 496 498 469
f 473 500 498
f 500 470 495
f 500 495 498
f 498 495 469
f 465 487 486
f 487 474 501
f 487 501 486
f 486 501 470
f 467 491 492
f 491 472 504
f 491 504 492
f 492 504 474
f 464 482 483
f 482 471 502
f 482 502 483
f 483 502 472
f 468 494 493
f 494 473 503
f 494 503 493
f 493 503 471
f 466 489 490
f 489 470 500
f 489 500 490
f 490 500 473
v -1.200 30.470 6.332
v -1.200 30.207 6.332
v -1.068 30.551 6.119
v -1.331 30.551 6.119
v -0.987 30.338 6.251
v -1.412 30.338 6.251
v -1.200 30.207 5.907
v -1.200 30.470 5.907
v -1.331 30.126 6.119
v -1.068 30.126 6.119
v -1.412 30.338 5.988
v -0.987 30.338 5.988
v -1.200 30.338 6.369
v -1.122 30.541 6.244
v -1.277 30.541 6.244
v -1.075 30.416 6.322
v -1.325 30.416 6.322
v -1.075 30.261 6.322
v -1.325 30.261 6.322
v -1.277 30.136 6.244
v -1.122 30.136 6.244
v -1.200 30.588 6.119
v -0.997 30.463 6.197
v -1.122 30.541 5.994
v -0.997 30.463 6.042
v -1.402 30.463 6.197
v -1.277 30.541 5.994
v -1.402 30.463 6.042
v -0.997 30.213 6.197
v -0.950 30.338 6.119
v -1.402 30.213 6.197
v -1.450 30.338 6.119
v -1.200 30.338 5.869
v -1.277 30.136 5.994
v -1.122 30.136 5.994
v -1.325 30.261 5.917
v -1.075 30.261 5.917
v -1.325 30.416 5.917
v -1.075 30.416 5.917
v -1.200 30.088 6.119
v -1.402 30.213 6.042
v -0.997 30.213 6.042
f 505 521 517
f 521 510 523
f 521 523 517
f 517 523 506
f 505 519 521
f 519 508 530
f 519 530 521
f 521 530 510
f 505 518 519
f 518 507 526
f 518 526 519
f 519 526 508
f 505 520 518
f 520 509 527
f 520 527 518
f 518 527 507
f 505 517 520
f 517 506 522
f 517 522 520
f 520 522 509
f 506 523 524
f 523 510 535
f 523 535 524
f 524 535 513
f 510 530 536
f 530 508 532
f 530 532 536
f 536 532 515
f 508 526 531
f 526 507 528
f 526 528 531
f 531 528 512
f 507 527 529
f 527 509 534
f 527 534 529
f 529 534 516
f 509 522 533
f 522 506 525
f 522 525 533
f 533 525 514
f 512 543 537
f 543 516 541
f 543 541 537
f 537 541 511
f 516 546 541
f 546 514 539
f 546 539 541
f 541 539 511
f 514 544 539
f 544 513 538
f 544 538 539
f 539 538 511
f 513 545 538
f 545 515 540
f 545 540 538
f 538 540 511
f 515 542 540
f 542 512 537
f 542 537 540
f 540 537 511
f 507 529 528
f 529 516 543
f 529 543 528
f 528 543 512
f 509 533 534
f 533 514 546
f 533 546 534
f 534 546 516
f 506 524 525
f 524 513 544
f 524 544 525
f 525 544 514
f 510 536 535
f 536 515 545
f 536 545 535
f 535 545 513
f 508 531 532
f 531 512 542
f 531 542 532
f 532 542 515
v 29.804 21.144 5.916
v 29.804 20.800 5.916
v 29.976 21.250 5.638
v 29.632 21.250 5.638
v 30.082 20.972 5.810
v 29.526 20.972 5.810
v 29.804 20.800 5.360
v 29.804 21.144 5.360
v 29.632 20.694 5.638
v 29.976 20.694 5.638
v 29.526 20.972 5.466
v 30.082 20.972 5.466
v 29.804 20.972 5.965
v 29.905 21.237 5.802
v 29.703 21.237 5.802
v 29.967 21.073 5.903
v 29.640 21.073 5.903
v 29.967 20.871 5.903
v 29.640 20.871 5.903
v 29.703 20.708 5.802
v 29.905 20.708 5.802
v 29.804 21.299 5.638
v 30.068 21.136 5.739
v 29.905 21.237 5.475
v 30.068 21.136 5.537
v 29.539 21.136 5.739
v 29.703 21.237 5.475
v 29.539 21.136 5.537
v 30.068 20.809 5.739
v 30.131 20.972 5.638
v 29.539 20.809 5.739
v 29.477 20.972 5.638
v 29.804 20.972 5.311
v 29.703 20.708 5.475
v 29.905 20.708 5.475
v 29.640 20.871 5.374
v 29.967 20.871 5.374
v 29.640 21.073 5.374
v 29.967 21.073 5.374
v 29.804 20.645 5.638
v 29.539 20.809 5.537
v 30.068 20.809 5.537
f 547 563 559
f 563 552 565
f 563 565 559
f 559 565 548
f 547 561 563
f 561 550 572
f 561 572 563
f 563 572 552
f 547 560 561
f 560 549 568
f 560 568 561
f 561 568 550
f 547 562 560
f 562 551 569
f 562 569 560
f 560 569 549
f 547 559 562
f 559 548 564
f 559 564 562
f 562 564 551
f 548 565 566
f 565 552 577
f 565 577 566
f 566 577 555
f 552 572 578
f 572 550 574
f 572 574 578
f 578 574 557
f 550 568 573
f 568 549 570
f 568 570 573
f 573 570 554
f 549 569 571
f 569 551 576
f 569 576 571
f 571 576 558
f 551 564 575
f 564 548 567
f 564 567 575
f 575 567 556
f 554 585 579
f 585 558 583
f 585 583 579
f 579 583 553
f 558 588 583
f 588 556 581
f 588 581 583
f 583 581 553
f 556 586 581
f 586 555 580
f 586 580 581
f 581 580 553
f 555 587 580
f 587 557 582
f 587 582 580
f 580 582 553
f 557 584 582
f 584 554 579
f 584 579 582
f 582 579 553
f 549 571 570
f 571 558 585
f 571 585 570
f 570 585 554
f 551 575 576
f 575 556 588
f 575 588 576
f 576 588 558
f 548 566 567
f 566 555 586
f 566 586 567
f 567 586 556
f 552 578 577
f 578 557 587
f 578 587 577
f 577 587 555
f 550 573 574
f 573 554 584
f 573 584 574
f 574 584 557
v -31.901 -19.283 8.179
v -31.901 -19.627 8.179
v -31.730 -19.177 7.901
v -32.073 -19.177 7.901
v -31.623 -19.455 8.073
v -32.180 -19.455 8.073
v -31.901 -19.627 7.623
v -31.901 -19.283 7.623
v -32.073 -19.733 7.901
v -31.730 -19.733 7.901
v -32.180 -19.455 7.729
v -31.623 -19.455 7.729
v -31.901 -19.455 8.228
v -31.800 -19.190 8.064
v -32.003 -19.190 8.064
v -31.738 -19.354 8.165
v -32.065 -19.354 8.165
v -31.738 -19.556 8.165
v -32.065 -19.556 8.165
v -32.003 -19.719 8.064
v -31.800 -19.719 8.064
v -31.901 -19.128 7.901
v -31.637 -19.291 8.002
v -31.800 -19.190 7.737
v -31.637 -19.291 7.800
v -32.166 -19.291 8.002
v -32.003 -19.190 7.737
v -32.166 -19.291 7.800
v -31.637 -19.618 8.002
v -31.575 -19.455 7.901
v -32.166 -19.618 8.002
v -32.228 -19.455 7.901
v -31.901 -19.455 7.574
v -32.003 -19.719 7.737
v -31.800 -19.719 7.737
v -32.065 -19.556 7.636
v -31.738 -19.556 7.636
v -32.065 -19.354 7.636
v -31.738 -19.354 7.636
v -31.901 -19.782 7.901
v -32.166 -19.618 7.800
v -31.637 -19.618 7.800
f 589 605 601
f 605 594 607
f 605 607 601
f 601 607 590
f 589 603 605
f 603 592 614
f 603 614 605
f 605 614 594
f 589 602 603
f 602 591 610
f 602 610 603
f 603 610 592
f 589 604 602
f 604 593 611
f 604 611 602
f 602 611 591
f 589 601 604
f 601 590 606
f 601 606 604
f 604 606 593
f 590 607 608
f 607 594 619
f 607 619 608
f 608 619 597
f 594 614 620
f 614 592 616
f 614 616 620
f 620 616 599
f 592 610 615
f 610 591 612
f 610 612 615
f 615 612 596
f 591 611 613
f 611 593 618
f 611 618 613
f 613 618 600
f 593 606 617
f 606 590 609
f 606 609 617
f 617 609 598
f 596 627 621
f 627 600 625
f 627 625 621
f 621 625 595
f 600 630 625
f 630 598 623
f 630 623 625
f 625 623 595
f 598 628 623
f 628 597 622
f 628 622 623
f 623 622 595
f 597 629 622
f 629 599 624
f 629 624 622
f 622 624 595
f 599 626 624
f 626 596 621
f 626 621 624
f 624 621 595
f 591 613 612
f 613 600 627
f 613 627 612
f 612 627 596
f 593 617 618
f 617 598 630
f 617 630 618
f 618 630 600
f 590 608 609
f 608 597 628
f 608 628 609
f 609 628 598
f 594 620 619
f 620 599 629
f 620 629 619
f 619 629 597
f 592 615 616
f 615 596 626
f 615 626 616
f 616 626 599
v -12.940 -30.369 11.729
v -12.940 -30.747 11.729
v -12.751 -30.252 11.424
v -13.129 -30.252 11.424
v -12.634 -30.558 11.613
v -13.246 -30.558 11.613
v -12.940 -30.747 11.118
v -12.940 -30.369 11.118
v -13.129 -30.864 11.424
v -12.751 -30.864 11.424
v -13.246 -30.558 11.235
v -12.634 -30.558 11.235
v -12.940 -30.558 11.783
v -12.829 -30.267 11.603
v -13.051 -30.267 11.603
v -12.760 -30.447 11.714
v -13.120 -30.447 11.714
v -12.760 -30.669 11.714
v -13.120 -30.669 11.714
v -13.051 -30.849 11.603
v -12.829 -30.849 11.603
v -12.940 -30.198 11.424
v -12.649 -30.378 11.535
v -12.829 -30.267 11.244
v -12.649 -30.378 11.312
v -13.231 -30.378 11.535
v -13.051 -30.267 11.244
v -13.231 -30.378 11.312
v -12.649 -30.738 11.535
v -12.580 -30.558 11.424
v -13.231 -30.738 11.535
v -13.300 -30.558 11.424
v -12.940 -30.558 11.064
v -13.051 -30.849 11.244
v -12.829 -30.849 11.244
v -13.120 -30.669 11.133
v -12.760 -30.669 11.133
v -13.120 -30.447 11.133
v -12.760 -30.447 11.133
v -12.940 -30.917 11.424
v -13.231 -30.738 11.312
v -12.649 -30.738 11.312
f 631 647 643
f 647 636 649
f 647 649 643
f 643 649 632
f 631 645 647
f 645 634 656
f 645 656 647
f 647 656 636
f 631 644 645
f 644 633 652
f 644 652 645
f 645 652 634
f 631 646 644
f 646 635 653
f 646 653 644
f 644 653 633
f 631 643 646
f 643 632 648
f 643 648 646
f 646 648 635
f 632 649 650
f 649 636 661
f 649 661 650
f 650 661 639
f 636 656 662
f 656 634 658
f 656 658 662
f 662 658 641
f 634 652 657
f 652 633 654
f 652 654 657
f 657 654 638
f 633 653 655
f 653 635 660
f 653 660 655
f 655 660 642
f 635 648 659
f 648 632 651
f 648 651 659
f 659 651 640
f 638 669 663
f 669 642 667
f 669 667 663
f 663 667 637
f 642 672 667
f 672 640 665
f 672 665 667
f 667 665 637
f 640 670 665
f 670 639 664
f 670 664 665
f 665 664 637
f 639 671 664
f 671 641 666
f 671 666 664
f 664 666 637
f 641 668 666
f 668 638 663
f 668 663 666
f 666 663 637
f 633 655 654
f 655 642 669
f 655 669 654
f 654 669 638
f 635 659 660
f 659 640 672
f 659 672 660
f 660 672 642
f 632 650 651
f 650 639 670
f 650 670 651
f 651 670 640
f 636 662 661
f 662 641 671
f 662 671 661
f 661 671 639
f 634 657 658
f 657 638 668
f 657 668 658
f 658 668 641
v -15.903 -26.798 10.036
v -15.903 -27.061 10.036
v -15.772 -26.717 9.823
v -16.034 -26.717 9.823
v -15.690 -26.929 9.954
v -16.116 -26.929 9.954
v -15.903 -27.061 9.610
v -15.903 -26.798 9.610
v -16.034 -27.142 9.823
v -15.772 -27.142 9.823
v -16.116 -26.929 9.691
v -15.690 -26.929 9.691
v -15.903 -26.929 10.073
v -15.826 -26.727 9.948
v -15.980 -26.727 9.948
v -15.778 -26.852 10.025
v -16.028 -26.852 10.025
v -15.778 -27.007 10.025
v -16.028 -27.007 10.025
v -15.980 -27.132 9.948
v -15.826 -27.132 9.948
v -15.903 -26.679 9.823
v -15.701 -26.804 9.900
v -15.826 -26.727 9.698
v -15.701 -26.804 9.746
v -16.105 -26.804 9.900
v -15.980 -26.727 9.698
v -16.105 -26.804 9.746
v -15.701 -27.054 9.900
v -15.653 -26.929 9.823
v -16.105 -27.054 9.900
v -16.153 -26.929 9.823
v -15.903 -26.929 9.573
v -15.980 -27.132 9.698
v -15.826 -27.132 9.698
v -16.028 -27.007 9.621
v -15.778 -27.007 9.621
v -16.028 -26.852 9.621
v -15.778 -26.852 9.621
v -15.903 -27.179 9.823
v -16.105 -27.054 9.746
v -15.701 -27.054 9.746
f 673 689 685
f 689 678 691
f 689 691 685
f 685 691 674
f 673 687 689
f 687 676 698
f 687 698 689
f 689 698 678
f 673 686 687
f 686 675 694
f 686 694 687
f 687 694 676
f 673 688 686
f 688 677 695
f 688 695 686
f 686 695 675
f 673 685 688
f 685 674 690
f 685 690 688
f 688 690 677
f 674 691 692
f 691 678 703
f 691 703 692
f 692 703 681
f 678 698 704
f 698 676 700
f 698 700 704
f 704 700 683
f 676 694 699
f 694 675 696
f 694 696 699
f 699 696 680
f 675 695 697
f 695 677 702
f 695 702 697
f 697 702 684
f 677 690 701
f 690 674 693
f 690 693 701
f 701 693 682
f 680 711 705
f 711 684 709
f 711 709 705
f 705 709 679
f 684 714 709
f 714 682 707
f 714 707 709
f 709 707 679
f 682 712 707
f 712 681 706
f 712 706 707
f 707 706 679
f 681 713 706
f 713 683 708
f 713 708 706
f 706 708 679
f 683 710 708
f 710 680 705
f 710 705 708
f 708 705 679
f 675 697 696
f 697 684 711
f 697 711 696
f 696 711 680
f 677 701 702
f 701 682 714
f 701 714 702
f 702 714 684
f 674 692 693
f 692 681 712
f 692 712 693
f 693 712 682
f 678 704 703
f 704 683 713
f 704 713 703
f 703 713 681
f 676 699 700
f 699 680 710
f 699 710 700
f 700 710 683
v -16.697 -25.401 11.700
v -16.697 -25.706 11.700
v -16.544 -25.306 11.453
v -16.850 -25.306 11.453
v -16.450 -25.553 11.606
v -16.945 -25.553 11.606
v -16.697 -25.706 11.205
v -16.697 -25.401 11.205
v -16.850 -25.801 11.453
v -16.544 -25.801 11.453
v -16.945 -25.553 11.300
v -16.450 -25.553 11.300
v -16.697 -25.553 11.744
v -16.607 -25.318 11.598
v -16.787 -25.318 11.598
v -16.552 -25.464 11.688
v -16.843 -25.464 11.688
v -16.552 -25.643 11.688
v -16.843 -25.643 11.688
v -16.787 -25.789 11.598
v -16.607 -25.789 11.598
v -16.697 -25.263 11.453
v -16.462 -25.408 11.543
v -16.607 -25.318 11.307
v -16.462 -25.408 11.363
v -16.933 -25.408 11.543
v -16.787 -25.318 11.307
v -16.933 -25.408 11.363
v -16.462 -25.699 11.543
v -16.406 -25.553 11.453
v -16.933 -25.699 11.543
v -16.988 -25.553 11.453
v -16.697 -25.553 11.162
v -16.787 -25.789 11.307
v -16.607 -25.789 11.307
v -16.843 -25.643 11.217
v -16.552 -25.643 11.217
v -16.843 -25.464 11.217
v -16.552 -25.464 11.217
v -16.697 -25.844 11.453
v -16.933 -25.699 11.363
v -16.462 -25.699 11.363
f 715 731 727
f 731 720 733
f 731 733 727
f 727 733 716
f 715 729 731
f 729 718 740
f 729 740 731
f 731 740 720
f 715 728 729
f 728 717 736
f 728 736 729
f 729 736 718
f 715 730 728
f 730 719 737
f 730 737 728
f 728 737 717
f 715 727 730
f 727 716 732
f 727 732 730
f 730 732 719
f 716 733 734
f 733 720 745
f 733 745 734
f 734 745 723
f 720 740 746
f 740 718 742
f 740 742 746
f 746 742 725
f 718 736 741
f 736 717 738
f 736 738 741
f 741 738 722
f 717 737 739
f 737 719 744
f 737 744 739
f 739 744 726
f 719 732 743
f 732 716 735
f 732 735 743
f 743 735 724
f 722 753 747
f 753 726 751
f 753 751 747
f 747 751 721
f 726 756 751
f 756 724 749
f 756 749 751
f 751 749 721
f 724 754 749
f 754 723 748
f 754 748 749
f 749 748 721
f 723 755 748
f 755 725 750
f 755 750 748
f 748 750 721
f 725 752 750
f 752 722 747
f 752 747 750
f 750 747 721
f 717 739 738
f 739 726 753
f 739 753 738
f 738 753 722
f 719 743 744
f 743 724 756
f 743 756 744
f 744 756 726
f 716 734 735
f 734 723 754
f 734 754 735
f 735 754 724
f 720 746 745
f 746 725 755
f 746 755 745
f 745 755 723
f 718 741 742
f 741 722 752
f 741 752 742
f 742 752 725
v -17.465 0.470 4.013
v -17.465 0.207 4.013
v -17.333 0.551 3.800
v -17.596 0.551 3.800
v -17.252 0.338 3.932
v -17.678 0.338 3.932
v -17.465 0.207 3.588
v -17.465 0.470 3.588
v -17.596 0.125 3.800
v -17.333 0.125 3.800
v -17.678 0.338 3.669
v -17.252 0.338 3.669
v -17.465 0.338 4.050
v -17.388 0.540 3.925
v -17.542 0.540 3.925
v -17.340 0.415 4.003
v -17.590 0.415 4.003
v -17.340 0.261 4.003
v -17.590 0.261 4.003
v -17.542 0.136 3.925
v -17.388 0.136 3.925
v -17.465 0.588 3.800
v -17.263 0.463 3.878
v -17.388 0.540 3.675
v -17.263 0.463 3.723
v -17.667 0.463 3.878
v -17.542 0.540 3.675
v -17.667 0.463 3.723
v -17.263 0.213 3.878
v -17.215 0.338 3.800
v -17.667 0.213 3.878
v -17.715 0.338 3.800
v -17.465 0.338 3.550
v -17.542 0.136 3.675
v -17.388 0.136 3.675
v -17.590 0.261 3.598
v -17.340 0.261 3.598
v -17.590 0.415 3.598
v -17.340 0.415 3.598
v -17.465 0.088 3.800
v -17.667 0.213 3.723
v -17.263 0.213 3.723
f 757 773 769
f 773 762 775
f 773 775 769
f 769 775 758
f 757 771 773
f 771 760 782
f 771 782 773
f 773 782 762
f 757 770 771
f 770 759 778
f 770 778 771
f 771 778 760
f 757 772 770
f 772 761 779
f 772 779 770
f 770 779 759
f 757 769 772
f 769 758 774
f 769 774 772
f 772 774 761
f 758 775 776
f 775 762 787
f 775 787 776
f 776 787 765
f 762 782 788
f 782 760 784
f 782 784 788
f 788 784 767
f 760 778 783
f 778 759 780
f 778 780 783
f 783 780 764
f 759 779 781
f 779 761 786
f 779 786 781
f 781 786 768
f 761 774 785
f 774 758 777
f 774 777 785
f 785 777 766
f 764 795 789
f 795 768 793
f 795 793 789
f 789 793 763
f 768 798 793
f 798 766 791
f 798 791 793
f 793 791 763
f 766 796 791
f 796 765 790
f 796 790 791
f 791 790 763
f 765 797 790
f 797 767 792
f 797 792 790
f 790 792 763
f 767 794 792
f 794 764 789
f 794 789 792
f 792 789 763
f 759 781 780
f 781 768 795
f 781 795 780
f 780 795 764
f 761 785 786
f 785 766 798
f 785 798 786
f 786 798 768
f 758 776 777
f 776 765 796
f 776 796 777
f 777 796 766
f 762 788 787
f 788 767 797
f 788 797 787
f 787 797 765
f 760 783 784
f 783 764 794
f 783 794 784
f 784 794 767
v -5.886 0.303 3.799
v -5.886 -0.003 3.799
v -5.734 0.398 3.552
v -6.039 0.398 3.552
v -5.639 0.150 3.705
v -6.134 0.150 3.705
v -5.886 -0.003 3.304
v -5.886 0.303 3.304
v -6.039 -0.097 3.552
v -5.734 -0.097 3.552
v -6.134 0.150 3.399
v -5.639 0.150 3.399
v -5.886 0.150 3.843
v -5.797 0.386 3.697
v -5.976 0.386 3.697
v -5.741 0.240 3.787
v -6.032 0.240 3.787
v -5.741 0.060 3.787
v -6.032 0.060 3.787
v -5.976 -0.085 3.697
v -5.797 -0.085 3.697
v -5.886 0.441 3.552
v -5.651 0.296 3.642
v -5.797 0.386 3.406
v -5.651 0.296 3.462
v -6.122 0.296 3.642
v -5.976 0.386 3.406
v -6.122 0.296 3.462
v -5.651 0.005 3.642
v -5.596 0.150 3.552
v -6.122 0.005 3.642
v -6.177 0.150 3.552
v -5.886 0.150 3.261
v -5.976 -0.085 3.406
v -5.797 -0.085 3.406
v -6.032 0.060 3.317
v -5.741 0.060 3.317
v -6.032 0.240 3.317
v -5.741 0.240 3.317
v -5.886 -0.141 3.552
v -6.122 0.005 3.462
v -5.651 0.005 3.462
f 799 815 811
f 815 804 817
f 815 817 811
f 811 817 800
f 799 813 815
f 813 802 824
f 813 824 815
f 815 824 804
f 799 812 813
f 812 801 820
f 812 820 813
f 813 820 802
f 799 814 812
f 814 803 821
f 814 821 812
f 812 821 801
f 799 811 814
f 811 800 816
f 811 816 814
f 814 816 803
f 800 817 818
f 817 804 829
f 817 829 818
f 818 829 807
f 804 824 830
f 824 802 826
f 824 826 830
f 830 826 809
f 802 820 825
f 820 801 822
f 820 822 825
f 825 822 806
f 801 821 823
f 821 803 828
f 821 828 823
f 823 828 810
f 803 816 827
f 816 800 819
f 816 819 827
f 827 819 808
f 806 837 831
f 837 810 835
f 837 835 831
f 831 835 805
f 810 840 835
f 840 808 833
f 840 833 835
f 835 833 805
f 808 838 833
f 838 807 832
f 838 832 833
f 833 832 805
f 807 839 832
f 839 809 834
f 839 834 832
f 832 834 805
f 809 836 834
f 836 806 831
f 836 831 834
f 834 831 805
f 801 823 822
f 823 810 837
f 823 837 822
f 822 837 806
f 803 827 828
f 827 808 840
f 827 840 828
f 828 840 810
f 800 818 819
f 818 807 838
f 818 838 819
f 819 838 808
f 804 830 829
f 830 809 839
f 830 839 829
f 829 839 807
f 802 825 826
f 825 806 836
f 825 836 826
f 826 836 809
v 9.697 2.667 -3.490
v 9.697 2.323 -3.490
v 9.869 2.773 -3.768
v 9.525 2.773 -3.768
v 9.975 2.495 -3.596
v 9.419 2.495 -3.596
v 9.697 2.323 -4.046
v 9.697 2.667 -4.046
v 9.525 2.217 -3.768
v 9.869 2.217 -3.768
v 9.419 2.495 -3.940
v 9.975 2.495 -3.940
v 9.697 2.495 -3.441
v 9.798 2.759 -3.605
v 9.596 2.759 -3.605
v 9.861 2.596 -3.504
v 9.534 2.596 -3.504
v 9.861 2.394 -3.504
v 9.534 2.394 -3.504
v 9.596 2.230 -3.605
v 9.798 2.230 -3.605
v 9.697 2.822 -3.768
v 9.962 2.658 -3.667
v 9.798 2.759 -3.932
v 9.962 2.658 -3.869
v 9.433 2.658 -3.667
v 9.596 2.759 -3.932
v 9.433 2.658 -3.869
v 9.962 2.331 -3.667
v 10.024 2.495 -3.768
v 9.433 2.331 -3.667
v 9.370 2.495 -3.768
v 9.697 2.495 -4.095
v 9.596 2.230 -3.932
v 9.798 2.230 -3.932
v 9.534 2.394 -4.033
v 9.861 2.394 -4.033
v 9.534 2.596 -4.033
v 9.861 2.596 -4.033
v 9.697 2.168 -3.768
v 9.433 2.331 -3.869
v 9.962 2.331 -3.869
f 841 857 853
f 857 846 859
f 857 859 853
f 853 859 842
f 841 855 857
f 855 844 866
f 855 866 857
f 857 866 846
f 841 854 855
f 854 843 862
f 854 862 855
f 855 862 844
f 841 856 854
f 856 845 863
f 856 863 854
f 854 863 843
f 841 853 856
f 853 842 858
f 853 858 856
f 856 858 845
f 842 859 860
f 859 846 871
f 859 871 860
f 860 871 849
f 846 866 872
f 866 844 868
f 866 868 872
f 872 868 851
f 844 862 867
f 862 843 864
f 862 864 867
f 867 864 848
f 843 863 865
f 863 845 870
f 863 870 865
f 865 870 852
f 845 858 869
f 858 842 861
f 858 861 869
f 869 861 850
f 848 879 873
f 879 852 877
f 879 877 873
f 873 877 847
f 852 882 877
f 882 850 875
f 882 875 877
f 877 875 847
f 850 880 875
f 880 849 874
f 880 874 875
f 875 874 847
f 849 881 874
f 881 851 876
f 881 876 874
f 874 876 847
f 851 878 876
f 878 848 873
f 878 873 876
f 876 873 847
f 843 865 864
f 865 852 879
f 865 879 864
f 864 879 848
f 845 869 870
f 869 850 882
f 869 882 870
f 870 882 852
f 842 860 861
f 860 849 880
f 860 880 861
f 861 880 850
f 846 872 871
f 872 851 881
f 872 881 871
f 871 881 849
f 844 867 868
f 867 848 878
f 867 878 868
f 868 878 851
v 14.175 -0.654 20.424
v 14.175 -0.916 20.424
v 14.306 -0.572 20.211
v 14.043 -0.572 20.211
v 14.387 -0.785 20.343
v 13.962 -0.785 20.343
v 14.175 -0.916 19.998
v 14.175 -0.654 19.998
v 14.043 -0.998 20.211
v 14.306 -0.998 20.211
v 13.962 -0.785 20.080
v 14.387 -0.785 20.080
v 14.175 -0.785 20.461
v 14.252 -0.583 20.336
v 14.097 -0.583 20.336
v 14.300 -0.708 20.413
v 14.050 -0.708 20.413
v 14.300 -0.862 20.413
v 14.050 -0.862 20.413
v 14.097 -0.987 20.336
v 14.252 -0.987 20.336
v 14.175 -0.535 20.211
v 14.377 -0.660 20.288
v 14.252 -0.583 20.086
v 14.377 -0.660 20.134
v 13.972 -0.660 20.288
v 14.097 -0.583 20.086
v 13.972 -0.660 20.134
v 14.377 -0.910 20.288
v 14.425 -0.785 20.211
v 13.972 -0.910 20.288
v 13.925 -0.785 20.211
v 14.175 -0.785 19.961
v 14.097 -0.987 20.086
v 14.252 -0.987 20.086
v 14.050 -0.862 20.009
v 14.300 -0.862 20.009
v 14.050 -0.708 20.009
v 14.300 -0.708 20.009
v 14.175 -1.035 20.211
v 13.972 -0.910 20.134
v 14.377 -0.910 20.134
f 883 899 895
f 899 888 901
f 899 901 895
f 895 901 884
f 883 897 899
f 897 886 908
f 897 908 899
f 899 908 888
f 883 896 897
f 896 885 904
f 896 904 897
f 897 904 886
f 883 898 896
f 898 887 905
f 898 905 896
f 896 905 885
f 883 895 898
f 895 884 900
f 895 900 898
f 898 900 887
f 884 901 902
f 901 888 913
f 901 913 902
f 902 913 891
f 888 908 914
f 908 886 910
f 908 910 914
f 914 910 893
f 886 904 909
f 904 885 906
f 904 906 909
f 909 906 890
f 885 905 907
f 905 887 912
f 905 912 907
f 907 912 894
f 887 900 911
f 900 884 903
f 900 903 911
f 911 903 892
f 890 921 915
f 921 894 919
f 921 919 915
f 915 919 889
f 894 924 919
f 924 892 917
f 924 917 919
f 919 917 889
f 892 922 917
f 922 891 916
f 922 916 917
f 917 916 889
f 891 923 916
f 923 893 918
f 923 918 916
f 916 918 889
f 893 920 918
f 920 890 915
f 920 915 918
f 918 915 889
f 885 907 906
f 907 894 921
f 907 921 906
f 906 921 890
f 887 911 912
f 911 892 924
f 911 924 912
f 912 924 894
f 884 902 903
f 902 891 922
f 902 922 903
f 903 922 892
f 888 914 913
f 914 893 923
f 914 923 913
f 913 923 891
f 886 909 910
f 909 890 920
f 909 920 910
f 910 920 893
v 13.205 -2.839 12.397
v 13.205 -3.145 12.397
v 13.358 -2.744 12.150
v 13.052 -2.744 12.150
v 13.452 -2.992 12.303
v 12.957 -2.992 12.303
v 13.205 -3.145 11.903
v 13.205 -2.839 11.903
v 13.052 -3.239 12.150
v 13.358 -3.239 12.150
v 12.957 -2.992 11.997
v 13.452 -2.992 11.997
v 13.205 -2.992 12.441
v 13.295 -2.756 12.295
v 13.115 -2.756 12.295
v 13.350 -2.902 12.385
v 13.059 -2.902 12.385
v 13.350 -3.081 12.385
v 13.059 -3.081 12.385
v 13.115 -3.227 12.295
v 13.295 -3.227 12.295
v 13.205 -2.701 12.150
v 13.440 -2.846 12.240
v 13.295 -2.756 12.005
v 13.440 -2.846 12.060
v 12.969 -2.846 12.240
v 13.115 -2.756 12.005
v 12.969 -2.846 12.060
v 13.440 -3.137 12.240
v 13.496 -2.992 12.150
v 12.969 -3.137 12.240
v 12.914 -2.992 12.150
v 13.205 -2.992 11.859
v 13.115 -3.227 12.005
v 13.295 -3.227 12.005
v 13.059 -3.081 11.915
v 13.350 -3.081 11.915
v 13.059 -2.902 11.915
v 13.350 -2.902 11.915
v 13.205 -3.283 12.150
v 12.969 -3.137 12.060
v 13.440 -3.137 12.060
f 925 941 937
f 941 930 943
f 941 943 937
f 937 943 926
f 925 939 941
f 939 928 950
f 939 950 941
f 941 950 930
f 925 938 939
f 938 927 946
f 938 946 939
f 939 946 928
f 925 940 938
f 940 929 947
f 940 947 938
f 938 947 927
f 925 937 940
f 937 926 942
f 937 942 940
f 940 942 929
f 926 943 944
f 943 930 955
f 943 955 944
f 944 955 933
f 930 950 956
f 950 928 952
f 950 952 956
f 956 952 935
f 928 946 951
f 946 927 948
f 946 948 951
f 951 948 932
f 927 947 949
f 947 929 954
f 947 954 949
f 949 954 936
f 929 942 953
f 942 926 945
f 942 945 953
f 953 945 934
f 932 963 957
f 963 936 961
f 963 961 957
f 957 961 931
f 936 966 961
f 966 934 959
f 966 959 961
f 961 959 931
f 934 964 959
f 964 933 958
f 964 958 959
f 959 958 931
f 933 965 958
f 965 935 960
f 965 960 958
f 958 960 931
f 935 962 960
f 962 932 957
f 962 957 960
f 960 957 931
f 927 949 948
f 949 936 963
f 949 963 948
f 948 963 932
f 929 953 954
f 953 934 966
f 953 966 954
f 954 966 936
f 926 944 945
f 944 933 964
f 944 964 945
f 945 964 934
f 930 956 955
f 956 935 965
f 956 965 955
f 955 965 933
f 928 951 952
f 951 932 962
f 951 962 952
f 952 962 935
v 16.644 -1.943 14.952
v 16.644 -2.205 14.952
v 16.776 -1.861 14.739
v 16.513 -1.861 14.739
v 16.857 -2.074 14.871
v 16.432 -2.074 14.871
v 16.644 -2.205 14.526
v 16.644 -1.943 14.526
v 16.513 -2.287 14.739
v 16.776 -2.287 14.739
v 16.432 -2.074 14.608
v 16.857 -2.074 14.608
v 16.644 -2.074 14.989
v 16.722 -1.872 14.864
v 16.567 -1.872 14.864
v 16.769 -1.997 14.941
v 16.519 -1.997 14.941
v 16.769 -2.151 14.941
v 16.519 -2.151 14.941
v 16.567 -2.276 14.864
v 16.722 -2.276 14.864
v 16.644 -1.824 14.739
v 16.847 -1.949 14.816
v 16.722 -1.872 14.614
v 16.847 -1.949 14.662
v 16.442 -1.949 14.816
v 16.567 -1.872 14.614
v 16.442 -1.949 14.662
v 16.847 -2.199 14.816
v 16.894 -2.074 14.739
v 16.442 -2.199 14.816
v 16.394 -2.074 14.739
v 16.644 -2.074 14.489
v 16.567 -2.276 14.614
v 16.722 -2.276 14.614
v 16.519 -2.151 14.537
v 16.769 -2.151 14.537
v 16.519 -1.997 14.537
v 16.769 -1.997 14.537
v 16.644 -2.324 14.739
v 16.442 -2.199 14.662
v 16.847 -2.199 14.662
f 967 983 979
f 983 972 985
f 983 985 979
f 979 985 968
f 967 981 983
f 981 970 992
f 981 992 983
f 983 992 972
f 967 980 981
f 980 969 988
f 980 988 981
f 981 988 970
f 967 982 980
f 982 971 989
f 982 989 980
f 980 989 969
f 967 979 982
f 979 968 984
f 979 984 982
f 982 984 971
f 968 985 986
f 985 972 997
f 985 997 986
f 986 997 975
f 972 992 998
f 992 970 994
f 992 994 998
f 998 994 977
f 970 988 993
f 988 969 990
f 988 990 993
f 993 990 974
f 969 989 991
f 989 971 996
f 989 996 991
f 991 996 978
f 971 984 995
f 984 968 987
f 984 987 995
f 995 987 976
f 974 1005 999
f 1005 978 1003
f 1005 1003 999
f 999 1003 973
f 978 1008 1003
f 1008 976 1001
f 1008 1001 1003
f 1003 1001 973
f 976 1006 1001
f 1006 975 1000
f 1006 1000 1001
f 1001 1000 973
f 975 1007 1000
f 1007 977 1002
f 1007 1002 1000
f 1000 1002 973
f 977 1004 1002
f 1004 974 999
f 1004 999 1002
f 1002 999 973
f 969 991 990
f 991 978 1005
f 991 1005 990
f 990 1005 974
f 971 995 996
f 995 976 1008
f 995 1008 996
f 996 1008 978
f 968 986 987
f 986 975 1006
f 986 1006 987
f 987 1006 976
f 972 998 997
f 998 977 1007
f 998 1007 997
f 997 1007 975
f 970 993 994
f 993 974 1004
f 993 1004 994
f 994 1004 977
v 1.802 2.964 12.698
v 1.802 2.658 12.698
v 1.955 3.058 12.451
v 1.649 3.058 12.451
v 2.049 2.811 12.603
v 1.554 2.811 12.603
v 1.802 2.658 12.203
v 1.802 2.964 12.203
v 1.649 2.564 12.451
v 1.955 2.564 12.451
v 1.554 2.811 12.298
v 2.049 2.811 12.298
v 1.802 2.811 12.741
v 1.891 3.046 12.596
v 1.712 3.046 12.596
v 1.947 2.901 12.686
v 1.656 2.901 12.686
v 1.947 2.721 12.686
v 1.656 2.721 12.686
v 1.712 2.576 12.596
v 1.891 2.576 12.596
v 1.802 3.102 12.451
v 2.037 2.956 12.540
v 1.891 3.046 12.305
v 2.037 2.956 12.361
v 1.566 2.956 12.540
v 1.712 3.046 12.305
v 1.566 2.956 12.361
v 2.037 2.666 12.540
v 2.092 2.811 12.451
v 1.566 2.666 12.540
v 1.511 2.811 12.451
v 1.802 2.811 12.160
v 1.712 2.576 12.305
v 1.891 2.576 12.305
v 1.656 2.721 12.215
v 1.947 2.721 12.215
v 1.656 2.901 12.215
v 1.947 2.901 12.215
v 1.802 2.520 12.451
v 1.566 2.666 12.361
v 2.037 2.666 12.361
f 1009 1025 1021
f 1025 1014 1027
f 1025 1027 1021
f 1021 1027 1010
f 1009 1023 1025
f 1023 1012 1034
f 1023 1034 1025
f 1025 1034 1014
f 1009 1022 1023
f 1022 1011 1030
f 1022 1030 1023
f 1023 1030 1012
f 1009 1024 1022
f 1024 1013 1031
f 1024 1031 1022
f 1022 1031 1011
f 1009 1021 1024
f 1021 1010 1026
f 1021 1026 1024
f 1024 1026 1013
f 1010 1027 1028
f 1027 1014 1039
f 1027 1039 1028
f 1028 1039 1017
f 1014 1034 1040
f 1034 1012 1036
f 1034 1036 1040
f 1040 1036 1019
f 1012 1030 1035
f 1030 1011 1032
f 1030 1032 1035
f 1035 1032 1016
f 1011 1031 1033
f 1031 1013 1038
f 1031 1038 1033
f 1033 1038 1020
f 1013 1026 1037
f 1026 1010 1029
f 1026 1029 1037
f 1037 1029 1018
f 1016 1047 1041
f 1047 1020 1045
f 1047 1045 1041
f 1041 1045 1015
f 1020 1050 1045
f 1050 1018 1043
f 1050 1043 1045
f 1045 1043 1015
f 1018 1048 1043
f 1048 1017 1042
f 1048 1042 1043
f 1043 1042 1015
f 1017 1049 1042
f 1049 1019 1044
f 1049 1044 1042
f 1042 1044 1015
f 1019 1046 1044
f 1046 1016 1041
f 1046 1041 1044
f 1044 1041 1015
f 1011 1033 1032
f 1033 1020 1047
f 1033 1047 1032
f 1032 1047 1016
f 1013 1037 1038
f 1037 1018 1050
f 1037 1050 1038
f 1038 1050 1020
f 1010 1028 1029
f 1028 1017 1048
f 1028 1048 1029
f 1029 1048 1018
f 1014 1040 1039
f 1040 1019 1049
f 1040 1049 1039
f 1039 1049 1017
f 1012 1035 1036
f 1035 1016 1046
f 1035 1046 1036
f 1036 1046 1019
v 12.584 1.987 11.094
v 12.584 1.724 11.094
v 12.716 2.068 10.882
v 12.453 2.068 10.882
v 12.797 1.855 11.013
v 12.372 1.855 11.013
v 12.584 1.724 10.669
v 12.584 1.987 10.669
v 12.453 1.643 10.882
v 12.716 1.643 10.882
v 12.372 1.855 10.750
v 12.797 1.855 10.750
v 12.584 1.855 11.132
v 12.662 2.058 11.007
v 12.507 2.058 11.007
v 12.709 1.933 11.084
v 12.459 1.933 11.084
v 12.709 1.778 11.084
v 12.459 1.778 11.084
v 12.507 1.653 11.007
v 12.662 1.653 11.007
v 12.584 2.105 10.882
v 12.787 1.980 10.959
v 12.662 2.058 10.757
v 12.787 1.980 10.804
v 12.382 1.980 10.959
v 12.507 2.058 10.757
v 12.382 1.980 10.804
v 12.787 1.730 10.959
v 12.834 1.855 10.882
v 12.382 1.730 10.959
v 12.334 1.855 10.882
v 12.584 1.855 10.632
v 12.507 1.653 10.757
v 12.662 1.653 10.757
v 12.459 1.778 10.679
v 12.709 1.778 10.679
v 12.459 1.933 10.679
v 12.709 1.933 10.679
v 12.584 1.605 10.882
v 12.382 1.730 10.804
v 12.787 1.730 10.804
f 1051 1067 1063
f 1067 1056 1069
f 1067 1069 1063
f 1063 1069 1052
f 1051 1065 1067
f 1065 1054 1076
f 1065 1076 1067
f 1067 1076 1056
f 1051 1064 1065
f 1064 1053 1072
f 1064 1072 1065
f 1065 1072 1054
f 1051 1066 1064
f 1066 1055 1073
f 1066 1073 1064
f 1064 1073 1053
f 1051 1063 1066
f 1063 1052 1068
f 1063 1068 1066
f 1066 1068 1055
f 1052 1069 1070
f 1069 1056 1081
f 1069 1081 1070
f 1070 1081 1059
f 1056 1076 1082
f 1076 1054 1078
f 1076 1078 1082
f 1082 1078 1061
f 1054 1072 1077
f 1072 1053 1074
f 1072 1074 1077
f 1077 1074 1058
f 1053 1073 1075
f 1073 1055 1080
f 1073 1080 1075
f 1075 1080 1062
f 1055 1068 1079
f 1068 1052 1071
f 1068 1071 1079
f 1079 1071 1060
f 1058 1089 1083
f 1089 1062 1087
f 1089 1087 1083
f 1083 1087 1057
f 1062 1092 1087
f 1092 1060 1085
f 1092 1085 1087
f 1087 1085 1057
f 1060 1090 1085
f 1090 1059 1084
f 1090 1084 1085
f 1085 1084 1057
f 1059 1091 1084
f 1091 1061 1086
f 1091 1086 1084
f 1084 1086 1057
f 1061 1088 1086
f 1088 1058 1083
f 1088 1083 1086
f 1086 1083 1057
f 1053 1075 1074
f 1075 1062 1089
f 1075 1089 1074
f 1074 1089 1058
f 1055 1079 1080
f 1079 1060 1092
f 1079 1092 1080
f 1080 1092 1062
f 1052 1070 1071
f 1070 1059 1090
f 1070 1090 1071
f 1071 1090 1060
f 1056 1082 1081
f 1082 1061 1091
f 1082 1091 1081
f 1081 1091 1059
f 1054 1077 1078
f 1077 1058 1088
f 1077 1088 1078
f 1078 1088 1061
v 24.555 0.883 16.778
v 24.555 0.620 16.778
v 24.687 0.964 16.565
v 24.424 0.964 16.565
v 24.768 0.752 16.697
v 24.343 0.752 16.697
v 24.555 0.620 16.353
v 24.555 0.883 16.353
v 24.424 0.539 16.565
v 24.687 0.539 16.565
v 24.343 0.752 16.434
v 24.768 0.752 16.434
v 24.555 0.752 16.815
v 24.633 0.954 16.690
v 24.478 0.954 16.690
v 24.680 0.829 16.768
v 24.430 0.829 16.768
v 24.680 0.674 16.768
v 24.430 0.674 16.768
v 24.478 0.549 16.690
v 24.633 0.549 16.690
v 24.555 1.002 16.565
v 24.758 0.877 16.643
v 24.633 0.954 16.440
v 24.758 0.877 16.488
v 24.353 0.877 16.643
v 24.478 0.954 16.440
v 24.353 0.877 16.488
v 24.758 0.627 16.643
v 24.805 0.752 16.565
v 24.353 0.627 16.643
v 24.305 0.752 16.565
v 24.555 0.752 16.315
v 24.478 0.549 16.440
v 24.633 0.549 16.440
v 24.430 0.674 16.363
v 24.680 0.674 16.363
v 24.430 0.829 16.363
v 24.680 0.829 16.363
v 24.555 0.502 16.565
v 24.353 0.627 16.488
v 24.758 0.627 16.488
f 1093 1109 1105
f 1109 1098 1111
f 1109 1111 1105
f 1105 1111 1094
f 1093 1107 1109
f 1107 1096 1118
f 1107 1118 1109
f 1109 1118 1098
f 1093 1106 1107
f 1106 1095 1114
f 1106 1114 1107
f 1107 1114 1096
f 1093 1108 1106
f 1108 1097 1115
f 1108 1115 1106
f 1106 1115 1095
f 1093 1105 1108
f 1105 1094 1110
f 1105 1110 1108
f 1108 1110 1097
f 1094 1111 1112
f 1111 1098 1123
f 1111 1123 1112
f 1112 1123 1101
f 1098 1118 1124
f 1118 1096 1120
f 1118 1120 1124
f 1124 1120 1103
f 1096 1114 1119
f 1114 1095 1116
f 1114 1116 1119
f 1119 1116 1100
f 1095 1115 1117
f 1115 1097 1122
f 1115 1122 1117
f 1117 1122 1104
f 1097 1110 1121
f 1110 1094 1113
f 1110 1113 1121
f 1121 1113 1102
f 1100 1131 1125
f 1131 1104 1129
f 1131 1129 1125
f 1125 1129 1099
f 1104 1134 1129
f 1134 1102 1127
f 1134 1127 1129
f 1129 1127 1099
f 1102 1132 1127
f 1132 1101 1126
f 1132 1126 1127
f 1127 1126 1099
f 1101 1133 1126
f 1133 1103 1128
f 1133 1128 1126
f 1126 1128 1099
f 1103 1130 1128
f 1130 1100 1125
f 1130 1125 1128
f 1128 1125 1099
f 1095 1117 1116
f 1117 1104 1131
f 1117 1131 1116
f 1116 1131 1100
f 1097 1121 1122
f 1121 1102 1134
f 1121 1134 1122
f 1122 1134 1104
f 1094 1112 1113
f 1112 1101 1132
f 1112 1132 1113
f 1113 1132 1102
f 1098 1124 1123
f 1124 1103 1133
f 1124 1133 1123
f 1123 1133 1101
f 1096 1119 1120
f 1119 1100 1130
f 1119 1130 1120
f 1120 1130 1103
v 15.978 0.321 17.304
v 15.978 0.058 17.304
v 16.109 0.402 17.091
v 15.846 0.402 17.091
v 16.190 0.189 17.223
v 15.765 0.189 17.223
v 15.978 0.058 16.879
v 15.978 0.321 16.879
v 15.846 -0.023 17.091
v 16.109 -0.023 17.091
v 15.765 0.189 16.960
v 16.190 0.189 16.960
v 15.978 0.189 17.341
v 16.055 0.391 17.216
v 15.900 0.391 17.216
v 16.103 0.266 17.294
v 15.853 0.266 17.294
v 16.103 0.112 17.294
v 15.853 0.112 17.294
v 15.900 -0.013 17.216
v 16.055 -0.013 17.216
v 15.978 0.439 17.091
v 16.180 0.314 17.169
v 16.055 0.391 16.966
v 16.180 0.314 17.014
v 15.775 0.314 17.169
v 15.900 0.391 16.966
v 15.775 0.314 17.014
v 16.180 0.064 17.169
v 16.228 0.189 17.091
v 15.775 0.064 17.169
v 15.728 0.189 17.091
v 15.978 0.189 16.841
v 15.900 -0.013 16.966
v 16.055 -0.013 16.966
v 15.853 0.112 16.889
v 16.103 0.112 16.889
v 15.853 0.266 16.889
v 16.103 0.266 16.889
v 15.978 -0.061 17.091
v 15.775 0.064 17.014
v 16.180 0.064 17.014
f 1135 1151 1147
f 1151 1140 1153
f 1151 1153 1147
f 1147 1153 1136
f 1135 1149 1151
f 1149 1138 1160
f 1149 1160 1151
f 1151 1160 1140
f 1135 1148 1149
f 1148 1137 1156
f 1148 1156 1149
f 1149 1156 1138
f 1135 1150 1148
f 1150 1139 1157
f 1150 1157 1148
f 1148 1157 1137
f 1135 1147 1150
f 1147 1136 1152
f 1147 1152 1150
f 1150 1152 1139
f 1136 1153 1154
f 1153 1140 1165
f 1153 1165 1154
f 1154 1165 1143
f 1140 1160 1166
f 1160 1138 1162
f 1160 1162 1166
f 1166 1162 1145
f 1138 1156 1161
f 1156 1137 1158
f 1156 1158 1161
f 1161 1158 1142
f 1137 1157 1159
f 1157 1139 1164
f 1157 1164 1159
f 1159 1164 1146
f 1139 1152 1163
f 1152 1136 1155
f 1152 1155 1163
f 1163 1155 1144
f 1142 1173 1167
f 1173 1146 1171
f 1173 1171 1167
f 1167 1171 1141
f 1146 1176 1171
f 1176 1144 1169
f 1176 1169 1171
f 1171 1169 1141
f 1144 1174 1169
f 1174 1143 1168
f 1174 1168 1169
f 1169 1168 1141
f 1143 1175 1168
f 1175 1145 1170
f 1175 1170 1168
f 1168 1170 1141
f 1145 1172 1170
f 1172 1142 1167
f 1172 1167 1170
f 1170 1167 1141
f 1137 1159 1158
f 1159 1146 1173
f 1159 1173 1158
f 1158 1173 1142
f 1139 1163 1164
f 1163 1144 1176
f 1163 1176 1164
f 1164 1176 1146
f 1136 1154 1155
f 1154 1143 1174
f 1154 1174 1155
f 1155 1174 1144
f 1140 1166 1165
f 1166 1145 1175
f 1166 1175 1165
f 1165 1175 1143
f 1138 1161 1162
f 1161 1142 1172
f 1161 1172 1162
f 1162 1172 1145
v 20.423 1.632 17.000
v 20.423 1.369 17.000
v 20.555 1.713 16.787
v 20.292 1.713 16.787
v 20.636 1.501 16.918
v 20.211 1.501 16.918
v 20.423 1.369 16.574
v 20.423 1.632 16.574
v 20.292 1.288 16.787
v 20.555 1.288 16.787
v 20.211 1.501 16.656
v 20.636 1.501 16.656
v 20.423 1.501 17.037
v 20.500 1.703 16.912
v 20.346 1.703 16.912
v 20.548 1.578 16.989
v 20.298 1.578 16.989
v 20.548 1.423 16.989
v 20.298 1.423 16.989
v 20.346 1.298 16.912
v 20.500 1.298 16.912
v 20.423 1.751 16.787
v 20.625 1.626 16.864
v 20.500 1.703 16.662
v 20.625 1.626 16.710
v 20.221 1.626 16.864
v 20.346 1.703 16.662
v 20.221 1.626 16.710
v 20.625 1.376 16.864
v 20.673 1.501 16.787
v 20.221 1.376 16.864
v 20.173 1.501 16.787
v 20.423 1.501 16.537
v 20.346 1.298 16.662
v 20.500 1.298 16.662
v 20.298 1.423 16.585
v 20.548 1.423 16.585
v 20.298 1.578 16.585
v 20.548 1.578 16.585
v 20.423 1.251 16.787
v 20.221 1.376 16.710
v 20.625 1.376 16.710
f 1177 1193 1189
f 1193 1182 1195
f 1193 1195 1189
f 1189 1195 1178
f 1177 1191 1193
f 1191 1180 1202
f 1191 1202 1193
f 1193 1202 1182
f 1177 1190 1191
f 1190 1179 1198
f 1190 1198 1191
f 1191 1198 1180
f 1177 1192 1190
f 1192 1181 1199
f 1192 1199 1190
f 1190 1199 1179
f 1177 1189 1192
f 1189 1178 1194
f 1189 1194 1192
f 1192 1194 1181
f 1178 1195 1196
f 1195 1182 1207
f 1195 1207 1196
f 1196 1207 1185
f 1182 1202 1208
f 1202 1180 1204
f 1202 1204 1208
f 1208 1204 1187
f 1180 1198 1203
f 1198 1179 1200
f 1198 1200 1203
f 1203 1200 1184
f 1179 1199 1201
f 1199 1181 1206
f 1199 1206 1201
f 1201 1206 1188
f 1181 1194 1205
f 1194 1178 1197
f 1194 1197 1205
f 1205 1197 1186
f 1184 1215 1209
f 1215 1188 1213
f 1215 1213 1209
f 1209 1213 1183
f 1188 1218 1213
f 1218 1186 1211
f 1218 1211 1213
f 1213 1211 1183
f 1186 1216 1211
f 1216 1185 1210
f 1216 1210 1211
f 1211 1210 1183
f 1185 1217 1210
f 1217 1187 1212
f 1217 1212 1210
f 1210 1212 1183
f 1187 1214 1212
f 1214 1184 1209
f 1214 1209 1212
f 1212 1209 1183
f 1179 1201 1200
f 1201 1188 1215
f 1201 1215 1200
f 1200 1215 1184
f 1181 1205 1206
f 1205 1186 1218
f 1205 1218 1206
f 1206 1218 1188
f 1178 1196 1197
f 1196 1185 1216
f 1196 1216 1197
f 1197 1216 1186
f 1182 1208 1207
f 1208 1187 1217
f 1208 1217 1207
f 1207 1217 1185
f 1180 1203 1204
f 1203 1184 1214
f 1203 1214 1204
f 1204 1214 1187
v -24.993 -22.200 17.827
v -24.993 -22.463 17.827
v -24.861 -22.119 17.615
v -25.124 -22.119 17.615
v -24.780 -22.332 17.746
v -25.205 -22.332 17.746
v -24.993 -22.463 17.402
v -24.993 -22.200 17.402
v -25.124 -22.544 17.615
v -24.861 -22.544 17.615
v -25.205 -22.332 17.483
v -24.780 -22.332 17.483
v -24.993 -22.332 17.865
v -24.915 -22.129 17.740
v -25.070 -22.129 17.740
v -24.868 -22.254 17.817
v -25.118 -22.254 17.817
v -24.868 -22.409 17.817
v -25.118 -22.409 17.817
v -25.070 -22.534 17.740
v -24.915 -22.534 17.740
v -24.993 -22.082 17.615
v -24.790 -22.207 17.692
v -24.915 -22.129 17.490
v -24.790 -22.207 17.537
v -25.195 -22.207 17.692
v -25.070 -22.129 17.490
v -25.195 -22.207 17.537
v -24.790 -22.457 17.692
v -24.743 -22.332 17.615
v -25.195 -22.457 17.692
v -25.243 -22.332 17.615
v -24.993 -22.332 17.365
v -25.070 -22.534 17.490
v -24.915 -22.534 17.490
v -25.118 -22.409 17.412
v -24.868 -22.409 17.412
v -25.118 -22.254 17.412
v -24.868 -22.254 17.412
v -24.993 -22.582 17.615
v -25.195 -22.457 17.537
v -24.790 -22.457 17.537
f 1219 1235 1231
f 1235 1224 1237
f 1235 1237 1231
f 1231 1237 1220
f 1219 1233 1235
f 1233 1222 1244
f 1233 1244 1235
f 1235 1244 1224
f 1219 1232 1233
f 1232 1221 1240
f 1232 1240 1233
f 1233 1240 1222
f 1219 1234 1232
f 1234 1223 1241
f 1234 1241 1232
f 1232 1241 1221
f 1219 1231 1234
f 1231 1220 1236
f 1231 1236 1234
f 1234 1236 1223
f 1220 1237 1238
f 1237 1224 1249
f 1237 1249 1238
f 1238 1249 1227
f 1224 1244 1250
f 1244 1222 1246
f 1244 1246 1250
f 1250 1246 1229
f 1222 1240 1245
f 1240 1221 1242
f 1240 1242 1245
f 1245 1242 1226
f 1221 1241 1243
f 1241 1223 1248
f 1241 1248 1243
f 1243 1248 1230
f 1223 1236 1247
f 1236 1220 1239
f 1236 1239 1247
f 1247 1239 1228
f 1226 1257 1251
f 1257 1230 1255
f 1257 1255 1251
f 1251 1255 1225
f 1230 1260 1255
f 1260 1228 1253
f 1260 1253 1255
f 1255 1253 1225
f 1228 1258 1253
f 1258 1227 1252
f 1258 1252 1253
f 1253 1252 1225
f 1227 1259 1252
f 1259 1229 1254
f 1259 1254 1252
f 1252 1254 1225
f 1229 1256 1254
f 1256 1226 1251
f 1256 1251 1254
f 1254 1251 1225
f 1221 1243 1242
f 1243 1230 1257
f 1243 1257 1242
f 1242 1257 1226
f 1223 1247 1248
f 1247 1228 1260
f 1247 1260 1248
f 1248 1260 1230
f 1220 1238 1239
f 1238 1227 1258
f 1238 1258 1239
f 1239 1258 1228
f 1224 1250 1249
f 1250 1229 1259
f 1250 1259 1249
f 1249 1259 1227
f 1222 1245 1246
f 1245 1226 1256
f 1245 1256 1246
f 1246 1256 1229
v -15.223 -27.717 13.922
v -15.223 -28.023 13.922
v -15.070 -27.622 13.675
v -15.376 -27.622 13.675
v -14.975 -27.870 13.828
v -15.470 -27.870 13.828
v -15.223 -28.023 13.427
v -15.223 -27.717 13.427
v -15.376 -28.117 13.675
v -15.070 -28.117 13.675
v -15.470 -27.870 13.522
v -14.975 -27.870 13.522
v -15.223 -27.870 13.965
v -15.133 -27.634 13.820
v -15.313 -27.634 13.820
v -15.078 -27.780 13.910
v -15.368 -27.780 13.910
v -15.078 -27.960 13.910
v -15.368 -27.960 13.910
v -15.313 -28.105 13.820
v -15.133 -28.105 13.820
v -15.223 -27.579 13.675
v -14.988 -27.724 13.764
v -15.133 -27.634 13.529
v -14.988 -27.724 13.585
v -15.458 -27.724 13.764
v -15.313 -27.634 13.529
v -15.458 -27.724 13.585
v -14.988 -28.015 13.764
v -14.932 -27.870 13.675
v -15.458 -28.015 13.764
v -15.514 -27.870 13.675
v -15.223 -27.870 13.384
v -15.313 -28.105 13.529
v -15.133 -28.105 13.529
v -15.368 -27.960 13.439
v -15.078 -27.960 13.439
v -15.368 -27.780 13.439
v -15.078 -27.780 13.439
v -15.223 -28.161 13.675
v -15.458 -28.015 13.585
v -14.988 -28.015 13.585
f 1261 1277 1273
f 1277 1266 1279
f 1277 1279 1273
f 1273 1279 1262
f 1261 1275 1277
f 1275 1264 1286
f 1275 1286 1277
f 1277 1286 1266
f 1261 1274 1275
f 1274 1263 1282
f 1274 1282 1275
f 1275 1282 1264
f 1261 1276 1274
f 1276 1265 1283
f 1276 1283 1274
f 1274 1283 1263
f 1261 1273 1276
f 1273 1262 1278
f 1273 1278 1276
f 1276 1278 1265
f 1262 1279 1280
f 1279 1266 1291
f 1279 1291 1280
f 1280 1291 1269
f 1266 1286 1292
f 1286 1264 1288
f 1286 1288 1292
f 1292 1288 1271
f 1264 1282 1287
f 1282 1263 1284
f 1282 1284 1287
f 1287 1284 1268
f 1263 1283 1285
f 1283 1265 1290
f 1283 1290 1285
f 1285 1290 1272
f 1265 1278 1289
f 1278 1262 1281
f 1278 1281 1289
f 1289 1281 1270
f 1268 1299 1293
f 1299 1272 1297
f 1299 1297 1293
f 1293 1297 1267
f 1272 1302 1297
f 1302 1270 1295
f 1302 1295 1297
f 1297 1295 1267
f 1270 1300 1295
f 1300 1269 1294
f 1300 1294 1295
f 1295 1294 1267
f 1269 1301 1294
f 1301 1271 1296
f 1301 1296 1294
f 1294 1296 1267
f 1271 1298 1296
f 1298 1268 1293
f 1298 1293 1296
f 1296 1293 1267
f 1263 1285 1284
f 1285 1272 1299
f 1285 1299 1284
f 1284 1299 1268
f 1265 1289 1290
f 1289 1270 1302
f 1289 1302 1290
f 1290 1302 1272
f 1262 1280 1281
f 1280 1269 1300
f 1280 1300 1281
f 1281 1300 1270
f 1266 1292 1291
f 1292 1271 1301
f 1292 1301 1291
f 1291 1301 1269
f 1264 1287 1288
f 1287 1268 1298
f 1287 1298 1288
f 1288 1298 1271
v -25.305 -26.268 16.010
v -25.305 -26.574 16.010
v -25.152 -26.174 15.763
v -25.458 -26.174 15.763
v -25.057 -26.421 15.916
v -25.552 -26.421 15.916
v -25.305 -26.574 15.515
v -25.305 -26.268 15.515
v -25.458 -26.668 15.763
v -25.152 -26.668 15.763
v -25.552 -26.421 15.610
v -25.057 -26.421 15.610
v -25.305 -26.421 16.054
v -25.215 -26.186 15.908
v -25.395 -26.186 15.908
v -25.159 -26.331 15.998
v -25.450 -26.331 15.998
v -25.159 -26.511 15.998
v -25.450 -26.511 15.998
v -25.395 -26.656 15.908
v -25.215 -26.656 15.908
v -25.305 -26.130 15.763
v -25.070 -26.276 15.853
v -25.215 -26.186 15.617
v -25.070 -26.276 15.673
v -25.540 -26.276 15.853
v -25.395 -26.186 15.617
v -25.540 -26.276 15.673
v -25.070 -26.566 15.853
v -25.014 -26.421 15.763
v -25.540 -26.566 15.853
v -25.596 -26.421 15.763
v -25.305 -26.421 15.472
v -25.395 -26.656 15.617
v -25.215 -26.656 15.617
v -25.450 -26.511 15.528
v -25.159 -26.511 15.528
v -25.450 -26.331 15.528
v -25.159 -26.331 15.528
v -25.305 -26.712 15.763
v -25.540 -26.566 15.673
v -25.070 -26.566 15.673
f 1303 1319 1315
f 1319 1308 1321
f 1319 1321 1315
f 1315 1321 1304
f 1303 1317 1319
f 1317 1306 1328
f 1317 1328 1319
f 1319 1328 1308
f 1303 1316 1317
f 1316 1305 1324
f 1316 1324 1317
f 1317 1324 1306
f 1303 1318 1316
f 1318 1307 1325
f 1318 1325 1316
f 1316 1325 1305
f 1303 1315 1318
f 1315 1304 1320
f 1315 1320 1318
f 1318 1320 1307
f 1304 1321 1322
f 1321 1308 1333
f 1321 1333 1322
f 1322 1333 1311
f 1308 1328 1334
f 1328 1306 1330
f 1328 1330 1334
f 1334 1330 1313
f 1306 1324 1329
f 1324 1305 1326
f 1324 1326 1329
f 1329 1326 1310
f 1305 1325 1327
f 1325 1307 1332
f 1325 1332 1327
f 1327 1332 1314
f 1307 1320 1331
f 1320 1304 1323
f 1320 1323 1331
f 1331 1323 1312
f 1310 1341 1335
f 1341 1314 1339
f 1341 1339 1335
f 1335 1339 1309
f 1314 1344 1339
f 1344 1312 1337
f 1344 1337 1339
f 1339 1337 1309
f 1312 1342 1337
f 1342 1311 1336
f 1342 1336 1337
f 1337 1336 1309
f 1311 1343 1336
f 1343 1313 1338
f 1343 1338 1336
f 1336 1338 1309
f 1313 1340 1338
f 1340 1310 1335
f 1340 1335 1338
f 1338 1335 1309
f 1305 1327 1326
f 1327 1314 1341
f 1327 1341 1326
f 1326 1341 1310
f 1307 1331 1332
f 1331 1312 1344
f 1331 1344 1332
f 1332 1344 1314
f 1304 1322 1323
f 1322 1311 1342
f 1322 1342 1323
f 1323 1342 1312
f 1308 1334 1333
f 1334 1313 1343
f 1334 1343 1333
f 1333 1343 1311
f 1306 1329 1330
f 1329 1310 1340
f 1329 1340 1330
f 1330 1340 1313
v -30.185 -15.843 16.638
v -30.185 -16.148 16.638
v -30.033 -15.748 16.391
v -30.338 -15.748 16.391
v -29.938 -15.995 16.544
v -30.433 -15.995 16.544
v -30.185 -16.148 16.144
v -30.185 -15.843 16.144
v -30.338 -16.243 16.391
v -30.033 -16.243 16.391
v -30.433 -15.995 16.238
v -29.938 -15.995 16.238
v -30.185 -15.995 16.682
v -30.096 -15.760 16.536
v -30.275 -15.760 16.536
v -30.040 -15.906 16.626
v -30.331 -15.906 16.626
v -30.040 -16.085 16.626
v -30.331 -16.085 16.626
v -30.275 -16.231 16.536
v -30.096 -16.231 16.536
v -30.185 -15.705 16.391
v -29.950 -15.850 16.481
v -30.096 -15.760 16.246
v -29.950 -15.850 16.301
v -30.421 -15.850 16.481
v -30.275 -15.760 16.246
v -30.421 -15.850 16.301
v -29.950 -16.141 16.481
v -29.895 -15.995 16.391
v -30.421 -16.141 16.481
v -30.476 -15.995 16.391
v -30.185 -15.995 16.100
v -30.275 -16.231 16.246
v -30.096 -16.231 16.246
v -30.331 -16.085 16.156
v -30.040 -16.085 16.156
v -30.331 -15.906 16.156
v -30.040 -15.906 16.156
v -30.185 -16.286 16.391
v -30.421 -16.141 16.301
v -29.950 -16.141 16.301
f 1345 1361 1357
f 1361 1350 1363
f 1361 1363 1357
f 1357 1363 1346
f 1345 1359 1361
f 1359 1348 1370
f 1359 1370 1361
f 1361 1370 1350
f 1345 1358 1359
f 1358 1347 1366
f 1358 1366 1359
f 1359 1366 1348
f 1345 1360 1358
f 1360 1349 1367
f 1360 1367 1358
f 1358 1367 1347
f 1345 1357 1360
f 1357 1346 1362
f 1357 1362 1360
f 1360 1362 1349
f 1346 1363 1364
f 1363 1350 1375
f 1363 1375 1364
f 1364 1375 1353
f 1350 1370 1376
f 1370 1348 1372
f 1370 1372 1376
f 1376 1372 1355
f 1348 1366 1371
f 1366 1347 1368
f 1366 1368 1371
f 1371 1368 1352
f 1347 1367 1369
f 1367 1349 1374
f 1367 1374 1369
f 1369 1374 1356
f 1349 1362 1373
f 1362 1346 1365
f 1362 1365 1373
f 1373 1365 1354
f 1352 1383 1377
f 1383 1356 1381
f 1383 1381 1377
f 1377 1381 1351
f 1356 1386 1381
f 1386 1354 1379
f 1386 1379 1381
f 1381 1379 1351
f 1354 1384 1379
f 1384 1353 1378
f 1384 1378 1379
f 1379 1378 1351
f 1353 1385 1378
f 1385 1355 1380
f 1385 1380 1378
f 1378 1380 1351
f 1355 1382 1380
f 1382 1352 1377
f 1382 1377 1380
f 1380 1377 1351
f 1347 1369 1368
f 1369 1356 1383
f 1369 1383 1368
f 1368 1383 1352
f 1349 1373 1374
f 1373 1354 1386
f 1373 1386 1374
f 1374 1386 1356
f 1346 1364 1365
f 1364 1353 1384
f 1364 1384 1365
f 1365 1384 1354
f 1350 1376 1375
f 1376 1355 1385
f 1376 1385 1375
f 1375 1385 1353
f 1348 1371 1372
f 1371 1352 1382
f 1371 1382 1372
f 1372 1382 1355
v -10.300 -28.850 21.297
v -10.300 -29.156 21.297
v -10.147 -28.756 21.050
v -10.453 -28.756 21.050
v -10.052 -29.003 21.203
v -10.547 -29.003 21.203
v -10.300 -29.156 20.802
v -10.300 -28.850 20.802
v -10.453 -29.251 21.050
v -10.147 -29.251 21.050
v -10.547 -29.003 20.897
v -10.052 -29.003 20.897
v -10.300 -29.003 21.341
v -10.210 -28.768 21.195
v -10.390 -28.768 21.195
v -10.154 -28.913 21.285
v -10.445 -28.913 21.285
v -10.154 -29.093 21.285
v -10.445 -29.093 21.285
v -10.390 -29.239 21.195
v -10.210 -29.239 21.195
v -10.300 -28.712 21.050
v -10.065 -28.858 21.140
v -10.210 -28.768 20.904
v -10.065 -28.858 20.960
v -10.535 -28.858 21.140
v -10.390 -28.768 20.904
v -10.535 -28.858 20.960
v -10.065 -29.149 21.140
v -10.009 -29.003 21.050
v -10.535 -29.149 21.140
v -10.591 -29.003 21.050
v -10.300 -29.003 20.759
v -10.390 -29.239 20.904
v -10.210 -29.239 20.904
v -10.445 -29.093 20.814
v -10.154 -29.093 20.814
v -10.445 -28.913 20.814
v -10.154 -28.913 20.814
v -10.300 -29.294 21.050
v -10.535 -29.149 20.960
v -10.065 -29.149 20.960
f 1387 1403 1399
f 1403 1392 1405
f 1403 1405 1399
f 1399 1405 1388
f 1387 1401 1403
f 1401 1390 1412
f 1401 1412 1403
f 1403 1412 1392
f 1387 1400 1401
f 1400 1389 1408
f 1400 1408 1401
f 1401 1408 1390
f 1387 1402 1400
f 1402 1391 1409
f 1402 1409 1400
f 1400 1409 1389
f 1387 1399 1402
f 1399 1388 1404
f 1399 1404 1402
f 1402 1404 1391
f 1388 1405 1406
f 1405 1392 1417
f 1405 1417 1406
f 1406 1417 1395
f 1392 1412 1418
f 1412 1390 1414
f 1412 1414 1418
f 1418 1414 1397
f 1390 1408 1413
f 1408 1389 1410
f 1408 1410 1413
f 1413 1410 1394
f 1389 1409 1411
f 1409 1391 1416
f 1409 1416 1411
f 1411 1416 1398
f 1391 1404 1415
f 1404 1388 1407
f 1404 1407 1415
f 1415 1407 1396
f 1394 1425 1419
f 1425 1398 1423
f 1425 1423 1419
f 1419 1423 1393
f 1398 1428 1423
f 1428 1396 1421
f 1428 1421 1423
f 1423 1421 1393
f 1396 1426 1421
f 1426 1395 1420
f 1426 1420 1421
f 1421 1420 1393
f 1395 1427 1420
f 1427 1397 1422
f 1427 1422 1420
f 1420 1422 1393
f 1397 1424 1422
f 1424 1394 1419
f 1424 1419 1422
f 1422 1419 1393
f 1389 1411 1410
f 1411 1398 1425
f 1411 1425 1410
f 1410 1425 1394
f 1391 1415 1416
f 1415 1396 1428
f 1415 1428 1416
f 1416 1428 1398
f 1388 1406 1407
f 1406 1395 1426
f 1406 1426 1407
f 1407 1426 1396
f 1392 1418 1417
f 1418 1397 1427
f 1418 1427 1417
f 1417 1427 1395
f 1390 1413 1414
f 1413 1394 1424
f 1413 1424 1414
f 1414 1424 1397
v -19.852 -25.882 16.117
v -19.852 -26.145 16.117
v -19.721 -25.801 15.904
v -19.983 -25.801 15.904
v -19.639 -26.014 16.036
v -20.065 -26.014 16.036
v -19.852 -26.145 15.691
v -19.852 -25.882 15.691
v -19.983 -26.227 15.904
v -19.721 -26.227 15.904
v -20.065 -26.014 15.773
v -19.639 -26.014 15.773
v -19.852 -26.014 16.154
v -19.775 -25.812 16.029
v -19.929 -25.812 16.029
v -19.727 -25.937 16.106
v -19.977 -25.937 16.106
v -19.727 -26.091 16.106
v -19.977 -26.091 16.106
v -19.929 -26.216 16.029
v -19.775 -26.216 16.029
v -19.852 -25.764 15.904
v -19.650 -25.889 15.981
v -19.775 -25.812 15.779
v -19.650 -25.889 15.827
v -20.054 -25.889 15.981
v -19.929 -25.812 15.779
v -20.054 -25.889 15.827
v -19.650 -26.139 15.981
v -19.602 -26.014 15.904
v -20.054 -26.139 15.981
v -20.102 -26.014 15.904
v -19.852 -26.014 15.654
v -19.929 -26.216 15.779
v -19.775 -26.216 15.779
v -19.977 -26.091 15.702
v -19.727 -26.091 15.702
v -19.977 -25.937 15.702
v -19.727 -25.937 15.702
v -19.852 -26.264 15.904
v -20.054 -26.139 15.827
v -19.650 -26.139 15.827
f 1429 1445 1441
f 1445 1434 1447
f 1445 1447 1441
f 1441 1447 1430
f 1429 1443 1445
f 1443 1432 1454
f 1443 1454 1445
f 1445 1454 1434
f 1429 1442 1443
f 1442 1431 1450
f 1442 1450 1443
f 1443 1450 1432
f 1429 1444 1442
f 1444 1433 1451
f 1444 1451 1442
f 1442 1451 1431
f 1429 1441 1444
f 1441 1430 1446
f 1441 1446 1444
f 1444 1446 1433
f 1430 1447 1448
f 1447 1434 1459
f 1447 1459 1448
f 1448 1459 1437
f 1434 1454 1460
f 1454 1432 1456
f 1454 1456 1460
f 1460 1456 1439
f 1432 1450 1455
f 1450 1431 1452
f 1450 1452 1455
f 1455 1452 1436
f 1431 1451 1453
f 1451 1433 1458
f 1451 1458 1453
f 1453 1458 1440
f 1433 1446 1457
f 1446 1430 1449
f 1446 1449 1457
f 1457 1449 1438
f 1436 1467 1461
f 1467 1440 1465
f 1467 1465 1461
f 1461 1465 1435
f 1440 1470 1465
f 1470 1438 1463
f 1470 1463 1465
f 1465 1463 1435
f 1438 1468 1463
f 1468 1437 1462
f 1468 1462 1463
f 1463 1462 1435
f 1437 1469 1462
f 1469 1439 1464
f 1469 1464 1462
f 1462 1464 1435
f 1439 1466 1464
f 1466 1436 1461
f 1466 1461 1464
f 1464 1461 1435
f 1431 1453 1452
f 1453 1440 1467
f 1453 1467 1452
f 1452 1467 1436
f 1433 1457 1458
f 1457 1438 1470
f 1457 1470 1458
f 1458 1470 1440
f 1430 1448 1449
f 1448 1437 1468
f 1448 1468 1449
f 1449 1468 1438
f 1434 1460 1459
f 1460 1439 1469
f 1460 1469 1459
f 1459 1469 1437
f 1432 1455 1456
f 1455 1436 1466
f 1455 1466 1456
f 1456 1466 1439
v -12.403 -22.447 14.965
v -12.403 -22.753 14.965
v -12.250 -22.352 14.717
v -12.556 -22.352 14.717
v -12.156 -22.600 14.870
v -12.651 -22.600 14.870
v -12.403 -22.753 14.470
v -12.403 -22.447 14.470
v -12.556 -22.847 14.717
v -12.250 -22.847 14.717
v -12.651 -22.600 14.564
v -12.156 -22.600 14.564
v -12.403 -22.600 15.008
v -12.313 -22.364 14.863
v -12.493 -22.364 14.863
v -12.258 -22.510 14.953
v -12.549 -22.510 14.953
v -12.258 -22.690 14.953
v -12.549 -22.690 14.953
v -12.493 -22.835 14.863
v -12.313 -22.835 14.863
v -12.403 -22.309 14.717
v -12.168 -22.454 14.807
v -12.313 -22.364 14.572
v -12.168 -22.454 14.628
v -12.639 -22.454 14.807
v -12.493 -22.364 14.572
v -12.639 -22.454 14.628
v -12.168 -22.745 14.807
v -12.112 -22.600 14.717
v -12.639 -22.745 14.807
v -12.694 -22.600 14.717
v -12.403 -22.600 14.427
v -12.493 -22.835 14.572
v -12.313 -22.835 14.572
v -12.549 -22.690 14.482
v -12.258 -22.690 14.482
v -12.549 -22.510 14.482
v -12.258 -22.510 14.482
v -12.403 -22.891 14.717
v -12.639 -22.745 14.628
v -12.168 -22.745 14.628
f 1471 1487 1483
f 1487 1476 1489
f 1487 1489 1483
f 1483 1489 1472
f 1471 1485 1487
f 1485 1474 1496
f 1485 1496 1487
f 1487 1496 1476
f 1471 1484 1485
f 1484 1473 1492
f 1484 1492 1485
f 1485 1492 1474
f 1471 1486 1484
f 1486 1475 1493
f 1486 1493 1484
f 1484 1493 1473
f 1471 1483 1486
f 1483 1472 1488
f 1483 1488 1486
f 1486 1488 1475
f 1472 1489 1490
f 1489 1476 1501
f 1489 1501 1490
f 1490 1501 1479
f 1476 1496 1502
f 1496 1474 1498
f 1496 1498 1502
f 1502 1498 1481
f 1474 1492 1497
f 1492 1473 1494
f 1492 1494 1497
f 1497 1494 1478
f 1473 1493 1495
f 1493 1475 1500
f 1493 1500 1495
f 1495 1500 1482
f 1475 1488 1499
f 1488 1472 1491
f 1488 1491 1499
f 1499 1491 1480
f 1478 1509 1503
f 1509 1482 1507
f 1509 1507 1503
f 1503 1507 1477
f 1482 1512 1507
f 1512 1480 1505
f 1512 1505 1507
f 1507 1505 1477
f 1480 1510 1505
f 1510 1479 1504
f 1510 1504 1505
f 1505 1504 1477
f 1479 1511 1504
f 1511 1481 1506
f 1511 1506 1504
f 1504 1506 1477
f 1481 1508 1506
f 1508 1478 1503
f 1508 1503 1506
f 1506 1503 1477
f 1473 1495 1494
f 1495 1482 1509
f 1495 1509 1494
f 1494 1509 1478
f 1475 1499 1500
f 1499 1480 1512
f 1499 1512 1500
f 1500 1512 1482
f 1472 1490 1491
f 1490 1479 1510
f 1490 1510 1491
f 1491 1510 1480
f 1476 1502 1501
f 1502 1481 1511
f 1502 1511 1501
f 1501 1511 1479
f 1474 1497 1498
f 1497 1478 1508
f 1497 1508 1498
f 1498 1508 1481
v -12.182 -8.785 10.672
v -12.182 -9.091 10.672
v -12.029 -8.690 10.424
v -12.335 -8.690 10.424
v -11.934 -8.938 10.577
v -12.429 -8.938 10.577
v -12.182 -9.091 10.177
v -12.182 -8.785 10.177
v -12.335 -9.185 10.424
v -12.029 -9.185 10.424
v -12.429 -8.938 10.271
v -11.934 -8.938 10.271
v -12.182 -8.938 10.715
v -12.092 -8.703 10.570
v -12.272 -8.703 10.570
v -12.036 -8.848 10.660
v -12.327 -8.848 10.660
v -12.036 -9.028 10.660
v -12.327 -9.028 10.660
v -12.272 -9.173 10.570
v -12.092 -9.173 10.570
v -12.182 -8.647 10.424
v -11.946 -8.792 10.514
v -12.092 -8.703 10.279
v -11.946 -8.792 10.334
v -12.417 -8.792 10.514
v -12.272 -8.703 10.279
v -12.417 -8.792 10.334
v -11.946 -9.083 10.514
v -11.891 -8.938 10.424
v -12.417 -9.083 10.514
v -12.473 -8.938 10.424
v -12.182 -8.938 10.133
v -12.272 -9.173 10.279
v -12.092 -9.173 10.279
v -12.327 -9.028 10.189
v -12.036 -9.028 10.189
v -12.327 -8.848 10.189
v -12.036 -8.848 10.189
v -12.182 -9.229 10.424
v -12.417 -9.083 10.334
v -11.946 -9.083 10.334
f 1513 1529 1525
f 1529 1518 1531
f 1529 1531 1525
f 1525 1531 1514
f 1513 1527 1529
f 1527 1516 1538
f 1527 1538 1529
f 1529 1538 1518
f 1513 1526 1527
f 1526 1515 1534
f 1526 1534 1527
f 1527 1534 1516
f 1513 1528 1526
f 1528 1517 1535
f 1528 1535 1526
f 1526 1535 1515
f 1513 1525 1528
f 1525 1514 1530
f 1525 1530 1528
f 1528 1530 1517
f 1514 1531 1532
f 1531 1518 1543
f 1531 1543 1532
f 1532 1543 1521
f 1518 1538 1544
f 1538 1516 1540
f 1538 1540 1544
f 1544 1540 1523
f 1516 1534 1539
f 1534 1515 1536
f 1534 1536 1539
f 1539 1536 1520
f 1515 1535 1537
f 1535 1517 1542
f 1535 1542 1537
f 1537 1542 1524
f 1517 1530 1541
f 1530 1514 1533
f 1530 1533 1541
f 1541 1533 1522
f 1520 1551 1545
f 1551 1524 1549
f 1551 1549 1545
f 1545 1549 1519
f 1524 1554 1549
f 1554 1522 1547
f 1554 1547 1549
f 1549 1547 1519
f 1522 1552 1547
f 1552 1521 1546
f 1552 1546 1547
f 1547 1546 1519
f 1521 1553 1546
f 1553 1523 1548
f 1553 1548 1546
f 1546 1548 1519
f 1523 1550 1548
f 1550 1520 1545
f 1550 1545 1548
f 1548 1545 1519
f 1515 1537 1536
f 1537 1524 1551
f 1537 1551 1536
f 1536 1551 1520
f 1517 1541 1542
f 1541 1522 1554
f 1541 1554 1542
f 1542 1554 1524
f 1514 1532 1533
f 1532 1521 1552
f 1532 1552 1533
f 1533 1552 1522
f 1518 1544 1543
f 1544 1523 1553
f 1544 1553 1543
f 1543 1553 1521
f 1516 1539 1540
f 1539 1520 1550
f 1539 1550 1540
f 1540 1550 1523
v -22.530 -0.613 16.351
v -22.530 -0.991 16.351
v -22.341 -0.496 16.045
v -22.719 -0.496 16.045
v -22.224 -0.802 16.234
v -22.836 -0.802 16.234
v -22.530 -0.991 15.740
v -22.530 -0.613 15.740
v -22.719 -1.107 16.045
v -22.341 -1.107 16.045
v -22.836 -0.802 15.856
v -22.224 -0.802 15.856
v -22.530 -0.802 16.405
v -22.419 -0.511 16.225
v -22.641 -0.511 16.225
v -22.350 -0.690 16.336
v -22.710 -0.690 16.336
v -22.350 -0.913 16.336
v -22.710 -0.913 16.336
v -22.641 -1.092 16.225
v -22.419 -1.092 16.225
v -22.530 -0.442 16.045
v -22.239 -0.622 16.157
v -22.419 -0.511 15.866
v -22.239 -0.622 15.934
v -22.821 -0.622 16.157
v -22.641 -0.511 15.866
v -22.821 -0.622 15.934
v -22.239 -0.981 16.157
v -22.170 -0.802 16.045
v -22.821 -0.981 16.157
v -22.889 -0.802 16.045
v -22.530 -0.802 15.686
v -22.641 -1.092 15.866
v -22.419 -1.092 15.866
v -22.710 -0.913 15.755
v -22.350 -0.913 15.755
v -22.710 -0.690 15.755
v -22.350 -0.690 15.755
v -22.530 -1.161 16.045
v -22.821 -0.981 15.934
v -22.239 -0.981 15.934
f 1555 1571 1567
f 1571 1560 1573
f 1571 1573 1567
f 1567 1573 1556
f 1555 1569 1571
f 1569 1558 1580
f 1569 1580 1571
f 1571 1580 1560
f 1555 1568 1569
f 1568 1557 1576
f 1568 1576 1569
f 1569 1576 1558
f 1555 1570 1568
f 1570 1559 1577
f 1570 1577 1568
f 1568 1577 1557
f 1555 1567 1570
f 1567 1556 1572
f 1567 1572 1570
f 1570 1572 1559
f 1556 1573 1574
f 1573 1560 1585
f 1573 1585 1574
f 1574 1585 1563
f 1560 1580 1586
f 1580 1558 1582
f 1580 1582 1586
f 1586 1582 1565
f 1558 1576 1581
f 1576 1557 1578
f 1576 1578 1581
f 1581 1578 1562
f 1557 1577 1579
f 1577 1559 1584
f 1577 1584 1579
f 1579 1584 1566
f 1559 1572 1583
f 1572 1556 1575
f 1572 1575 1583
f 1583 1575 1564
f 1562 1593 1587
f 1593 1566 1591
f 1593 1591 1587
f 1587 1591 1561
f 1566 1596 1591
f 1596 1564 1589
f 1596 1589 1591
f 1591 1589 1561
f 1564 1594 1589
f 1594 1563 1588
f 1594 1588 1589
f 1589 1588 1561
f 1563 1595 1588
f 1595 1565 1590
f 1595 1590 1588
f 1588 1590 1561
f 1565 1592 1590
f 1592 1562 1587
f 1592 1587 1590
f 1590 1587 1561
f 1557 1579 1578
f 1579 1566 1593
f 1579 1593 1578
f 1578 1593 1562
f 1559 1583 1584
f 1583 1564 1596
f 1583 1596 1584
f 1584 1596 1566
f 1556 1574 1575
f 1574 1563 1594
f 1574 1594 1575
f 1575 1594 1564
f 1560 1586 1585
f 1586 1565 1595
f 1586 1595 1585
f 1585 1595 1563
f 1558 1581 1582
f 1581 1562 1592
f 1581 1592 1582
f 1582 1592 1565
v -32.844 0.085 10.543
v -32.844 -0.258 10.543
v -32.672 0.192 10.265
v -33.016 0.192 10.265
v -32.566 -0.086 10.437
v -33.122 -0.086 10.437
v -32.844 -0.258 9.987
v -32.844 0.085 9.987
v -33.016 -0.365 10.265
v -32.672 -0.365 10.265
v -33.122 -0.086 10.093
v -32.566 -0.086 10.093
v -32.844 -0.086 10.592
v -32.743 0.178 10.428
v -32.945 0.178 10.428
v -32.681 0.015 10.529
v -33.008 0.015 10.529
v -32.681 -0.187 10.529
v -33.008 -0.187 10.529
v -32.945 -0.351 10.428
v -32.743 -0.351 10.428
v -32.844 0.241 10.265
v -32.580 0.077 10.366
v -32.743 0.178 10.101
v -32.580 0.077 10.164
v -33.109 0.077 10.366
v -32.945 0.178 10.101
v -33.109 0.077 10.164
v -32.580 -0.250 10.366
v -32.517 -0.086 10.265
v -33.109 -0.250 10.366
v -33.171 -0.086 10.265
v -32.844 -0.086 9.938
v -32.945 -0.351 10.101
v -32.743 -0.351 10.101
v -33.008 -0.187 10.000
v -32.681 -0.187 10.000
v -33.008 0.015 10.000
v -32.681 0.015 10.000
v -32.844 -0.413 10.265
v -33.109 -0.250 10.164
v -32.580 -0.250 10.164
f 1597 1613 1609
f 1613 1602 1615
f 1613 1615 1609
f 1609 1615 1598
f 1597 1611 1613
f 1611 1600 1622
f 1611 1622 1613
f 1613 1622 1602
f 1597 1610 1611
f 1610 1599 1618
f 1610 1618 1611
f 1611 1618 1600
f 1597 1612 1610
f 1612 1601 1619
f 1612 1619 1610
f 1610 1619 1599
f 1597 1609 1612
f 1609 1598 1614
f 1609 1614 1612
f 1612 1614 1601
f 1598 1615 1616
f 1615 1602 1627
f 1615 1627 1616
f 1616 1627 1605
f 1602 1622 1628
f 1622 1600 1624
f 1622 1624 1628
f 1628 1624 1607
f 1600 1618 1623
f 1618 1599 1620
f 1618 1620 1623
f 1623 1620 1604
f 1599 1619 1621
f 1619 1601 1626
f 1619 1626 1621
f 1621 1626 1608
f 1601 1614 1625
f 1614 1598 1617
f 1614 1617 1625
f 1625 1617 1606
f 1604 1635 1629
f 1635 1608 1633
f 1635 1633 1629
f 1629 1633 1603
f 1608 1638 1633
f 1638 1606 1631
f 1638 1631 1633
f 1633 1631 1603
f 1606 1636 1631
f 1636 1605 1630
f 1636 1630 1631
f 1631 1630 1603
f 1605 1637 1630
f 1637 1607 1632
f 1637 1632 1630
f 1630 1632 1603
f 1607 1634 1632
f 1634 1604 1629
f 1634 1629 1632
f 1632 1629 1603
f 1599 1621 1620
f 1621 1608 1635
f 1621 1635 1620
f 1620 1635 1604
f 1601 1625 1626
f 1625 1606 1638
f 1625 1638 1626
f 1626 1638 1608
f 1598 1616 1617
f 1616 1605 1636
f 1616 1636 1617
f 1617 1636 1606
f 1602 1628 1627
f 1628 1607 1637
f 1628 1637 1627
f 1627 1637 1605
f 1600 1623 1624
f 1623 1604 1634
f 1623 1634 1624
f 1624 1634 1607
v -27.858 -2.252 17.008
v -27.858 -2.515 17.008
v -27.726 -2.171 16.796
v -27.989 -2.171 16.796
v -27.645 -2.384 16.927
v -28.070 -2.384 16.927
v -27.858 -2.515 16.583
v -27.858 -2.252 16.583
v -27.989 -2.596 16.796
v -27.726 -2.596 16.796
v -28.070 -2.384 16.664
v -27.645 -2.384 16.664
v -27.858 -2.384 17.046
v -27.780 -2.181 16.921
v -27.935 -2.181 16.921
v -27.733 -2.306 16.998
v -27.983 -2.306 16.998
v -27.733 -2.461 16.998
v -27.983 -2.461 16.998
v -27.935 -2.586 16.921
v -27.780 -2.586 16.921
v -27.858 -2.134 16.796
v -27.655 -2.259 16.873
v -27.780 -2.181 16.671
v -27.655 -2.259 16.719
v -28.060 -2.259 16.873
v -27.935 -2.181 16.671
v -28.060 -2.259 16.719
v -27.655 -2.509 16.873
v -27.608 -2.384 16.796
v -28.060 -2.509 16.873
v -28.108 -2.384 16.796
v -27.858 -2.384 16.546
v -27.935 -2.586 16.671
v -27.780 -2.586 16.671
v -27.983 -2.461 16.594
v -27.733 -2.461 16.594
v -27.983 -2.306 16.594
v -27.733 -2.306 16.594
v -27.858 -2.634 16.796
v -28.060 -2.509 16.719
v -27.655 -2.509 16.719
f 1639 1655 1651
f 1655 1644 1657
f 1655 1657 1651
f 1651 1657 1640
f 1639 1653 1655
f 1653 1642 1664
f 1653 1664 1655
f 1655 1664 1644
f 1639 1652 1653
f 1652 1641 1660
f 1652 1660 1653
f 1653 1660 1642
f 1639 1654 1652
f 1654 1643 1661
f 1654 1661 1652
f 1652 1661 1641
f 1639 1651 1654
f 1651 1640 1656
f 1651 1656 1654
f 1654 1656 1643
f 1640 1657 1658
f 1657 1644 1669
f 1657 1669 1658
f 1658 1669 1647
f 1644 1664 1670
f 1664 1642 1666
f 1664 1666 1670
f 1670 1666 1649
f 1642 1660 1665
f 1660 1641 1662
f 1660 1662 1665
f 1665 1662 1646
f 1641 1661 1663
f 1661 1643 1668
f 1661 1668 1663
f 1663 1668 1650
f 1643 1656 1667
f 1656 1640 1659
f 1656 1659 1667
f 1667 1659 1648
f 1646 1677 1671
f 1677 1650 1675
f 1677 1675 1671
f 1671 1675 1645
f 1650 1680 1675
f 1680 1648 1673
f 1680 1673 1675
f 1675 1673 1645
f 1648 1678 1673
f 1678 1647 1672
f 1678 1672 1673
f 1673 1672 1645
f 1647 1679 1672
f 1679 1649 1674
f 1679 1674 1672
f 1672 1674 1645
f 1649 1676 1674
f 1676 1646 1671
f 1676 1671 1674
f 1674 1671 1645
f 1641 1663 1662
f 1663 1650 1677
f 1663 1677 1662
f 1662 1677 1646
f 1643 1667 1668
f 1667 1648 1680
f 1667 1680 1668
f 1668 1680 1650
f 1640 1658 1659
f 1658 1647 1678
f 1658 1678 1659
f 1659 1678 1648
f 1644 1670 1669
f 1670 1649 1679
f 1670 1679 1669
f 1669 1679 1647
f 1642 1665 1666
f 1665 1646 1676
f 1665 1676 1666
f 1666 1676 1649
v -31.347 5.383 17.494
v -31.347 5.120 17.494
v -31.216 5.464 17.281
v -31.478 5.464 17.281
v -31.134 5.251 17.413
v -31.560 5.251 17.413
v -31.347 5.120 17.069
v -31.347 5.383 17.069
v -31.478 5.038 17.281
v -31.216 5.038 17.281
v -31.560 5.251 17.150
v -31.134 5.251 17.150
v -31.347 5.251 17.531
v -31.270 5.453 17.406
v -31.424 5.453 17.406
v -31.222 5.328 17.484
v -31.472 5.328 17.484
v -31.222 5.174 17.484
v -31.472 5.174 17.484
v -31.424 5.049 17.406
v -31.270 5.049 17.406
v -31.347 5.501 17.281
v -31.145 5.376 17.359
v -31.270 5.453 17.156
v -31.145 5.376 17.204
v -31.549 5.376 17.359
v -31.424 5.453 17.156
v -31.549 5.376 17.204
v -31.145 5.126 17.359
v -31.097 5.251 17.281
v -31.549 5.126 17.359
v -31.597 5.251 17.281
v -31.347 5.251 17.031
v -31.424 5.049 17.156
v -31.270 5.049 17.156
v -31.472 5.174 17.079
v -31.222 5.174 17.079
v -31.472 5.328 17.079
v -31.222 5.328 17.079
v -31.347 5.001 17.281
v -31.549 5.126 17.204
v -31.145 5.126 17.204
f 1681 1697 1693
f 1697 1686 1699
f 1697 1699 1693
f 1693 1699 1682
f 1681 1695 1697
f 1695 1684 1706
f 1695 1706 1697
f 1697 1706 1686
f 1681 1694 1695
f 1694 1683 1702
f 1694 1702 1695
f 1695 1702 1684
f 1681 1696 1694
f 1696 1685 1703
f 1696 1703 1694
f 1694 1703 1683
f 1681 1693 1696
f 1693 1682 1698
f 1693 1698 1696
f 1696 1698 1685
f 1682 1699 1700
f 1699 1686 1711
f 1699 1711 1700
f 1700 1711 1689
f 1686 1706 1712
f 1706 1684 1708
f 1706 1708 1712
f 1712 1708 1691
f 1684 1702 1707
f 1702 1683 1704
f 1702 1704 1707
f 1707 1704 1688
f 1683 1703 1705
f 1703 1685 1710
f 1703 1710 1705
f 1705 1710 1692
f 1685 1698 1709
f 1698 1682 1701
f 1698 1701 1709
f 1709 1701 1690
f 1688 1719 1713
f 1719 1692 1717
f 1719 1717 1713
f 1713 1717 1687
f 1692 1722 1717
f 1722 1690 1715
f 1722 1715 1717
f 1717 1715 1687
f 1690 1720 1715
f 1720 1689 1714
f 1720 1714 1715
f 1715 1714 1687
f 1689 1721 1714
f 1721 1691 1716
f 1721 1716 1714
f 1714 1716 1687
f 1691 1718 1716
f 1718 1688 1713
f 1718 1713 1716
f 1716 1713 1687
f 1683 1705 1704
f 1705 1692 1719
f 1705 1719 1704
f 1704 1719 1688
f 1685 1709 1710
f 1709 1690 1722
f 1709 1722 1710
f 1710 1722 1692
f 1682 1700 1701
f 1700 1689 1720
f 1700 1720 1701
f 1701 1720 1690
f 1686 1712 1711
f 1712 1691 1721
f 1712 1721 1711
f 1711 1721 1689
f 1684 1707 1708
f 1707 1688 1718
f 1707 1718 1708
f 1708 1718 1691
v -5.704 -19.989 14.110
v -5.704 -20.251 14.110
v -5.572 -19.907 13.898
v -5.835 -19.907 13.898
v -5.491 -20.120 14.029
v -5.917 -20.120 14.029
v -5.704 -20.251 13.685
v -5.704 -19.989 13.685
v -5.835 -20.333 13.898
v -5.572 -20.333 13.898
v -5.917 -20.120 13.766
v -5.491 -20.120 13.766
v -5.704 -20.120 14.148
v -5.627 -19.918 14.023
v -5.781 -19.918 14.023
v -5.579 -20.043 14.100
v -5.829 -20.043 14.100
v -5.579 -20.197 14.100
v -5.829 -20.197 14.100
v -5.781 -20.322 14.023
v -5.627 -20.322 14.023
v -5.704 -19.870 13.898
v -5.502 -19.995 13.975
v -5.627 -19.918 13.773
v -5.502 -19.995 13.820
v -5.906 -19.995 13.975
v -5.781 -19.918 13.773
v -5.906 -19.995 13.820
v -5.502 -20.245 13.975
v -5.454 -20.120 13.898
v -5.906 -20.245 13.975
v -5.954 -20.120 13.898
v -5.704 -20.120 13.648
v -5.781 -20.322 13.773
v -5.627 -20.322 13.773
v -5.829 -20.197 13.695
v -5.579 -20.197 13.695
v -5.829 -20.043 13.695
v -5.579 -20.043 13.695
v -5.704 -20.370 13.898
v -5.906 -20.245 13.820
v -5.502 -20.245 13.820
f 1723 1739 1735
f 1739 1728 1741
f 1739 1741 1735
f 1735 1741 1724
f 1723 1737 1739
f 1737 1726 1748
f 1737 1748 1739
f 1739 1748 1728
f 1723 1736 1737
f 1736 1725 1744
f 1736 1744 1737
f 1737 1744 1726
f 1723 1738 1736
f 1738 1727 1745
f 1738 1745 1736
f 1736 1745 1725
f 1723 1735 1738
f 1735 1724 1740
f 1735 1740 1738
f 1738 1740 1727
f 1724 1741 1742
f 1741 1728 1753
f 1741 1753 1742
f 1742 1753 1731
f 1728 1748 1754
f 1748 1726 1750
f 1748 1750 1754
f 1754 1750 1733
f 1726 1744 1749
f 1744 1725 1746
f 1744 1746 1749
f 1749 1746 1730
f 1725 1745 1747
f 1745 1727 1752
f 1745 1752 1747
f 1747 1752 1734
f 1727 1740 1751
f 1740 1724 1743
f 1740 1743 1751
f 1751 1743 1732
f 1730 1761 1755
f 1761 1734 1759
f 1761 1759 1755
f 1755 1759 1729
f 1734 1764 1759
f 1764 1732 1757
f 1764 1757 1759
f 1759 1757 1729
f 1732 1762 1757
f 1762 1731 1756
f 1762 1756 1757
f 1757 1756 1729
f 1731 1763 1756
f 1763 1733 1758
f 1763 1758 1756
f 1756 1758 1729
f 1733 1760 1758
f 1760 1730 1755
f 1760 1755 1758
f 1758 1755 1729
f 1725 1747 1746
f 1747 1734 1761
f 1747 1761 1746
f 1746 1761 1730
f 1727 1751 1752
f 1751 1732 1764
f 1751 1764 1752
f 1752 1764 1734
f 1724 1742 1743
f 1742 1731 1762
f 1742 1762 1743
f 1743 1762 1732
f 1728 1754 1753
f 1754 1733 1763
f 1754 1763 1753
f 1753 1763 1731
f 1726 1749 1750
f 1749 1730 1760
f 1749 1760 1750
f 1750 1760 1733
v -13.120 -0.830 15.113
v -13.120 -1.093 15.113
v -12.989 -0.748 14.900
v -13.252 -0.748 14.900
v -12.908 -0.961 15.032
v -13.333 -0.961 15.032
v -13.120 -1.093 14.687
v -13.120 -0.830 14.687
v -13.252 -1.174 14.900
v -12.989 -1.174 14.900
v -13.333 -0.961 14.769
v -12.908 -0.961 14.769
v -13.120 -0.961 15.150
v -13.043 -0.759 15.025
v -13.198 -0.759 15.025
v -12.995 -0.884 15.102
v -13.245 -0.884 15.102
v -12.995 -1.038 15.102
v -13.245 -1.038 15.102
v -13.198 -1.163 15.025
v -13.043 -1.163 15.025
v -13.120 -0.711 14.900
v -12.918 -0.836 14.977
v -13.043 -0.759 14.775
v -12.918 -0.836 14.823
v -13.323 -0.836 14.977
v -13.198 -0.759 14.775
v -13.323 -0.836 14.823
v -12.918 -1.086 14.977
v -12.870 -0.961 14.900
v -13.323 -1.086 14.977
v -13.370 -0.961 14.900
v -13.120 -0.961 14.650
v -13.198 -1.163 14.775
v -13.043 -1.163 14.775
v -13.245 -1.038 14.698
v -12.995 -1.038 14.698
v -13.245 -0.884 14.698
v -12.995 -0.884 14.698
v -13.120 -1.211 14.900
v -13.323 -1.086 14.823
v -12.918 -1.086 14.823
f 1765 1781 1777
f 1781 1770 1783
f 1781 1783 1777
f 1777 1783 1766
f 1765 1779 1781
f 1779 1768 1790
f 1779 1790 1781
f 1781 1790 1770
f 1765 1778 1779
f 1778 1767 1786
f 1778 1786 1779
f 1779 1786 1768
f 1765 1780 1778
f 1780 1769 1787
f 1780 1787 1778
f 1778 1787 1767
f 1765 1777 1780
f 1777 1766 1782
f 1777 1782 1780
f 1780 1782 1769
f 1766 1783 1784
f 1783 1770 1795
f 1783 1795 1784
f 1784 1795 1773
f 1770 1790 1796
f 1790 1768 1792
f 1790 1792 1796
f 1796 1792 1775
f 1768 1786 1791
f 1786 1767 1788
f 1786 1788 1791
f 1791 1788 1772
f 1767 1787 1789
f 1787 1769 1794
f 1787 1794 1789
f 1789 1794 1776
f 1769 1782 1793
f 1782 1766 1785
f 1782 1785 1793
f 1793 1785 1774
f 1772 1803 1797
f 1803 1776 1801
f 1803 1801 1797
f 1797 1801 1771
f 1776 1806 1801
f 1806 1774 1799
f 1806 1799 1801
f 1801 1799 1771
f 1774 1804 1799
f 1804 1773 1798
f 1804 1798 1799
f 1799 1798 1771
f 1773 1805 1798
f 1805 1775 1800
f 1805 1800 1798
f 1798 1800 1771
f 1775 1802 1800
f 1802 1772 1797
f 1802 1797 1800
f 1800 1797 1771
f 1767 1789 1788
f 1789 1776 1803
f 1789 1803 1788
f 1788 1803 1772
f 1769 1793 1794
f 1793 1774 1806
f 1793 1806 1794
f 1794 1806 1776
f 1766 1784 1785
f 1784 1773 1804
f 1784 1804 1785
f 1785 1804 1774
f 1770 1796 1795
f 1796 1775 1805
f 1796 1805 1795
f 1795 1805 1773
f 1768 1791 1792
f 1791 1772 1802
f 1791 1802 1792
f 1792 1802 1775
v -7.375 -1.644 11.767
v -7.375 -1.907 11.767
v -7.243 -1.563 11.555
v -7.506 -1.563 11.555
v -7.162 -1.775 11.686
v -7.587 -1.775 11.686
v -7.375 -1.907 11.342
v -7.375 -1.644 11.342
v -7.506 -1.988 11.555
v -7.243 -1.988 11.555
v -7.587 -1.775 11.423
v -7.162 -1.775 11.423
v -7.375 -1.775 11.805
v -7.297 -1.573 11.680
v -7.452 -1.573 11.680
v -7.250 -1.698 11.757
v -7.500 -1.698 11.757
v -7.250 -1.853 11.757
v -7.500 -1.853 11.757
v -7.452 -1.978 11.680
v -7.297 -1.978 11.680
v -7.375 -1.525 11.555
v -7.172 -1.650 11.632
v -7.297 -1.573 11.430
v -7.172 -1.650 11.477
v -7.577 -1.650 11.632
v -7.452 -1.573 11.430
v -7.577 -1.650 11.477
v -7.172 -1.900 11.632
v -7.125 -1.775 11.555
v -7.577 -1.900 11.632
v -7.625 -1.775 11.555
v -7.375 -1.775 11.305
v -7.452 -1.978 11.430
v -7.297 -1.978 11.430
v -7.500 -1.853 11.352
v -7.250 -1.853 11.352
v -7.500 -1.698 11.352
v -7.250 -1.698 11.352
v -7.375 -2.025 11.555
v -7.577 -1.900 11.477
v -7.172 -1.900 11.477
f 1807 1823 1819
f 1823 1812 1825
f 1823 1825 1819
f 1819 1825 1808
f 1807 1821 1823
f 1821 1810 1832
f 1821 1832 1823
f 1823 1832 1812
f 1807 1820 1821
f 1820 1809 1828
f 1820 1828 1821
f 1821 1828 1810
f 1807 1822 1820
f 1822 1811 1829
f 1822 1829 1820
f 1820 1829 1809
f 1807 1819 1822
f 1819 1808 1824
f 1819 1824 1822
f 1822 1824 1811
f 1808 1825 1826
f 1825 1812 1837
f 1825 1837 1826
f 1826 1837 1815
f 1812 1832 1838
f 1832 1810 1834
f 1832 1834 1838
f 1838 1834 1817
f 1810 1828 1833
f 1828 1809 1830
f 1828 1830 1833
f 1833 1830 1814
f 1809 1829 1831
f 1829 1811 1836
f 1829 1836 1831
f 1831 1836 1818
f 1811 1824 1835
f 1824 1808 1827
f 1824 1827 1835
f 1835 1827 1816
f 1814 1845 1839
f 1845 1818 1843
f 1845 1843 1839
f 1839 1843 1813
f 1818 1848 1843
f 1848 1816 1841
f 1848 1841 1843
f 1843 1841 1813
f 1816 1846 1841
f 1846 1815 1840
f 1846 1840 1841
f 1841 1840 1813
f 1815 1847 1840
f 1847 1817 1842
f 1847 1842 1840
f 1840 1842 1813
f 1817 1844 1842
f 1844 1814 1839
f 1844 1839 1842
f 1842 1839 1813
f 1809 1831 1830
f 1831 1818 1845
f 1831 1845 1830
f 1830 1845 1814
f 1811 1835 1836
f 1835 1816 1848
f 1835 1848 1836
f 1836 1848 1818
f 1808 1826 1827
f 1826 1815 1846
f 1826 1846 1827
f 1827 1846 1816
f 1812 1838 1837
f 1838 1817 1847
f 1838 1847 1837
f 1837 1847 1815
f 1810 1833 1834
f 1833 1814 1844
f 1833 1844 1834
f 1834 1844 1817
v -29.001 11.304 15.644
v -29.001 11.041 15.644
v -28.869 11.385 15.431
v -29.132 11.385 15.431
v -28.788 11.173 15.563
v -29.213 11.173 15.563
v -29.001 11.041 15.219
v -29.001 11.304 15.219
v -29.132 10.960 15.431
v -28.869 10.960 15.431
v -29.213 11.173 15.300
v -28.788 11.173 15.300
v -29.001 11.173 15.681
v -28.923 11.375 15.556
v -29.078 11.375 15.556
v -28.876 11.250 15.634
v -29.126 11.250 15.634
v -28.876 11.095 15.634
v -29.126 11.095 15.634
v -29.078 10.970 15.556
v -28.923 10.970 15.556
v -29.001 11.423 15.431
v -28.798 11.298 15.509
v -28.923 11.375 15.306
v -28.798 11.298 15.354
v -29.203 11.298 15.509
v -29.078 11.375 15.306
v -29.203 11.298 15.354
v -28.798 11.048 15.509
v -28.751 11.173 15.431
v -29.203 11.048 15.509
v -29.251 11.173 15.431
v -29.001 11.173 15.181
v -29.078 10.970 15.306
v -28.923 10.970 15.306
v -29.126 11.095 15.229
v -28.876 11.095 15.229
v -29.126 11.250 15.229
v -28.876 11.250 15.229
v -29.001 10.923 15.431
v -29.203 11.048 15.354
v -28.798 11.048 15.354
f 1849 1865 1861
f 1865 1854 1867
f 1865 1867 1861
f 1861 1867 1850
f 1849 1863 1865
f 1863 1852 1874
f 1863 1874 1865
f 1865 1874 1854
f 1849 1862 1863
f 1862 1851 1870
f 1862 1870 1863
f 1863 1870 1852
f 1849 1864 1862
f 1864 1853 1871
f 1864 1871 1862
f 1862 1871 1851
f 1849 1861 1864
f 1861 1850 1866
f 1861 1866 1864
f 1864 1866 1853
f 1850 1867 1868
f 1867 1854 1879
f 1867 1879 1868
f 1868 1879 1857
f 1854 1874 1880
f 1874 1852 1876
f 1874 1876 1880
f 1880 1876 1859
f 1852 1870 1875
f 1870 1851 1872
f 1870 1872 1875
f 1875 1872 1856
f 1851 1871 1873
f 1871 1853 1878
f 1871 1878 1873
f 1873 1878 1860
f 1853 1866 1877
f 1866 1850 1869
f 1866 1869 1877
f 1877 1869 1858
f 1856 1887 1881
f 1887 1860 1885
f 1887 1885 1881
f 1881 1885 1855
f 1860 1890 1885
f 1890 1858 1883
f 1890 1883 1885
f 1885 1883 1855
f 1858 1888 1883
f 1888 1857 1882
f 1888 1882 1883
f 1883 1882 1855
f 1857 1889 1882
f 1889 1859 1884
f 1889 1884 1882
f 1882 1884 1855
f 1859 1886 1884
f 1886 1856 1881
f 1886 1881 1884
f 1884 1881 1855
f 1851 1873 1872
f 1873 1860 1887
f 1873 1887 1872
f 1872 1887 1856
f 1853 1877 1878
f 1877 1858 1890
f 1877 1890 1878
f 1878 1890 1860
f 1850 1868 1869
f 1868 1857 1888
f 1868 1888 1869
f 1869 1888 1858
f 1854 1880 1879
f 1880 1859 1889
f 1880 1889 1879
f 1879 1889 1857
f 1852 1875 1876
f 1875 1856 1886
f 1875 1886 1876
f 1876 1886 1859
v -27.231 13.789 14.411
v -27.231 13.411 14.411
v -27.042 13.906 14.105
v -27.420 13.906 14.105
v -26.925 13.600 14.294
v -27.537 13.600 14.294
v -27.231 13.411 13.799
v -27.231 13.789 13.799
v -27.420 13.295 14.105
v -27.042 13.295 14.105
v -27.537 13.600 13.916
v -26.925 13.600 13.916
v -27.231 13.600 14.465
v -27.120 13.891 14.285
v -27.342 13.891 14.285
v -27.051 13.711 14.396
v -27.411 13.711 14.396
v -27.051 13.489 14.396
v -27.411 13.489 14.396
v -27.342 13.310 14.285
v -27.120 13.310 14.285
v -27.231 13.960 14.105
v -26.940 13.780 14.216
v -27.120 13.891 13.925
v -26.940 13.780 13.994
v -27.522 13.780 14.216
v -27.342 13.891 13.925
v -27.522 13.780 13.994
v -26.940 13.421 14.216
v -26.872 13.600 14.105
v -27.522 13.421 14.216
v -27.591 13.600 14.105
v -27.231 13.600 13.746
v -27.342 13.310 13.925
v -27.120 13.310 13.925
v -27.411 13.489 13.814
v -27.051 13.489 13.814
v -27.411 13.711 13.814
v -27.051 13.711 13.814
v -27.231 13.241 14.105
v -27.522 13.421 13.994
v -26.940 13.421 13.994
f 1891 1907 1903
f 1907 1896 1909
f 1907 1909 1903
f 1903 1909 1892
f 1891 1905 1907
f 1905 1894 1916
f 1905 1916 1907
f 1907 1916 1896
f 1891 1904 1905
f 1904 1893 1912
f 1904 1912 1905
f 1905 1912 1894
f 1891 1906 1904
f 1906 1895 1913
f 1906 1913 1904
f 1904 1913 1893
f 1891 1903 1906
f 1903 1892 1908
f 1903 1908 1906
f 1906 1908 1895
f 1892 1909 1910
f 1909 1896 1921
f 1909 1921 1910
f 1910 1921 1899
f 1896 1916 1922
f 1916 1894 1918
f 1916 1918 1922
f 1922 1918 1901
f 1894 1912 1917
f 1912 1893 1914
f 1912 1914 1917
f 1917 1914 1898
f 1893 1913 1915
f 1913 1895 1920
f 1913 1920 1915
f 1915 1920 1902
f 1895 1908 1919
f 1908 1892 1911
f 1908 1911 1919
f 1919 1911 1900
f 1898 1929 1923
f 1929 1902 1927
f 1929 1927 1923
f 1923 1927 1897
f 1902 1932 1927
f 1932 1900 1925
f 1932 1925 1927
f 1927 1925 1897
f 1900 1930 1925
f 1930 1899 1924
f 1930 1924 1925
f 1925 1924 1897
f 1899 1931 1924
f 1931 1901 1926
f 1931 1926 1924
f 1924 1926 1897
f 1901 1928 1926
f 1928 1898 1923
f 1928 1923 1926
f 1926 1923 1897
f 1893 1915 1914
f 1915 1902 1929
f 1915 1929 1914
f 1914 1929 1898
f 1895 1919 1920
f 1919 1900 1932
f 1919 1932 1920
f 1920 1932 1902
f 1892 1910 1911
f 1910 1899 1930
f 1910 1930 1911
f 1911 1930 1900
f 1896 1922 1921
f 1922 1901 1931
f 1922 1931 1921
f 1921 1931 1899
f 1894 1917 1918
f 1917 1898 1928
f 1917 1928 1918
f 1918 1928 1901
v 6.028 -21.470 17.377
v 6.028 -21.814 17.377
v 6.200 -21.364 17.099
v 5.856 -21.364 17.099
v 6.306 -21.642 17.271
v 5.750 -21.642 17.271
v 6.028 -21.814 16.821
v 6.028 -21.470 16.821
v 5.856 -21.920 17.099
v 6.200 -21.920 17.099
v 5.750 -21.642 16.927
v 6.306 -21.642 16.927
v 6.028 -21.642 17.426
v 6.129 -21.378 17.263
v 5.927 -21.378 17.263
v 6.191 -21.541 17.364
v 5.865 -21.541 17.364
v 6.191 -21.743 17.364
v 5.865 -21.743 17.364
v 5.927 -21.907 17.263
v 6.129 -21.907 17.263
v 6.028 -21.315 17.099
v 6.293 -21.479 17.200
v 6.129 -21.378 16.936
v 6.293 -21.479 16.998
v 5.764 -21.479 17.200
v 5.927 -21.378 16.936
v 5.764 -21.479 16.998
v 6.293 -21.806 17.200
v 6.355 -21.642 17.099
v 5.764 -21.806 17.200
v 5.701 -21.642 17.099
v 6.028 -21.642 16.772
v 5.927 -21.907 16.936
v 6.129 -21.907 16.936
v 5.865 -21.743 16.835
v 6.191 -21.743 16.835
v 5.865 -21.541 16.835
v 6.191 -21.541 16.835
v 6.028 -21.969 17.099
v 5.764 -21.806 16.998
v 6.293 -21.806 16.998
f 1933 1949 1945
f 1949 1938 1951
f 1949 1951 1945
f 1945 1951 1934
f 1933 1947 1949
f 1947 1936 1958
f 1947 1958 1949
f 1949 1958 1938
f 1933 1946 1947
f 1946 1935 1954
f 1946 1954 1947
f 1947 1954 1936
f 1933 1948 1946
f 1948 1937 1955
f 1948 1955 1946
f 1946 1955 1935
f 1933 1945 1948
f 1945 1934 1950
f 1945 1950 1948
f 1948 1950 1937
f 1934 1951 1952
f 1951 1938 1963
f 1951 1963 1952
f 1952 1963 1941
f 1938 1958 1964
f 1958 1936 1960
f 1958 1960 1964
f 1964 1960 1943
f 1936 1954 1959
f 1954 1935 1956
f 1954 1956 1959
f 1959 1956 1940
f 1935 1955 1957
f 1955 1937 1962
f 1955 1962 1957
f 1957 1962 1944
f 1937 1950 1961
f 1950 1934 1953
f 1950 1953 1961
f 1961 1953 1942
f 1940 1971 1965
f 1971 1944 1969
f 1971 1969 1965
f 1965 1969 1939
f 1944 1974 1969
f 1974 1942 1967
f 1974 1967 1969
f 1969 1967 1939
f 1942 1972 1967
f 1972 1941 1966
f 1972 1966 1967
f 1967 1966 1939
f 1941 1973 1966
f 1973 1943 1968
f 1973 1968 1966
f 1966 1968 1939
f 1943 1970 1968
f 1970 1940 1965
f 1970 1965 1968
f 1968 1965 1939
f 1935 1957 1956
f 1957 1944 1971
f 1957 1971 1956
f 1956 1971 1940
f 1937 1961 1962
f 1961 1942 1974
f 1961 1974 1962
f 1962 1974 1944
f 1934 1952 1953
f 1952 1941 1972
f 1952 1972 1953
f 1953 1972 1942
f 1938 1964 1963
f 1964 1943 1973
f 1964 1973 1963
f 1963 1973 1941
f 1936 1959 1960
f 1959 1940 1970
f 1959 1970 1960
f 1960 1970 1943
v -2.348 -10.672 14.173
v -2.348 -10.935 14.173
v -2.217 -10.591 13.961
v -2.480 -10.591 13.961
v -2.136 -10.804 14.092
v -2.561 -10.804 14.092
v -2.348 -10.935 13.748
v -2.348 -10.672 13.748
v -2.480 -11.016 13.961
v -2.217 -11.016 13.961
v -2.561 -10.804 13.829
v -2.136 -10.804 13.829
v -2.348 -10.804 14.211
v -2.271 -10.601 14.086
v -2.425 -10.601 14.086
v -2.223 -10.726 14.163
v -2.473 -10.726 14.163
v -2.223 -10.881 14.163
v -2.473 -10.881 14.163
v -2.425 -11.006 14.086
v -2.271 -11.006 14.086
v -2.348 -10.554 13.961
v -2.146 -10.679 14.038
v -2.271 -10.601 13.836
v -2.146 -10.679 13.883
v -2.550 -10.679 14.038
v -2.425 -10.601 13.836
v -2.550 -10.679 13.883
v -2.146 -10.929 14.038
v -2.098 -10.804 13.961
v -2.550 -10.929 14.038
v -2.598 -10.804 13.961
v -2.348 -10.804 13.711
v -2.425 -11.006 13.836
v -2.271 -11.006 13.836
v -2.473 -10.881 13.758
v -2.223 -10.881 13.758
v -2.473 -10.726 13.758
v -2.223 -10.726 13.758
v -2.348 -11.054 13.961
v -2.550 -10.929 13.883
v -2.146 -10.929 13.883
f 1975 1991 1987
f 1991 1980 1993
f 1991 1993 1987
f 1987 1993 1976
f 1975 1989 1991
f 1989 1978 2000
f 1989 2000 1991
f 1991 2000 1980
f 1975 1988 1989
f 1988 1977 1996
f 1988 1996 1989
f 1989 1996 1978
f 1975 1990 1988
f 1990 1979 1997
f 1990 1997 1988
f 1988 1997 1977
f 1975 1987 1990
f 1987 1976 1992
f 1987 1992 1990
f 1990 1992 1979
f 1976 1993 1994
f 1993 1980 2005
f 1993 2005 1994
f 1994 2005 1983
f 1980 2000 2006
f 2000 1978 2002
f 2000 2002 2006
f 2006 2002 1985
f 1978 1996 2001
f 1996 1977 1998
f 1996 1998 2001
f 2001 1998 1982
f 1977 1997 1999
f 1997 1979 2004
f 1997 2004 1999
f 1999 2004 1986
f 1979 1992 2003
f 1992 1976 1995
f 1992 1995 2003
f 2003 1995 1984
f 1982 2013 2007
f 2013 1986 2011
f 2013 2011 2007
f 2007 2011 1981
f 1986 2016 2011
f 2016 1984 2009
f 2016 2009 2011
f 2011 2009 1981
f 1984 2014 2009
f 2014 1983 2008
f 2014 2008 2009
f 2009 2008 1981
f 1983 2015 2008
f 2015 1985 2010
f 2015 2010 2008
f 2008 2010 1981
f 1985 2012 2010
f 2012 1982 2007
f 2012 2007 2010
f 2010 2007 1981
f 1977 1999 1998
f 1999 1986 2013
f 1999 2013 1998
f 1998 2013 1982
f 1979 2003 2004
f 2003 1984 2016
f 2003 2016 2004
f 2004 2016 1986
f 1976 1994 1995
f 1994 1983 2014
f 1994 2014 1995
f 1995 2014 1984
f 1980 2006 2005
f 2006 1985 2015
f 2006 2015 2005
f 2005 2015 1983
f 1978 2001 2002
f 2001 1982 2012
f 2001 2012 2002
f 2002 2012 1985
v -5.552 -7.758 19.406
v -5.552 -8.102 19.406
v -5.380 -7.652 19.128
v -5.724 -7.652 19.128
v -5.274 -7.930 19.300
v -5.830 -7.930 19.300
v -5.552 -8.102 18.850
v -5.552 -7.758 18.850
v -5.724 -8.208 19.128
v -5.380 -8.208 19.128
v -5.830 -7.930 18.956
v -5.274 -7.930 18.956
v -5.552 -7.930 19.455
v -5.451 -7.666 19.292
v -5.653 -7.666 19.292
v -5.389 -7.829 19.393
v -5.716 -7.829 19.393
v -5.389 -8.031 19.393
v -5.716 -8.031 19.393
v -5.653 -8.195 19.292
v -5.451 -8.195 19.292
v -5.552 -7.603 19.128
v -5.288 -7.767 19.229
v -5.451 -7.666 18.965
v -5.288 -7.767 19.027
v -5.817 -7.767 19.229
v -5.653 -7.666 18.965
v -5.817 -7.767 19.027
v -5.288 -8.094 19.229
v -5.225 -7.930 19.128
v -5.817 -8.094 19.229
v -5.879 -7.930 19.128
v -5.552 -7.930 18.801
v -5.653 -8.195 18.965
v -5.451 -8.195 18.965
v -5.716 -8.031 18.864
v -5.389 -8.031 18.864
v -5.716 -7.829 18.864
v -5.389 -7.829 18.864
v -5.552 -8.257 19.128
v -5.817 -8.094 19.027
v -5.288 -8.094 19.027
f 2017 2033 2029
f 2033 2022 2035
f 2033 2035 2029
f 2029 2035 2018
f 2017 2031 2033
f 2031 2020 2042
f 2031 2042 2033
f 2033 2042 2022
f 2017 2030 2031
f 2030 2019 2038
f 2030 2038 2031
f 2031 2038 2020
f 2017 2032 2030
f 2032 2021 2039
f 2032 2039 2030
f 2030 2039 2019
f 2017 2029 2032
f 2029 2018 2034
f 2029 2034 2032
f 2032 2034 2021
f 2018 2035 2036
f 2035 2022 2047
f 2035 2047 2036
f 2036 2047 2025
f 2022 2042 2048
f 2042 2020 2044
f 2042 2044 2048
f 2048 2044 2027
f 2020 2038 2043
f 2038 2019 2040
f 2038 2040 2043
f 2043 2040 2024
f 2019 2039 2041
f 2039 2021 2046
f 2039 2046 2041
f 2041 2046 2028
f 2021 2034 2045
f 2034 2018 2037
f 2034 2037 2045
f 2045 2037 2026
f 2024 2055 2049
f 2055 2028 2053
f 2055 2053 2049
f 2049 2053 2023
f 2028 2058 2053
f 2058 2026 2051
f 2058 2051 2053
f 2053 2051 2023
f 2026 2056 2051
f 2056 2025 2050
f 2056 2050 2051
f 2051 2050 2023
f 2025 2057 2050
f 2057 2027 2052
f 2057 2052 2050
f 2050 2052 2023
f 2027 2054 2052
f 2054 2024 2049
f 2054 2049 2052
f 2052 2049 2023
f 2019 2041 2040
f 2041 2028 2055
f 2041 2055 2040
f 2040 2055 2024
f 2021 2045 2046
f 2045 2026 2058
f 2045 2058 2046
f 2046 2058 2028
f 2018 2036 2037
f 2036 2025 2056
f 2036 2056 2037
f 2037 2056 2026
f 2022 2048 2047
f 2048 2027 2057
f 2048 2057 2047
f 2047 2057 2025
f 2020 2043 2044
f 2043 2024 2054
f 2043 2054 2044
f 2044 2054 2027
v -6.594 -0.982 13.807
v -6.594 -1.245 13.807
v -6.463 -0.900 13.595
v -6.726 -0.900 13.595
v -6.382 -1.113 13.726
v -6.807 -1.113 13.726
v -6.594 -1.245 13.382
v -6.594 -0.982 13.382
v -6.726 -1.326 13.595
v -6.463 -1.326 13.595
v -6.807 -1.113 13.463
v -6.382 -1.113 13.463
v -6.594 -1.113 13.845
v -6.517 -0.911 13.720
v -6.672 -0.911 13.720
v -6.469 -1.036 13.797
v -6.719 -1.036 13.797
v -6.469 -1.190 13.797
v -6.719 -1.190 13.797
v -6.672 -1.315 13.720
v -6.517 -1.315 13.720
v -6.594 -0.863 13.595
v -6.392 -0.988 13.672
v -6.517 -0.911 13.470
v -6.392 -0.988 13.518
v -6.797 -0.988 13.672
v -6.672 -0.911 13.470
v -6.797 -0.988 13.518
v -6.392 -1.238 13.672
v -6.344 -1.113 13.595
v -6.797 -1.238 13.672
v -6.844 -1.113 13.595
v -6.594 -1.113 13.345
v -6.672 -1.315 13.470
v -6.517 -1.315 13.470
v -6.719 -1.190 13.393
v -6.469 -1.190 13.393
v -6.719 -1.036 13.393
v -6.469 -1.036 13.393
v -6.594 -1.363 13.595
v -6.797 -1.238 13.518
v -6.392 -1.238 13.518
f 2059 2075 2071
f 2075 2064 2077
f 2075 2077 2071
f 2071 2077 2060
f 2059 2073 2075
f 2073 2062 2084
f 2073 2084 2075
f 2075 2084 2064
f 2059 2072 2073
f 2072 2061 2080
f 2072 2080 2073
f 2073 2080 2062
f 2059 2074 2072
f 2074 2063 2081
f 2074 2081 2072
f 2072 2081 2061
f 2059 2071 2074
f 2071 2060 2076
f 2071 2076 2074
f 2074 2076 2063
f 2060 2077 2078
f 2077 2064 2089
f 2077 2089 2078
f 2078 2089 2067
f 2064 2084 2090
f 2084 2062 2086
f 2084 2086 2090
f 2090 2086 2069
f 2062 2080 2085
f 2080 2061 2082
f 2080 2082 2085
f 2085 2082 2066
f 2061 2081 2083
f 2081 2063 2088
f 2081 2088 2083
f 2083 2088 2070
f 2063 2076 2087
f 2076 2060 2079
f 2076 2079 2087
f 2087 2079 2068
f 2066 2097 2091
f 2097 2070 2095
f 2097 2095 2091
f 2091 2095 2065
f 2070 2100 2095
f 2100 2068 2093
f 2100 2093 2095
f 2095 2093 2065
f 2068 2098 2093
f 2098 2067 2092
f 2098 2092 2093
f 2093 2092 2065
f 2067 2099 2092
f 2099 2069 2094
f 2099 2094 2092
f 2092 2094 2065
f 2069 2096 2094
f 2096 2066 2091
f 2096 2091 2094
f 2094 2091 2065
f 2061 2083 2082
f 2083 2070 2097
f 2083 2097 2082
f 2082 2097 2066
f 2063 2087 2088
f 2087 2068 2100
f 2087 2100 2088
f 2088 2100 2070
f 2060 2078 2079
f 2078 2067 2098
f 2078 2098 2079
f 2079 2098 2068
f 2064 2090 2089
f 2090 2069 2099
f 2090 2099 2089
f 2089 2099 2067
f 2062 2085 2086
f 2085 2066 2096
f 2085 2096 2086
f 2086 2096 2069
v -6.795 4.677 14.585
v -6.795 4.299 14.585
v -6.606 4.794 14.280
v -6.984 4.794 14.280
v -6.489 4.488 14.469
v -7.101 4.488 14.469
v -6.795 4.299 13.974
v -6.795 4.677 13.974
v -6.984 4.182 14.280
v -6.606 4.182 14.280
v -7.101 4.488 14.091
v -6.489 4.488 14.091
v -6.795 4.488 14.639
v -6.684 4.779 14.459
v -6.906 4.779 14.459
v -6.615 4.599 14.570
v -6.975 4.599 14.570
v -6.615 4.377 14.570
v -6.975 4.377 14.570
v -6.906 4.197 14.459
v -6.684 4.197 14.459
v -6.795 4.847 14.280
v -6.504 4.667 14.391
v -6.684 4.779 14.100
v -6.504 4.667 14.169
v -7.086 4.667 14.391
v -6.906 4.779 14.100
v -7.086 4.667 14.169
v -6.504 4.308 14.391
v -6.436 4.488 14.280
v -7.086 4.308 14.391
v -7.155 4.488 14.280
v -6.795 4.488 13.920
v -6.906 4.197 14.100
v -6.684 4.197 14.100
v -6.975 4.377 13.989
v -6.615 4.377 13.989
v -6.975 4.599 13.989
v -6.615 4.599 13.989
v -6.795 4.128 14.280
v -7.086 4.308 14.169
v -6.504 4.308 14.169
f 2101 2117 2113
f 2117 2106 2119
f 2117 2119 2113
f 2113 2119 2102
f 2101 2115 2117
f 2115 2104 2126
f 2115 2126 2117
f 2117 2126 2106
f 2101 2114 2115
f 2114 2103 2122
f 2114 2122 2115
f 2115 2122 2104
f 2101 2116 2114
f 2116 2105 2123
f 2116 2123 2114
f 2114 2123 2103
f 2101 2113 2116
f 2113 2102 2118
f 2113 2118 2116
f 2116 2118 2105
f 2102 2119 2120
f 2119 2106 2131
f 2119 2131 2120
f 2120 2131 2109
f 2106 2126 2132
f 2126 2104 2128
f 2126 2128 2132
f 2132 2128 2111
f 2104 2122 2127
f 2122 2103 2124
f 2122 2124 2127
f 2127 2124 2108
f 2103 2123 2125
f 2123 2105 2130
f 2123 2130 2125
f 2125 2130 2112
f 2105 2118 2129
f 2118 2102 2121
f 2118 2121 2129
f 2129 2121 2110
f 2108 2139 2133
f 2139 2112 2137
f 2139 2137 2133
f 2133 2137 2107
f 2112 2142 2137
f 2142 2110 2135
f 2142 2135 2137
f 2137 2135 2107
f 2110 2140 2135
f 2140 2109 2134
f 2140 2134 2135
f 2135 2134 2107
f 2109 2141 2134
f 2141 2111 2136
f 2141 2136 2134
f 2134 2136 2107
f 2111 2138 2136
f 2138 2108 2133
f 2138 2133 2136
f 2136 2133 2107
f 2103 2125 2124
f 2125 2112 2139
f 2125 2139 2124
f 2124 2139 2108
f 2105 2129 2130
f 2129 2110 2142
f 2129 2142 2130
f 2130 2142 2112
f 2102 2120 2121
f 2120 2109 2140
f 2120 2140 2121
f 2121 2140 2110
f 2106 2132 2131
f 2132 2111 2141
f 2132 2141 2131
f 2131 2141 2109
f 2104 2127 2128
f 2127 2108 2138
f 2127 2138 2128
f 2128 2138 2111
v -9.584 7.983 17.491
v -9.584 7.605 17.491
v -9.395 8.100 17.185
v -9.773 8.100 17.185
v -9.278 7.794 17.374
v -9.890 7.794 17.374
v -9.584 7.605 16.879
v -9.584 7.983 16.879
v -9.773 7.488 17.185
v -9.395 7.488 17.185
v -9.890 7.794 16.996
v -9.278 7.794 16.996
v -9.584 7.794 17.545
v -9.473 8.085 17.365
v -9.695 8.085 17.365
v -9.404 7.905 17.476
v -9.764 7.905 17.476
v -9.404 7.683 17.476
v -9.764 7.683 17.476
v -9.695 7.503 17.365
v -9.473 7.503 17.365
v -9.584 8.153 17.185
v -9.293 7.974 17.296
v -9.473 8.085 17.005
v -9.293 7.974 17.074
v -9.875 7.974 17.296
v -9.695 8.085 17.005
v -9.875 7.974 17.074
v -9.293 7.614 17.296
v -9.225 7.794 17.185
v -9.875 7.614 17.296
v -9.944 7.794 17.185
v -9.584 7.794 16.826
v -9.695 7.503 17.005
v -9.473 7.503 17.005
v -9.764 7.683 16.894
v -9.404 7.683 16.894
v -9.764 7.905 16.894
v -9.404 7.905 16.894
v -9.584 7.434 17.185
v -9.875 7.614 17.074
v -9.293 7.614 17.074
f 2143 2159 2155
f 2159 2148 2161
f 2159 2161 2155
f 2155 2161 2144
f 2143 2157 2159
f 2157 2146 2168
f 2157 2168 2159
f 2159 2168 2148
f 2143 2156 2157
f 2156 2145 2164
f 2156 2164 2157
f 2157 2164 2146
f 2143 2158 2156
f 2158 2147 2165
f 2158 2165 2156
f 2156 2165 2145
f 2143 2155 2158
f 2155 2144 2160
f 2155 2160 2158
f 2158 2160 2147
f 2144 2161 2162
f 2161 2148 2173
f 2161 2173 2162
f 2162 2173 2151
f 2148 2168 2174
f 2168 2146 2170
f 2168 2170 2174
f 2174 2170 2153
f 2146 2164 2169
f 2164 2145 2166
f 2164 2166 2169
f 2169 2166 2150
f 2145 2165 2167
f 2165 2147 2172
f 2165 2172 2167
f 2167 2172 2154
f 2147 2160 2171
f 2160 2144 2163
f 2160 2163 2171
f 2171 2163 2152
f 2150 2181 2175
f 2181 2154 2179
f 2181 2179 2175
f 2175 2179 2149
f 2154 2184 2179
f 2184 2152 2177
f 2184 2177 2179
f 2179 2177 2149
f 2152 2182 2177
f 2182 2151 2176
f 2182 2176 2177
f 2177 2176 2149
f 2151 2183 2176
f 2183 2153 2178
f 2183 2178 2176
f 2176 2178 2149
f 2153 2180 2178
f 2180 2150 2175
f 2180 2175 2178
f 2178 2175 2149
f 2145 2167 2166
f 2167 2154 2181
f 2167 2181 2166
f 2166 2181 2150
f 2147 2171 2172
f 2171 2152 2184
f 2171 2184 2172
f 2172 2184 2154
f 2144 2162 2163
f 2162 2151 2182
f 2162 2182 2163
f 2163 2182 2152
f 2148 2174 2173
f 2174 2153 2183
f 2174 2183 2173
f 2173 2183 2151
f 2146 2169 2170
f 2169 2150 2180
f 2169 2180 2170
f 2170 2180 2153
v -9.776 10.779 16.340
v -9.776 10.435 16.340
v -9.604 10.885 16.062
v -9.948 10.885 16.062
v -9.498 10.607 16.234
v -10.054 10.607 16.234
v -9.776 10.435 15.784
v -9.776 10.779 15.784
v -9.948 10.329 16.062
v -9.604 10.329 16.062
v -10.054 10.607 15.890
v -9.498 10.607 15.890
v -9.776 10.607 16.389
v -9.675 10.872 16.226
v -9.877 10.872 16.226
v -9.613 10.708 16.327
v -9.940 10.708 16.327
v -9.613 10.506 16.327
v -9.940 10.506 16.327
v -9.877 10.343 16.226
v -9.675 10.343 16.226
v -9.776 10.934 16.062
v -9.512 10.771 16.163
v -9.675 10.872 15.899
v -9.512 10.771 15.961
v -10.041 10.771 16.163
v -9.877 10.872 15.899
v -10.041 10.771 15.961
v -9.512 10.444 16.163
v -9.449 10.607 16.062
v -10.041 10.444 16.163
v -10.103 10.607 16.062
v -9.776 10.607 15.735
v -9.877 10.343 15.899
v -9.675 10.343 15.899
v -9.940 10.506 15.798
v -9.613 10.506 15.798
v -9.940 10.708 15.798
v -9.613 10.708 15.798
v -9.776 10.280 16.062
v -10.041 10.444 15.961
v -9.512 10.444 15.961
f 2185 2201 2197
f 2201 2190 2203
f 2201 2203 2197
f 2197 2203 2186
f 2185 2199 2201
f 2199 2188 2210
f 2199 2210 2201
f 2201 2210 2190
f 2185 2198 2199
f 2198 2187 2206
f 2198 2206 2199
f 2199 2206 2188
f 2185 2200 2198
f 2200 2189 2207
f 2200 2207 2198
f 2198 2207 2187
f 2185 2197 2200
f 2197 2186 2202
f 2197 2202 2200
f 2200 2202 2189
f 2186 2203 2204
f 2203 2190 2215
f 2203 2215 2204
f 2204 2215 2193
f 2190 2210 2216
f 2210 2188 2212
f 2210 2212 2216
f 2216 2212 2195
f 2188 2206 2211
f 2206 2187 2208
f 2206 2208 2211
f 2211 2208 2192
f 2187 2207 2209
f 2207 2189 2214
f 2207 2214 2209
f 2209 2214 2196
f 2189 2202 2213
f 2202 2186 2205
f 2202 2205 2213
f 2213 2205 2194
f 2192 2223 2217
f 2223 2196 2221
f 2223 2221 2217
f 2217 2221 2191
f 2196 2226 2221
f 2226 2194 2219
f 2226 2219 2221
f 2221 2219 2191
f 2194 2224 2219
f 2224 2193 2218
f 2224 2218 2219
f 2219 2218 2191
f 2193 2225 2218
f 2225 2195 2220
f 2225 2220 2218
f 2218 2220 2191
f 2195 2222 2220
f 2222 2192 2217
f 2222 2217 2220
f 2220 2217 2191
f 2187 2209 2208
f 2209 2196 2223
f 2209 2223 2208
f 2208 2223 2192
f 2189 2213 2214
f 2213 2194 2226
f 2213 2226 2214
f 2214 2226 2196
f 2186 2204 2205
f 2204 2193 2224
f 2204 2224 2205
f 2205 2224 2194
f 2190 2216 2215
f 2216 2195 2225
f 2216 2225 2215
f 2215 2225 2193
f 2188 2211 2212
f 2211 2192 2222
f 2211 2222 2212
f 2212 2222 2195
v -22.559 13.700 15.135
v -22.559 13.437 15.135
v -22.427 13.781 14.923
v -22.690 13.781 14.923
v -22.346 13.569 15.054
v -22.771 13.569 15.054
v -22.559 13.437 14.710
v -22.559 13.700 14.710
v -22.690 13.356 14.923
v -22.427 13.356 14.923
v -22.771 13.569 14.791
v -22.346 13.569 14.791
v -22.559 13.569 15.173
v -22.481 13.771 15.048
v -22.636 13.771 15.048
v -22.434 13.646 15.125
v -22.684 13.646 15.125
v -22.434 13.491 15.125
v -22.684 13.491 15.125
v -22.636 13.366 15.048
v -22.481 13.366 15.048
v -22.559 13.819 14.923
v -22.356 13.694 15.000
v -22.481 13.771 14.798
v -22.356 13.694 14.845
v -22.761 13.694 15.000
v -22.636 13.771 14.798
v -22.761 13.694 14.845
v -22.356 13.444 15.000
v -22.309 13.569 14.923
v -22.761 13.444 15.000
v -22.809 13.569 14.923
v -22.559 13.569 14.673
v -22.636 13.366 14.798
v -22.481 13.366 14.798
v -22.684 13.491 14.720
v -22.434 13.491 14.720
v -22.684 13.646 14.720
v -22.434 13.646 14.720
v -22.559 13.319 14.923
v -22.761 13.444 14.845
v -22.356 13.444 14.845
f 2227 2243 2239
f 2243 2232 2245
f 2243 2245 2239
f 2239 2245 2228
f 2227 2241 2243
f 2241 2230 2252
f 2241 2252 2243
f 2243 2252 2232
f 2227 2240 2241
f 2240 2229 2248
f 2240 2248 2241
f 2241 2248 2230
f 2227 2242 2240
f 2242 2231 2249
f 2242 2249 2240
f 2240 2249 2229
f 2227 2239 2242
f 2239 2228 2244
f 2239 2244 2242
f 2242 2244 2231
f 2228 2245 2246
f 2245 2232 2257
f 2245 2257 2246
f 2246 2257 2235
f 2232 2252 2258
f 2252 2230 2254
f 2252 2254 2258
f 2258 2254 2237
f 2230 2248 2253
f 2248 2229 2250
f 2248 2250 2253
f 2253 2250 2234
f 2229 2249 2251
f 2249 2231 2256
f 2249 2256 2251
f 2251 2256 2238
f 2231 2244 2255
f 2244 2228 2247
f 2244 2247 2255
f 2255 2247 2236
f 2234 2265 2259
f 2265 2238 2263
f 2265 2263 2259
f 2259 2263 2233
f 2238 2268 2263
f 2268 2236 2261
f 2268 2261 2263
f 2263 2261 2233
f 2236 2266 2261
f 2266 2235 2260
f 2266 2260 2261
f 2261 2260 2233
f 2235 2267 2260
f 2267 2237 2262
f 2267 2262 2260
f 2260 2262 2233
f 2237 2264 2262
f 2264 2234 2259
f 2264 2259 2262
f 2262 2259 2233
f 2229 2251 2250
f 2251 2238 2265
f 2251 2265 2250
f 2250 2265 2234
f 2231 2255 2256
f 2255 2236 2268
f 2255 2268 2256
f 2256 2268 2238
f 2228 2246 2247
f 2246 2235 2266
f 2246 2266 2247
f 2247 2266 2236
f 2232 2258 2257
f 2258 2237 2267
f 2258 2267 2257
f 2257 2267 2235
f 2230 2253 2254
f 2253 2234 2264
f 2253 2264 2254
f 2254 2264 2237
v -19.668 13.127 15.348
v -19.668 12.864 15.348
v -19.536 13.208 15.135
v -19.799 13.208 15.135
v -19.455 12.995 15.267
v -19.880 12.995 15.267
v -19.668 12.864 14.923
v -19.668 13.127 14.923
v -19.799 12.782 15.135
v -19.536 12.782 15.135
v -19.880 12.995 15.004
v -19.455 12.995 15.004
v -19.668 12.995 15.385
v -19.590 13.197 15.260
v -19.745 13.197 15.260
v -19.543 13.072 15.338
v -19.793 13.072 15.338
v -19.543 12.918 15.338
v -19.793 12.918 15.338
v -19.745 12.793 15.260
v -19.590 12.793 15.260
v -19.668 13.245 15.135
v -19.465 13.120 15.213
v -19.590 13.197 15.010
v -19.465 13.120 15.058
v -19.870 13.120 15.213
v -19.745 13.197 15.010
v -19.870 13.120 15.058
v -19.465 12.870 15.213
v -19.418 12.995 15.135
v -19.870 12.870 15.213
v -19.918 12.995 15.135
v -19.668 12.995 14.885
v -19.745 12.793 15.010
v -19.590 12.793 15.010
v -19.793 12.918 14.933
v -19.543 12.918 14.933
v -19.793 13.072 14.933
v -19.543 13.072 14.933
v -19.668 12.745 15.135
v -19.870 12.870 15.058
v -19.465 12.870 15.058
f 2269 2285 2281
f 2285 2274 2287
f 2285 2287 2281
f 2281 2287 2270
f 2269 2283 2285
f 2283 2272 2294
f 2283 2294 2285
f 2285 2294 2274
f 2269 2282 2283
f 2282 2271 2290
f 2282 2290 2283
f 2283 2290 2272
f 2269 2284 2282
f 2284 2273 2291
f 2284 2291 2282
f 2282 2291 2271
f 2269 2281 2284
f 2281 2270 2286
f 2281 2286 2284
f 2284 2286 2273
f 2270 2287 2288
f 2287 2274 2299
f 2287 2299 2288
f 2288 2299 2277
f 2274 2294 2300
f 2294 2272 2296
f 2294 2296 2300
f 2300 2296 2279
f 2272 2290 2295
f 2290 2271 2292
f 2290 2292 2295
f 2295 2292 2276
f 2271 2291 2293
f 2291 2273 2298
f 2291 2298 2293
f 2293 2298 2280
f 2273 2286 2297
f 2286 2270 2289
f 2286 2289 2297
f 2297 2289 2278
f 2276 2307 2301
f 2307 2280 2305
f 2307 2305 2301
f 2301 2305 2275
f 2280 2310 2305
f 2310 2278 2303
f 2310 2303 2305
f 2305 2303 2275
f 2278 2308 2303
f 2308 2277 2302
f 2308 2302 2303
f 2303 2302 2275
f 2277 2309 2302
f 2309 2279 2304
f 2309 2304 2302
f 2302 2304 2275
f 2279 2306 2304
f 2306 2276 2301
f 2306 2301 2304
f 2304 2301 2275
f 2271 2293 2292
f 2293 2280 2307
f 2293 2307 2292
f 2292 2307 2276
f 2273 2297 2298
f 2297 2278 2310
f 2297 2310 2298
f 2298 2310 2280
f 2270 2288 2289
f 2288 2277 2308
f 2288 2308 2289
f 2289 2308 2278
f 2274 2300 2299
f 2300 2279 2309
f 2300 2309 2299
f 2299 2309 2277
f 2272 2295 2296
f 2295 2276 2306
f 2295 2306 2296
f 2296 2306 2279
v -17.625 12.570 15.827
v -17.625 12.308 15.827
v -17.493 12.652 15.614
v -17.756 12.652 15.614
v -17.412 12.439 15.746
v -17.837 12.439 15.746
v -17.625 12.308 15.402
v -17.625 12.570 15.402
v -17.756 12.226 15.614
v -17.493 12.226 15.614
v -17.837 12.439 15.483
v -17.412 12.439 15.483
v -17.625 12.439 15.864
v -17.548 12.641 15.739
v -17.702 12.641 15.739
v -17.500 12.516 15.816
v -17.750 12.516 15.816
v -17.500 12.362 15.816
v -17.750 12.362 15.816
v -17.702 12.237 15.739
v -17.548 12.237 15.739
v -17.625 12.689 15.614
v -17.423 12.564 15.691
v -17.548 12.641 15.489
v -17.423 12.564 15.537
v -17.827 12.564 15.691
v -17.702 12.641 15.489
v -17.827 12.564 15.537
v -17.423 12.314 15.691
v -17.375 12.439 15.614
v -17.827 12.314 15.691
v -17.875 12.439 15.614
v -17.625 12.439 15.364
v -17.702 12.237 15.489
v -17.548 12.237 15.489
v -17.750 12.362 15.412
v -17.500 12.362 15.412
v -17.750 12.516 15.412
v -17.500 12.516 15.412
v -17.625 12.189 15.614
v -17.827 12.314 15.537
v -17.423 12.314 15.537
f 2311 2327 2323
f 2327 2316 2329
f 2327 2329 2323
f 2323 2329 2312
f 2311 2325 2327
f 2325 2314 2336
f 2325 2336 2327
f 2327 2336 2316
f 2311 2324 2325
f 2324 2313 2332
f 2324 2332 2325
f 2325 2332 2314
f 2311 2326 2324
f 2326 2315 2333
f 2326 2333 2324
f 2324 2333 2313
f 2311 2323 2326
f 2323 2312 2328
f 2323 2328 2326
f 2326 2328 2315
f 2312 2329 2330
f 2329 2316 2341
f 2329 2341 2330
f 2330 2341 2319
f 2316 2336 2342
f 2336 2314 2338
f 2336 2338 2342
f 2342 2338 2321
f 2314 2332 2337
f 2332 2313 2334
f 2332 2334 2337
f 2337 2334 2318
f 2313 2333 2335
f 2333 2315 2340
f 2333 2340 2335
f 2335 2340 2322
f 2315 2328 2339
f 2328 2312 2331
f 2328 2331 2339
f 2339 2331 2320
f 2318 2349 2343
f 2349 2322 2347
f 2349 2347 2343
f 2343 2347 2317
f 2322 2352 2347
f 2352 2320 2345
f 2352 2345 2347
f 2347 2345 2317
f 2320 2350 2345
f 2350 2319 2344
f 2350 2344 2345
f 2345 2344 2317
f 2319 2351 2344
f 2351 2321 2346
f 2351 2346 2344
f 2344 2346 2317
f 2321 2348 2346
f 2348 2318 2343
f 2348 2343 2346
f 2346 2343 2317
f 2313 2335 2334
f 2335 2322 2349
f 2335 2349 2334
f 2334 2349 2318
f 2315 2339 2340
f 2339 2320 2352
f 2339 2352 2340
f 2340 2352 2322
f 2312 2330 2331
f 2330 2319 2350
f 2330 2350 2331
f 2331 2350 2320
f 2316 2342 2341
f 2342 2321 2351
f 2342 2351 2341
f 2341 2351 2319
f 2314 2337 2338
f 2337 2318 2348
f 2337 2348 2338
f 2338 2348 2321
v 12.502 -20.305 18.315
v 12.502 -20.568 18.315
v 12.633 -20.224 18.103
v 12.370 -20.224 18.103
v 12.714 -20.437 18.234
v 12.289 -20.437 18.234
v 12.502 -20.568 17.890
v 12.502 -20.305 17.890
v 12.370 -20.649 18.103
v 12.633 -20.649 18.103
v 12.289 -20.437 17.971
v 12.714 -20.437 17.971
v 12.502 -20.437 18.353
v 12.579 -20.234 18.228
v 12.424 -20.234 18.228
v 12.627 -20.359 18.305
v 12.377 -20.359 18.305
v 12.627 -20.514 18.305
v 12.377 -20.514 18.305
v 12.424 -20.639 18.228
v 12.579 -20.639 18.228
v 12.502 -20.187 18.103
v 12.704 -20.312 18.180
v 12.579 -20.234 17.978
v 12.704 -20.312 18.025
v 12.299 -20.312 18.180
v 12.424 -20.234 17.978
v 12.299 -20.312 18.025
v 12.704 -20.562 18.180
v 12.752 -20.437 18.103
v 12.299 -20.562 18.180
v 12.252 -20.437 18.103
v 12.502 -20.437 17.853
v 12.424 -20.639 17.978
v 12.579 -20.639 17.978
v 12.377 -20.514 17.900
v 12.627 -20.514 17.900
v 12.377 -20.359 17.900
v 12.627 -20.359 17.900
v 12.502 -20.687 18.103
v 12.299 -20.562 18.025
v 12.704 -20.562 18.025
f 2353 2369 2365
f 2369 2358 2371
f 2369 2371 2365
f 2365 2371 2354
f 2353 2367 2369
f 2367 2356 2378
f 2367 2378 2369
f 2369 2378 2358
f 2353 2366 2367
f 2366 2355 2374
f 2366 2374 2367
f 2367 2374 2356
f 2353 2368 2366
f 2368 2357 2375
f 2368 2375 2366
f 2366 2375 2355
f 2353 2365 2368
f 2365 2354 2370
f 2365 2370 2368
f 2368 2370 2357
f 2354 2371 2372
f 2371 2358 2383
f 2371 2383 2372
f 2372 2383 2361
f 2358 2378 2384
f 2378 2356 2380
f 2378 2380 2384
f 2384 2380 2363
f 2356 2374 2379
f 2374 2355 2376
f 2374 2376 2379
f 2379 2376 2360
f 2355 2375 2377
f 2375 2357 2382
f 2375 2382 2377
f 2377 2382 2364
f 2357 2370 2381
f 2370 2354 2373
f 2370 2373 2381
f 2381 2373 2362
f 2360 2391 2385
f 2391 2364 2389
f 2391 2389 2385
f 2385 2389 2359
f 2364 2394 2389
f 2394 2362 2387
f 2394 2387 2389
f 2389 2387 2359
f 2362 2392 2387
f 2392 2361 2386
f 2392 2386 2387
f 2387 2386 2359
f 2361 2393 2386
f 2393 2363 2388
f 2393 2388 2386
f 2386 2388 2359
f 2363 2390 2388
f 2390 2360 2385
f 2390 2385 2388
f 2388 2385 2359
f 2355 2377 2376
f 2377 2364 2391
f 2377 2391 2376
f 2376 2391 2360
f 2357 2381 2382
f 2381 2362 2394
f 2381 2394 2382
f 2382 2394 2364
f 2354 2372 2373
f 2372 2361 2392
f 2372 2392 2373
f 2373 2392 2362
f 2358 2384 2383
f 2384 2363 2393
f 2384 2393 2383
f 2383 2393 2361
f 2356 2379 2380
f 2379 2360 2390
f 2379 2390 2380
f 2380 2390 2363
v 1.695 -7.500 14.790
v 1.695 -7.806 14.790
v 1.848 -7.406 14.543
v 1.542 -7.406 14.543
v 1.942 -7.653 14.696
v 1.447 -7.653 14.696
v 1.695 -7.806 14.295
v 1.695 -7.500 14.295
v 1.542 -7.901 14.543
v 1.848 -7.901 14.543
v 1.447 -7.653 14.390
v 1.942 -7.653 14.390
v 1.695 -7.653 14.833
v 1.785 -7.418 14.688
v 1.605 -7.418 14.688
v 1.840 -7.563 14.778
v 1.549 -7.563 14.778
v 1.840 -7.743 14.778
v 1.549 -7.743 14.778
v 1.605 -7.888 14.688
v 1.785 -7.888 14.688
v 1.695 -7.362 14.543
v 1.930 -7.508 14.632
v 1.785 -7.418 14.397
v 1.930 -7.508 14.453
v 1.460 -7.508 14.632
v 1.605 -7.418 14.397
v 1.460 -7.508 14.453
v 1.930 -7.798 14.632
v 1.986 -7.653 14.543
v 1.460 -7.798 14.632
v 1.404 -7.653 14.543
v 1.695 -7.653 14.252
v 1.605 -7.888 14.397
v 1.785 -7.888 14.397
v 1.549 -7.743 14.307
v 1.840 -7.743 14.307
v 1.549 -7.563 14.307
v 1.840 -7.563 14.307
v 1.695 -7.944 14.543
v 1.460 -7.798 14.453
v 1.930 -7.798 14.453
f 2395 2411 2407
f 2411 2400 2413
f 2411 2413 2407
f 2407 2413 2396
f 2395 2409 2411
f 2409 2398 2420
f 2409 2420 2411
f 2411 2420 2400
f 2395 2408 2409
f 2408 2397 2416
f 2408 2416 2409
f 2409 2416 2398
f 2395 2410 2408
f 2410 2399 2417
f 2410 2417 2408
f 2408 2417 2397
f 2395 2407 2410
f 2407 2396 2412
f 2407 2412 2410
f 2410 2412 2399
f 2396 2413 2414
f 2413 2400 2425
f 2413 2425 2414
f 2414 2425 2403
f 2400 2420 2426
f 2420 2398 2422
f 2420 2422 2426
f 2426 2422 2405
f 2398 2416 2421
f 2416 2397 2418
f 2416 2418 2421
f 2421 2418 2402
f 2397 2417 2419
f 2417 2399 2424
f 2417 2424 2419
f 2419 2424 2406
f 2399 2412 2423
f 2412 2396 2415
f 2412 2415 2423
f 2423 2415 2404
f 2402 2433 2427
f 2433 2406 2431
f 2433 2431 2427
f 2427 2431 2401
f 2406 2436 2431
f 2436 2404 2429
f 2436 2429 2431
f 2431 2429 2401
f 2404 2434 2429
f 2434 2403 2428
f 2434 2428 2429
f 2429 2428 2401
f 2403 2435 2428
f 2435 2405 2430
f 2435 2430 2428
f 2428 2430 2401
f 2405 2432 2430
f 2432 2402 2427
f 2432 2427 2430
f 2430 2427 2401
f 2397 2419 2418
f 2419 2406 2433
f 2419 2433 2418
f 2418 2433 2402
f 2399 2423 2424
f 2423 2404 2436
f 2423 2436 2424
f 2424 2436 2406
f 2396 2414 2415
f 2414 2403 2434
f 2414 2434 2415
f 2415 2434 2404
f 2400 2426 2425
f 2426 2405 2435
f 2426 2435 2425
f 2425 2435 2403
f 2398 2421 2422
f 2421 2402 2432
f 2421 2432 2422
f 2422 2432 2405
v 2.671 -8.423 16.374
v 2.671 -8.801 16.374
v 2.860 -8.306 16.068
v 2.482 -8.306 16.068
v 2.977 -8.612 16.257
v 2.365 -8.612 16.257
v 2.671 -8.801 15.762
v 2.671 -8.423 15.762
v 2.482 -8.917 16.068
v 2.860 -8.917 16.068
v 2.365 -8.612 15.879
v 2.977 -8.612 15.879
v 2.671 -8.612 16.427
v 2.782 -8.321 16.248
v 2.560 -8.321 16.248
v 2.851 -8.500 16.359
v 2.491 -8.500 16.359
v 2.851 -8.723 16.359
v 2.491 -8.723 16.359
v 2.560 -8.902 16.248
v 2.782 -8.902 16.248
v 2.671 -8.252 16.068
v 2.962 -8.432 16.179
v 2.782 -8.321 15.888
v 2.962 -8.432 15.957
v 2.380 -8.432 16.179
v 2.560 -8.321 15.888
v 2.380 -8.432 15.957
v 2.962 -8.791 16.179
v 3.031 -8.612 16.068
v 2.380 -8.791 16.179
v 2.311 -8.612 16.068
v 2.671 -8.612 15.708
v 2.560 -8.902 15.888
v 2.782 -8.902 15.888
v 2.491 -8.723 15.777
v 2.851 -8.723 15.777
v 2.491 -8.500 15.777
v 2.851 -8.500 15.777
v 2.671 -8.971 16.068
v 2.380 -8.791 15.957
v 2.962 -8.791 15.957
f 2437 2453 2449
f 2453 2442 2455
f 2453 2455 2449
f 2449 2455 2438
f 2437 2451 2453
f 2451 2440 2462
f 2451 2462 2453
f 2453 2462 2442
f 2437 2450 2451
f 2450 2439 2458
f 2450 2458 2451
f 2451 2458 2440
f 2437 2452 2450
f 2452 2441 2459
f 2452 2459 2450
f 2450 2459 2439
f 2437 2449 2452
f 2449 2438 2454
f 2449 2454 2452
f 2452 2454 2441
f 2438 2455 2456
f 2455 2442 2467
f 2455 2467 2456
f 2456 2467 2445
f 2442 2462 2468
f 2462 2440 2464
f 2462 2464 2468
f 2468 2464 2447
f 2440 2458 2463
f 2458 2439 2460
f 2458 2460 2463
f 2463 2460 2444
f 2439 2459 2461
f 2459 2441 2466
f 2459 2466 2461
f 2461 2466 2448
f 2441 2454 2465
f 2454 2438 2457
f 2454 2457 2465
f 2465 2457 2446
f 2444 2475 2469
f 2475 2448 2473
f 2475 2473 2469
f 2469 2473 2443
f 2448 2478 2473
f 2478 2446 2471
f 2478 2471 2473
f 2473 2471 2443
f 2446 2476 2471
f 2476 2445 2470
f 2476 2470 2471
f 2471 2470 2443
f 2445 2477 2470
f 2477 2447 2472
f 2477 2472 2470
f 2470 2472 2443
f 2447 2474 2472
f 2474 2444 2469
f 2474 2469 2472
f 2472 2469 2443
f 2439 2461 2460
f 2461 2448 2475
f 2461 2475 2460
f 2460 2475 2444
f 2441 2465 2466
f 2465 2446 2478
f 2465 2478 2466
f 2466 2478 2448
f 2438 2456 2457
f 2456 2445 2476
f 2456 2476 2457
f 2457 2476 2446
f 2442 2468 2467
f 2468 2447 2477
f 2468 2477 2467
f 2467 2477 2445
f 2440 2463 2464
f 2463 2444 2474
f 2463 2474 2464
f 2464 2474 2447
v 4.176 -6.643 16.879
v 4.176 -6.987 16.879
v 4.348 -6.536 16.601
v 4.004 -6.536 16.601
v 4.454 -6.815 16.773
v 3.898 -6.815 16.773
v 4.176 -6.987 16.323
v 4.176 -6.643 16.323
v 4.004 -7.093 16.601
v 4.348 -7.093 16.601
v 3.898 -6.815 16.429
v 4.454 -6.815 16.429
v 4.176 -6.815 16.928
v 4.277 -6.550 16.764
v 4.075 -6.550 16.764
v 4.340 -6.714 16.865
v 4.013 -6.714 16.865
v 4.340 -6.916 16.865
v 4.013 -6.916 16.865
v 4.075 -7.079 16.764
v 4.277 -7.079 16.764
v 4.176 -6.488 16.601
v 4.441 -6.651 16.702
v 4.277 -6.550 16.437
v 4.441 -6.651 16.500
v 3.912 -6.651 16.702
v 4.075 -6.550 16.437
v 3.912 -6.651 16.500
v 4.441 -6.978 16.702
v 4.503 -6.815 16.601
v 3.912 -6.978 16.702
v 3.849 -6.815 16.601
v 4.176 -6.815 16.274
v 4.075 -7.079 16.437
v 4.277 -7.079 16.437
v 4.013 -6.916 16.336
v 4.340 -6.916 16.336
v 4.013 -6.714 16.336
v 4.340 -6.714 16.336
v 4.176 -7.142 16.601
v 3.912 -6.978 16.500
v 4.441 -6.978 16.500
f 2479 2495 2491
f 2495 2484 2497
f 2495 2497 2491
f 2491 2497 2480
f 2479 2493 2495
f 2493 2482 2504
f 2493 2504 2495
f 2495 2504 2484
f 2479 2492 2493
f 2492 2481 2500
f 2492 2500 2493
f 2493 2500 2482
f 2479 2494 2492
f 2494 2483 2501
f 2494 2501 2492
f 2492 2501 2481
f 2479 2491 2494
f 2491 2480 2496
f 2491 2496 2494
f 2494 2496 2483
f 2480 2497 2498
f 2497 2484 2509
f 2497 2509 2498
f 2498 2509 2487
f 2484 2504 2510
f 2504 2482 2506
f 2504 2506 2510
f 2510 2506 2489
f 2482 2500 2505
f 2500 2481 2502
f 2500 2502 2505
f 2505 2502 2486
f 2481 2501 2503
f 2501 2483 2508
f 2501 2508 2503
f 2503 2508 2490
f 2483 2496 2507
f 2496 2480 2499
f 2496 2499 2507
f 2507 2499 2488
f 2486 2517 2511
f 2517 2490 2515
f 2517 2515 2511
f 2511 2515 2485
f 2490 2520 2515
f 2520 2488 2513
f 2520 2513 2515
f 2515 2513 2485
f 2488 2518 2513
f 2518 2487 2512
f 2518 2512 2513
f 2513 2512 2485
f 2487 2519 2512
f 2519 2489 2514
f 2519 2514 2512
f 2512 2514 2485
f 2489 2516 2514
f 2516 2486 2511
f 2516 2511 2514
f 2514 2511 2485
f 2481 2503 2502
f 2503 2490 2517
f 2503 2517 2502
f 2502 2517 2486
f 2483 2507 2508
f 2507 2488 2520
f 2507 2520 2508
f 2508 2520 2490
f 2480 2498 2499
f 2498 2487 2518
f 2498 2518 2499
f 2499 2518 2488
f 2484 2510 2509
f 2510 2489 2519
f 2510 2519 2509
f 2509 2519 2487
f 2482 2505 2506
f 2505 2486 2516
f 2505 2516 2506
f 2506 2516 2489
v 11.501 -9.381 17.748
v 11.501 -9.644 17.748
v 11.632 -9.300 17.536
v 11.369 -9.300 17.536
v 11.714 -9.513 17.667
v 11.288 -9.513 17.667
v 11.501 -9.644 17.323
v 11.501 -9.381 17.323
v 11.369 -9.725 17.536
v 11.632 -9.725 17.536
v 11.288 -9.513 17.404
v 11.714 -9.513 17.404
v 11.501 -9.513 17.786
v 11.578 -9.310 17.661
v 11.424 -9.310 17.661
v 11.626 -9.435 17.738
v 11.376 -9.435 17.738
v 11.626 -9.590 17.738
v 11.376 -9.590 17.738
v 11.424 -9.715 17.661
v 11.578 -9.715 17.661
v 11.501 -9.263 17.536
v 11.703 -9.388 17.613
v 11.578 -9.310 17.411
v 11.703 -9.388 17.458
v 11.299 -9.388 17.613
v 11.424 -9.310 17.411
v 11.299 -9.388 17.458
v 11.703 -9.638 17.613
v 11.751 -9.513 17.536
v 11.299 -9.638 17.613
v 11.251 -9.513 17.536
v 11.501 -9.513 17.286
v 11.424 -9.715 17.411
v 11.578 -9.715 17.411
v 11.376 -9.590 17.333
v 11.626 -9.590 17.333
v 11.376 -9.435 17.333
v 11.626 -9.435 17.333
v 11.501 -9.763 17.536
v 11.299 -9.638 17.458
v 11.703 -9.638 17.458
f 2521 2537 2533
f 2537 2526 2539
f 2537 2539 2533
f 2533 2539 2522
f 2521 2535 2537
f 2535 2524 2546
f 2535 2546 2537
f 2537 2546 2526
f 2521 2534 2535
f 2534 2523 2542
f 2534 2542 2535
f 2535 2542 2524
f 2521 2536 2534
f 2536 2525 2543
f 2536 2543 2534
f 2534 2543 2523
f 2521 2533 2536
f 2533 2522 2538
f 2533 2538 2536
f 2536 2538 2525
f 2522 2539 2540
f 2539 2526 2551
f 2539 2551 2540
f 2540 2551 2529
f 2526 2546 2552
f 2546 2524 2548
f 2546 2548 2552
f 2552 2548 2531
f 2524 2542 2547
f 2542 2523 2544
f 2542 2544 2547
f 2547 2544 2528
f 2523 2543 2545
f 2543 2525 2550
f 2543 2550 2545
f 2545 2550 2532
f 2525 2538 2549
f 2538 2522 2541
f 2538 2541 2549
f 2549 2541 2530
f 2528 2559 2553
f 2559 2532 2557
f 2559 2557 2553
f 2553 2557 2527
f 2532 2562 2557
f 2562 2530 2555
f 2562 2555 2557
f 2557 2555 2527
f 2530 2560 2555
f 2560 2529 2554
f 2560 2554 2555
f 2555 2554 2527
f 2529 2561 2554
f 2561 2531 2556
f 2561 2556 2554
f 2554 2556 2527
f 2531 2558 2556
f 2558 2528 2553
f 2558 2553 2556
f 2556 2553 2527
f 2523 2545 2544
f 2545 2532 2559
f 2545 2559 2544
f 2544 2559 2528
f 2525 2549 2550
f 2549 2530 2562
f 2549 2562 2550
f 2550 2562 2532
f 2522 2540 2541
f 2540 2529 2560
f 2540 2560 2541
f 2541 2560 2530
f 2526 2552 2551
f 2552 2531 2561
f 2552 2561 2551
f 2551 2561 2529
f 2524 2547 2548
f 2547 2528 2558
f 2547 2558 2548
f 2548 2558 2531
v 0.185 -6.119 15.301
v 0.185 -6.463 15.301
v 0.357 -6.013 15.022
v 0.013 -6.013 15.022
v 0.463 -6.291 15.194
v -0.093 -6.291 15.194
v 0.185 -6.463 14.744
v 0.185 -6.119 14.744
v 0.013 -6.569 15.022
v 0.357 -6.569 15.022
v -0.093 -6.291 14.851
v 0.463 -6.291 14.851
v 0.185 -6.291 15.349
v 0.286 -6.027 15.186
v 0.084 -6.027 15.186
v 0.348 -6.190 15.287
v 0.021 -6.190 15.287
v 0.348 -6.392 15.287
v 0.021 -6.392 15.287
v 0.084 -6.556 15.186
v 0.286 -6.556 15.186
v 0.185 -5.964 15.022
v 0.449 -6.128 15.123
v 0.286 -6.027 14.859
v 0.449 -6.128 14.921
v -0.080 -6.128 15.123
v 0.084 -6.027 14.859
v -0.080 -6.128 14.921
v 0.449 -6.455 15.123
v 0.512 -6.291 15.022
v -0.080 -6.455 15.123
v -0.142 -6.291 15.022
v 0.185 -6.291 14.696
v 0.084 -6.556 14.859
v 0.286 -6.556 14.859
v 0.021 -6.392 14.758
v 0.348 -6.392 14.758
v 0.021 -6.190 14.758
v 0.348 -6.190 14.758
v 0.185 -6.618 15.022
v -0.080 -6.455 14.921
v 0.449 -6.455 14.921
f 2563 2579 2575
f 2579 2568 2581
f 2579 2581 2575
f 2575 2581 2564
f 2563 2577 2579
f 2577 2566 2588
f 2577 2588 2579
f 2579 2588 2568
f 2563 2576 2577
f 2576 2565 2584
f 2576 2584 2577
f 2577 2584 2566
f 2563 2578 2576
f 2578 2567 2585
f 2578 2585 2576
f 2576 2585 2565
f 2563 2575 2578
f 2575 2564 2580
f 2575 2580 2578
f 2578 2580 2567
f 2564 2581 2582
f 2581 2568 2593
f 2581 2593 2582
f 2582 2593 2571
f 2568 2588 2594
f 2588 2566 2590
f 2588 2590 2594
f 2594 2590 2573
f 2566 2584 2589
f 2584 2565 2586
f 2584 2586 2589
f 2589 2586 2570
f 2565 2585 2587
f 2585 2567 2592
f 2585 2592 2587
f 2587 2592 2574
f 2567 2580 2591
f 2580 2564 2583
f 2580 2583 2591
f 2591 2583 2572
f 2570 2601 2595
f 2601 2574 2599
f 2601 2599 2595
f 2595 2599 2569
f 2574 2604 2599
f 2604 2572 2597
f 2604 2597 2599
f 2599 2597 2569
f 2572 2602 2597
f 2602 2571 2596
f 2602 2596 2597
f 2597 2596 2569
f 2571 2603 2596
f 2603 2573 2598
f 2603 2598 2596
f 2596 2598 2569
f 2573 2600 2598
f 2600 2570 2595
f 2600 2595 2598
f 2598 2595 2569
f 2565 2587 2586
f 2587 2574 2601
f 2587 2601 2586
f 2586 2601 2570
f 2567 2591 2592
f 2591 2572 2604
f 2591 2604 2592
f 2592 2604 2574
f 2564 2582 2583
f 2582 2571 2602
f 2582 2602 2583
f 2583 2602 2572
f 2568 2594 2593
f 2594 2573 2603
f 2594 2603 2593
f 2593 2603 2571
f 2566 2589 2590
f 2589 2570 2600
f 2589 2600 2590
f 2590 2600 2573
v 3.352 -5.628 17.846
v 3.352 -6.006 17.846
v 3.541 -5.511 17.540
v 3.163 -5.511 17.540
v 3.658 -5.817 17.729
v 3.046 -5.817 17.729
v 3.352 -6.006 17.234
v 3.352 -5.628 17.234
v 3.163 -6.123 17.540
v 3.541 -6.123 17.540
v 3.046 -5.817 17.351
v 3.658 -5.817 17.351
v 3.352 -5.817 17.899
v 3.463 -5.526 17.720
v 3.241 -5.526 17.720
v 3.532 -5.706 17.831
v 3.172 -5.706 17.831
v 3.532 -5.928 17.831
v 3.172 -5.928 17.831
v 3.241 -6.108 17.720
v 3.463 -6.108 17.720
v 3.352 -5.457 17.540
v 3.643 -5.637 17.651
v 3.463 -5.526 17.360
v 3.643 -5.637 17.429
v 3.061 -5.637 17.651
v 3.241 -5.526 17.360
v 3.061 -5.637 17.429
v 3.643 -5.997 17.651
v 3.711 -5.817 17.540
v 3.061 -5.997 17.651
v 2.992 -5.817 17.540
v 3.352 -5.817 17.180
v 3.241 -6.108 17.360
v 3.463 -6.108 17.360
v 3.172 -5.928 17.249
v 3.532 -5.928 17.249
v 3.172 -5.706 17.249
v 3.532 -5.706 17.249
v 3.352 -6.176 17.540
v 3.061 -5.997 17.429
v 3.643 -5.997 17.429
f 2605 2621 2617
f 2621 2610 2623
f 2621 2623 2617
f 2617 2623 2606
f 2605 2619 2621
f 2619 2608 2630
f 2619 2630 2621
f 2621 2630 2610
f 2605 2618 2619
f 2618 2607 2626
f 2618 2626 2619
f 2619 2626 2608
f 2605 2620 2618
f 2620 2609 2627
f 2620 2627 2618
f 2618 2627 2607
f 2605 2617 2620
f 2617 2606 2622
f 2617 2622 2620
f 2620 2622 2609
f 2606 2623 2624
f 2623 2610 2635
f 2623 2635 2624
f 2624 2635 2613
f 2610 2630 2636
f 2630 2608 2632
f 2630 2632 2636
f 2636 2632 2615
f 2608 2626 2631
f 2626 2607 2628
f 2626 2628 2631
f 2631 2628 2612
f 2607 2627 2629
f 2627 2609 2634
f 2627 2634 2629
f 2629 2634 2616
f 2609 2622 2633
f 2622 2606 2625
f 2622 2625 2633
f 2633 2625 2614
f 2612 2643 2637
f 2643 2616 2641
f 2643 2641 2637
f 2637 2641 2611
f 2616 2646 2641
f 2646 2614 2639
f 2646 2639 2641
f 2641 2639 2611
f 2614 2644 2639
f 2644 2613 2638
f 2644 2638 2639
f 2639 2638 2611
f 2613 2645 2638
f 2645 2615 2640
f 2645 2640 2638
f 2638 2640 2611
f 2615 2642 2640
f 2642 2612 2637
f 2642 2637 2640
f 2640 2637 2611
f 2607 2629 2628
f 2629 2616 2643
f 2629 2643 2628
f 2628 2643 2612
f 2609 2633 2634
f 2633 2614 2646
f 2633 2646 2634
f 2634 2646 2616
f 2606 2624 2625
f 2624 2613 2644
f 2624 2644 2625
f 2625 2644 2614
f 2610 2636 2635
f 2636 2615 2645
f 2636 2645 2635
f 2635 2645 2613
f 2608 2631 2632
f 2631 2612 2642
f 2631 2642 2632
f 2632 2642 2615
v -8.065 17.762 18.143
v -8.065 17.456 18.143
v -7.912 17.856 17.896
v -8.218 17.856 17.896
v -7.817 17.609 18.049
v -8.312 17.609 18.049
v -8.065 17.456 17.648
v -8.065 17.762 17.648
v -8.218 17.361 17.896
v -7.912 17.361 17.896
v -8.312 17.609 17.743
v -7.817 17.609 17.743
v -8.065 17.609 18.187
v -7.975 17.844 18.041
v -8.155 17.844 18.041
v -7.919 17.699 18.131
v -8.210 17.699 18.131
v -7.919 17.519 18.131
v -8.210 17.519 18.131
v -8.155 17.373 18.041
v -7.975 17.373 18.041
v -8.065 17.900 17.896
v -7.829 17.754 17.986
v -7.975 17.844 17.750
v -7.829 17.754 17.806
v -8.300 17.754 17.986
v -8.155 17.844 17.750
v -8.300 17.754 17.806
v -7.829 17.463 17.986
v -7.774 17.609 17.896
v -8.300 17.463 17.986
v -8.356 17.609 17.896
v -8.065 17.609 17.605
v -8.155 17.373 17.750
v -7.975 17.373 17.750
v -8.210 17.519 17.660
v -7.919 17.519 17.660
v -8.210 17.699 17.660
v -7.919 17.699 17.660
v -8.065 17.318 17.896
v -8.300 17.463 17.806
v -7.829 17.463 17.806
f 2647 2663 2659
f 2663 2652 2665
f 2663 2665 2659
f 2659 2665 2648
f 2647 2661 2663
f 2661 2650 2672
f 2661 2672 2663
f 2663 2672 2652
f 2647 2660 2661
f 2660 2649 2668
f 2660 2668 2661
f 2661 2668 2650
f 2647 2662 2660
f 2662 2651 2669
f 2662 2669 2660
f 2660 2669 2649
f 2647 2659 2662
f 2659 2648 2664
f 2659 2664 2662
f 2662 2664 2651
f 2648 2665 2666
f 2665 2652 2677
f 2665 2677 2666
f 2666 2677 2655
f 2652 2672 2678
f 2672 2650 2674
f 2672 2674 2678
f 2678 2674 2657
f 2650 2668 2673
f 2668 2649 2670
f 2668 2670 2673
f 2673 2670 2654
f 2649 2669 2671
f 2669 2651 2676
f 2669 2676 2671
f 2671 2676 2658
f 2651 2664 2675
f 2664 2648 2667
f 2664 2667 2675
f 2675 2667 2656
f 2654 2685 2679
f 2685 2658 2683
f 2685 2683 2679
f 2679 2683 2653
f 2658 2688 2683
f 2688 2656 2681
f 2688 2681 2683
f 2683 2681 2653
f 2656 2686 2681
f 2686 2655 2680
f 2686 2680 2681
f 2681 2680 2653
f 2655 2687 2680
f 2687 2657 2682
f 2687 2682 2680
f 2680 2682 2653
f 2657 2684 2682
f 2684 2654 2679
f 2684 2679 2682
f 2682 2679 2653
f 2649 2671 2670
f 2671 2658 2685
f 2671 2685 2670
f 2670 2685 2654
f 2651 2675 2676
f 2675 2656 2688
f 2675 2688 2676
f 2676 2688 2658
f 2648 2666 2667
f 2666 2655 2686
f 2666 2686 2667
f 2667 2686 2656
f 2652 2678 2677
f 2678 2657 2687
f 2678 2687 2677
f 2677 2687 2655
f 2650 2673 2674
f 2673 2654 2684
f 2673 2684 2674
f 2674 2684 2657
v -6.640 17.468 18.474
v -6.640 17.205 18.474
v -6.509 17.549 18.262
v -6.772 17.549 18.262
v -6.428 17.336 18.393
v -6.853 17.336 18.393
v -6.640 17.205 18.049
v -6.640 17.468 18.049
v -6.772 17.124 18.262
v -6.509 17.124 18.262
v -6.853 17.336 18.130
v -6.428 17.336 18.130
v -6.640 17.336 18.512
v -6.563 17.539 18.387
v -6.718 17.539 18.387
v -6.515 17.414 18.464
v -6.765 17.414 18.464
v -6.515 17.259 18.464
v -6.765 17.259 18.464
v -6.718 17.134 18.387
v -6.563 17.134 18.387
v -6.640 17.586 18.262
v -6.438 17.461 18.339
v -6.563 17.539 18.137
v -6.438 17.461 18.185
v -6.843 17.461 18.339
v -6.718 17.539 18.137
v -6.843 17.461 18.185
v -6.438 17.211 18.339
v -6.390 17.336 18.262
v -6.843 17.211 18.339
v -6.890 17.336 18.262
v -6.640 17.336 18.012
v -6.718 17.134 18.137
v -6.563 17.134 18.137
v -6.765 17.259 18.060
v -6.515 17.259 18.060
v -6.765 17.414 18.060
v -6.515 17.414 18.060
v -6.640 17.086 18.262
v -6.843 17.211 18.185
v -6.438 17.211 18.185
f 2689 2705 2701
f 2705 2694 2707
f 2705 2707 2701
f 2701 2707 2690
f 2689 2703 2705
f 2703 2692 2714
f 2703 2714 2705
f 2705 2714 2694
f 2689 2702 2703
f 2702 2691 2710
f 2702 2710 2703
f 2703 2710 2692
f 2689 2704 2702
f 2704 2693 2711
f 2704 2711 2702
f 2702 2711 2691
f 2689 2701 2704
f 2701 2690 2706
f 2701 2706 2704
f 2704 2706 2693
f 2690 2707 2708
f 2707 2694 2719
f 2707 2719 2708
f 2708 2719 2697
f 2694 2714 2720
f 2714 2692 2716
f 2714 2716 2720
f 2720 2716 2699
f 2692 2710 2715
f 2710 2691 2712
f 2710 2712 2715
f 2715 2712 2696
f 2691 2711 2713
f 2711 2693 2718
f 2711 2718 2713
f 2713 2718 2700
f 2693 2706 2717
f 2706 2690 2709
f 2706 2709 2717
f 2717 2709 2698
f 2696 2727 2721
f 2727 2700 2725
f 2727 2725 2721
f 2721 2725 2695
f 2700 2730 2725
f 2730 2698 2723
f 2730 2723 2725
f 2725 2723 2695
f 2698 2728 2723
f 2728 2697 2722
f 2728 2722 2723
f 2723 2722 2695
f 2697 2729 2722
f 2729 2699 2724
f 2729 2724 2722
f 2722 2724 2695
f 2699 2726 2724
f 2726 2696 2721
f 2726 2721 2724
f 2724 2721 2695
f 2691 2713 2712
f 2713 2700 2727
f 2713 2727 2712
f 2712 2727 2696
f 2693 2717 2718
f 2717 2698 2730
f 2717 2730 2718
f 2718 2730 2700
f 2690 2708 2709
f 2708 2697 2728
f 2708 2728 2709
f 2709 2728 2698
f 2694 2720 2719
f 2720 2699 2729
f 2720 2729 2719
f 2719 2729 2697
f 2692 2715 2716
f 2715 2696 2726
f 2715 2726 2716
f 2716 2726 2699
v 22.291 -10.729 27.859
v 22.291 -10.991 27.859
v 22.423 -10.647 27.646
v 22.160 -10.647 27.646
v 22.504 -10.860 27.778
v 22.079 -10.860 27.778
v 22.291 -10.991 27.434
v 22.291 -10.729 27.434
v 22.160 -11.073 27.646
v 22.423 -11.073 27.646
v 22.079 -10.860 27.515
v 22.504 -10.860 27.515
v 22.291 -10.860 27.896
v 22.369 -10.658 27.771
v 22.214 -10.658 27.771
v 22.416 -10.783 27.848
v 22.166 -10.783 27.848
v 22.416 -10.937 27.848
v 22.166 -10.937 27.848
v 22.214 -11.062 27.771
v 22.369 -11.062 27.771
v 22.291 -10.610 27.646
v 22.494 -10.735 27.723
v 22.369 -10.658 27.521
v 22.494 -10.735 27.569
v 22.089 -10.735 27.723
v 22.214 -10.658 27.521
v 22.089 -10.735 27.569
v 22.494 -10.985 27.723
v 22.541 -10.860 27.646
v 22.089 -10.985 27.723
v 22.041 -10.860 27.646
v 22.291 -10.860 27.396
v 22.214 -11.062 27.521
v 22.369 -11.062 27.521
v 22.166 -10.937 27.444
v 22.416 -10.937 27.444
v 22.166 -10.783 27.444
v 22.416 -10.783 27.444
v 22.291 -11.110 27.646
v 22.089 -10.985 27.569
v 22.494 -10.985 27.569
f 2731 2747 2743
f 2747 2736 2749
f 2747 2749 2743
f 2743 2749 2732
f 2731 2745 2747
f 2745 2734 2756
f 2745 2756 2747
f 2747 2756 2736
f 2731 2744 2745
f 2744 2733 2752
f 2744 2752 2745
f 2745 2752 2734
f 2731 2746 2744
f 2746 2735 2753
f 2746 2753 2744
f 2744 2753 2733
f 2731 2743 2746
f 2743 2732 2748
f 2743 2748 2746
f 2746 2748 2735
f 2732 2749 2750
f 2749 2736 2761
f 2749 2761 2750
f 2750 2761 2739
f 2736 2756 2762
f 2756 2734 2758
f 2756 2758 2762
f 2762 2758 2741
f 2734 2752 2757
f 2752 2733 2754
f 2752 2754 2757
f 2757 2754 2738
f 2733 2753 2755
f 2753 2735 2760
f 2753 2760 2755
f 2755 2760 2742
f 2735 2748 2759
f 2748 2732 2751
f 2748 2751 2759
f 2759 2751 2740
f 2738 2769 2763
f 2769 2742 2767
f 2769 2767 2763
f 2763 2767 2737
f 2742 2772 2767
f 2772 2740 2765
f 2772 2765 2767
f 2767 2765 2737
f 2740 2770 2765
f 2770 2739 2764
f 2770 2764 2765
f 2765 2764 2737
f 2739 2771 2764
f 2771 2741 2766
f 2771 2766 2764
f 2764 2766 2737
f 2741 2768 2766
f 2768 2738 2763
f 2768 2763 2766
f 2766 2763 2737
f 2733 2755 2754
f 2755 2742 2769
f 2755 2769 2754
f 2754 2769 2738
f 2735 2759 2760
f 2759 2740 2772
f 2759 2772 2760
f 2760 2772 2742
f 2732 2750 2751
f 2750 2739 2770
f 2750 2770 2751
f 2751 2770 2740
f 2736 2762 2761
f 2762 2741 2771
f 2762 2771 2761
f 2761 2771 2739
f 2734 2757 2758
f 2757 2738 2768
f 2757 2768 2758
f 2758 2768 2741
v 7.988 -3.302 26.182
v 7.988 -3.645 26.182
v 8.160 -3.195 25.904
v 7.816 -3.195 25.904
v 8.266 -3.473 26.075
v 7.710 -3.473 26.075
v 7.988 -3.645 25.625
v 7.988 -3.302 25.625
v 7.816 -3.752 25.904
v 8.160 -3.752 25.904
v 7.710 -3.473 25.732
v 8.266 -3.473 25.732
v 7.988 -3.473 26.230
v 8.089 -3.209 26.067
v 7.887 -3.209 26.067
v 8.151 -3.372 26.168
v 7.824 -3.372 26.168
v 8.151 -3.574 26.168
v 7.824 -3.574 26.168
v 7.887 -3.738 26.067
v 8.089 -3.738 26.067
v 7.988 -3.147 25.904
v 8.252 -3.310 26.005
v 8.089 -3.209 25.740
v 8.252 -3.310 25.802
v 7.723 -3.310 26.005
v 7.887 -3.209 25.740
v 7.723 -3.310 25.802
v 8.252 -3.637 26.005
v 8.315 -3.473 25.904
v 7.723 -3.637 26.005
v 7.661 -3.473 25.904
v 7.988 -3.473 25.577
v 7.887 -3.738 25.740
v 8.089 -3.738 25.740
v 7.824 -3.574 25.639
v 8.151 -3.574 25.639
v 7.824 -3.372 25.639
v 8.151 -3.372 25.639
v 7.988 -3.800 25.904
v 7.723 -3.637 25.802
v 8.252 -3.637 25.802
f 2773 2789 2785
f 2789 2778 2791
f 2789 2791 2785
f 2785 2791 2774
f 2773 2787 2789
f 2787 2776 2798
f 2787 2798 2789
f 2789 2798 2778
f 2773 2786 2787
f 2786 2775 2794
f 2786 2794 2787
f 2787 2794 2776
f 2773 2788 2786
f 2788 2777 2795
f 2788 2795 2786
f 2786 2795 2775
f 2773 2785 2788
f 2785 2774 2790
f 2785 2790 2788
f 2788 2790 2777
f 2774 2791 2792
f 2791 2778 2803
f 2791 2803 2792
f 2792 2803 2781
f 2778 2798 2804
f 2798 2776 2800
f 2798 2800 2804
f 2804 2800 2783
f 2776 2794 2799
f 2794 2775 2796
f 2794 2796 2799
f 2799 2796 2780
f 2775 2795 2797
f 2795 2777 2802
f 2795 2802 2797
f 2797 2802 2784
f 2777 2790 2801
f 2790 2774 2793
f 2790 2793 2801
f 2801 2793 2782
f 2780 2811 2805
f 2811 2784 2809
f 2811 2809 2805
f 2805 2809 2779
f 2784 2814 2809
f 2814 2782 2807
f 2814 2807 2809
f 2809 2807 2779
f 2782 2812 2807
f 2812 2781 2806
f 2812 2806 2807
f 2807 2806 2779
f 2781 2813 2806
f 2813 2783 2808
f 2813 2808 2806
f 2806 2808 2779
f 2783 2810 2808
f 2810 2780 2805
f 2810 2805 2808
f 2808 2805 2779
f 2775 2797 2796
f 2797 2784 2811
f 2797 2811 2796
f 2796 2811 2780
f 2777 2801 2802
f 2801 2782 2814
f 2801 2814 2802
f 2802 2814 2784
f 2774 2792 2793
f 2792 2781 2812
f 2792 2812 2793
f 2793 2812 2782
f 2778 2804 2803
f 2804 2783 2813
f 2804 2813 2803
f 2803 2813 2781
f 2776 2799 2800
f 2799 2780 2810
f 2799 2810 2800
f 2800 2810 2783
v 5.452 -2.292 22.642
v 5.452 -2.636 22.642
v 5.624 -2.186 22.364
v 5.281 -2.186 22.364
v 5.731 -2.464 22.536
v 5.174 -2.464 22.536
v 5.452 -2.636 22.086
v 5.452 -2.292 22.086
v 5.281 -2.742 22.364
v 5.624 -2.742 22.364
v 5.174 -2.464 22.192
v 5.731 -2.464 22.192
v 5.452 -2.464 22.691
v 5.553 -2.200 22.528
v 5.351 -2.200 22.528
v 5.616 -2.363 22.629
v 5.289 -2.363 22.629
v 5.616 -2.565 22.629
v 5.289 -2.565 22.629
v 5.351 -2.729 22.528
v 5.553 -2.729 22.528
v 5.452 -2.137 22.364
v 5.717 -2.301 22.465
v 5.553 -2.200 22.201
v 5.717 -2.301 22.263
v 5.188 -2.301 22.465
v 5.351 -2.200 22.201
v 5.188 -2.301 22.263
v 5.717 -2.628 22.465
v 5.779 -2.464 22.364
v 5.188 -2.628 22.465
v 5.126 -2.464 22.364
v 5.452 -2.464 22.037
v 5.351 -2.729 22.201
v 5.553 -2.729 22.201
v 5.289 -2.565 22.100
v 5.616 -2.565 22.100
v 5.289 -2.363 22.100
v 5.616 -2.363 22.100
v 5.452 -2.791 22.364
v 5.188 -2.628 22.263
v 5.717 -2.628 22.263
f 2815 2831 2827
f 2831 2820 2833
f 2831 2833 2827
f 2827 2833 2816
f 2815 2829 2831
f 2829 2818 2840
f 2829 2840 2831
f 2831 2840 2820
f 2815 2828 2829
f 2828 2817 2836
f 2828 2836 2829
f 2829 2836 2818
f 2815 2830 2828
f 2830 2819 2837
f 2830 2837 2828
f 2828 2837 2817
f 2815 2827 2830
f 2827 2816 2832
f 2827 2832 2830
f 2830 2832 2819
f 2816 2833 2834
f 2833 2820 2845
f 2833 2845 2834
f 2834 2845 2823
f 2820 2840 2846
f 2840 2818 2842
f 2840 2842 2846
f 2846 2842 2825
f 2818 2836 2841
f 2836 2817 2838
f 2836 2838 2841
f 2841 2838 2822
f 2817 2837 2839
f 2837 2819 2844
f 2837 2844 2839
f 2839 2844 2826
f 2819 2832 2843
f 2832 2816 2835
f 2832 2835 2843
f 2843 2835 2824
f 2822 2853 2847
f 2853 2826 2851
f 2853 2851 2847
f 2847 2851 2821
f 2826 2856 2851
f 2856 2824 2849
f 2856 2849 2851
f 2851 2849 2821
f 2824 2854 2849
f 2854 2823 2848
f 2854 2848 2849
f 2849 2848 2821
f 2823 2855 2848
f 2855 2825 2850
f 2855 2850 2848
f 2848 2850 2821
f 2825 2852 2850
f 2852 2822 2847
f 2852 2847 2850
f 2850 2847 2821
f 2817 2839 2838
f 2839 2826 2853
f 2839 2853 2838
f 2838 2853 2822
f 2819 2843 2844
f 2843 2824 2856
f 2843 2856 2844
f 2844 2856 2826
f 2816 2834 2835
f 2834 2823 2854
f 2834 2854 2835
f 2835 2854 2824
f 2820 2846 2845
f 2846 2825 2855
f 2846 2855 2845
f 2845 2855 2823
f 2818 2841 2842
f 2841 2822 2852
f 2841 2852 2842
f 2842 2852 2825
v -4.630 27.681 18.664
v -4.630 27.418 18.664
v -4.498 27.762 18.452
v -4.761 27.762 18.452
v -4.417 27.550 18.583
v -4.843 27.550 18.583
v -4.630 27.418 18.239
v -4.630 27.681 18.239
v -4.761 27.337 18.452
v -4.498 27.337 18.452
v -4.843 27.550 18.320
v -4.417 27.550 18.320
v -4.630 27.550 18.702
v -4.553 27.752 18.577
v -4.707 27.752 18.577
v -4.505 27.627 18.654
v -4.755 27.627 18.654
v -4.505 27.472 18.654
v -4.755 27.472 18.654
v -4.707 27.347 18.577
v -4.553 27.347 18.577
v -4.630 27.800 18.452
v -4.428 27.675 18.529
v -4.553 27.752 18.327
v -4.428 27.675 18.374
v -4.832 27.675 18.529
v -4.707 27.752 18.327
v -4.832 27.675 18.374
v -4.428 27.425 18.529
v -4.380 27.550 18.452
v -4.832 27.425 18.529
v -4.880 27.550 18.452
v -4.630 27.550 18.202
v -4.707 27.347 18.327
v -4.553 27.347 18.327
v -4.755 27.472 18.249
v -4.505 27.472 18.249
v -4.755 27.627 18.249
v -4.505 27.627 18.249
v -4.630 27.300 18.452
v -4.832 27.425 18.374
v -4.428 27.425 18.374
f 2857 2873 2869
f 2873 2862 2875
f 2873 2875 2869
f 2869 2875 2858
f 2857 2871 2873
f 2871 2860 2882
f 2871 2882 2873
f 2873 2882 2862
f 2857 2870 2871
f 2870 2859 2878
f 2870 2878 2871
f 2871 2878 2860
f 2857 2872 2870
f 2872 2861 2879
f 2872 2879 2870
f 2870 2879 2859
f 2857 2869 2872
f 2869 2858 2874
f 2869 2874 2872
f 2872 2874 2861
f 2858 2875 2876
f 2875 2862 2887
f 2875 2887 2876
f 2876 2887 2865
f 2862 2882 2888
f 2882 2860 2884
f 2882 2884 2888
f 2888 2884 2867
f 2860 2878 2883
f 2878 2859 2880
f 2878 2880 2883
f 2883 2880 2864
f 2859 2879 2881
f 2879 2861 2886
f 2879 2886 2881
f 2881 2886 2868
f 2861 2874 2885
f 2874 2858 2877
f 2874 2877 2885
f 2885 2877 2866
f 2864 2895 2889
f 2895 2868 2893
f 2895 2893 2889
f 2889 2893 2863
f 2868 2898 2893
f 2898 2866 2891
f 2898 2891 2893
f 2893 2891 2863
f 2866 2896 2891
f 2896 2865 2890
f 2896 2890 2891
f 2891 2890 2863
f 2865 2897 2890
f 2897 2867 2892
f 2897 2892 2890
f 2890 2892 2863
f 2867 2894 2892
f 2894 2864 2889
f 2894 2889 2892
f 2892 2889 2863
f 2859 2881 2880
f 2881 2868 2895
f 2881 2895 2880
f 2880 2895 2864
f 2861 2885 2886
f 2885 2866 2898
f 2885 2898 2886
f 2886 2898 2868
f 2858 2876 2877
f 2876 2865 2896
f 2876 2896 2877
f 2877 2896 2866
f 2862 2888 2887
f 2888 2867 2897
f 2888 2897 2887
f 2887 2897 2865
f 2860 2883 2884
f 2883 2864 2894
f 2883 2894 2884
f 2884 2894 2867
v 20.927 7.372 27.971
v 20.927 6.994 27.971
v 21.116 7.489 27.665
v 20.738 7.489 27.665
v 21.233 7.183 27.854
v 20.621 7.183 27.854
v 20.927 6.994 27.359
v 20.927 7.372 27.359
v 20.738 6.878 27.665
v 21.116 6.878 27.665
v 20.621 7.183 27.476
v 21.233 7.183 27.476
v 20.927 7.183 28.025
v 21.038 7.474 27.845
v 20.816 7.474 27.845
v 21.107 7.295 27.956
v 20.747 7.295 27.956
v 21.107 7.072 27.956
v 20.747 7.072 27.956
v 20.816 6.893 27.845
v 21.038 6.893 27.845
v 20.927 7.543 27.665
v 21.218 7.363 27.776
v 21.038 7.474 27.485
v 21.218 7.363 27.554
v 20.636 7.363 27.776
v 20.816 7.474 27.485
v 20.636 7.363 27.554
v 21.218 7.004 27.776
v 21.287 7.183 27.665
v 20.636 7.004 27.776
v 20.568 7.183 27.665
v 20.927 7.183 27.306
v 20.816 6.893 27.485
v 21.038 6.893 27.485
v 20.747 7.072 27.374
v 21.107 7.072 27.374
v 20.747 7.295 27.374
v 21.107 7.295 27.374
v 20.927 6.824 27.665
v 20.636 7.004 27.554
v 21.218 7.004 27.554
f 2899 2915 2911
f 2915 2904 2917
f 2915 2917 2911
f 2911 2917 2900
f 2899 2913 2915
f 2913 2902 2924
f 2913 2924 2915
f 2915 2924 2904
f 2899 2912 2913
f 2912 2901 2920
f 2912 2920 2913
f 2913 2920 2902
f 2899 2914 2912
f 2914 2903 2921
f 2914 2921 2912
f 2912 2921 2901
f 2899 2911 2914
f 2911 2900 2916
f 2911 2916 2914
f 2914 2916 2903
f 2900 2917 2918
f 2917 2904 2929
f 2917 2929 2918
f 2918 2929 2907
f 2904 2924 2930
f 2924 2902 2926
f 2924 2926 2930
f 2930 2926 2909
f 2902 2920 2925
f 2920 2901 2922
f 2920 2922 2925
f 2925 2922 2906
f 2901 2921 2923
f 2921 2903 2928
f 2921 2928 2923
f 2923 2928 2910
f 2903 2916 2927
f 2916 2900 2919
f 2916 2919 2927
f 2927 2919 2908
f 2906 2937 2931
f 2937 2910 2935
f 2937 2935 2931
f 2931 2935 2905
f 2910 2940 2935
f 2940 2908 2933
f 2940 2933 2935
f 2935 2933 2905
f 2908 2938 2933
f 2938 2907 2932
f 2938 2932 2933
f 2933 2932 2905
f 2907 2939 2932
f 2939 2909 2934
f 2939 2934 2932
f 2932 2934 2905
f 2909 2936 2934
f 2936 2906 2931
f 2936 2931 2934
f 2934 2931 2905
f 2901 2923 2922
f 2923 2910 2937
f 2923 2937 2922
f 2922 2937 2906
f 2903 2927 2928
f 2927 2908 2940
f 2927 2940 2928
f 2928 2940 2910
f 2900 2918 2919
f 2918 2907 2938
f 2918 2938 2919
f 2919 2938 2908
f 2904 2930 2929
f 2930 2909 2939
f 2930 2939 2929
f 2929 2939 2907
f 2902 2925 2926
f 2925 2906 2936
f 2925 2936 2926
f 2926 2936 2909
v 22.935 6.949 28.241
v 22.935 6.644 28.241
v 23.088 7.044 27.993
v 22.782 7.044 27.993
v 23.183 6.796 28.146
v 22.688 6.796 28.146
v 22.935 6.644 27.746
v 22.935 6.949 27.746
v 22.782 6.549 27.993
v 23.088 6.549 27.993
v 22.688 6.796 27.840
v 23.183 6.796 27.840
v 22.935 6.796 28.284
v 23.025 7.032 28.139
v 22.845 7.032 28.139
v 23.081 6.886 28.229
v 22.790 6.886 28.229
v 23.081 6.707 28.229
v 22.790 6.707 28.229
v 22.845 6.561 28.139
v 23.025 6.561 28.139
v 22.935 7.087 27.993
v 23.171 6.942 28.083
v 23.025 7.032 27.848
v 23.171 6.942 27.904
v 22.700 6.942 28.083
v 22.845 7.032 27.848
v 22.700 6.942 27.904
v 23.171 6.651 28.083
v 23.226 6.796 27.993
v 22.700 6.651 28.083
v 22.644 6.796 27.993
v 22.935 6.796 27.703
v 22.845 6.561 27.848
v 23.025 6.561 27.848
v 22.790 6.707 27.758
v 23.081 6.707 27.758
v 22.790 6.886 27.758
v 23.081 6.886 27.758
v 22.935 6.506 27.993
v 22.700 6.651 27.904
v 23.171 6.651 27.904
f 2941 2957 2953
f 2957 2946 2959
f 2957 2959 2953
f 2953 2959 2942
f 2941 2955 2957
f 2955 2944 2966
f 2955 2966 2957
f 2957 2966 2946
f 2941 2954 2955
f 2954 2943 2962
f 2954 2962 2955
f 2955 2962 2944
f 2941 2956 2954
f 2956 2945 2963
f 2956 2963 2954
f 2954 2963 2943
f 2941 2953 2956
f 2953 2942 2958
f 2953 2958 2956
f 2956 2958 2945
f 2942 2959 2960
f 2959 2946 2971
f 2959 2971 2960
f 2960 2971 2949
f 2946 2966 2972
f 2966 2944 2968
f 2966 2968 2972
f 2972 2968 2951
f 2944 2962 2967
f 2962 2943 2964
f 2962 2964 2967
f 2967 2964 2948
f 2943 2963 2965
f 2963 2945 2970
f 2963 2970 2965
f 2965 2970 2952
f 2945 2958 2969
f 2958 2942 2961
f 2958 2961 2969
f 2969 2961 2950
f 2948 2979 2973
f 2979 2952 2977
f 2979 2977 2973
f 2973 2977 2947
f 2952 2982 2977
f 2982 2950 2975
f 2982 2975 2977
f 2977 2975 2947
f 2950 2980 2975
f 2980 2949 2974
f 2980 2974 2975
f 2975 2974 2947
f 2949 2981 2974
f 2981 2951 2976
f 2981 2976 2974
f 2974 2976 2947
f 2951 2978 2976
f 2978 2948 2973
f 2978 2973 2976
f 2976 2973 2947
f 2943 2965 2964
f 2965 2952 2979
f 2965 2979 2964
f 2964 2979 2948
f 2945 2969 2970
f 2969 2950 2982
f 2969 2982 2970
f 2970 2982 2952
f 2942 2960 2961
f 2960 2949 2980
f 2960 2980 2961
f 2961 2980 2950
f 2946 2972 2971
f 2972 2951 2981
f 2972 2981 2971
f 2971 2981 2949
f 2944 2967 2968
f 2967 2948 2978
f 2967 2978 2968
f 2968 2978 2951
v 20.994 5.720 24.375
v 20.994 5.457 24.375
v 21.126 5.801 24.162
v 20.863 5.801 24.162
v 21.207 5.588 24.294
v 20.782 5.588 24.294
v 20.994 5.457 23.949
v 20.994 5.720 23.949
v 20.863 5.376 24.162
v 21.126 5.376 24.162
v 20.782 5.588 24.031
v 21.207 5.588 24.031
v 20.994 5.588 24.412
v 21.072 5.791 24.287
v 20.917 5.791 24.287
v 21.119 5.666 24.364
v 20.869 5.666 24.364
v 21.119 5.511 24.364
v 20.869 5.511 24.364
v 20.917 5.386 24.287
v 21.072 5.386 24.287
v 20.994 5.838 24.162
v 21.197 5.713 24.239
v 21.072 5.791 24.037
v 21.197 5.713 24.085
v 20.792 5.713 24.239
v 20.917 5.791 24.037
v 20.792 5.713 24.085
v 21.197 5.463 24.239
v 21.244 5.588 24.162
v 20.792 5.463 24.239
v 20.744 5.588 24.162
v 20.994 5.588 23.912
v 20.917 5.386 24.037
v 21.072 5.386 24.037
v 20.869 5.511 23.960
v 21.119 5.511 23.960
v 20.869 5.666 23.960
v 21.119 5.666 23.960
v 20.994 5.338 24.162
v 20.792 5.463 24.085
v 21.197 5.463 24.085
f 2983 2999 2995
f 2999 2988 3001
f 2999 3001 2995
f 2995 3001 2984
f 2983 2997 2999
f 2997 2986 3008
f 2997 3008 2999
f 2999 3008 2988
f 2983 2996 2997
f 2996 2985 3004
f 2996 3004 2997
f 2997 3004 2986
f 2983 2998 2996
f 2998 2987 3005
f 2998 3005 2996
f 2996 3005 2985
f 2983 2995 2998
f 2995 2984 3000
f 2995 3000 2998
f 2998 3000 2987
f 2984 3001 3002
f 3001 2988 3013
f 3001 3013 3002
f 3002 3013 2991
f 2988 3008 3014
f 3008 2986 3010
f 3008 3010 3014
f 3014 3010 2993
f 2986 3004 3009
f 3004 2985 3006
f 3004 3006 3009
f 3009 3006 2990
f 2985 3005 3007
f 3005 2987 3012
f 3005 3012 3007
f 3007 3012 2994
f 2987 3000 3011
f 3000 2984 3003
f 3000 3003 3011
f 3011 3003 2992
f 2990 3021 3015
f 3021 2994 3019
f 3021 3019 3015
f 3015 3019 2989
f 2994 3024 3019
f 3024 2992 3017
f 3024 3017 3019
f 3019 3017 2989
f 2992 3022 3017
f 3022 2991 3016
f 3022 3016 3017
f 3017 3016 2989
f 2991 3023 3016
f 3023 2993 3018
f 3023 3018 3016
f 3016 3018 2989
f 2993 3020 3018
f 3020 2990 3015
f 3020 3015 3018
f 3018 3015 2989
f 2985 3007 3006
f 3007 2994 3021
f 3007 3021 3006
f 3006 3021 2990
f 2987 3011 3012
f 3011 2992 3024
f 3011 3024 3012
f 3012 3024 2994
f 2984 3002 3003
f 3002 2991 3022
f 3002 3022 3003
f 3003 3022 2992
f 2988 3014 3013
f 3014 2993 3023
f 3014 3023 3013
f 3013 3023 2991
f 2986 3009 3010
f 3009 2990 3020
f 3009 3020 3010
f 3010 3020 2993
v 7.471 10.044 23.370
v 7.471 9.781 23.370
v 7.602 10.125 23.157
v 7.339 10.125 23.157
v 7.683 9.912 23.289
v 7.258 9.912 23.289
v 7.471 9.781 22.944
v 7.471 10.044 22.944
v 7.339 9.700 23.157
v 7.602 9.700 23.157
v 7.258 9.912 23.026
v 7.683 9.912 23.026
v 7.471 9.912 23.407
v 7.548 10.115 23.282
v 7.393 10.115 23.282
v 7.596 9.990 23.359
v 7.346 9.990 23.359
v 7.596 9.835 23.359
v 7.346 9.835 23.359
v 7.393 9.710 23.282
v 7.548 9.710 23.282
v 7.471 10.162 23.157
v 7.673 10.037 23.234
v 7.548 10.115 23.032
v 7.673 10.037 23.080
v 7.268 10.037 23.234
v 7.393 10.115 23.032
v 7.268 10.037 23.080
v 7.673 9.787 23.234
v 7.721 9.912 23.157
v 7.268 9.787 23.234
v 7.221 9.912 23.157
v 7.471 9.912 22.907
v 7.393 9.710 23.032
v 7.548 9.710 23.032
v 7.346 9.835 22.955
v 7.596 9.835 22.955
v 7.346 9.990 22.955
v 7.596 9.990 22.955
v 7.471 9.662 23.157
v 7.268 9.787 23.080
v 7.673 9.787 23.080
f 3025 3041 3037
f 3041 3030 3043
f 3041 3043 3037
f 3037 3043 3026
f 3025 3039 3041
f 3039 3028 3050
f 3039 3050 3041
f 3041 3050 3030
f 3025 3038 3039
f 3038 3027 3046
f 3038 3046 3039
f 3039 3046 3028
f 3025 3040 3038
f 3040 3029 3047
f 3040 3047 3038
f 3038 3047 3027
f 3025 3037 3040
f 3037 3026 3042
f 3037 3042 3040
f 3040 3042 3029
f 3026 3043 3044
f 3043 3030 3055
f 3043 3055 3044
f 3044 3055 3033
f 3030 3050 3056
f 3050 3028 3052
f 3050 3052 3056
f 3056 3052 3035
f 3028 3046 3051
f 3046 3027 3048
f 3046 3048 3051
f 3051 3048 3032
f 3027 3047 3049
f 3047 3029 3054
f 3047 3054 3049
f 3049 3054 3036
f 3029 3042 3053
f 3042 3026 3045
f 3042 3045 3053
f 3053 3045 3034
f 3032 3063 3057
f 3063 3036 3061
f 3063 3061 3057
f 3057 3061 3031
f 3036 3066 3061
f 3066 3034 3059
f 3066 3059 3061
f 3061 3059 3031
f 3034 3064 3059
f 3064 3033 3058
f 3064 3058 3059
f 3059 3058 3031
f 3033 3065 3058
f 3065 3035 3060
f 3065 3060 3058
f 3058 3060 3031
f 3035 3062 3060
f 3062 3032 3057
f 3062 3057 3060
f 3060 3057 3031
f 3027 3049 3048
f 3049 3036 3063
f 3049 3063 3048
f 3048 3063 3032
f 3029 3053 3054
f 3053 3034 3066
f 3053 3066 3054
f 3054 3066 3036
f 3026 3044 3045
f 3044 3033 3064
f 3044 3064 3045
f 3045 3064 3034
f 3030 3056 3055
f 3056 3035 3065
f 3056 3065 3055
f 3055 3065 3033
f 3028 3051 3052
f 3051 3032 3062
f 3051 3062 3052
f 3052 3062 3035
v 9.356 10.886 22.885
v 9.356 10.623 22.885
v 9.487 10.967 22.672
v 9.224 10.967 22.672
v 9.569 10.755 22.803
v 9.143 10.755 22.803
v 9.356 10.623 22.459
v 9.356 10.886 22.459
v 9.224 10.542 22.672
v 9.487 10.542 22.672
v 9.143 10.755 22.541
v 9.569 10.755 22.541
v 9.356 10.755 22.922
v 9.433 10.957 22.797
v 9.279 10.957 22.797
v 9.481 10.832 22.874
v 9.231 10.832 22.874
v 9.481 10.677 22.874
v 9.231 10.677 22.874
v 9.279 10.552 22.797
v 9.433 10.552 22.797
v 9.356 11.005 22.672
v 9.558 10.880 22.749
v 9.433 10.957 22.547
v 9.558 10.880 22.595
v 9.154 10.880 22.749
v 9.279 10.957 22.547
v 9.154 10.880 22.595
v 9.558 10.630 22.749
v 9.606 10.755 22.672
v 9.154 10.630 22.749
v 9.106 10.755 22.672
v 9.356 10.755 22.422
v 9.279 10.552 22.547
v 9.433 10.552 22.547
v 9.231 10.677 22.470
v 9.481 10.677 22.470
v 9.231 10.832 22.470
v 9.481 10.832 22.470
v 9.356 10.505 22.672
v 9.154 10.630 22.595
v 9.558 10.630 22.595
f 3067 3083 3079
f 3083 3072 3085
f 3083 3085 3079
f 3079 3085 3068
f 3067 3081 3083
f 3081 3070 3092
f 3081 3092 3083
f 3083 3092 3072
f 3067 3080 3081
f 3080 3069 3088
f 3080 3088 3081
f 3081 3088 3070
f 3067 3082 3080
f 3082 3071 3089
f 3082 3089 3080
f 3080 3089 3069
f 3067 3079 3082
f 3079 3068 3084
f 3079 3084 3082
f 3082 3084 3071
f 3068 3085 3086
f 3085 3072 3097
f 3085 3097 3086
f 3086 3097 3075
f 3072 3092 3098
f 3092 3070 3094
f 3092 3094 3098
f 3098 3094 3077
f 3070 3088 3093
f 3088 3069 3090
f 3088 3090 3093
f 3093 3090 3074
f 3069 3089 3091
f 3089 3071 3096
f 3089 3096 3091
f 3091 3096 3078
f 3071 3084 3095
f 3084 3068 3087
f 3084 3087 3095
f 3095 3087 3076
f 3074 3105 3099
f 3105 3078 3103
f 3105 3103 3099
f 3099 3103 3073
f 3078 3108 3103
f 3108 3076 3101
f 3108 3101 3103
f 3103 3101 3073
f 3076 3106 3101
f 3106 3075 3100
f 3106 3100 3101
f 3101 3100 3073
f 3075 3107 3100
f 3107 3077 3102
f 3107 3102 3100
f 3100 3102 3073
f 3077 3104 3102
f 3104 3074 3099
f 3104 3099 3102
f 3102 3099 3073
f 3069 3091 3090
f 3091 3078 3105
f 3091 3105 3090
f 3090 3105 3074
f 3071 3095 3096
f 3095 3076 3108
f 3095 3108 3096
f 3096 3108 3078
f 3068 3086 3087
f 3086 3075 3106
f 3086 3106 3087
f 3087 3106 3076
f 3072 3098 3097
f 3098 3077 3107
f 3098 3107 3097
f 3097 3107 3075
f 3070 3093 3094
f 3093 3074 3104
f 3093 3104 3094
f 3094 3104 3077
v -2.174 34.387 18.351
v -2.174 34.124 18.351
v -2.042 34.468 18.138
v -2.305 34.468 18.138
v -1.961 34.255 18.270
v -2.386 34.255 18.270
v -2.174 34.124 17.925
v -2.174 34.387 17.925
v -2.305 34.043 18.138
v -2.042 34.043 18.138
v -2.386 34.255 18.007
v -1.961 34.255 18.007
v -2.174 34.255 18.388
v -2.096 34.458 18.263
v -2.251 34.458 18.263
v -2.049 34.333 18.340
v -2.299 34.333 18.340
v -2.049 34.178 18.340
v -2.299 34.178 18.340
v -2.251 34.053 18.263
v -2.096 34.053 18.263
v -2.174 34.505 18.138
v -1.971 34.380 18.215
v -2.096 34.458 18.013
v -1.971 34.380 18.061
v -2.376 34.380 18.215
v -2.251 34.458 18.013
v -2.376 34.380 18.061
v -1.971 34.130 18.215
v -1.924 34.255 18.138
v -2.376 34.130 18.215
v -2.424 34.255 18.138
v -2.174 34.255 17.888
v -2.251 34.053 18.013
v -2.096 34.053 18.013
v -2.299 34.178 17.936
v -2.049 34.178 17.936
v -2.299 34.333 17.936
v -2.049 34.333 17.936
v -2.174 34.005 18.138
v -2.376 34.130 18.061
v -1.971 34.130 18.061
f 3109 3125 3121
f 3125 3114 3127
f 3125 3127 3121
f 3121 3127 3110
f 3109 3123 3125
f 3123 3112 3134
f 3123 3134 3125
f 3125 3134 3114
f 3109 3122 3123
f 3122 3111 3130
f 3122 3130 3123
f 3123 3130 3112
f 3109 3124 3122
f 3124 3113 3131
f 3124 3131 3122
f 3122 3131 3111
f 3109 3121 3124
f 3121 3110 3126
f 3121 3126 3124
f 3124 3126 3113
f 3110 3127 3128
f 3127 3114 3139
f 3127 3139 3128
f 3128 3139 3117
f 3114 3134 3140
f 3134 3112 3136
f 3134 3136 3140
f 3140 3136 3119
f 3112 3130 3135
f 3130 3111 3132
f 3130 3132 3135
f 3135 3132 3116
f 3111 3131 3133
f 3131 3113 3138
f 3131 3138 3133
f 3133 3138 3120
f 3113 3126 3137
f 3126 3110 3129
f 3126 3129 3137
f 3137 3129 3118
f 3116 3147 3141
f 3147 3120 3145
f 3147 3145 3141
f 3141 3145 3115
f 3120 3150 3145
f 3150 3118 3143
f 3150 3143 3145
f 3145 3143 3115
f 3118 3148 3143
f 3148 3117 3142
f 3148 3142 3143
f 3143 3142 3115
f 3117 3149 3142
f 3149 3119 3144
f 3149 3144 3142
f 3142 3144 3115
f 3119 3146 3144
f 3146 3116 3141
f 3146 3141 3144
f 3144 3141 3115
f 3111 3133 3132
f 3133 3120 3147
f 3133 3147 3132
f 3132 3147 3116
f 3113 3137 3138
f 3137 3118 3150
f 3137 3150 3138
f 3138 3150 3120
f 3110 3128 3129
f 3128 3117 3148
f 3128 3148 3129
f 3129 3148 3118
f 3114 3140 3139
f 3140 3119 3149
f 3140 3149 3139
f 3139 3149 3117
f 3112 3135 3136
f 3135 3116 3146
f 3135 3146 3136
f 3136 3146 3119
v -32.151 -9.917 19.342
v -32.151 -10.223 19.342
v -31.998 -9.822 19.094
v -32.304 -9.822 19.094
v -31.904 -10.070 19.247
v -32.399 -10.070 19.247
v -32.151 -10.223 18.847
v -32.151 -9.917 18.847
v -32.304 -10.317 19.094
v -31.998 -10.317 19.094
v -32.399 -10.070 18.941
v -31.904 -10.070 18.941
v -32.151 -10.070 19.385
v -32.062 -9.834 19.240
v -32.241 -9.834 19.240
v -32.006 -9.980 19.330
v -32.297 -9.980 19.330
v -32.006 -10.160 19.330
v -32.297 -10.160 19.330
v -32.241 -10.305 19.240
v -32.062 -10.305 19.240
v -32.151 -9.779 19.094
v -31.916 -9.924 19.184
v -32.062 -9.834 18.949
v -31.916 -9.924 19.004
v -32.387 -9.924 19.184
v -32.241 -9.834 18.949
v -32.387 -9.924 19.004
v -31.916 -10.215 19.184
v -31.861 -10.070 19.094
v -32.387 -10.215 19.184
v -32.442 -10.070 19.094
v -32.151 -10.070 18.803
v -32.241 -10.305 18.949
v -32.062 -10.305 18.949
v -32.297 -10.160 18.859
v -32.006 -10.160 18.859
v -32.297 -9.980 18.859
v -32.006 -9.980 18.859
v -32.151 -10.361 19.094
v -32.387 -10.215 19.004
v -31.916 -10.215 19.004
f 3151 3167 3163
f 3167 3156 3169
f 3167 3169 3163
f 3163 3169 3152
f 3151 3165 3167
f 3165 3154 3176
f 3165 3176 3167
f 3167 3176 3156
f 3151 3164 3165
f 3164 3153 3172
f 3164 3172 3165
f 3165 3172 3154
f 3151 3166 3164
f 3166 3155 3173
f 3166 3173 3164
f 3164 3173 3153
f 3151 3163 3166
f 3163 3152 3168
f 3163 3168 3166
f 3166 3168 3155
f 3152 3169 3170
f 3169 3156 3181
f 3169 3181 3170
f 3170 3181 3159
f 3156 3176 3182
f 3176 3154 3178
f 3176 3178 3182
f 3182 3178 3161
f 3154 3172 3177
f 3172 3153 3174
f 3172 3174 3177
f 3177 3174 3158
f 3153 3173 3175
f 3173 3155 3180
f 3173 3180 3175
f 3175 3180 3162
f 3155 3168 3179
f 3168 3152 3171
f 3168 3171 3179
f 3179 3171 3160
f 3158 3189 3183
f 3189 3162 3187
f 3189 3187 3183
f 3183 3187 3157
f 3162 3192 3187
f 3192 3160 3185
f 3192 3185 3187
f 3187 3185 3157
f 3160 3190 3185
f 3190 3159 3184
f 3190 3184 3185
f 3185 3184 3157
f 3159 3191 3184
f 3191 3161 3186
f 3191 3186 3184
f 3184 3186 3157
f 3161 3188 3186
f 3188 3158 3183
f 3188 3183 3186
f 3186 3183 3157
f 3153 3175 3174
f 3175 3162 3189
f 3175 3189 3174
f 3174 3189 3158
f 3155 3179 3180
f 3179 3160 3192
f 3179 3192 3180
f 3180 3192 3162
f 3152 3170 3171
f 3170 3159 3190
f 3170 3190 3171
f 3171 3190 3160
f 3156 3182 3181
f 3182 3161 3191
f 3182 3191 3181
f 3181 3191 3159
f 3154 3177 3178
f 3177 3158 3188
f 3177 3188 3178
f 3178 3188 3161
v -12.161 -7.997 19.584
v -12.161 -8.260 19.584
v -12.030 -7.916 19.371
v -12.293 -7.916 19.371
v -11.949 -8.129 19.503
v -12.374 -8.129 19.503
v -12.161 -8.260 19.159
v -12.161 -7.997 19.159
v -12.293 -8.342 19.371
v -12.030 -8.342 19.371
v -12.374 -8.129 19.240
v -11.949 -8.129 19.240
v -12.161 -8.129 19.621
v -12.084 -7.927 19.496
v -12.239 -7.927 19.496
v -12.036 -8.052 19.573
v -12.286 -8.052 19.573
v -12.036 -8.206 19.573
v -12.286 -8.206 19.573
v -12.239 -8.331 19.496
v -12.084 -8.331 19.496
v -12.161 -7.879 19.371
v -11.959 -8.004 19.448
v -12.084 -7.927 19.246
v -11.959 -8.004 19.294
v -12.364 -8.004 19.448
v -12.239 -7.927 19.246
v -12.364 -8.004 19.294
v -11.959 -8.254 19.448
v -11.911 -8.129 19.371
v -12.364 -8.254 19.448
v -12.411 -8.129 19.371
v -12.161 -8.129 19.121
v -12.239 -8.331 19.246
v -12.084 -8.331 19.246
v -12.286 -8.206 19.169
v -12.036 -8.206 19.169
v -12.286 -8.052 19.169
v -12.036 -8.052 19.169
v -12.161 -8.379 19.371
v -12.364 -8.254 19.294
v -11.959 -8.254 19.294
f 3193 3209 3205
f 3209 3198 3211
f 3209 3211 3205
f 3205 3211 3194
f 3193 3207 3209
f 3207 3196 3218
f 3207 3218 3209
f 3209 3218 3198
f 3193 3206 3207
f 3206 3195 3214
f 3206 3214 3207
f 3207 3214 3196
f 3193 3208 3206
f 3208 3197 3215
f 3208 3215 3206
f 3206 3215 3195
f 3193 3205 3208
f 3205 3194 3210
f 3205 3210 3208
f 3208 3210 3197
f 3194 3211 3212
f 3211 3198 3223
f 3211 3223 3212
f 3212 3223 3201
f 3198 3218 3224
f 3218 3196 3220
f 3218 3220 3224
f 3224 3220 3203
f 3196 3214 3219
f 3214 3195 3216
f 3214 3216 3219
f 3219 3216 3200
f 3195 3215 3217
f 3215 3197 3222
f 3215 3222 3217
f 3217 3222 3204
f 3197 3210 3221
f 3210 3194 3213
f 3210 3213 3221
f 3221 3213 3202
f 3200 3231 3225
f 3231 3204 3229
f 3231 3229 3225
f 3225 3229 3199
f 3204 3234 3229
f 3234 3202 3227
f 3234 3227 3229
f 3229 3227 3199
f 3202 3232 3227
f 3232 3201 3226
f 3232 3226 3227
f 3227 3226 3199
f 3201 3233 3226
f 3233 3203 3228
f 3233 3228 3226
f 3226 3228 3199
f 3203 3230 3228
f 3230 3200 3225
f 3230 3225 3228
f 3228 3225 3199
f 3195 3217 3216
f 3217 3204 3231
f 3217 3231 3216
f 3216 3231 3200
f 3197 3221 3222
f 3221 3202 3234
f 3221 3234 3222
f 3222 3234 3204
f 3194 3212 3213
f 3212 3201 3232
f 3212 3232 3213
f 3213 3232 3202
f 3198 3224 3223
f 3224 3203 3233
f 3224 3233 3223
f 3223 3233 3201
f 3196 3219 3220
f 3219 3200 3230
f 3219 3230 3220
f 3220 3230 3203
v -11.503 -10.219 19.924
v -11.503 -10.525 19.924
v -11.350 -10.124 19.676
v -11.656 -10.124 19.676
v -11.256 -10.372 19.829
v -11.751 -10.372 19.829
v -11.503 -10.525 19.429
v -11.503 -10.219 19.429
v -11.656 -10.619 19.676
v -11.350 -10.619 19.676
v -11.751 -10.372 19.523
v -11.256 -10.372 19.523
v -11.503 -10.372 19.967
v -11.413 -10.136 19.822
v -11.593 -10.136 19.822
v -11.358 -10.282 19.912
v -11.649 -10.282 19.912
v -11.358 -10.462 19.912
v -11.649 -10.462 19.912
v -11.593 -10.607 19.822
v -11.413 -10.607 19.822
v -11.503 -10.081 19.676
v -11.268 -10.226 19.766
v -11.413 -10.136 19.531
v -11.268 -10.226 19.586
v -11.739 -10.226 19.766
v -11.593 -10.136 19.531
v -11.739 -10.226 19.586
v -11.268 -10.517 19.766
v -11.212 -10.372 19.676
v -11.739 -10.517 19.766
v -11.794 -10.372 19.676
v -11.503 -10.372 19.385
v -11.593 -10.607 19.531
v -11.413 -10.607 19.531
v -11.649 -10.462 19.441
v -11.358 -10.462 19.441
v -11.649 -10.282 19.441
v -11.358 -10.282 19.441
v -11.503 -10.663 19.676
v -11.739 -10.517 19.586
v -11.268 -10.517 19.586
f 3235 3251 3247
f 3251 3240 3253
f 3251 3253 3247
f 3247 3253 3236
f 3235 3249 3251
f 3249 3238 3260
f 3249 3260 3251
f 3251 3260 3240
f 3235 3248 3249
f 3248 3237 3256
f 3248 3256 3249
f 3249 3256 3238
f 3235 3250 3248
f 3250 3239 3257
f 3250 3257 3248
f 3248 3257 3237
f 3235 3247 3250
f 3247 3236 3252
f 3247 3252 3250
f 3250 3252 3239
f 3236 3253 3254
f 3253 3240 3265
f 3253 3265 3254
f 3254 3265 3243
f 3240 3260 3266
f 3260 3238 3262
f 3260 3262 3266
f 3266 3262 3245
f 3238 3256 3261
f 3256 3237 3258
f 3256 3258 3261
f 3261 3258 3242
f 3237 3257 3259
f 3257 3239 3264
f 3257 3264 3259
f 3259 3264 3246
f 3239 3252 3263
f 3252 3236 3255
f 3252 3255 3263
f 3263 3255 3244
f 3242 3273 3267
f 3273 3246 3271
f 3273 3271 3267
f 3267 3271 3241
f 3246 3276 3271
f 3276 3244 3269
f 3276 3269 3271
f 3271 3269 3241
f 3244 3274 3269
f 3274 3243 3268
f 3274 3268 3269
f 3269 3268 3241
f 3243 3275 3268
f 3275 3245 3270
f 3275 3270 3268
f 3268 3270 3241
f 3245 3272 3270
f 3272 3242 3267
f 3272 3267 3270
f 3270 3267 3241
f 3237 3259 3258
f 3259 3246 3273
f 3259 3273 3258
f 3258 3273 3242
f 3239 3263 3264
f 3263 3244 3276
f 3263 3276 3264
f 3264 3276 3246
f 3236 3254 3255
f 3254 3243 3274
f 3254 3274 3255
f 3255 3274 3244
f 3240 3266 3265
f 3266 3245 3275
f 3266 3275 3265
f 3265 3275 3243
f 3238 3261 3262
f 3261 3242 3272
f 3261 3272 3262
f 3262 3272 3245
v -27.601 -0.607 26.524
v -27.601 -0.951 26.524
v -27.430 -0.501 26.246
v -27.773 -0.501 26.246
v -27.323 -0.779 26.418
v -27.880 -0.779 26.418
v -27.601 -0.951 25.968
v -27.601 -0.607 25.968
v -27.773 -1.057 26.246
v -27.430 -1.057 26.246
v -27.880 -0.779 26.074
v -27.323 -0.779 26.074
v -27.601 -0.779 26.573
v -27.500 -0.514 26.409
v -27.702 -0.514 26.409
v -27.438 -0.678 26.511
v -27.765 -0.678 26.511
v -27.438 -0.880 26.511
v -27.765 -0.880 26.511
v -27.702 -1.043 26.409
v -27.500 -1.043 26.409
v -27.601 -0.452 26.246
v -27.337 -0.615 26.347
v -27.500 -0.514 26.083
v -27.337 -0.615 26.145
v -27.866 -0.615 26.347
v -27.702 -0.514 26.083
v -27.866 -0.615 26.145
v -27.337 -0.942 26.347
v -27.274 -0.779 26.246
v -27.866 -0.942 26.347
v -27.928 -0.779 26.246
v -27.601 -0.779 25.919
v -27.702 -1.043 26.083
v -27.500 -1.043 26.083
v -27.765 -0.880 25.982
v -27.438 -0.880 25.982
v -27.765 -0.678 25.982
v -27.438 -0.678 25.982
v -27.601 -1.106 26.246
v -27.866 -0.942 26.145
v -27.337 -0.942 26.145
f 3277 3293 3289
f 3293 3282 3295
f 3293 3295 3289
f 3289 3295 3278
f 3277 3291 3293
f 3291 3280 3302
f 3291 3302 3293
f 3293 3302 3282
f 3277 3290 3291
f 3290 3279 3298
f 3290 3298 3291
f 3291 3298 3280
f 3277 3292 3290
f 3292 3281 3299
f 3292 3299 3290
f 3290 3299 3279
f 3277 3289 3292
f 3289 3278 3294
f 3289 3294 3292
f 3292 3294 3281
f 3278 3295 3296
f 3295 3282 3307
f 3295 3307 3296
f 3296 3307 3285
f 3282 3302 3308
f 3302 3280 3304
f 3302 3304 3308
f 3308 3304 3287
f 3280 3298 3303
f 3298 3279 3300
f 3298 3300 3303
f 3303 3300 3284
f 3279 3299 3301
f 3299 3281 3306
f 3299 3306 3301
f 3301 3306 3288
f 3281 3294 3305
f 3294 3278 3297
f 3294 3297 3305
f 3305 3297 3286
f 3284 3315 3309
f 3315 3288 3313
f 3315 3313 3309
f 3309 3313 3283
f 3288 3318 3313
f 3318 3286 3311
f 3318 3311 3313
f 3313 3311 3283
f 3286 3316 3311
f 3316 3285 3310
f 3316 3310 3311
f 3311 3310 3283
f 3285 3317 3310
f 3317 3287 3312
f 3317 3312 3310
f 3310 3312 3283
f 3287 3314 3312
f 3314 3284 3309
f 3314 3309 3312
f 3312 3309 3283
f 3279 3301 3300
f 3301 3288 3315
f 3301 3315 3300
f 3300 3315 3284
f 3281 3305 3306
f 3305 3286 3318
f 3305 3318 3306
f 3306 3318 3288
f 3278 3296 3297
f 3296 3285 3316
f 3296 3316 3297
f 3297 3316 3286
f 3282 3308 3307
f 3308 3287 3317
f 3308 3317 3307
f 3307 3317 3285
f 3280 3303 3304
f 3303 3284 3314
f 3303 3314 3304
f 3304 3314 3287
v -9.996 -7.457 19.356
v -9.996 -7.720 19.356
v -9.864 -7.376 19.143
v -10.127 -7.376 19.143
v -9.783 -7.588 19.275
v -10.209 -7.588 19.275
v -9.996 -7.720 18.931
v -9.996 -7.457 18.931
v -10.127 -7.801 19.143
v -9.864 -7.801 19.143
v -10.209 -7.588 19.012
v -9.783 -7.588 19.012
v -9.996 -7.588 19.393
v -9.919 -7.386 19.268
v -10.073 -7.386 19.268
v -9.871 -7.511 19.346
v -10.121 -7.511 19.346
v -9.871 -7.666 19.346
v -10.121 -7.666 19.346
v -10.073 -7.791 19.268
v -9.919 -7.791 19.268
v -9.996 -7.338 19.143
v -9.794 -7.463 19.221
v -9.919 -7.386 19.018
v -9.794 -7.463 19.066
v -10.198 -7.463 19.221
v -10.073 -7.386 19.018
v -10.198 -7.463 19.066
v -9.794 -7.713 19.221
v -9.746 -7.588 19.143
v -10.198 -7.713 19.221
v -10.246 -7.588 19.143
v -9.996 -7.588 18.893
v -10.073 -7.791 19.018
v -9.919 -7.791 19.018
v -10.121 -7.666 18.941
v -9.871 -7.666 18.941
v -10.121 -7.511 18.941
v -9.871 -7.511 18.941
v -9.996 -7.838 19.143
v -10.198 -7.713 19.066
v -9.794 -7.713 19.066
f 3319 3335 3331
f 3335 3324 3337
f 3335 3337 3331
f 3331 3337 3320
f 3319 3333 3335
f 3333 3322 3344
f 3333 3344 3335
f 3335 3344 3324
f 3319 3332 3333
f 3332 3321 3340
f 3332 3340 3333
f 3333 3340 3322
f 3319 3334 3332
f 3334 3323 3341
f 3334 3341 3332
f 3332 3341 3321
f 3319 3331 3334
f 3331 3320 3336
f 3331 3336 3334
f 3334 3336 3323
f 3320 3337 3338
f 3337 3324 3349
f 3337 3349 3338
f 3338 3349 3327
f 3324 3344 3350
f 3344 3322 3346
f 3344 3346 3350
f 3350 3346 3329
f 3322 3340 3345
f 3340 3321 3342
f 3340 3342 3345
f 3345 3342 3326
f 3321 3341 3343
f 3341 3323 3348
f 3341 3348 3343
f 3343 3348 3330
f 3323 3336 3347
f 3336 3320 3339
f 3336 3339 3347
f 3347 3339 3328
f 3326 3357 3351
f 3357 3330 3355
f 3357 3355 3351
f 3351 3355 3325
f 3330 3360 3355
f 3360 3328 3353
f 3360 3353 3355
f 3355 3353 3325
f 3328 3358 3353
f 3358 3327 3352
f 3358 3352 3353
f 3353 3352 3325
f 3327 3359 3352
f 3359 3329 3354
f 3359 3354 3352
f 3352 3354 3325
f 3329 3356 3354
f 3356 3326 3351
f 3356 3351 3354
f 3354 3351 3325
f 3321 3343 3342
f 3343 3330 3357
f 3343 3357 3342
f 3342 3357 3326
f 3323 3347 3348
f 3347 3328 3360
f 3347 3360 3348
f 3348 3360 3330
f 3320 3338 3339
f 3338 3327 3358
f 3338 3358 3339
f 3339 3358 3328
f 3324 3350 3349
f 3350 3329 3359
f 3350 3359 3349
f 3349 3359 3327
f 3322 3345 3346
f 3345 3326 3356
f 3345 3356 3346
f 3346 3356 3329
v -9.800 -0.905 20.249
v -9.800 -1.168 20.249
v -9.669 -0.823 20.036
v -9.932 -0.823 20.036
v -9.588 -1.036 20.168
v -10.013 -1.036 20.168
v -9.800 -1.168 19.824
v -9.800 -0.905 19.824
v -9.932 -1.249 20.036
v -9.669 -1.249 20.036
v -10.013 -1.036 19.905
v -9.588 -1.036 19.905
v -9.800 -1.036 20.286
v -9.723 -0.834 20.161
v -9.878 -0.834 20.161
v -9.675 -0.959 20.239
v -9.925 -0.959 20.239
v -9.675 -1.113 20.239
v -9.925 -1.113 20.239
v -9.878 -1.238 20.161
v -9.723 -1.238 20.161
v -9.800 -0.786 20.036
v -9.598 -0.911 20.114
v -9.723 -0.834 19.911
v -9.598 -0.911 19.959
v -10.003 -0.911 20.114
v -9.878 -0.834 19.911
v -10.003 -0.911 19.959
v -9.598 -1.161 20.114
v -9.550 -1.036 20.036
v -10.003 -1.161 20.114
v -10.050 -1.036 20.036
v -9.800 -1.036 19.786
v -9.878 -1.238 19.911
v -9.723 -1.238 19.911
v -9.925 -1.113 19.834
v -9.675 -1.113 19.834
v -9.925 -0.959 19.834
v -9.675 -0.959 19.834
v -9.800 -1.286 20.036
v -10.003 -1.161 19.959
v -9.598 -1.161 19.959
f 3361 3377 3373
f 3377 3366 3379
f 3377 3379 3373
f 3373 3379 3362
f 3361 3375 3377
f 3375 3364 3386
f 3375 3386 3377
f 3377 3386 3366
f 3361 3374 3375
f 3374 3363 3382
f 3374 3382 3375
f 3375 3382 3364
f 3361 3376 3374
f 3376 3365 3383
f 3376 3383 3374
f 3374 3383 3363
f 3361 3373 3376
f 3373 3362 3378
f 3373 3378 3376
f 3376 3378 3365
f 3362 3379 3380
f 3379 3366 3391
f 3379 3391 3380
f 3380 3391 3369
f 3366 3386 3392
f 3386 3364 3388
f 3386 3388 3392
f 3392 3388 3371
f 3364 3382 3387
f 3382 3363 3384
f 3382 3384 3387
f 3387 3384 3368
f 3363 3383 3385
f 3383 3365 3390
f 3383 3390 3385
f 3385 3390 3372
f 3365 3378 3389
f 3378 3362 3381
f 3378 3381 3389
f 3389 3381 3370
f 3368 3399 3393
f 3399 3372 3397
f 3399 3397 3393
f 3393 3397 3367
f 3372 3402 3397
f 3402 3370 3395
f 3402 3395 3397
f 3397 3395 3367
f 3370 3400 3395
f 3400 3369 3394
f 3400 3394 3395
f 3395 3394 3367
f 3369 3401 3394
f 3401 3371 3396
f 3401 3396 3394
f 3394 3396 3367
f 3371 3398 3396
f 3398 3368 3393
f 3398 3393 3396
f 3396 3393 3367
f 3363 3385 3384
f 3385 3372 3399
f 3385 3399 3384
f 3384 3399 3368
f 3365 3389 3390
f 3389 3370 3402
f 3389 3402 3390
f 3390 3402 3372
f 3362 3380 3381
f 3380 3369 3400
f 3380 3400 3381
f 3381 3400 3370
f 3366 3392 3391
f 3392 3371 3401
f 3392 3401 3391
f 3391 3401 3369
f 3364 3387 3388
f 3387 3368 3398
f 3387 3398 3388
f 3388 3398 3371
v -9.713 -1.396 22.559
v -9.713 -1.740 22.559
v -9.541 -1.290 22.281
v -9.885 -1.290 22.281
v -9.435 -1.568 22.452
v -9.991 -1.568 22.452
v -9.713 -1.740 22.002
v -9.713 -1.396 22.002
v -9.885 -1.846 22.281
v -9.541 -1.846 22.281
v -9.991 -1.568 22.109
v -9.435 -1.568 22.109
v -9.713 -1.568 22.608
v -9.612 -1.304 22.444
v -9.814 -1.304 22.444
v -9.549 -1.467 22.545
v -9.876 -1.467 22.545
v -9.549 -1.669 22.545
v -9.876 -1.669 22.545
v -9.814 -1.833 22.444
v -9.612 -1.833 22.444
v -9.713 -1.241 22.281
v -9.448 -1.405 22.382
v -9.612 -1.304 22.117
v -9.448 -1.405 22.180
v -9.977 -1.405 22.382
v -9.814 -1.304 22.117
v -9.977 -1.405 22.180
v -9.448 -1.732 22.382
v -9.386 -1.568 22.281
v -9.977 -1.732 22.382
v -10.040 -1.568 22.281
v -9.713 -1.568 21.954
v -9.814 -1.833 22.117
v -9.612 -1.833 22.117
v -9.876 -1.669 22.016
v -9.549 -1.669 22.016
v -9.876 -1.467 22.016
v -9.549 -1.467 22.016
v -9.713 -1.895 22.281
v -9.977 -1.732 22.180
v -9.448 -1.732 22.180
f 3403 3419 3415
f 3419 3408 3421
f 3419 3421 3415
f 3415 3421 3404
f 3403 3417 3419
f 3417 3406 3428
f 3417 3428 3419
f 3419 3428 3408
f 3403 3416 3417
f 3416 3405 3424
f 3416 3424 3417
f 3417 3424 3406
f 3403 3418 3416
f 3418 3407 3425
f 3418 3425 3416
f 3416 3425 3405
f 3403 3415 3418
f 3415 3404 3420
f 3415 3420 3418
f 3418 3420 3407
f 3404 3421 3422
f 3421 3408 3433
f 3421 3433 3422
f 3422 3433 3411
f 3408 3428 3434
f 3428 3406 3430
f 3428 3430 3434
f 3434 3430 3413
f 3406 3424 3429
f 3424 3405 3426
f 3424 3426 3429
f 3429 3426 3410
f 3405 3425 3427
f 3425 3407 3432
f 3425 3432 3427
f 3427 3432 3414
f 3407 3420 3431
f 3420 3404 3423
f 3420 3423 3431
f 3431 3423 3412
f 3410 3441 3435
f 3441 3414 3439
f 3441 3439 3435
f 3435 3439 3409
f 3414 3444 3439
f 3444 3412 3437
f 3444 3437 3439
f 3439 3437 3409
f 3412 3442 3437
f 3442 3411 3436
f 3442 3436 3437
f 3437 3436 3409
f 3411 3443 3436
f 3443 3413 3438
f 3443 3438 3436
f 3436 3438 3409
f 3413 3440 3438
f 3440 3410 3435
f 3440 3435 3438
f 3438 3435 3409
f 3405 3427 3426
f 3427 3414 3441
f 3427 3441 3426
f 3426 3441 3410
f 3407 3431 3432
f 3431 3412 3444
f 3431 3444 3432
f 3432 3444 3414
f 3404 3422 3423
f 3422 3411 3442
f 3422 3442 3423
f 3423 3442 3412
f 3408 3434 3433
f 3434 3413 3443
f 3434 3443 3433
f 3433 3443 3411
f 3406 3429 3430
f 3429 3410 3440
f 3429 3440 3430
f 3430 3440 3413
v -6.052 -3.201 16.448
v -6.052 -3.464 16.448
v -5.920 -3.120 16.235
v -6.183 -3.120 16.235
v -5.839 -3.333 16.366
v -6.264 -3.333 16.366
v -6.052 -3.464 16.022
v -6.052 -3.201 16.022
v -6.183 -3.545 16.235
v -5.920 -3.545 16.235
v -6.264 -3.333 16.104
v -5.839 -3.333 16.104
v -6.052 -3.333 16.485
v -5.975 -3.131 16.360
v -6.129 -3.131 16.360
v -5.927 -3.256 16.437
v -6.177 -3.256 16.437
v -5.927 -3.410 16.437
v -6.177 -3.410 16.437
v -6.129 -3.535 16.360
v -5.975 -3.535 16.360
v -6.052 -3.083 16.235
v -5.850 -3.208 16.312
v -5.975 -3.131 16.110
v -5.850 -3.208 16.158
v -6.254 -3.208 16.312
v -6.129 -3.131 16.110
v -6.254 -3.208 16.158
v -5.850 -3.458 16.312
v -5.802 -3.333 16.235
v -6.254 -3.458 16.312
v -6.302 -3.333 16.235
v -6.052 -3.333 15.985
v -6.129 -3.535 16.110
v -5.975 -3.535 16.110
v -6.177 -3.410 16.033
v -5.927 -3.410 16.033
v -6.177 -3.256 16.033
v -5.927 -3.256 16.033
v -6.052 -3.583 16.235
v -6.254 -3.458 16.158
v -5.850 -3.458 16.158
f 3445 3461 3457
f 3461 3450 3463
f 3461 3463 3457
f 3457 3463 3446
f 3445 3459 3461
f 3459 3448 3470
f 3459 3470 3461
f 3461 3470 3450
f 3445 3458 3459
f 3458 3447 3466
f 3458 3466 3459
f 3459 3466 3448
f 3445 3460 3458
f 3460 3449 3467
f 3460 3467 3458
f 3458 3467 3447
f 3445 3457 3460
f 3457 3446 3462
f 3457 3462 3460
f 3460 3462 3449
f 3446 3463 3464
f 3463 3450 3475
f 3463 3475 3464
f 3464 3475 3453
f 3450 3470 3476
f 3470 3448 3472
f 3470 3472 3476
f 3476 3472 3455
f 3448 3466 3471
f 3466 3447 3468
f 3466 3468 3471
f 3471 3468 3452
f 3447 3467 3469
f 3467 3449 3474
f 3467 3474 3469
f 3469 3474 3456
f 3449 3462 3473
f 3462 3446 3465
f 3462 3465 3473
f 3473 3465 3454
f 3452 3483 3477
f 3483 3456 3481
f 3483 3481 3477
f 3477 3481 3451
f 3456 3486 3481
f 3486 3454 3479
f 3486 3479 3481
f 3481 3479 3451
f 3454 3484 3479
f 3484 3453 3478
f 3484 3478 3479
f 3479 3478 3451
f 3453 3485 3478
f 3485 3455 3480
f 3485 3480 3478
f 3478 3480 3451
f 3455 3482 3480
f 3482 3452 3477
f 3482 3477 3480
f 3480 3477 3451
f 3447 3469 3468
f 3469 3456 3483
f 3469 3483 3468
f 3468 3483 3452
f 3449 3473 3474
f 3473 3454 3486
f 3473 3486 3474
f 3474 3486 3456
f 3446 3464 3465
f 3464 3453 3484
f 3464 3484 3465
f 3465 3484 3454
f 3450 3476 3475
f 3476 3455 3485
f 3476 3485 3475
f 3475 3485 3453
f 3448 3471 3472
f 3471 3452 3482
f 3471 3482 3472
f 3472 3482 3455
v -22.203 1.760 27.588
v -22.203 1.416 27.588
v -22.031 1.866 27.310
v -22.375 1.866 27.310
v -21.925 1.588 27.482
v -22.481 1.588 27.482
v -22.203 1.416 27.032
v -22.203 1.760 27.032
v -22.375 1.310 27.310
v -22.031 1.310 27.310
v -22.481 1.588 27.138
v -21.925 1.588 27.138
v -22.203 1.588 27.637
v -22.102 1.852 27.474
v -22.304 1.852 27.474
v -22.040 1.689 27.575
v -22.367 1.689 27.575
v -22.040 1.487 27.575
v -22.367 1.487 27.575
v -22.304 1.323 27.474
v -22.102 1.323 27.474
v -22.203 1.915 27.310
v -21.939 1.751 27.411
v -22.102 1.852 27.147
v -21.939 1.751 27.209
v -22.468 1.751 27.411
v -22.304 1.852 27.147
v -22.468 1.751 27.209
v -21.939 1.424 27.411
v -21.876 1.588 27.310
v -22.468 1.424 27.411
v -22.530 1.588 27.310
v -22.203 1.588 26.983
v -22.304 1.323 27.147
v -22.102 1.323 27.147
v -22.367 1.487 27.046
v -22.040 1.487 27.046
v -22.367 1.689 27.046
v -22.040 1.689 27.046
v -22.203 1.261 27.310
v -22.468 1.424 27.209
v -21.939 1.424 27.209
f 3487 3503 3499
f 3503 3492 3505
f 3503 3505 3499
f 3499 3505 3488
f 3487 3501 3503
f 3501 3490 3512
f 3501 3512 3503
f 3503 3512 3492
f 3487 3500 3501
f 3500 3489 3508
f 3500 3508 3501
f 3501 3508 3490
f 3487 3502 3500
f 3502 3491 3509
f 3502 3509 3500
f 3500 3509 3489
f 3487 3499 3502
f 3499 3488 3504
f 3499 3504 3502
f 3502 3504 3491
f 3488 3505 3506
f 3505 3492 3517
f 3505 3517 3506
f 3506 3517 3495
f 3492 3512 3518
f 3512 3490 3514
f 3512 3514 3518
f 3518 3514 3497
f 3490 3508 3513
f 3508 3489 3510
f 3508 3510 3513
f 3513 3510 3494
f 3489 3509 3511
f 3509 3491 3516
f 3509 3516 3511
f 3511 3516 3498
f 3491 3504 3515
f 3504 3488 3507
f 3504 3507 3515
f 3515 3507 3496
f 3494 3525 3519
f 3525 3498 3523
f 3525 3523 3519
f 3519 3523 3493
f 3498 3528 3523
f 3528 3496 3521
f 3528 3521 3523
f 3523 3521 3493
f 3496 3526 3521
f 3526 3495 3520
f 3526 3520 3521
f 3521 3520 3493
f 3495 3527 3520
f 3527 3497 3522
f 3527 3522 3520
f 3520 3522 3493
f 3497 3524 3522
f 3524 3494 3519
f 3524 3519 3522
f 3522 3519 3493
f 3489 3511 3510
f 3511 3498 3525
f 3511 3525 3510
f 3510 3525 3494
f 3491 3515 3516
f 3515 3496 3528
f 3515 3528 3516
f 3516 3528 3498
f 3488 3506 3507
f 3506 3495 3526
f 3506 3526 3507
f 3507 3526 3496
f 3492 3518 3517
f 3518 3497 3527
f 3518 3527 3517
f 3517 3527 3495
f 3490 3513 3514
f 3513 3494 3524
f 3513 3524 3514
f 3514 3524 3497
v -27.769 12.836 20.656
v -27.769 12.492 20.656
v -27.597 12.942 20.378
v -27.941 12.942 20.378
v -27.491 12.664 20.550
v -28.047 12.664 20.550
v -27.769 12.492 20.100
v -27.769 12.836 20.100
v -27.941 12.386 20.378
v -27.597 12.386 20.378
v -28.047 12.664 20.206
v -27.491 12.664 20.206
v -27.769 12.664 20.705
v -27.668 12.929 20.542
v -27.870 12.929 20.542
v -27.606 12.765 20.643
v -27.933 12.765 20.643
v -27.606 12.563 20.643
v -27.933 12.563 20.643
v -27.870 12.400 20.542
v -27.668 12.400 20.542
v -27.769 12.991 20.378
v -27.505 12.828 20.479
v -27.668 12.929 20.215
v -27.505 12.828 20.277
v -28.034 12.828 20.479
v -27.870 12.929 20.215
v -28.034 12.828 20.277
v -27.505 12.501 20.479
v -27.442 12.664 20.378
v -28.034 12.501 20.479
v -28.096 12.664 20.378
v -27.769 12.664 20.051
v -27.870 12.400 20.215
v -27.668 12.400 20.215
v -27.933 12.563 20.114
v -27.606 12.563 20.114
v -27.933 12.765 20.114
v -27.606 12.765 20.114
v -27.769 12.337 20.378
v -28.034 12.501 20.277
v -27.505 12.501 20.277
f 3529 3545 3541
f 3545 3534 3547
f 3545 3547 3541
f 3541 3547 3530
f 3529 3543 3545
f 3543 3532 3554
f 3543 3554 3545
f 3545 3554 3534
f 3529 3542 3543
f 3542 3531 3550
f 3542 3550 3543
f 3543 3550 3532
f 3529 3544 3542
f 3544 3533 3551
f 3544 3551 3542
f 3542 3551 3531
f 3529 3541 3544
f 3541 3530 3546
f 3541 3546 3544
f 3544 3546 3533
f 3530 3547 3548
f 3547 3534 3559
f 3547 3559 3548
f 3548 3559 3537
f 3534 3554 3560
f 3554 3532 3556
f 3554 3556 3560
f 3560 3556 3539
f 3532 3550 3555
f 3550 3531 3552
f 3550 3552 3555
f 3555 3552 3536
f 3531 3551 3553
f 3551 3533 3558
f 3551 3558 3553
f 3553 3558 3540
f 3533 3546 3557
f 3546 3530 3549
f 3546 3549 3557
f 3557 3549 3538
f 3536 3567 3561
f 3567 3540 3565
f 3567 3565 3561
f 3561 3565 3535
f 3540 3570 3565
f 3570 3538 3563
f 3570 3563 3565
f 3565 3563 3535
f 3538 3568 3563
f 3568 3537 3562
f 3568 3562 3563
f 3563 3562 3535
f 3537 3569 3562
f 3569 3539 3564
f 3569 3564 3562
f 3562 3564 3535
f 3539 3566 3564
f 3566 3536 3561
f 3566 3561 3564
f 3564 3561 3535
f 3531 3553 3552
f 3553 3540 3567
f 3553 3567 3552
f 3552 3567 3536
f 3533 3557 3558
f 3557 3538 3570
f 3557 3570 3558
f 3558 3570 3540
f 3530 3548 3549
f 3548 3537 3568
f 3548 3568 3549
f 3549 3568 3538
f 3534 3560 3559
f 3560 3539 3569
f 3560 3569 3559
f 3559 3569 3537
f 3532 3555 3556
f 3555 3536 3566
f 3555 3566 3556
f 3556 3566 3539
v -22.161 10.636 17.252
v -22.161 10.373 17.252
v -22.030 10.717 17.040
v -22.292 10.717 17.040
v -21.948 10.504 17.171
v -22.374 10.504 17.171
v -22.161 10.373 16.827
v -22.161 10.636 16.827
v -22.292 10.291 17.040
v -22.030 10.291 17.040
v -22.374 10.504 16.908
v -21.948 10.504 16.908
v -22.161 10.504 17.290
v -22.084 10.706 17.165
v -22.238 10.706 17.165
v -22.036 10.581 17.242
v -22.286 10.581 17.242
v -22.036 10.427 17.242
v -22.286 10.427 17.242
v -22.238 10.302 17.165
v -22.084 10.302 17.165
v -22.161 10.754 17.040
v -21.959 10.629 17.117
v -22.084 10.706 16.915
v -21.959 10.629 16.962
v -22.363 10.629 17.117
v -22.238 10.706 16.915
v -22.363 10.629 16.962
v -21.959 10.379 17.117
v -21.911 10.504 17.040
v -22.363 10.379 17.117
v -22.411 10.504 17.040
v -22.161 10.504 16.790
v -22.238 10.302 16.915
v -22.084 10.302 16.915
v -22.286 10.427 16.837
v -22.036 10.427 16.837
v -22.286 10.581 16.837
v -22.036 10.581 16.837
v -22.161 10.254 17.040
v -22.363 10.379 16.962
v -21.959 10.379 16.962
f 3571 3587 3583
f 3587 3576 3589
f 3587 3589 3583
f 3583 3589 3572
f 3571 3585 3587
f 3585 3574 3596
f 3585 3596 3587
f 3587 3596 3576
f 3571 3584 3585
f 3584 3573 3592
f 3584 3592 3585
f 3585 3592 3574
f 3571 3586 3584
f 3586 3575 3593
f 3586 3593 3584
f 3584 3593 3573
f 3571 3583 3586
f 3583 3572 3588
f 3583 3588 3586
f 3586 3588 3575
f 3572 3589 3590
f 3589 3576 3601
f 3589 3601 3590
f 3590 3601 3579
f 3576 3596 3602
f 3596 3574 3598
f 3596 3598 3602
f 3602 3598 3581
f 3574 3592 3597
f 3592 3573 3594
f 3592 3594 3597
f 3597 3594 3578
f 3573 3593 3595
f 3593 3575 3600
f 3593 3600 3595
f 3595 3600 3582
f 3575 3588 3599
f 3588 3572 3591
f 3588 3591 3599
f 3599 3591 3580
f 3578 3609 3603
f 3609 3582 3607
f 3609 3607 3603
f 3603 3607 3577
f 3582 3612 3607
f 3612 3580 3605
f 3612 3605 3607
f 3607 3605 3577
f 3580 3610 3605
f 3610 3579 3604
f 3610 3604 3605
f 3605 3604 3577
f 3579 3611 3604
f 3611 3581 3606
f 3611 3606 3604
f 3604 3606 3577
f 3581 3608 3606
f 3608 3578 3603
f 3608 3603 3606
f 3606 3603 3577
f 3573 3595 3594
f 3595 3582 3609
f 3595 3609 3594
f 3594 3609 3578
f 3575 3599 3600
f 3599 3580 3612
f 3599 3612 3600
f 3600 3612 3582
f 3572 3590 3591
f 3590 3579 3610
f 3590 3610 3591
f 3591 3610 3580
f 3576 3602 3601
f 3602 3581 3611
f 3602 3611 3601
f 3601 3611 3579
f 3574 3597 3598
f 3597 3578 3608
f 3597 3608 3598
f 3598 3608 3581
v 12.615 -22.873 26.783
v 12.615 -23.179 26.783
v 12.768 -22.778 26.535
v 12.462 -22.778 26.535
v 12.862 -23.026 26.688
v 12.367 -23.026 26.688
v 12.615 -23.179 26.288
v 12.615 -22.873 26.288
v 12.462 -23.273 26.535
v 12.768 -23.273 26.535
v 12.367 -23.026 26.382
v 12.862 -23.026 26.382
v 12.615 -23.026 26.826
v 12.705 -22.790 26.681
v 12.525 -22.790 26.681
v 12.760 -22.936 26.771
v 12.469 -22.936 26.771
v 12.760 -23.116 26.771
v 12.469 -23.116 26.771
v 12.525 -23.261 26.681
v 12.705 -23.261 26.681
v 12.615 -22.735 26.535
v 12.850 -22.880 26.625
v 12.705 -22.790 26.390
v 12.850 -22.880 26.445
v 12.379 -22.880 26.625
v 12.525 -22.790 26.390
v 12.379 -22.880 26.445
v 12.850 -23.171 26.625
v 12.906 -23.026 26.535
v 12.379 -23.171 26.625
v 12.324 -23.026 26.535
v 12.615 -23.026 26.244
v 12.525 -23.261 26.390
v 12.705 -23.261 26.390
v 12.469 -23.116 26.300
v 12.760 -23.116 26.300
v 12.469 -22.936 26.300
v 12.760 -22.936 26.300
v 12.615 -23.317 26.535
v 12.379 -23.171 26.445
v 12.850 -23.171 26.445
f 3613 3629 3625
f 3629 3618 3631
f 3629 3631 3625
f 3625 3631 3614
f 3613 3627 3629
f 3627 3616 3638
f 3627 3638 3629
f 3629 3638 3618
f 3613 3626 3627
f 3626 3615 3634
f 3626 3634 3627
f 3627 3634 3616
f 3613 3628 3626
f 3628 3617 3635
f 3628 3635 3626
f 3626 3635 3615
f 3613 3625 3628
f 3625 3614 3630
f 3625 3630 3628
f 3628 3630 3617
f 3614 3631 3632
f 3631 3618 3643
f 3631 3643 3632
f 3632 3643 3621
f 3618 3638 3644
f 3638 3616 3640
f 3638 3640 3644
f 3644 3640 3623
f 3616 3634 3639
f 3634 3615 3636
f 3634 3636 3639
f 3639 3636 3620
f 3615 3635 3637
f 3635 3617 3642
f 3635 3642 3637
f 3637 3642 3624
f 3617 3630 3641
f 3630 3614 3633
f 3630 3633 3641
f 3641 3633 3622
f 3620 3651 3645
f 3651 3624 3649
f 3651 3649 3645
f 3645 3649 3619
f 3624 3654 3649
f 3654 3622 3647
f 3654 3647 3649
f 3649 3647 3619
f 3622 3652 3647
f 3652 3621 3646
f 3652 3646 3647
f 3647 3646 3619
f 3621 3653 3646
f 3653 3623 3648
f 3653 3648 3646
f 3646 3648 3619
f 3623 3650 3648
f 3650 3620 3645
f 3650 3645 3648
f 3648 3645 3619
f 3615 3637 3636
f 3637 3624 3651
f 3637 3651 3636
f 3636 3651 3620
f 3617 3641 3642
f 3641 3622 3654
f 3641 3654 3642
f 3642 3654 3624
f 3614 3632 3633
f 3632 3621 3652
f 3632 3652 3633
f 3633 3652 3622
f 3618 3644 3643
f 3644 3623 3653
f 3644 3653 3643
f 3643 3653 3621
f 3616 3639 3640
f 3639 3620 3650
f 3639 3650 3640
f 3640 3650 3623
v 0.929 -20.355 20.750
v 0.929 -20.661 20.750
v 1.082 -20.260 20.503
v 0.776 -20.260 20.503
v 1.177 -20.508 20.656
v 0.682 -20.508 20.656
v 0.929 -20.661 20.255
v 0.929 -20.355 20.255
v 0.776 -20.755 20.503
v 1.082 -20.755 20.503
v 0.682 -20.508 20.350
v 1.177 -20.508 20.350
v 0.929 -20.508 20.794
v 1.019 -20.272 20.648
v 0.839 -20.272 20.648
v 1.075 -20.418 20.738
v 0.784 -20.418 20.738
v 1.075 -20.597 20.738
v 0.784 -20.597 20.738
v 0.839 -20.743 20.648
v 1.019 -20.743 20.648
v 0.929 -20.217 20.503
v 1.164 -20.362 20.593
v 1.019 -20.272 20.357
v 1.164 -20.362 20.413
v 0.694 -20.362 20.593
v 0.839 -20.272 20.357
v 0.694 -20.362 20.413
v 1.164 -20.653 20.593
v 1.220 -20.508 20.503
v 0.694 -20.653 20.593
v 0.638 -20.508 20.503
v 0.929 -20.508 20.212
v 0.839 -20.743 20.357
v 1.019 -20.743 20.357
v 0.784 -20.597 20.268
v 1.075 -20.597 20.268
v 0.784 -20.418 20.268
v 1.075 -20.418 20.268
v 0.929 -20.798 20.503
v 0.694 -20.653 20.413
v 1.164 -20.653 20.413
f 3655 3671 3667
f 3671 3660 3673
f 3671 3673 3667
f 3667 3673 3656
f 3655 3669 3671
f 3669 3658 3680
f 3669 3680 3671
f 3671 3680 3660
f 3655 3668 3669
f 3668 3657 3676
f 3668 3676 3669
f 3669 3676 3658
f 3655 3670 3668
f 3670 3659 3677
f 3670 3677 3668
f 3668 3677 3657
f 3655 3667 3670
f 3667 3656 3672
f 3667 3672 3670
f 3670 3672 3659
f 3656 3673 3674
f 3673 3660 3685
f 3673 3685 3674
f 3674 3685 3663
f 3660 3680 3686
f 3680 3658 3682
f 3680 3682 3686
f 3686 3682 3665
f 3658 3676 3681
f 3676 3657 3678
f 3676 3678 3681
f 3681 3678 3662
f 3657 3677 3679
f 3677 3659 3684
f 3677 3684 3679
f 3679 3684 3666
f 3659 3672 3683
f 3672 3656 3675
f 3672 3675 3683
f 3683 3675 3664
f 3662 3693 3687
f 3693 3666 3691
f 3693 3691 3687
f 3687 3691 3661
f 3666 3696 3691
f 3696 3664 3689
f 3696 3689 3691
f 3691 3689 3661
f 3664 3694 3689
f 3694 3663 3688
f 3694 3688 3689
f 3689 3688 3661
f 3663 3695 3688
f 3695 3665 3690
f 3695 3690 3688
f 3688 3690 3661
f 3665 3692 3690
f 3692 3662 3687
f 3692 3687 3690
f 3690 3687 3661
f 3657 3679 3678
f 3679 3666 3693
f 3679 3693 3678
f 3678 3693 3662
f 3659 3683 3684
f 3683 3664 3696
f 3683 3696 3684
f 3684 3696 3666
f 3656 3674 3675
f 3674 3663 3694
f 3674 3694 3675
f 3675 3694 3664
f 3660 3686 3685
f 3686 3665 3695
f 3686 3695 3685
f 3685 3695 3663
f 3658 3681 3682
f 3681 3662 3692
f 3681 3692 3682
f 3682 3692 3665
v -3.506 -7.476 18.385
v -3.506 -7.782 18.385
v -3.353 -7.382 18.137
v -3.659 -7.382 18.137
v -3.258 -7.629 18.290
v -3.753 -7.629 18.290
v -3.506 -7.782 17.890
v -3.506 -7.476 17.890
v -3.659 -7.877 18.137
v -3.353 -7.877 18.137
v -3.753 -7.629 17.984
v -3.258 -7.629 17.984
v -3.506 -7.629 18.428
v -3.416 -7.394 18.283
v -3.596 -7.394 18.283
v -3.360 -7.539 18.372
v -3.651 -7.539 18.372
v -3.360 -7.719 18.372
v -3.651 -7.719 18.372
v -3.596 -7.865 18.283
v -3.416 -7.865 18.283
v -3.506 -7.338 18.137
v -3.270 -7.484 18.227
v -3.416 -7.394 17.992
v -3.270 -7.484 18.047
v -3.741 -7.484 18.227
v -3.596 -7.394 17.992
v -3.741 -7.484 18.047
v -3.270 -7.775 18.227
v -3.215 -7.629 18.137
v -3.741 -7.775 18.227
v -3.797 -7.629 18.137
v -3.506 -7.629 17.846
v -3.596 -7.865 17.992
v -3.416 -7.865 17.992
v -3.651 -7.719 17.902
v -3.360 -7.719 17.902
v -3.651 -7.539 17.902
v -3.360 -7.539 17.902
v -3.506 -7.920 18.137
v -3.741 -7.775 18.047
v -3.270 -7.775 18.047
f 3697 3713 3709
f 3713 3702 3715
f 3713 3715 3709
f 3709 3715 3698
f 3697 3711 3713
f 3711 3700 3722
f 3711 3722 3713
f 3713 3722 3702
f 3697 3710 3711
f 3710 3699 3718
f 3710 3718 3711
f 3711 3718 3700
f 3697 3712 3710
f 3712 3701 3719
f 3712 3719 3710
f 3710 3719 3699
f 3697 3709 3712
f 3709 3698 3714
f 3709 3714 3712
f 3712 3714 3701
f 3698 3715 3716
f 3715 3702 3727
f 3715 3727 3716
f 3716 3727 3705
f 3702 3722 3728
f 3722 3700 3724
f 3722 3724 3728
f 3728 3724 3707
f 3700 3718 3723
f 3718 3699 3720
f 3718 3720 3723
f 3723 3720 3704
f 3699 3719 3721
f 3719 3701 3726
f 3719 3726 3721
f 3721 3726 3708
f 3701 3714 3725
f 3714 3698 3717
f 3714 3717 3725
f 3725 3717 3706
f 3704 3735 3729
f 3735 3708 3733
f 3735 3733 3729
f 3729 3733 3703
f 3708 3738 3733
f 3738 3706 3731
f 3738 3731 3733
f 3733 3731 3703
f 3706 3736 3731
f 3736 3705 3730
f 3736 3730 3731
f 3731 3730 3703
f 3705 3737 3730
f 3737 3707 3732
f 3737 3732 3730
f 3730 3732 3703
f 3707 3734 3732
f 3734 3704 3729
f 3734 3729 3732
f 3732 3729 3703
f 3699 3721 3720
f 3721 3708 3735
f 3721 3735 3720
f 3720 3735 3704
f 3701 3725 3726
f 3725 3706 3738
f 3725 3738 3726
f 3726 3738 3708
f 3698 3716 3717
f 3716 3705 3736
f 3716 3736 3717
f 3717 3736 3706
f 3702 3728 3727
f 3728 3707 3737
f 3728 3737 3727
f 3727 3737 3705
f 3700 3723 3724
f 3723 3704 3734
f 3723 3734 3724
f 3724 3734 3707
v -2.311 -7.497 19.122
v -2.311 -7.760 19.122
v -2.180 -7.416 18.909
v -2.443 -7.416 18.909
v -2.098 -7.628 19.041
v -2.524 -7.628 19.041
v -2.311 -7.760 18.697
v -2.311 -7.497 18.697
v -2.443 -7.841 18.909
v -2.180 -7.841 18.909
v -2.524 -7.628 18.778
v -2.098 -7.628 18.778
v -2.311 -7.628 19.159
v -2.234 -7.426 19.034
v -2.388 -7.426 19.034
v -2.186 -7.551 19.112
v -2.436 -7.551 19.112
v -2.186 -7.706 19.112
v -2.436 -7.706 19.112
v -2.388 -7.831 19.034
v -2.234 -7.831 19.034
v -2.311 -7.378 18.909
v -2.109 -7.503 18.987
v -2.234 -7.426 18.784
v -2.109 -7.503 18.832
v -2.513 -7.503 18.987
v -2.388 -7.426 18.784
v -2.513 -7.503 18.832
v -2.109 -7.753 18.987
v -2.061 -7.628 18.909
v -2.513 -7.753 18.987
v -2.561 -7.628 18.909
v -2.311 -7.628 18.659
v -2.388 -7.831 18.784
v -2.234 -7.831 18.784
v -2.436 -7.706 18.707
v -2.186 -7.706 18.707
v -2.436 -7.551 18.707
v -2.186 -7.551 18.707
v -2.311 -7.878 18.909
v -2.513 -7.753 18.832
v -2.109 -7.753 18.832
f 3739 3755 3751
f 3755 3744 3757
f 3755 3757 3751
f 3751 3757 3740
f 3739 3753 3755
f 3753 3742 3764
f 3753 3764 3755
f 3755 3764 3744
f 3739 3752 3753
f 3752 3741 3760
f 3752 3760 3753
f 3753 3760 3742
f 3739 3754 3752
f 3754 3743 3761
f 3754 3761 3752
f 3752 3761 3741
f 3739 3751 3754
f 3751 3740 3756
f 3751 3756 3754
f 3754 3756 3743
f 3740 3757 3758
f 3757 3744 3769
f 3757 3769 3758
f 3758 3769 3747
f 3744 3764 3770
f 3764 3742 3766
f 3764 3766 3770
f 3770 3766 3749
f 3742 3760 3765
f 3760 3741 3762
f 3760 3762 3765
f 3765 3762 3746
f 3741 3761 3763
f 3761 3743 3768
f 3761 3768 3763
f 3763 3768 3750
f 3743 3756 3767
f 3756 3740 3759
f 3756 3759 3767
f 3767 3759 3748
f 3746 3777 3771
f 3777 3750 3775
f 3777 3775 3771
f 3771 3775 3745
f 3750 3780 3775
f 3780 3748 3773
f 3780 3773 3775
f 3775 3773 3745
f 3748 3778 3773
f 3778 3747 3772
f 3778 3772 3773
f 3773 3772 3745
f 3747 3779 3772
f 3779 3749 3774
f 3779 3774 3772
f 3772 3774 3745
f 3749 3776 3774
f 3776 3746 3771
f 3776 3771 3774
f 3774 3771 3745
f 3741 3763 3762
f 3763 3750 3777
f 3763 3777 3762
f 3762 3777 3746
f 3743 3767 3768
f 3767 3748 3780
f 3767 3780 3768
f 3768 3780 3750
f 3740 3758 3759
f 3758 3747 3778
f 3758 3778 3759
f 3759 3778 3748
f 3744 3770 3769
f 3770 3749 3779
f 3770 3779 3769
f 3769 3779 3747
f 3742 3765 3766
f 3765 3746 3776
f 3765 3776 3766
f 3766 3776 3749
v -12.459 10.641 18.400
v -12.459 10.297 18.400
v -12.287 10.747 18.122
v -12.631 10.747 18.122
v -12.181 10.469 18.294
v -12.737 10.469 18.294
v -12.459 10.297 17.844
v -12.459 10.641 17.844
v -12.631 10.191 18.122
v -12.287 10.191 18.122
v -12.737 10.469 17.950
v -12.181 10.469 17.950
v -12.459 10.469 18.449
v -12.358 10.733 18.285
v -12.560 10.733 18.285
v -12.296 10.570 18.386
v -12.623 10.570 18.386
v -12.296 10.368 18.386
v -12.623 10.368 18.386
v -12.560 10.204 18.285
v -12.358 10.204 18.285
v -12.459 10.796 18.122
v -12.195 10.632 18.223
v -12.358 10.733 17.958
v -12.195 10.632 18.021
v -12.724 10.632 18.223
v -12.560 10.733 17.958
v -12.724 10.632 18.021
v -12.195 10.305 18.223
v -12.132 10.469 18.122
v -12.724 10.305 18.223
v -12.786 10.469 18.122
v -12.459 10.469 17.795
v -12.560 10.204 17.958
v -12.358 10.204 17.958
v -12.623 10.368 17.857
v -12.296 10.368 17.857
v -12.623 10.570 17.857
v -12.296 10.570 17.857
v -12.459 10.142 18.122
v -12.724 10.305 18.021
v -12.195 10.305 18.021
f 3781 3797 3793
f 3797 3786 3799
f 3797 3799 3793
f 3793 3799 3782
f 3781 3795 3797
f 3795 3784 3806
f 3795 3806 3797
f 3797 3806 3786
f 3781 3794 3795
f 3794 3783 3802
f 3794 3802 3795
f 3795 3802 3784
f 3781 3796 3794
f 3796 3785 3803
f 3796 3803 3794
f 3794 3803 3783
f 3781 3793 3796
f 3793 3782 3798
f 3793 3798 3796
f 3796 3798 3785
f 3782 3799 3800
f 3799 3786 3811
f 3799 3811 3800
f 3800 3811 3789
f 3786 3806 3812
f 3806 3784 3808
f 3806 3808 3812
f 3812 3808 3791
f 3784 3802 3807
f 3802 3783 3804
f 3802 3804 3807
f 3807 3804 3788
f 3783 3803 3805
f 3803 3785 3810
f 3803 3810 3805
f 3805 3810 3792
f 3785 3798 3809
f 3798 3782 3801
f 3798 3801 3809
f 3809 3801 3790
f 3788 3819 3813
f 3819 3792 3817
f 3819 3817 3813
f 3813 3817 3787
f 3792 3822 3817
f 3822 3790 3815
f 3822 3815 3817
f 3817 3815 3787
f 3790 3820 3815
f 3820 3789 3814
f 3820 3814 3815
f 3815 3814 3787
f 3789 3821 3814
f 3821 3791 3816
f 3821 3816 3814
f 3814 3816 3787
f 3791 3818 3816
f 3818 3788 3813
f 3818 3813 3816
f 3816 3813 3787
f 3783 3805 3804
f 3805 3792 3819
f 3805 3819 3804
f 3804 3819 3788
f 3785 3809 3810
f 3809 3790 3822
f 3809 3822 3810
f 3810 3822 3792
f 3782 3800 3801
f 3800 3789 3820
f 3800 3820 3801
f 3801 3820 3790
f 3786 3812 3811
f 3812 3791 3821
f 3812 3821 3811
f 3811 3821 3789
f 3784 3807 3808
f 3807 3788 3818
f 3807 3818 3808
f 3808 3818 3791
v -10.272 9.270 18.199
v -10.272 8.964 18.199
v -10.119 9.365 17.951
v -10.425 9.365 17.951
v -10.024 9.117 18.104
v -10.519 9.117 18.104
v -10.272 8.964 17.704
v -10.272 9.270 17.704
v -10.425 8.870 17.951
v -10.119 8.870 17.951
v -10.519 9.117 17.798
v -10.024 9.117 17.798
v -10.272 9.117 18.242
v -10.182 9.353 18.097
v -10.361 9.353 18.097
v -10.126 9.207 18.187
v -10.417 9.207 18.187
v -10.126 9.028 18.187
v -10.417 9.028 18.187
v -10.361 8.882 18.097
v -10.182 8.882 18.097
v -10.272 9.408 17.951
v -10.036 9.263 18.041
v -10.182 9.353 17.806
v -10.036 9.263 17.861
v -10.507 9.263 18.041
v -10.361 9.353 17.806
v -10.507 9.263 17.861
v -10.036 8.972 18.041
v -9.981 9.117 17.951
v -10.507 8.972 18.041
v -10.562 9.117 17.951
v -10.272 9.117 17.660
v -10.361 8.882 17.806
v -10.182 8.882 17.806
v -10.417 9.028 17.716
v -10.126 9.028 17.716
v -10.417 9.207 17.716
v -10.126 9.207 17.716
v -10.272 8.826 17.951
v -10.507 8.972 17.861
v -10.036 8.972 17.861
f 3823 3839 3835
f 3839 3828 3841
f 3839 3841 3835
f 3835 3841 3824
f 3823 3837 3839
f 3837 3826 3848
f 3837 3848 3839
f 3839 3848 3828
f 3823 3836 3837
f 3836 3825 3844
f 3836 3844 3837
f 3837 3844 3826
f 3823 3838 3836
f 3838 3827 3845
f 3838 3845 3836
f 3836 3845 3825
f 3823 3835 3838
f 3835 3824 3840
f 3835 3840 3838
f 3838 3840 3827
f 3824 3841 3842
f 3841 3828 3853
f 3841 3853 3842
f 3842 3853 3831
f 3828 3848 3854
f 3848 3826 3850
f 3848 3850 3854
f 3854 3850 3833
f 3826 3844 3849
f 3844 3825 3846
f 3844 3846 3849
f 3849 3846 3830
f 3825 3845 3847
f 3845 3827 3852
f 3845 3852 3847
f 3847 3852 3834
f 3827 3840 3851
f 3840 3824 3843
f 3840 3843 3851
f 3851 3843 3832
f 3830 3861 3855
f 3861 3834 3859
f 3861 3859 3855
f 3855 3859 3829
f 3834 3864 3859
f 3864 3832 3857
f 3864 3857 3859
f 3859 3857 3829
f 3832 3862 3857
f 3862 3831 3856
f 3862 3856 3857
f 3857 3856 3829
f 3831 3863 3856
f 3863 3833 3858
f 3863 3858 3856
f 3856 3858 3829
f 3833 3860 3858
f 3860 3830 3855
f 3860 3855 3858
f 3858 3855 3829
f 3825 3847 3846
f 3847 3834 3861
f 3847 3861 3846
f 3846 3861 3830
f 3827 3851 3852
f 3851 3832 3864
f 3851 3864 3852
f 3852 3864 3834
f 3824 3842 3843
f 3842 3831 3862
f 3842 3862 3843
f 3843 3862 3832
f 3828 3854 3853
f 3854 3833 3863
f 3854 3863 3853
f 3853 3863 3831
f 3826 3849 3850
f 3849 3830 3860
f 3849 3860 3850
f 3850 3860 3833
v -21.252 15.579 16.744
v -21.252 15.316 16.744
v -21.120 15.660 16.531
v -21.383 15.660 16.531
v -21.039 15.447 16.663
v -21.465 15.447 16.663
v -21.252 15.316 16.319
v -21.252 15.579 16.319
v -21.383 15.235 16.531
v -21.120 15.235 16.531
v -21.465 15.447 16.400
v -21.039 15.447 16.400
v -21.252 15.447 16.781
v -21.175 15.650 16.656
v -21.329 15.650 16.656
v -21.127 15.525 16.734
v -21.377 15.525 16.734
v -21.127 15.370 16.734
v -21.377 15.370 16.734
v -21.329 15.245 16.656
v -21.175 15.245 16.656
v -21.252 15.697 16.531
v -21.050 15.572 16.609
v -21.175 15.650 16.406
v -21.050 15.572 16.454
v -21.454 15.572 16.609
v -21.329 15.650 16.406
v -21.454 15.572 16.454
v -21.050 15.322 16.609
v -21.002 15.447 16.531
v -21.454 15.322 16.609
v -21.502 15.447 16.531
v -21.252 15.447 16.281
v -21.329 15.245 16.406
v -21.175 15.245 16.406
v -21.377 15.370 16.329
v -21.127 15.370 16.329
v -21.377 15.525 16.329
v -21.127 15.525 16.329
v -21.252 15.197 16.531
v -21.454 15.322 16.454
v -21.050 15.322 16.454
f 3865 3881 3877
f 3881 3870 3883
f 3881 3883 3877
f 3877 3883 3866
f 3865 3879 3881
f 3879 3868 3890
f 3879 3890 3881
f 3881 3890 3870
f 3865 3878 3879
f 3878 3867 3886
f 3878 3886 3879
f 3879 3886 3868
f 3865 3880 3878
f 3880 3869 3887
f 3880 3887 3878
f 3878 3887 3867
f 3865 3877 3880
f 3877 3866 3882
f 3877 3882 3880
f 3880 3882 3869
f 3866 3883 3884
f 3883 3870 3895
f 3883 3895 3884
f 3884 3895 3873
f 3870 3890 3896
f 3890 3868 3892
f 3890 3892 3896
f 3896 3892 3875
f 3868 3886 3891
f 3886 3867 3888
f 3886 3888 3891
f 3891 3888 3872
f 3867 3887 3889
f 3887 3869 3894
f 3887 3894 3889
f 3889 3894 3876
f 3869 3882 3893
f 3882 3866 3885
f 3882 3885 3893
f 3893 3885 3874
f 3872 3903 3897
f 3903 3876 3901
f 3903 3901 3897
f 3897 3901 3871
f 3876 3906 3901
f 3906 3874 3899
f 3906 3899 3901
f 3901 3899 3871
f 3874 3904 3899
f 3904 3873 3898
f 3904 3898 3899
f 3899 3898 3871
f 3873 3905 3898
f 3905 3875 3900
f 3905 3900 3898
f 3898 3900 3871
f 3875 3902 3900
f 3902 3872 3897
f 3902 3897 3900
f 3900 3897 3871
f 3867 3889 3888
f 3889 3876 3903
f 3889 3903 3888
f 3888 3903 3872
f 3869 3893 3894
f 3893 3874 3906
f 3893 3906 3894
f 3894 3906 3876
f 3866 3884 3885
f 3884 3873 3904
f 3884 3904 3885
f 3885 3904 3874
f 3870 3896 3895
f 3896 3875 3905
f 3896 3905 3895
f 3895 3905 3873
f 3868 3891 3892
f 3891 3872 3902
f 3891 3902 3892
f 3892 3902 3875
v -26.656 16.360 22.133
v -26.656 16.097 22.133
v -26.525 16.441 21.921
v -26.788 16.441 21.921
v -26.443 16.229 22.052
v -26.869 16.229 22.052
v -26.656 16.097 21.708
v -26.656 16.360 21.708
v -26.788 16.016 21.921
v -26.525 16.016 21.921
v -26.869 16.229 21.789
v -26.443 16.229 21.789
v -26.656 16.229 22.171
v -26.579 16.431 22.046
v -26.733 16.431 22.046
v -26.531 16.306 22.123
v -26.781 16.306 22.123
v -26.531 16.151 22.123
v -26.781 16.151 22.123
v -26.733 16.026 22.046
v -26.579 16.026 22.046
v -26.656 16.479 21.921
v -26.454 16.354 21.998
v -26.579 16.431 21.796
v -26.454 16.354 21.843
v -26.858 16.354 21.998
v -26.733 16.431 21.796
v -26.858 16.354 21.843
v -26.454 16.104 21.998
v -26.406 16.229 21.921
v -26.858 16.104 21.998
v -26.906 16.229 21.921
v -26.656 16.229 21.671
v -26.733 16.026 21.796
v -26.579 16.026 21.796
v -26.781 16.151 21.718
v -26.531 16.151 21.718
v -26.781 16.306 21.718
v -26.531 16.306 21.718
v -26.656 15.979 21.921
v -26.858 16.104 21.843
v -26.454 16.104 21.843
f 3907 3923 3919
f 3923 3912 3925
f 3923 3925 3919
f 3919 3925 3908
f 3907 3921 3923
f 3921 3910 3932
f 3921 3932 3923
f 3923 3932 3912
f 3907 3920 3921
f 3920 3909 3928
f 3920 3928 3921
f 3921 3928 3910
f 3907 3922 3920
f 3922 3911 3929
f 3922 3929 3920
f 3920 3929 3909
f 3907 3919 3922
f 3919 3908 3924
f 3919 3924 3922
f 3922 3924 3911
f 3908 3925 3926
f 3925 3912 3937
f 3925 3937 3926
f 3926 3937 3915
f 3912 3932 3938
f 3932 3910 3934
f 3932 3934 3938
f 3938 3934 3917
f 3910 3928 3933
f 3928 3909 3930
f 3928 3930 3933
f 3933 3930 3914
f 3909 3929 3931
f 3929 3911 3936
f 3929 3936 3931
f 3931 3936 3918
f 3911 3924 3935
f 3924 3908 3927
f 3924 3927 3935
f 3935 3927 3916
f 3914 3945 3939
f 3945 3918 3943
f 3945 3943 3939
f 3939 3943 3913
f 3918 3948 3943
f 3948 3916 3941
f 3948 3941 3943
f 3943 3941 3913
f 3916 3946 3941
f 3946 3915 3940
f 3946 3940 3941
f 3941 3940 3913
f 3915 3947 3940
f 3947 3917 3942
f 3947 3942 3940
f 3940 3942 3913
f 3917 3944 3942
f 3944 3914 3939
f 3944 3939 3942
f 3942 3939 3913
f 3909 3931 3930
f 3931 3918 3945
f 3931 3945 3930
f 3930 3945 3914
f 3911 3935 3936
f 3935 3916 3948
f 3935 3948 3936
f 3936 3948 3918
f 3908 3926 3927
f 3926 3915 3946
f 3926 3946 3927
f 3927 3946 3916
f 3912 3938 3937
f 3938 3917 3947
f 3938 3947 3937
f 3937 3947 3915
f 3910 3933 3934
f 3933 3914 3944
f 3933 3944 3934
f 3934 3944 3917
v 12.664 -13.743 20.976
v 12.664 -14.006 20.976
v 12.795 -13.662 20.764
v 12.532 -13.662 20.764
v 12.877 -13.874 20.895
v 12.451 -13.874 20.895
v 12.664 -14.006 20.551
v 12.664 -13.743 20.551
v 12.532 -14.087 20.764
v 12.795 -14.087 20.764
v 12.451 -13.874 20.632
v 12.877 -13.874 20.632
v 12.664 -13.874 21.014
v 12.741 -13.672 20.889
v 12.587 -13.672 20.889
v 12.789 -13.797 20.966
v 12.539 -13.797 20.966
v 12.789 -13.951 20.966
v 12.539 -13.951 20.966
v 12.587 -14.076 20.889
v 12.741 -14.076 20.889
v 12.664 -13.624 20.764
v 12.866 -13.749 20.841
v 12.741 -13.672 20.639
v 12.866 -13.749 20.686
v 12.462 -13.749 20.841
v 12.587 -13.672 20.639
v 12.462 -13.749 20.686
v 12.866 -13.999 20.841
v 12.914 -13.874 20.764
v 12.462 -13.999 20.841
v 12.414 -13.874 20.764
v 12.664 -13.874 20.514
v 12.587 -14.076 20.639
v 12.741 -14.076 20.639
v 12.539 -13.951 20.561
v 12.789 -13.951 20.561
v 12.539 -13.797 20.561
v 12.789 -13.797 20.561
v 12.664 -14.124 20.764
v 12.462 -13.999 20.686
v 12.866 -13.999 20.686
f 3949 3965 3961
f 3965 3954 3967
f 3965 3967 3961
f 3961 3967 3950
f 3949 3963 3965
f 3963 3952 3974
f 3963 3974 3965
f 3965 3974 3954
f 3949 3962 3963
f 3962 3951 3970
f 3962 3970 3963
f 3963 3970 3952
f 3949 3964 3962
f 3964 3953 3971
f 3964 3971 3962
f 3962 3971 3951
f 3949 3961 3964
f 3961 3950 3966
f 3961 3966 3964
f 3964 3966 3953
f 3950 3967 3968
f 3967 3954 3979
f 3967 3979 3968
f 3968 3979 3957
f 3954 3974 3980
f 3974 3952 3976
f 3974 3976 3980
f 3980 3976 3959
f 3952 3970 3975
f 3970 3951 3972
f 3970 3972 3975
f 3975 3972 3956
f 3951 3971 3973
f 3971 3953 3978
f 3971 3978 3973
f 3973 3978 3960
f 3953 3966 3977
f 3966 3950 3969
f 3966 3969 3977
f 3977 3969 3958
f 3956 3987 3981
f 3987 3960 3985
f 3987 3985 3981
f 3981 3985 3955
f 3960 3990 3985
f 3990 3958 3983
f 3990 3983 3985
f 3985 3983 3955
f 3958 3988 3983
f 3988 3957 3982
f 3988 3982 3983
f 3983 3982 3955
f 3957 3989 3982
f 3989 3959 3984
f 3989 3984 3982
f 3982 3984 3955
f 3959 3986 3984
f 3986 3956 3981
f 3986 3981 3984
f 3984 3981 3955
f 3951 3973 3972
f 3973 3960 3987
f 3973 3987 3972
f 3972 3987 3956
f 3953 3977 3978
f 3977 3958 3990
f 3977 3990 3978
f 3978 3990 3960
f 3950 3968 3969
f 3968 3957 3988
f 3968 3988 3969
f 3969 3988 3958
f 3954 3980 3979
f 3980 3959 3989
f 3980 3989 3979
f 3979 3989 3957
f 3952 3975 3976
f 3975 3956 3986
f 3975 3986 3976
f 3976 3986 3959
v 1.662 -2.843 24.689
v 1.662 -3.106 24.689
v 1.794 -2.762 24.476
v 1.531 -2.762 24.476
v 1.875 -2.975 24.608
v 1.449 -2.975 24.608
v 1.662 -3.106 24.264
v 1.662 -2.843 24.264
v 1.531 -3.188 24.476
v 1.794 -3.188 24.476
v 1.449 -2.975 24.345
v 1.875 -2.975 24.345
v 1.662 -2.975 24.726
v 1.739 -2.773 24.601
v 1.585 -2.773 24.601
v 1.787 -2.898 24.679
v 1.537 -2.898 24.679
v 1.787 -3.052 24.679
v 1.537 -3.052 24.679
v 1.585 -3.177 24.601
v 1.739 -3.177 24.601
v 1.662 -2.725 24.476
v 1.864 -2.850 24.554
v 1.739 -2.773 24.351
v 1.864 -2.850 24.399
v 1.460 -2.850 24.554
v 1.585 -2.773 24.351
v 1.460 -2.850 24.399
v 1.864 -3.100 24.554
v 1.912 -2.975 24.476
v 1.460 -3.100 24.554
v 1.412 -2.975 24.476
v 1.662 -2.975 24.226
v 1.585 -3.177 24.351
v 1.739 -3.177 24.351
v 1.537 -3.052 24.274
v 1.787 -3.052 24.274
v 1.537 -2.898 24.274
v 1.787 -2.898 24.274
v 1.662 -3.225 24.476
v 1.460 -3.100 24.399
v 1.864 -3.100 24.399
f 3991 4007 4003
f 4007 3996 4009
f 4007 4009 4003
f 4003 4009 3992
f 3991 4005 4007
f 4005 3994 4016
f 4005 4016 4007
f 4007 4016 3996
f 3991 4004 4005
f 4004 3993 4012
f 4004 4012 4005
f 4005 4012 3994
f 3991 4006 4004
f 4006 3995 4013
f 4006 4013 4004
f 4004 4013 3993
f 3991 4003 4006
f 4003 3992 4008
f 4003 4008 4006
f 4006 4008 3995
f 3992 4009 4010
f 4009 3996 4021
f 4009 4021 4010
f 4010 4021 3999
f 3996 4016 4022
f 4016 3994 4018
f 4016 4018 4022
f 4022 4018 4001
f 3994 4012 4017
f 4012 3993 4014
f 4012 4014 4017
f 4017 4014 3998
f 3993 4013 4015
f 4013 3995 4020
f 4013 4020 4015
f 4015 4020 4002
f 3995 4008 4019
f 4008 3992 4011
f 4008 4011 4019
f 4019 4011 4000
f 3998 4029 4023
f 4029 4002 4027
f 4029 4027 4023
f 4023 4027 3997
f 4002 4032 4027
f 4032 4000 4025
f 4032 4025 4027
f 4027 4025 3997
f 4000 4030 4025
f 4030 3999 4024
f 4030 4024 4025
f 4025 4024 3997
f 3999 4031 4024
f 4031 4001 4026
f 4031 4026 4024
f 4024 4026 3997
f 4001 4028 4026
f 4028 3998 4023
f 4028 4023 4026
f 4026 4023 3997
f 3993 4015 4014
f 4015 4002 4029
f 4015 4029 4014
f 4014 4029 3998
f 3995 4019 4020
f 4019 4000 4032
f 4019 4032 4020
f 4020 4032 4002
f 3992 4010 4011
f 4010 3999 4030
f 4010 4030 4011
f 4011 4030 4000
f 3996 4022 4021
f 4022 4001 4031
f 4022 4031 4021
f 4021 4031 3999
f 3994 4017 4018
f 4017 3998 4028
f 4017 4028 4018
f 4018 4028 4001
v -8.598 13.131 27.231
v -8.598 12.869 27.231
v -8.466 13.213 27.019
v -8.729 13.213 27.019
v -8.385 13.000 27.150
v -8.811 13.000 27.150
v -8.598 12.869 26.806
v -8.598 13.131 26.806
v -8.729 12.787 27.019
v -8.466 12.787 27.019
v -8.811 13.000 26.887
v -8.385 13.000 26.887
v -8.598 13.000 27.269
v -8.521 13.202 27.144
v -8.675 13.202 27.144
v -8.473 13.077 27.221
v -8.723 13.077 27.221
v -8.473 12.923 27.221
v -8.723 12.923 27.221
v -8.675 12.798 27.144
v -8.521 12.798 27.144
v -8.598 13.250 27.019
v -8.396 13.125 27.096
v -8.521 13.202 26.894
v -8.396 13.125 26.941
v -8.800 13.125 27.096
v -8.675 13.202 26.894
v -8.800 13.125 26.941
v -8.396 12.875 27.096
v -8.348 13.000 27.019
v -8.800 12.875 27.096
v -8.848 13.000 27.019
v -8.598 13.000 26.769
v -8.675 12.798 26.894
v -8.521 12.798 26.894
v -8.723 12.923 26.816
v -8.473 12.923 26.816
v -8.723 13.077 26.816
v -8.473 13.077 26.816
v -8.598 12.750 27.019
v -8.800 12.875 26.941
v -8.396 12.875 26.941
f 4033 4049 4045
f 4049 4038 4051
f 4049 4051 4045
f 4045 4051 4034
f 4033 4047 4049
f 4047 4036 4058
f 4047 4058 4049
f 4049 4058 4038
f 4033 4046 4047
f 4046 4035 4054
f 4046 4054 4047
f 4047 4054 4036
f 4033 4048 4046
f 4048 4037 4055
f 4048 4055 4046
f 4046 4055 4035
f 4033 4045 4048
f 4045 4034 4050
f 4045 4050 4048
f 4048 4050 4037
f 4034 4051 4052
f 4051 4038 4063
f 4051 4063 4052
f 4052 4063 4041
f 4038 4058 4064
f 4058 4036 4060
f 4058 4060 4064
f 4064 4060 4043
f 4036 4054 4059
f 4054 4035 4056
f 4054 4056 4059
f 4059 4056 4040
f 4035 4055 4057
f 4055 4037 4062
f 4055 4062 4057
f 4057 4062 4044
f 4037 4050 4061
f 4050 4034 4053
f 4050 4053 4061
f 4061 4053 4042
f 4040 4071 4065
f 4071 4044 4069
f 4071 4069 4065
f 4065 4069 4039
f 4044 4074 4069
f 4074 4042 4067
f 4074 4067 4069
f 4069 4067 4039
f 4042 4072 4067
f 4072 4041 4066
f 4072 4066 4067
f 4067 4066 4039
f 4041 4073 4066
f 4073 4043 4068
f 4073 4068 4066
f 4066 4068 4039
f 4043 4070 4068
f 4070 4040 4065
f 4070 4065 4068
f 4068 4065 4039
f 4035 4057 4056
f 4057 4044 4071
f 4057 4071 4056
f 4056 4071 4040
f 4037 4061 4062
f 4061 4042 4074
f 4061 4074 4062
f 4062 4074 4044
f 4034 4052 4053
f 4052 4041 4072
f 4052 4072 4053
f 4053 4072 4042
f 4038 4064 4063
f 4064 4043 4073
f 4064 4073 4063
f 4063 4073 4041
f 4036 4059 4060
f 4059 4040 4070
f 4059 4070 4060
f 4060 4070 4043
v 10.252 10.395 31.691
v 10.252 10.052 31.691
v 10.424 10.502 31.413
v 10.080 10.502 31.413
v 10.530 10.224 31.585
v 9.974 10.224 31.585
v 10.252 10.052 31.135
v 10.252 10.395 31.135
v 10.080 9.945 31.413
v 10.424 9.945 31.413
v 9.974 10.224 31.241
v 10.530 10.224 31.241
v 10.252 10.224 31.740
v 10.353 10.488 31.577
v 10.151 10.488 31.577
v 10.415 10.325 31.678
v 10.088 10.325 31.678
v 10.415 10.123 31.678
v 10.088 10.123 31.678
v 10.151 9.959 31.577
v 10.353 9.959 31.577
v 10.252 10.551 31.413
v 10.516 10.387 31.514
v 10.353 10.488 31.250
v 10.516 10.387 31.312
v 9.987 10.387 31.514
v 10.151 10.488 31.250
v 9.987 10.387 31.312
v 10.516 10.060 31.514
v 10.579 10.224 31.413
v 9.987 10.060 31.514
v 9.925 10.224 31.413
v 10.252 10.224 31.086
v 10.151 9.959 31.250
v 10.353 9.959 31.250
v 10.088 10.123 31.149
v 10.415 10.123 31.149
v 10.088 10.325 31.149
v 10.415 10.325 31.149
v 10.252 9.897 31.413
v 9.987 10.060 31.312
v 10.516 10.060 31.312
f 4075 4091 4087
f 4091 4080 4093
f 4091 4093 4087
f 4087 4093 4076
f 4075 4089 4091
f 4089 4078 4100
f 4089 4100 4091
f 4091 4100 4080
f 4075 4088 4089
f 4088 4077 4096
f 4088 4096 4089
f 4089 4096 4078
f 4075 4090 4088
f 4090 4079 4097
f 4090 4097 4088
f 4088 4097 4077
f 4075 4087 4090
f 4087 4076 4092
f 4087 4092 4090
f 4090 4092 4079
f 4076 4093 4094
f 4093 4080 4105
f 4093 4105 4094
f 4094 4105 4083
f 4080 4100 4106
f 4100 4078 4102
f 4100 4102 4106
f 4106 4102 4085
f 4078 4096 4101
f 4096 4077 4098
f 4096 4098 4101
f 4101 4098 4082
f 4077 4097 4099
f 4097 4079 4104
f 4097 4104 4099
f 4099 4104 4086
f 4079 4092 4103
f 4092 4076 4095
f 4092 4095 4103
f 4103 4095 4084
f 4082 4113 4107
f 4113 4086 4111
f 4113 4111 4107
f 4107 4111 4081
f 4086 4116 4111
f 4116 4084 4109
f 4116 4109 4111
f 4111 4109 4081
f 4084 4114 4109
f 4114 4083 4108
f 4114 4108 4109
f 4109 4108 4081
f 4083 4115 4108
f 4115 4085 4110
f 4115 4110 4108
f 4108 4110 4081
f 4085 4112 4110
f 4112 4082 4107
f 4112 4107 4110
f 4110 4107 4081
f 4077 4099 4098
f 4099 4086 4113
f 4099 4113 4098
f 4098 4113 4082
f 4079 4103 4104
f 4103 4084 4116
f 4103 4116 4104
f 4104 4116 4086
f 4076 4094 4095
f 4094 4083 4114
f 4094 4114 4095
f 4095 4114 4084
f 4080 4106 4105
f 4106 4085 4115
f 4106 4115 4105
f 4105 4115 4083
f 4078 4101 4102
f 4101 4082 4112
f 4101 4112 4102
f 4102 4112 4085
v -23.628 -1.392 27.944
v -23.628 -1.698 27.944
v -23.475 -1.297 27.696
v -23.781 -1.297 27.696
v -23.380 -1.545 27.849
v -23.875 -1.545 27.849
v -23.628 -1.698 27.449
v -23.628 -1.392 27.449
v -23.781 -1.792 27.696
v -23.475 -1.792 27.696
v -23.875 -1.545 27.543
v -23.380 -1.545 27.543
v -23.628 -1.545 27.987
v -23.538 -1.309 27.842
v -23.718 -1.309 27.842
v -23.482 -1.455 27.932
v -23.773 -1.455 27.932
v -23.482 -1.635 27.932
v -23.773 -1.635 27.932
v -23.718 -1.780 27.842
v -23.538 -1.780 27.842
v -23.628 -1.254 27.696
v -23.393 -1.399 27.786
v -23.538 -1.309 27.551
v -23.393 -1.399 27.607
v -23.863 -1.399 27.786
v -23.718 -1.309 27.551
v -23.863 -1.399 27.607
v -23.393 -1.690 27.786
v -23.337 -1.545 27.696
v -23.863 -1.690 27.786
v -23.919 -1.545 27.696
v -23.628 -1.545 27.405
v -23.718 -1.780 27.551
v -23.538 -1.780 27.551
v -23.773 -1.635 27.461
v -23.482 -1.635 27.461
v -23.773 -1.455 27.461
v -23.482 -1.455 27.461
v -23.628 -1.836 27.696
v -23.863 -1.690 27.607
v -23.393 -1.690 27.607
f 4117 4133 4129
f 4133 4122 4135
f 4133 4135 4129
f 4129 4135 4118
f 4117 4131 4133
f 4131 4120 4142
f 4131 4142 4133
f 4133 4142 4122
f 4117 4130 4131
f 4130 4119 4138
f 4130 4138 4131
f 4131 4138 4120
f 4117 4132 4130
f 4132 4121 4139
f 4132 4139 4130
f 4130 4139 4119
f 4117 4129 4132
f 4129 4118 4134
f 4129 4134 4132
f 4132 4134 4121
f 4118 4135 4136
f 4135 4122 4147
f 4135 4147 4136
f 4136 4147 4125
f 4122 4142 4148
f 4142 4120 4144
f 4142 4144 4148
f 4148 4144 4127
f 4120 4138 4143
f 4138 4119 4140
f 4138 4140 4143
f 4143 4140 4124
f 4119 4139 4141
f 4139 4121 4146
f 4139 4146 4141
f 4141 4146 4128
f 4121 4134 4145
f 4134 4118 4137
f 4134 4137 4145
f 4145 4137 4126
f 4124 4155 4149
f 4155 4128 4153
f 4155 4153 4149
f 4149 4153 4123
f 4128 4158 4153
f 4158 4126 4151
f 4158 4151 4153
f 4153 4151 4123
f 4126 4156 4151
f 4156 4125 4150
f 4156 4150 4151
f 4151 4150 4123
f 4125 4157 4150
f 4157 4127 4152
f 4157 4152 4150
f 4150 4152 4123
f 4127 4154 4152
f 4154 4124 4149
f 4154 4149 4152
f 4152 4149 4123
f 4119 4141 4140
f 4141 4128 4155
f 4141 4155 4140
f 4140 4155 4124
f 4121 4145 4146
f 4145 4126 4158
f 4145 4158 4146
f 4146 4158 4128
f 4118 4136 4137
f 4136 4125 4156
f 4136 4156 4137
f 4137 4156 4126
f 4122 4148 4147
f 4148 4127 4157
f 4148 4157 4147
f 4147 4157 4125
f 4120 4143 4144
f 4143 4124 4154
f 4143 4154 4144
f 4144 4154 4127
v -18.882 -2.692 26.607
v -18.882 -2.955 26.607
v -18.750 -2.611 26.394
v -19.013 -2.611 26.394
v -18.669 -2.823 26.526
v -19.094 -2.823 26.526
v -18.882 -2.955 26.182
v -18.882 -2.692 26.182
v -19.013 -3.036 26.394
v -18.750 -3.036 26.394
v -19.094 -2.823 26.263
v -18.669 -2.823 26.263
v -18.882 -2.823 26.644
v -18.805 -2.621 26.519
v -18.959 -2.621 26.519
v -18.757 -2.746 26.597
v -19.007 -2.746 26.597
v -18.757 -2.900 26.597
v -19.007 -2.900 26.597
v -18.959 -3.025 26.519
v -18.805 -3.025 26.519
v -18.882 -2.573 26.394
v -18.680 -2.698 26.472
v -18.805 -2.621 26.269
v -18.680 -2.698 26.317
v -19.084 -2.698 26.472
v -18.959 -2.621 26.269
v -19.084 -2.698 26.317
v -18.680 -2.948 26.472
v -18.632 -2.823 26.394
v -19.084 -2.948 26.472
v -19.132 -2.823 26.394
v -18.882 -2.823 26.144
v -18.959 -3.025 26.269
v -18.805 -3.025 26.269
v -19.007 -2.900 26.192
v -18.757 -2.900 26.192
v -19.007 -2.746 26.192
v -18.757 -2.746 26.192
v -18.882 -3.073 26.394
v -19.084 -2.948 26.317
v -18.680 -2.948 26.317
f 4159 4175 4171
f 4175 4164 4177
f 4175 4177 4171
f 4171 4177 4160
f 4159 4173 4175
f 4173 4162 4184
f 4173 4184 4175
f 4175 4184 4164
f 4159 4172 4173
f 4172 4161 4180
f 4172 4180 4173
f 4173 4180 4162
f 4159 4174 4172
f 4174 4163 4181
f 4174 4181 4172
f 4172 4181 4161
f 4159 4171 4174
f 4171 4160 4176
f 4171 4176 4174
f 4174 4176 4163
f 4160 4177 4178
f 4177 4164 4189
f 4177 4189 4178
f 4178 4189 4167
f 4164 4184 4190
f 4184 4162 4186
f 4184 4186 4190
f 4190 4186 4169
f 4162 4180 4185
f 4180 4161 4182
f 4180 4182 4185
f 4185 4182 4166
f 4161 4181 4183
f 4181 4163 4188
f 4181 4188 4183
f 4183 4188 4170
f 4163 4176 4187
f 4176 4160 4179
f 4176 4179 4187
f 4187 4179 4168
f 4166 4197 4191
f 4197 4170 4195
f 4197 4195 4191
f 4191 4195 4165
f 4170 4200 4195
f 4200 4168 4193
f 4200 4193 4195
f 4195 4193 4165
f 4168 4198 4193
f 4198 4167 4192
f 4198 4192 4193
f 4193 4192 4165
f 4167 4199 4192
f 4199 4169 4194
f 4199 4194 4192
f 4192 4194 4165
f 4169 4196 4194
f 4196 4166 4191
f 4196 4191 4194
f 4194 4191 4165
f 4161 4183 4182
f 4183 4170 4197
f 4183 4197 4182
f 4182 4197 4166
f 4163 4187 4188
f 4187 4168 4200
f 4187 4200 4188
f 4188 4200 4170
f 4160 4178 4179
f 4178 4167 4198
f 4178 4198 4179
f 4179 4198 4168
f 4164 4190 4189
f 4190 4169 4199
f 4190 4199 4189
f 4189 4199 4167
f 4162 4185 4186
f 4185 4166 4196
f 4185 4196 4186
f 4186 4196 4169
v 1.194 -21.920 31.942
v 1.194 -22.183 31.942
v 1.325 -21.838 31.729
v 1.062 -21.838 31.729
v 1.407 -22.051 31.860
v 0.981 -22.051 31.860
v 1.194 -22.183 31.516
v 1.194 -21.920 31.516
v 1.062 -22.264 31.729
v 1.325 -22.264 31.729
v 0.981 -22.051 31.598
v 1.407 -22.051 31.598
v 1.194 -22.051 31.979
v 1.271 -21.849 31.854
v 1.117 -21.849 31.854
v 1.319 -21.974 31.931
v 1.069 -21.974 31.931
v 1.319 -22.128 31.931
v 1.069 -22.128 31.931
v 1.117 -22.253 31.854
v 1.271 -22.253 31.854
v 1.194 -21.801 31.729
v 1.396 -21.926 31.806
v 1.271 -21.849 31.604
v 1.396 -21.926 31.652
v 0.992 -21.926 31.806
v 1.117 -21.849 31.604
v 0.992 -21.926 31.652
v 1.396 -22.176 31.806
v 1.444 -22.051 31.729
v 0.992 -22.176 31.806
v 0.944 -22.051 31.729
v 1.194 -22.051 31.479
v 1.117 -22.253 31.604
v 1.271 -22.253 31.604
v 1.069 -22.128 31.527
v 1.319 -22.128 31.527
v 1.069 -21.974 31.527
v 1.319 -21.974 31.527
v 1.194 -22.301 31.729
v 0.992 -22.176 31.652
v 1.396 -22.176 31.652
f 4201 4217 4213
f 4217 4206 4219
f 4217 4219 4213
f 4213 4219 4202
f 4201 4215 4217
f 4215 4204 4226
f 4215 4226 4217
f 4217 4226 4206
f 4201 4214 4215
f 4214 4203 4222
f 4214 4222 4215
f 4215 4222 4204
f 4201 4216 4214
f 4216 4205 4223
f 4216 4223 4214
f 4214 4223 4203
f 4201 4213 4216
f 4213 4202 4218
f 4213 4218 4216
f 4216 4218 4205
f 4202 4219 4220
f 4219 4206 4231
f 4219 4231 4220
f 4220 4231 4209
f 4206 4226 4232
f 4226 4204 4228
f 4226 4228 4232
f 4232 4228 4211
f 4204 4222 4227
f 4222 4203 4224
f 4222 4224 4227
f 4227 4224 4208
f 4203 4223 4225
f 4223 4205 4230
f 4223 4230 4225
f 4225 4230 4212
f 4205 4218 4229
f 4218 4202 4221
f 4218 4221 4229
f 4229 4221 4210
f 4208 4239 4233
f 4239 4212 4237
f 4239 4237 4233
f 4233 4237 4207
f 4212 4242 4237
f 4242 4210 4235
f 4242 4235 4237
f 4237 4235 4207
f 4210 4240 4235
f 4240 4209 4234
f 4240 4234 4235
f 4235 4234 4207
f 4209 4241 4234
f 4241 4211 4236
f 4241 4236 4234
f 4234 4236 4207
f 4211 4238 4236
f 4238 4208 4233
f 4238 4233 4236
f 4236 4233 4207
f 4203 4225 4224
f 4225 4212 4239
f 4225 4239 4224
f 4224 4239 4208
f 4205 4229 4230
f 4229 4210 4242
f 4229 4242 4230
f 4230 4242 4212
f 4202 4220 4221
f 4220 4209 4240
f 4220 4240 4221
f 4221 4240 4210
f 4206 4232 4231
f 4232 4211 4241
f 4232 4241 4231
f 4231 4241 4209
f 4204 4227 4228
f 4227 4208 4238
f 4227 4238 4228
f 4228 4238 4211
v -17.190 -2.796 29.353
v -17.190 -3.059 29.353
v -17.059 -2.715 29.140
v -17.321 -2.715 29.140
v -16.977 -2.928 29.271
v -17.403 -2.928 29.271
v -17.190 -3.059 28.927
v -17.190 -2.796 28.927
v -17.321 -3.140 29.140
v -17.059 -3.140 29.140
v -17.403 -2.928 29.009
v -16.977 -2.928 29.009
v -17.190 -2.928 29.390
v -17.113 -2.725 29.265
v -17.267 -2.725 29.265
v -17.065 -2.850 29.342
v -17.315 -2.850 29.342
v -17.065 -3.005 29.342
v -17.315 -3.005 29.342
v -17.267 -3.130 29.265
v -17.113 -3.130 29.265
v -17.190 -2.678 29.140
v -16.988 -2.803 29.217
v -17.113 -2.725 29.015
v -16.988 -2.803 29.063
v -17.392 -2.803 29.217
v -17.267 -2.725 29.015
v -17.392 -2.803 29.063
v -16.988 -3.053 29.217
v -16.940 -2.928 29.140
v -17.392 -3.053 29.217
v -17.440 -2.928 29.140
v -17.190 -2.928 28.890
v -17.267 -3.130 29.015
v -17.113 -3.130 29.015
v -17.315 -3.005 28.938
v -17.065 -3.005 28.938
v -17.315 -2.850 28.938
v -17.065 -2.850 28.938
v -17.190 -3.178 29.140
v -17.392 -3.053 29.063
v -16.988 -3.053 29.063
f 4243 4259 4255
f 4259 4248 4261
f 4259 4261 4255
f 4255 4261 4244
f 4243 4257 4259
f 4257 4246 4268
f 4257 4268 4259
f 4259 4268 4248
f 4243 4256 4257
f 4256 4245 4264
f 4256 4264 4257
f 4257 4264 4246
f 4243 4258 4256
f 4258 4247 4265
f 4258 4265 4256
f 4256 4265 4245
f 4243 4255 4258
f 4255 4244 4260
f 4255 4260 4258
f 4258 4260 4247
f 4244 4261 4262
f 4261 4248 4273
f 4261 4273 4262
f 4262 4273 4251
f 4248 4268 4274
f 4268 4246 4270
f 4268 4270 4274
f 4274 4270 4253
f 4246 4264 4269
f 4264 4245 4266
f 4264 4266 4269
f 4269 4266 4250
f 4245 4265 4267
f 4265 4247 4272
f 4265 4272 4267
f 4267 4272 4254
f 4247 4260 4271
f 4260 4244 4263
f 4260 4263 4271
f 4271 4263 4252
f 4250 4281 4275
f 4281 4254 4279
f 4281 4279 4275
f 4275 4279 4249
f 4254 4284 4279
f 4284 4252 4277
f 4284 4277 4279
f 4279 4277 4249
f 4252 4282 4277
f 4282 4251 4276
f 4282 4276 4277
f 4277 4276 4249
f 4251 4283 4276
f 4283 4253 4278
f 4283 4278 4276
f 4276 4278 4249
f 4253 4280 4278
f 4280 4250 4275
f 4280 4275 4278
f 4278 4275 4249
f 4245 4267 4266
f 4267 4254 4281
f 4267 4281 4266
f 4266 4281 4250
f 4247 4271 4272
f 4271 4252 4284
f 4271 4284 4272
f 4272 4284 4254
f 4244 4262 4263
f 4262 4251 4282
f 4262 4282 4263
f 4263 4282 4252
f 4248 4274 4273
f 4274 4253 4283
f 4274 4283 4273
f 4273 4283 4251
f 4246 4269 4270
f 4269 4250 4280
f 4269 4280 4270
f 4270 4280 4253
v -11.628 1.540 34.688
v -11.628 1.277 34.688
v -11.497 1.621 34.476
v -11.760 1.621 34.476
v -11.415 1.408 34.607
v -11.841 1.408 34.607
v -11.628 1.277 34.263
v -11.628 1.540 34.263
v -11.760 1.196 34.476
v -11.497 1.196 34.476
v -11.841 1.408 34.344
v -11.415 1.408 34.344
v -11.628 1.408 34.726
v -11.551 1.611 34.601
v -11.705 1.611 34.601
v -11.503 1.486 34.678
v -11.753 1.486 34.678
v -11.503 1.331 34.678
v -11.753 1.331 34.678
v -11.705 1.206 34.601
v -11.551 1.206 34.601
v -11.628 1.658 34.476
v -11.426 1.533 34.553
v -11.551 1.611 34.351
v -11.426 1.533 34.398
v -11.830 1.533 34.553
v -11.705 1.611 34.351
v -11.830 1.533 34.398
v -11.426 1.283 34.553
v -11.378 1.408 34.476
v -11.830 1.283 34.553
v -11.878 1.408 34.476
v -11.628 1.408 34.226
v -11.705 1.206 34.351
v -11.551 1.206 34.351
v -11.753 1.331 34.273
v -11.503 1.331 34.273
v -11.753 1.486 34.273
v -11.503 1.486 34.273
v -11.628 1.158 34.476
v -11.830 1.283 34.398
v -11.426 1.283 34.398
f 4285 4301 4297
f 4301 4290 4303
f 4301 4303 4297
f 4297 4303 4286
f 4285 4299 4301
f 4299 4288 4310
f 4299 4310 4301
f 4301 4310 4290
f 4285 4298 4299
f 4298 4287 4306
f 4298 4306 4299
f 4299 4306 4288
f 4285 4300 4298
f 4300 4289 4307
f 4300 4307 4298
f 4298 4307 4287
f 4285 4297 4300
f 4297 4286 4302
f 4297 4302 4300
f 4300 4302 4289
f 4286 4303 4304
f 4303 4290 4315
f 4303 4315 4304
f 4304 4315 4293
f 4290 4310 4316
f 4310 4288 4312
f 4310 4312 4316
f 4316 4312 4295
f 4288 4306 4311
f 4306 4287 4308
f 4306 4308 4311
f 4311 4308 4292
f 4287 4307 4309
f 4307 4289 4314
f 4307 4314 4309
f 4309 4314 4296
f 4289 4302 4313
f 4302 4286 4305
f 4302 4305 4313
f 4313 4305 4294
f 4292 4323 4317
f 4323 4296 4321
f 4323 4321 4317
f 4317 4321 4291
f 4296 4326 4321
f 4326 4294 4319
f 4326 4319 4321
f 4321 4319 4291
f 4294 4324 4319
f 4324 4293 4318
f 4324 4318 4319
f 4319 4318 4291
f 4293 4325 4318
f 4325 4295 4320
f 4325 4320 4318
f 4318 4320 4291
f 4295 4322 4320
f 4322 4292 4317
f 4322 4317 4320
f 4320 4317 4291
f 4287 4309 4308
f 4309 4296 4323
f 4309 4323 4308
f 4308 4323 4292
f 4289 4313 4314
f 4313 4294 4326
f 4313 4326 4314
f 4314 4326 4296
f 4286 4304 4305
f 4304 4293 4324
f 4304 4324 4305
f 4305 4324 4294
f 4290 4316 4315
f 4316 4295 4325
f 4316 4325 4315
f 4315 4325 4293
f 4288 4311 4312
f 4311 4292 4322
f 4311 4322 4312
f 4312 4322 4295
v -22.300 7.669 28.599
v -22.300 7.406 28.599
v -22.169 7.750 28.386
v -22.432 7.750 28.386
v -22.088 7.538 28.518
v -22.513 7.538 28.518
v -22.300 7.406 28.173
v -22.300 7.669 28.173
v -22.432 7.325 28.386
v -22.169 7.325 28.386
v -22.513 7.538 28.255
v -22.088 7.538 28.255
v -22.300 7.538 28.636
v -22.223 7.740 28.511
v -22.378 7.740 28.511
v -22.175 7.615 28.588
v -22.425 7.615 28.588
v -22.175 7.460 28.588
v -22.425 7.460 28.588
v -22.378 7.335 28.511
v -22.223 7.335 28.511
v -22.300 7.788 28.386
v -22.098 7.663 28.463
v -22.223 7.740 28.261
v -22.098 7.663 28.309
v -22.503 7.663 28.463
v -22.378 7.740 28.261
v -22.503 7.663 28.309
v -22.098 7.413 28.463
v -22.050 7.538 28.386
v -22.503 7.413 28.463
v -22.550 7.538 28.386
v -22.300 7.538 28.136
v -22.378 7.335 28.261
v -22.223 7.335 28.261
v -22.425 7.460 28.184
v -22.175 7.460 28.184
v -22.425 7.615 28.184
v -22.175 7.615 28.184
v -22.300 7.288 28.386
v -22.503 7.413 28.309
v -22.098 7.413 28.309
f 4327 4343 4339
f 4343 4332 4345
f 4343 4345 4339
f 4339 4345 4328
f 4327 4341 4343
f 4341 4330 4352
f 4341 4352 4343
f 4343 4352 4332
f 4327 4340 4341
f 4340 4329 4348
f 4340 4348 4341
f 4341 4348 4330
f 4327 4342 4340
f 4342 4331 4349
f 4342 4349 4340
f 4340 4349 4329
f 4327 4339 4342
f 4339 4328 4344
f 4339 4344 4342
f 4342 4344 4331
f 4328 4345 4346
f 4345 4332 4357
f 4345 4357 4346
f 4346 4357 4335
f 4332 4352 4358
f 4352 4330 4354
f 4352 4354 4358
f 4358 4354 4337
f 4330 4348 4353
f 4348 4329 4350
f 4348 4350 4353
f 4353 4350 4334
f 4329 4349 4351
f 4349 4331 4356
f 4349 4356 4351
f 4351 4356 4338
f 4331 4344 4355
f 4344 4328 4347
f 4344 4347 4355
f 4355 4347 4336
f 4334 4365 4359
f 4365 4338 4363
f 4365 4363 4359
f 4359 4363 4333
f 4338 4368 4363
f 4368 4336 4361
f 4368 4361 4363
f 4363 4361 4333
f 4336 4366 4361
f 4366 4335 4360
f 4366 4360 4361
f 4361 4360 4333
f 4335 4367 4360
f 4367 4337 4362
f 4367 4362 4360
f 4360 4362 4333
f 4337 4364 4362
f 4364 4334 4359
f 4364 4359 4362
f 4362 4359 4333
f 4329 4351 4350
f 4351 4338 4365
f 4351 4365 4350
f 4350 4365 4334
f 4331 4355 4356
f 4355 4336 4368
f 4355 4368 4356
f 4356 4368 4338
f 4328 4346 4347
f 4346 4335 4366
f 4346 4366 4347
f 4347 4366 4336
f 4332 4358 4357
f 4358 4337 4367
f 4358 4367 4357
f 4357 4367 4335
f 4330 4353 4354
f 4353 4334 4364
f 4353 4364 4354
f 4354 4364 4337
v -22.326 10.383 29.766
v -22.326 10.039 29.766
v -22.154 10.489 29.488
v -22.498 10.489 29.488
v -22.048 10.211 29.660
v -22.604 10.211 29.660
v -22.326 10.039 29.210
v -22.326 10.383 29.210
v -22.498 9.933 29.488
v -22.154 9.933 29.488
v -22.604 10.211 29.316
v -22.048 10.211 29.316
v -22.326 10.211 29.815
v -22.225 10.475 29.651
v -22.427 10.475 29.651
v -22.163 10.312 29.752
v -22.490 10.312 29.752
v -22.163 10.110 29.752
v -22.490 10.110 29.752
v -22.427 9.946 29.651
v -22.225 9.946 29.651
v -22.326 10.538 29.488
v -22.062 10.374 29.589
v -22.225 10.475 29.324
v -22.062 10.374 29.387
v -22.591 10.374 29.589
v -22.427 10.475 29.324
v -22.591 10.374 29.387
v -22.062 10.047 29.589
v -21.999 10.211 29.488
v -22.591 10.047 29.589
v -22.653 10.211 29.488
v -22.326 10.211 29.161
v -22.427 9.946 29.324
v -22.225 9.946 29.324
v -22.490 10.110 29.223
v -22.163 10.110 29.223
v -22.490 10.312 29.223
v -22.163 10.312 29.223
v -22.326 9.884 29.488
v -22.591 10.047 29.387
v -22.062 10.047 29.387
f 4369 4385 4381
f 4385 4374 4387
f 4385 4387 4381
f 4381 4387 4370
f 4369 4383 4385
f 4383 4372 4394
f 4383 4394 4385
f 4385 4394 4374
f 4369 4382 4383
f 4382 4371 4390
f 4382 4390 4383
f 4383 4390 4372
f 4369 4384 4382
f 4384 4373 4391
f 4384 4391 4382
f 4382 4391 4371
f 4369 4381 4384
f 4381 4370 4386
f 4381 4386 4384
f 4384 4386 4373
f 4370 4387 4388
f 4387 4374 4399
f 4387 4399 4388
f 4388 4399 4377
f 4374 4394 4400
f 4394 4372 4396
f 4394 4396 4400
f 4400 4396 4379
f 4372 4390 4395
f 4390 4371 4392
f 4390 4392 4395
f 4395 4392 4376
f 4371 4391 4393
f 4391 4373 4398
f 4391 4398 4393
f 4393 4398 4380
f 4373 4386 4397
f 4386 4370 4389
f 4386 4389 4397
f 4397 4389 4378
f 4376 4407 4401
f 4407 4380 4405
f 4407 4405 4401
f 4401 4405 4375
f 4380 4410 4405
f 4410 4378 4403
f 4410 4403 4405
f 4405 4403 4375
f 4378 4408 4403
f 4408 4377 4402
f 4408 4402 4403
f 4403 4402 4375
f 4377 4409 4402
f 4409 4379 4404
f 4409 4404 4402
f 4402 4404 4375
f 4379 4406 4404
f 4406 4376 4401
f 4406 4401 4404
f 4404 4401 4375
f 4371 4393 4392
f 4393 4380 4407
f 4393 4407 4392
f 4392 4407 4376
f 4373 4397 4398
f 4397 4378 4410
f 4397 4410 4398
f 4398 4410 4380
f 4370 4388 4389
f 4388 4377 4408
f 4388 4408 4389
f 4389 4408 4378
f 4374 4400 4399
f 4400 4379 4409
f 4400 4409 4399
f 4399 4409 4377
f 4372 4395 4396
f 4395 4376 4406
f 4395 4406 4396
f 4396 4406 4379
v 6.803 -4.554 34.830
v 6.803 -4.816 34.830
v 6.934 -4.472 34.617
v 6.672 -4.472 34.617
v 7.016 -4.685 34.749
v 6.590 -4.685 34.749
v 6.803 -4.816 34.405
v 6.803 -4.554 34.405
v 6.672 -4.898 34.617
v 6.934 -4.898 34.617
v 6.590 -4.685 34.486
v 7.016 -4.685 34.486
v 6.803 -4.685 34.867
v 6.880 -4.483 34.742
v 6.726 -4.483 34.742
v 6.928 -4.608 34.819
v 6.678 -4.608 34.819
v 6.928 -4.762 34.819
v 6.678 -4.762 34.819
v 6.726 -4.887 34.742
v 6.880 -4.887 34.742
v 6.803 -4.435 34.617
v 7.005 -4.560 34.694
v 6.880 -4.483 34.492
v 7.005 -4.560 34.540
v 6.601 -4.560 34.694
v 6.726 -4.483 34.492
v 6.601 -4.560 34.540
v 7.005 -4.810 34.694
v 7.053 -4.685 34.617
v 6.601 -4.810 34.694
v 6.553 -4.685 34.617
v 6.803 -4.685 34.367
v 6.726 -4.887 34.492
v 6.880 -4.887 34.492
v 6.678 -4.762 34.415
v 6.928 -4.762 34.415
v 6.678 -4.608 34.415
v 6.928 -4.608 34.415
v 6.803 -4.935 34.617
v 6.601 -4.810 34.540
v 7.005 -4.810 34.540
f 4411 4427 4423
f 4427 4416 4429
f 4427 4429 4423
f 4423 4429 4412
f 4411 4425 4427
f 4425 4414 4436
f 4425 4436 4427
f 4427 4436 4416
f 4411 4424 4425
f 4424 4413 4432
f 4424 4432 4425
f 4425 4432 4414
f 4411 4426 4424
f 4426 4415 4433
f 4426 4433 4424
f 4424 4433 4413
f 4411 4423 4426
f 4423 4412 4428
f 4423 4428 4426
f 4426 4428 4415
f 4412 4429 4430
f 4429 4416 4441
f 4429 4441 4430
f 4430 4441 4419
f 4416 4436 4442
f 4436 4414 4438
f 4436 4438 4442
f 4442 4438 4421
f 4414 4432 4437
f 4432 4413 4434
f 4432 4434 4437
f 4437 4434 4418
f 4413 4433 4435
f 4433 4415 4440
f 4433 4440 4435
f 4435 4440 4422
f 4415 4428 4439
f 4428 4412 4431
f 4428 4431 4439
f 4439 4431 4420
f 4418 4449 4443
f 4449 4422 4447
f 4449 4447 4443
f 4443 4447 4417
f 4422 4452 4447
f 4452 4420 4445
f 4452 4445 4447
f 4447 4445 4417
f 4420 4450 4445
f 4450 4419 4444
f 4450 4444 4445
f 4445 4444 4417
f 4419 4451 4444
f 4451 4421 4446
f 4451 4446 4444
f 4444 4446 4417
f 4421 4448 4446
f 4448 4418 4443
f 4448 4443 4446
f 4446 4443 4417
f 4413 4435 4434
f 4435 4422 4449
f 4435 4449 4434
f 4434 4449 4418
f 4415 4439 4440
f 4439 4420 4452
f 4439 4452 4440
f 4440 4452 4422
f 4412 4430 4431
f 4430 4419 4450
f 4430 4450 4431
f 4431 4450 4420
f 4416 4442 4441
f 4442 4421 4451
f 4442 4451 4441
f 4441 4451 4419
f 4414 4437 4438
f 4437 4418 4448
f 4437 4448 4438
f 4438 4448 4421
v 1.705 0.037 33.292
v 1.705 -0.226 33.292
v 1.836 0.118 33.079
v 1.573 0.118 33.079
v 1.917 -0.094 33.211
v 1.492 -0.094 33.211
v 1.705 -0.226 32.867
v 1.705 0.037 32.867
v 1.573 -0.307 33.079
v 1.836 -0.307 33.079
v 1.492 -0.094 32.948
v 1.917 -0.094 32.948
v 1.705 -0.094 33.329
v 1.782 0.108 33.204
v 1.627 0.108 33.204
v 1.830 -0.017 33.282
v 1.580 -0.017 33.282
v 1.830 -0.171 33.282
v 1.580 -0.171 33.282
v 1.627 -0.296 33.204
v 1.782 -0.296 33.204
v 1.705 0.156 33.079
v 1.907 0.031 33.157
v 1.782 0.108 32.954
v 1.907 0.031 33.002
v 1.502 0.031 33.157
v 1.627 0.108 32.954
v 1.502 0.031 33.002
v 1.907 -0.219 33.157
v 1.955 -0.094 33.079
v 1.502 -0.219 33.157
v 1.455 -0.094 33.079
v 1.705 -0.094 32.829
v 1.627 -0.296 32.954
v 1.782 -0.296 32.954
v 1.580 -0.171 32.877
v 1.830 -0.171 32.877
v 1.580 -0.017 32.877
v 1.830 -0.017 32.877
v 1.705 -0.344 33.079
v 1.502 -0.219 33.002
v 1.907 -0.219 33.002
f 4453 4469 4465
f 4469 4458 4471
f 4469 4471 4465
f 4465 4471 4454
f 4453 4467 4469
f 4467 4456 4478
f 4467 4478 4469
f 4469 4478 4458
f 4453 4466 4467
f 4466 4455 4474
f 4466 4474 4467
f 4467 4474 4456
f 4453 4468 4466
f 4468 4457 4475
f 4468 4475 4466
f 4466 4475 4455
f 4453 4465 4468
f 4465 4454 4470
f 4465 4470 4468
f 4468 4470 4457
f 4454 4471 4472
f 4471 4458 4483
f 4471 4483 4472
f 4472 4483 4461
f 4458 4478 4484
f 4478 4456 4480
f 4478 4480 4484
f 4484 4480 4463
f 4456 4474 4479
f 4474 4455 4476
f 4474 4476 4479
f 4479 4476 4460
f 4455 4475 4477
f 4475 4457 4482
f 4475 4482 4477
f 4477 4482 4464
f 4457 4470 4481
f 4470 4454 4473
f 4470 4473 4481
f 4481 4473 4462
f 4460 4491 4485
f 4491 4464 4489
f 4491 4489 4485
f 4485 4489 4459
f 4464 4494 4489
f 4494 4462 4487
f 4494 4487 4489
f 4489 4487 4459
f 4462 4492 4487
f 4492 4461 4486
f 4492 4486 4487
f 4487 4486 4459
f 4461 4493 4486
f 4493 4463 4488
f 4493 4488 4486
f 4486 4488 4459
f 4463 4490 4488
f 4490 4460 4485
f 4490 4485 4488
f 4488 4485 4459
f 4455 4477 4476
f 4477 4464 4491
f 4477 4491 4476
f 4476 4491 4460
f 4457 4481 4482
f 4481 4462 4494
f 4481 4494 4482
f 4482 4494 4464
f 4454 4472 4473
f 4472 4461 4492
f 4472 4492 4473
f 4473 4492 4462
f 4458 4484 4483
f 4484 4463 4493
f 4484 4493 4483
f 4483 4493 4461
f 4456 4479 4480
f 4479 4460 4490
f 4479 4490 4480
f 4480 4490 4463
v 5.993 -4.384 36.388
v 5.993 -4.647 36.388
v 6.124 -4.302 36.175
v 5.861 -4.302 36.175
v 6.205 -4.515 36.307
v 5.780 -4.515 36.307
v 5.993 -4.647 35.963
v 5.993 -4.384 35.963
v 5.861 -4.728 36.175
v 6.124 -4.728 36.175
v 5.780 -4.515 36.044
v 6.205 -4.515 36.044
v 5.993 -4.515 36.425
v 6.070 -4.313 36.300
v 5.915 -4.313 36.300
v 6.118 -4.438 36.378
v 5.868 -4.438 36.378
v 6.118 -4.592 36.378
v 5.868 -4.592 36.378
v 5.915 -4.717 36.300
v 6.070 -4.717 36.300
v 5.993 -4.265 36.175
v 6.195 -4.390 36.253
v 6.070 -4.313 36.050
v 6.195 -4.390 36.098
v 5.790 -4.390 36.253
v 5.915 -4.313 36.050
v 5.790 -4.390 36.098
v 6.195 -4.640 36.253
v 6.243 -4.515 36.175
v 5.790 -4.640 36.253
v 5.743 -4.515 36.175
v 5.993 -4.515 35.925
v 5.915 -4.717 36.050
v 6.070 -4.717 36.050
v 5.868 -4.592 35.973
v 6.118 -4.592 35.973
v 5.868 -4.438 35.973
v 6.118 -4.438 35.973
v 5.993 -4.765 36.175
v 5.790 -4.640 36.098
v 6.195 -4.640 36.098
f 4495 4511 4507
f 4511 4500 4513
f 4511 4513 4507
f 4507 4513 4496
f 4495 4509 4511
f 4509 4498 4520
f 4509 4520 4511
f 4511 4520 4500
f 4495 4508 4509
f 4508 4497 4516
f 4508 4516 4509
f 4509 4516 4498
f 4495 4510 4508
f 4510 4499 4517
f 4510 4517 4508
f 4508 4517 4497
f 4495 4507 4510
f 4507 4496 4512
f 4507 4512 4510
f 4510 4512 4499
f 4496 4513 4514
f 4513 4500 4525
f 4513 4525 4514
f 4514 4525 4503
f 4500 4520 4526
f 4520 4498 4522
f 4520 4522 4526
f 4526 4522 4505
f 4498 4516 4521
f 4516 4497 4518
f 4516 4518 4521
f 4521 4518 4502
f 4497 4517 4519
f 4517 4499 4524
f 4517 4524 4519
f 4519 4524 4506
f 4499 4512 4523
f 4512 4496 4515
f 4512 4515 4523
f 4523 4515 4504
f 4502 4533 4527
f 4533 4506 4531
f 4533 4531 4527
f 4527 4531 4501
f 4506 4536 4531
f 4536 4504 4529
f 4536 4529 4531
f 4531 4529 4501
f 4504 4534 4529
f 4534 4503 4528
f 4534 4528 4529
f 4529 4528 4501
f 4503 4535 4528
f 4535 4505 4530
f 4535 4530 4528
f 4528 4530 4501
f 4505 4532 4530
f 4532 4502 4527
f 4532 4527 4530
f 4530 4527 4501
f 4497 4519 4518
f 4519 4506 4533
f 4519 4533 4518
f 4518 4533 4502
f 4499 4523 4524
f 4523 4504 4536
f 4523 4536 4524
f 4524 4536 4506
f 4496 4514 4515
f 4514 4503 4534
f 4514 4534 4515
f 4515 4534 4504
f 4500 4526 4525
f 4526 4505 4535
f 4526 4535 4525
f 4525 4535 4503
f 4498 4521 4522
f 4521 4502 4532
f 4521 4532 4522
f 4522 4532 4505
v 9.398 -20.723 -28.487
v 9.398 -21.029 -28.487
v 9.551 -20.629 -28.734
v 9.245 -20.629 -28.734
v 9.646 -20.876 -28.581
v 9.151 -20.876 -28.581
v 9.398 -21.029 -28.982
v 9.398 -20.723 -28.982
v 9.245 -21.124 -28.734
v 9.551 -21.124 -28.734
v 9.151 -20.876 -28.887
v 9.646 -20.876 -28.887
v 9.398 -20.876 -28.443
v 9.488 -20.641 -28.589
v 9.308 -20.641 -28.589
v 9.544 -20.786 -28.499
v 9.253 -20.786 -28.499
v 9.544 -20.966 -28.499
v 9.253 -20.966 -28.499
v 9.308 -21.112 -28.589
v 9.488 -21.112 -28.589
v 9.398 -20.585 -28.734
v 9.633 -20.731 -28.644
v 9.488 -20.641 -28.880
v 9.633 -20.731 -28.824
v 9.163 -20.731 -28.644
v 9.308 -20.641 -28.880
v 9.163 -20.731 -28.824
v 9.633 -21.022 -28.644
v 9.689 -20.876 -28.734
v 9.163 -21.022 -28.644
v 9.107 -20.876 -28.734
v 9.398 -20.876 -29.025
v 9.308 -21.112 -28.880
v 9.488 -21.112 -28.880
v 9.253 -20.966 -28.970
v 9.544 -20.966 -28.970
v 9.253 -20.786 -28.970
v 9.544 -20.786 -28.970
v 9.398 -21.167 -28.734
v 9.163 -21.022 -28.824
v 9.633 -21.022 -28.824
f 4537 4553 4549
f 4553 4542 4555
f 4553 4555 4549
f 4549 4555 4538
f 4537 4551 4553
f 4551 4540 4562
f 4551 4562 4553
f 4553 4562 4542
f 4537 4550 4551
f 4550 4539 4558
f 4550 4558 4551
f 4551 4558 4540
f 4537 4552 4550
f 4552 4541 4559
f 4552 4559 4550
f 4550 4559 4539
f 4537 4549 4552
f 4549 4538 4554
f 4549 4554 4552
f 4552 4554 4541
f 4538 4555 4556
f 4555 4542 4567
f 4555 4567 4556
f 4556 4567 4545
f 4542 4562 4568
f 4562 4540 4564
f 4562 4564 4568
f 4568 4564 4547
f 4540 4558 4563
f 4558 4539 4560
f 4558 4560 4563
f 4563 4560 4544
f 4539 4559 4561
f 4559 4541 4566
f 4559 4566 4561
f 4561 4566 4548
f 4541 4554 4565
f 4554 4538 4557
f 4554 4557 4565
f 4565 4557 4546
f 4544 4575 4569
f 4575 4548 4573
f 4575 4573 4569
f 4569 4573 4543
f 4548 4578 4573
f 4578 4546 4571
f 4578 4571 4573
f 4573 4571 4543
f 4546 4576 4571
f 4576 4545 4570
f 4576 4570 4571
f 4571 4570 4543
f 4545 4577 4570
f 4577 4547 4572
f 4577 4572 4570
f 4570 4572 4543
f 4547 4574 4572
f 4574 4544 4569
f 4574 4569 4572
f 4572 4569 4543
f 4539 4561 4560
f 4561 4548 4575
f 4561 4575 4560
f 4560 4575 4544
f 4541 4565 4566
f 4565 4546 4578
f 4565 4578 4566
f 4566 4578 4548
f 4538 4556 4557
f 4556 4545 4576
f 4556 4576 4557
f 4557 4576 4546
f 4542 4568 4567
f 4568 4547 4577
f 4568 4577 4567
f 4567 4577 4545
f 4540 4563 4564
f 4563 4544 4574
f 4563 4574 4564
f 4564 4574 4547
v -7.840 15.498 -30.719
v -7.840 15.192 -30.719
v -7.687 15.592 -30.967
v -7.993 15.592 -30.967
v -7.593 15.345 -30.814
v -8.088 15.345 -30.814
v -7.840 15.192 -31.214
v -7.840 15.498 -31.214
v -7.993 15.097 -30.967
v -7.687 15.097 -30.967
v -8.088 15.345 -31.120
v -7.593 15.345 -31.120
v -7.840 15.345 -30.676
v -7.750 15.580 -30.821
v -7.930 15.580 -30.821
v -7.695 15.435 -30.732
v -7.986 15.435 -30.732
v -7.695 15.255 -30.732
v -7.986 15.255 -30.732
v -7.930 15.109 -30.821
v -7.750 15.109 -30.821
v -7.840 15.636 -30.967
v -7.605 15.490 -30.877
v -7.750 15.580 -31.112
v -7.605 15.490 -31.057
v -8.076 15.490 -30.877
v -7.930 15.580 -31.112
v -8.076 15.490 -31.057
v -7.605 15.199 -30.877
v -7.549 15.345 -30.967
v -8.076 15.199 -30.877
v -8.131 15.345 -30.967
v -7.840 15.345 -31.258
v -7.930 15.109 -31.112
v -7.750 15.109 -31.112
v -7.986 15.255 -31.202
v -7.695 15.255 -31.202
v -7.986 15.435 -31.202
v -7.695 15.435 -31.202
v -7.840 15.054 -30.967
v -8.076 15.199 -31.057
v -7.605 15.199 -31.057
f 4579 4595 4591
f 4595 4584 4597
f 4595 4597 4591
f 4591 4597 4580
f 4579 4593 4595
f 4593 4582 4604
f 4593 4604 4595
f 4595 4604 4584
f 4579 4592 4593
f 4592 4581 4600
f 4592 4600 4593
f 4593 4600 4582
f 4579 4594 4592
f 4594 4583 4601
f 4594 4601 4592
f 4592 4601 4581
f 4579 4591 4594
f 4591 4580 4596
f 4591 4596 4594
f 4594 4596 4583
f 4580 4597 4598
f 4597 4584 4609
f 4597 4609 4598
f 4598 4609 4587
f 4584 4604 4610
f 4604 4582 4606
f 4604 4606 4610
f 4610 4606 4589
f 4582 4600 4605
f 4600 4581 4602
f 4600 4602 4605
f 4605 4602 4586
f 4581 4601 4603
f 4601 4583 4608
f 4601 4608 4603
f 4603 4608 4590
f 4583 4596 4607
f 4596 4580 4599
f 4596 4599 4607
f 4607 4599 4588
f 4586 4617 4611
f 4617 4590 4615
f 4617 4615 4611
f 4611 4615 4585
f 4590 4620 4615
f 4620 4588 4613
f 4620 4613 4615
f 4615 4613 4585
f 4588 4618 4613
f 4618 4587 4612
f 4618 4612 4613
f 4613 4612 4585
f 4587 4619 4612
f 4619 4589 4614
f 4619 4614 4612
f 4612 4614 4585
f 4589 4616 4614
f 4616 4586 4611
f 4616 4611 4614
f 4614 4611 4585
f 4581 4603 4602
f 4603 4590 4617
f 4603 4617 4602
f 4602 4617 4586
f 4583 4607 4608
f 4607 4588 4620
f 4607 4620 4608
f 4608 4620 4590
f 4580 4598 4599
f 4598 4587 4618
f 4598 4618 4599
f 4599 4618 4588
f 4584 4610 4609
f 4610 4589 4619
f 4610 4619 4609
f 4609 4619 4587
f 4582 4605 4606
f 4605 4586 4616
f 4605 4616 4606
f 4606 4616 4589
v -13.970 15.475 -30.260
v -13.970 15.132 -30.260
v -13.798 15.582 -30.538
v -14.142 15.582 -30.538
v -13.692 15.303 -30.366
v -14.248 15.303 -30.366
v -13.970 15.132 -30.816
v -13.970 15.475 -30.816
v -14.142 15.025 -30.538
v -13.798 15.025 -30.538
v -14.248 15.303 -30.710
v -13.692 15.303 -30.710
v -13.970 15.303 -30.211
v -13.869 15.568 -30.374
v -14.071 15.568 -30.374
v -13.806 15.404 -30.273
v -14.133 15.404 -30.273
v -13.806 15.202 -30.273
v -14.133 15.202 -30.273
v -14.071 15.039 -30.374
v -13.869 15.039 -30.374
v -13.970 15.630 -30.538
v -13.705 15.467 -30.437
v -13.869 15.568 -30.701
v -13.705 15.467 -30.639
v -14.234 15.467 -30.437
v -14.071 15.568 -30.701
v -14.234 15.467 -30.639
v -13.705 15.140 -30.437
v -13.643 15.303 -30.538
v -14.234 15.140 -30.437
v -14.297 15.303 -30.538
v -13.970 15.303 -30.865
v -14.071 15.039 -30.701
v -13.869 15.039 -30.701
v -14.133 15.202 -30.802
v -13.806 15.202 -30.802
v -14.133 15.404 -30.802
v -13.806 15.404 -30.802
v -13.970 14.977 -30.538
v -14.234 15.140 -30.639
v -13.705 15.140 -30.639
f 4621 4637 4633
f 4637 4626 4639
f 4637 4639 4633
f 4633 4639 4622
f 4621 4635 4637
f 4635 4624 4646
f 4635 4646 4637
f 4637 4646 4626
f 4621 4634 4635
f 4634 4623 4642
f 4634 4642 4635
f 4635 4642 4624
f 4621 4636 4634
f 4636 4625 4643
f 4636 4643 4634
f 4634 4643 4623
f 4621 4633 4636
f 4633 4622 4638
f 4633 4638 4636
f 4636 4638 4625
f 4622 4639 4640
f 4639 4626 4651
f 4639 4651 4640
f 4640 4651 4629
f 4626 4646 4652
f 4646 4624 4648
f 4646 4648 4652
f 4652 4648 4631
f 4624 4642 4647
f 4642 4623 4644
f 4642 4644 4647
f 4647 4644 4628
f 4623 4643 4645
f 4643 4625 4650
f 4643 4650 4645
f 4645 4650 4632
f 4625 4638 4649
f 4638 4622 4641
f 4638 4641 4649
f 4649 4641 4630
f 4628 4659 4653
f 4659 4632 4657
f 4659 4657 4653
f 4653 4657 4627
f 4632 4662 4657
f 4662 4630 4655
f 4662 4655 4657
f 4657 4655 4627
f 4630 4660 4655
f 4660 4629 4654
f 4660 4654 4655
f 4655 4654 4627
f 4629 4661 4654
f 4661 4631 4656
f 4661 4656 4654
f 4654 4656 4627
f 4631 4658 4656
f 4658 4628 4653
f 4658 4653 4656
f 4656 4653 4627
f 4623 4645 4644
f 4645 4632 4659
f 4645 4659 4644
f 4644 4659 4628
f 4625 4649 4650
f 4649 4630 4662
f 4649 4662 4650
f 4650 4662 4632
f 4622 4640 4641
f 4640 4629 4660
f 4640 4660 4641
f 4641 4660 4630
f 4626 4652 4651
f 4652 4631 4661
f 4652 4661 4651
f 4651 4661 4629
f 4624 4647 4648
f 4647 4628 4658
f 4647 4658 4648
f 4648 4658 4631
v 16.660 -2.860 -26.799
v 16.660 -3.123 -26.799
v 16.792 -2.779 -27.011
v 16.529 -2.779 -27.011
v 16.873 -2.992 -26.880
v 16.448 -2.992 -26.880
v 16.660 -3.123 -27.224
v 16.660 -2.860 -27.224
v 16.529 -3.204 -27.011
v 16.792 -3.204 -27.011
v 16.448 -2.992 -27.143
v 16.873 -2.992 -27.143
v 16.660 -2.992 -26.761
v 16.738 -2.789 -26.886
v 16.583 -2.789 -26.886
v 16.785 -2.914 -26.809
v 16.535 -2.914 -26.809
v 16.785 -3.069 -26.809
v 16.535 -3.069 -26.809
v 16.583 -3.194 -26.886
v 16.738 -3.194 -26.886
v 16.660 -2.742 -27.011
v 16.863 -2.867 -26.934
v 16.738 -2.789 -27.136
v 16.863 -2.867 -27.089
v 16.458 -2.867 -26.934
v 16.583 -2.789 -27.136
v 16.458 -2.867 -27.089
v 16.863 -3.117 -26.934
v 16.910 -2.992 -27.011
v 16.458 -3.117 -26.934
v 16.410 -2.992 -27.011
v 16.660 -2.992 -27.261
v 16.583 -3.194 -27.136
v 16.738 -3.194 -27.136
v 16.535 -3.069 -27.214
v 16.785 -3.069 -27.214
v 16.535 -2.914 -27.214
v 16.785 -2.914 -27.214
v 16.660 -3.242 -27.011
v 16.458 -3.117 -27.089
v 16.863 -3.117 -27.089
f 4663 4679 4675
f 4679 4668 4681
f 4679 4681 4675
f 4675 4681 4664
f 4663 4677 4679
f 4677 4666 4688
f 4677 4688 4679
f 4679 4688 4668
f 4663 4676 4677
f 4676 4665 4684
f 4676 4684 4677
f 4677 4684 4666
f 4663 4678 4676
f 4678 4667 4685
f 4678 4685 4676
f 4676 4685 4665
f 4663 4675 4678
f 4675 4664 4680
f 4675 4680 4678
f 4678 4680 4667
f 4664 4681 4682
f 4681 4668 4693
f 4681 4693 4682
f 4682 4693 4671
f 4668 4688 4694
f 4688 4666 4690
f 4688 4690 4694
f 4694 4690 4673
f 4666 4684 4689
f 4684 4665 4686
f 4684 4686 4689
f 4689 4686 4670
f 4665 4685 4687
f 4685 4667 4692
f 4685 4692 4687
f 4687 4692 4674
f 4667 4680 4691
f 4680 4664 4683
f 4680 4683 4691
f 4691 4683 4672
f 4670 4701 4695
f 4701 4674 4699
f 4701 4699 4695
f 4695 4699 4669
f 4674 4704 4699
f 4704 4672 4697
f 4704 4697 4699
f 4699 4697 4669
f 4672 4702 4697
f 4702 4671 4696
f 4702 4696 4697
f 4697 4696 4669
f 4671 4703 4696
f 4703 4673 4698
f 4703 4698 4696
f 4696 4698 4669
f 4673 4700 4698
f 4700 4670 4695
f 4700 4695 4698
f 4698 4695 4669
f 4665 4687 4686
f 4687 4674 4701
f 4687 4701 4686
f 4686 4701 4670
f 4667 4691 4692
f 4691 4672 4704
f 4691 4704 4692
f 4692 4704 4674
f 4664 4682 4683
f 4682 4671 4702
f 4682 4702 4683
f 4683 4702 4672
f 4668 4694 4693
f 4694 4673 4703
f 4694 4703 4693
f 4693 4703 4671
f 4666 4689 4690
f 4689 4670 4700
f 4689 4700 4690
f 4690 4700 4673
v 8.373 -6.731 -22.144
v 8.373 -7.037 -22.144
v 8.525 -6.636 -22.391
v 8.220 -6.636 -22.391
v 8.620 -6.884 -22.238
v 8.125 -6.884 -22.238
v 8.373 -7.037 -22.639
v 8.373 -6.731 -22.639
v 8.220 -7.131 -22.391
v 8.525 -7.131 -22.391
v 8.125 -6.884 -22.544
v 8.620 -6.884 -22.544
v 8.373 -6.884 -22.100
v 8.462 -6.648 -22.246
v 8.283 -6.648 -22.246
v 8.518 -6.794 -22.156
v 8.227 -6.794 -22.156
v 8.518 -6.974 -22.156
v 8.227 -6.974 -22.156
v 8.283 -7.119 -22.246
v 8.462 -7.119 -22.246
v 8.373 -6.593 -22.391
v 8.608 -6.738 -22.301
v 8.462 -6.648 -22.537
v 8.608 -6.738 -22.481
v 8.137 -6.738 -22.301
v 8.283 -6.648 -22.537
v 8.137 -6.738 -22.481
v 8.608 -7.029 -22.301
v 8.663 -6.884 -22.391
v 8.137 -7.029 -22.301
v 8.082 -6.884 -22.391
v 8.373 -6.884 -22.682
v 8.283 -7.119 -22.537
v 8.462 -7.119 -22.537
v 8.227 -6.974 -22.627
v 8.518 -6.974 -22.627
v 8.227 -6.794 -22.627
v 8.518 -6.794 -22.627
v 8.373 -7.175 -22.391
v 8.137 -7.029 -22.481
v 8.608 -7.029 -22.481
f 4705 4721 4717
f 4721 4710 4723
f 4721 4723 4717
f 4717 4723 4706
f 4705 4719 4721
f 4719 4708 4730
f 4719 4730 4721
f 4721 4730 4710
f 4705 4718 4719
f 4718 4707 4726
f 4718 4726 4719
f 4719 4726 4708
f 4705 4720 4718
f 4720 4709 4727
f 4720 4727 4718
f 4718 4727 4707
f 4705 4717 4720
f 4717 4706 4722
f 4717 4722 4720
f 4720 4722 4709
f 4706 4723 4724
f 4723 4710 4735
f 4723 4735 4724
f 4724 4735 4713
f 4710 4730 4736
f 4730 4708 4732
f 4730 4732 4736
f 4736 4732 4715
f 4708 4726 4731
f 4726 4707 4728
f 4726 4728 4731
f 4731 4728 4712
f 4707 4727 4729
f 4727 4709 4734
f 4727 4734 4729
f 4729 4734 4716
f 4709 4722 4733
f 4722 4706 4725
f 4722 4725 4733
f 4733 4725 4714
f 4712 4743 4737
f 4743 4716 4741
f 4743 4741 4737
f 4737 4741 4711
f 4716 4746 4741
f 4746 4714 4739
f 4746 4739 4741
f 4741 4739 4711
f 4714 4744 4739
f 4744 4713 4738
f 4744 4738 4739
f 4739 4738 4711
f 4713 4745 4738
f 4745 4715 4740
f 4745 4740 4738
f 4738 4740 4711
f 4715 4742 4740
f 4742 4712 4737
f 4742 4737 4740
f 4740 4737 4711
f 4707 4729 4728
f 4729 4716 4743
f 4729 4743 4728
f 4728 4743 4712
f 4709 4733 4734
f 4733 4714 4746
f 4733 4746 4734
f 4734 4746 4716
f 4706 4724 4725
f 4724 4713 4744
f 4724 4744 4725
f 4725 4744 4714
f 4710 4736 4735
f 4736 4715 4745
f 4736 4745 4735
f 4735 4745 4713
f 4708 4731 4732
f 4731 4712 4742
f 4731 4742 4732
f 4732 4742 4715
v 9.898 10.923 -29.502
v 9.898 10.617 -29.502
v 10.051 11.017 -29.749
v 9.745 11.017 -29.749
v 10.145 10.770 -29.596
v 9.650 10.770 -29.596
v 9.898 10.617 -29.997
v 9.898 10.923 -29.997
v 9.745 10.522 -29.749
v 10.051 10.522 -29.749
v 9.650 10.770 -29.902
v 10.145 10.770 -29.902
v 9.898 10.770 -29.458
v 9.988 11.005 -29.604
v 9.808 11.005 -29.604
v 10.043 10.860 -29.514
v 9.752 10.860 -29.514
v 10.043 10.680 -29.514
v 9.752 10.680 -29.514
v 9.808 10.534 -29.604
v 9.988 10.534 -29.604
v 9.898 11.061 -29.749
v 10.133 10.915 -29.659
v 9.988 11.005 -29.895
v 10.133 10.915 -29.839
v 9.662 10.915 -29.659
v 9.808 11.005 -29.895
v 9.662 10.915 -29.839
v 10.133 10.624 -29.659
v 10.189 10.770 -29.749
v 9.662 10.624 -29.659
v 9.607 10.770 -29.749
v 9.898 10.770 -30.040
v 9.808 10.534 -29.895
v 9.988 10.534 -29.895
v 9.752 10.680 -29.985
v 10.043 10.680 -29.985
v 9.752 10.860 -29.985
v 10.043 10.860 -29.985
v 9.898 10.479 -29.749
v 9.662 10.624 -29.839
v 10.133 10.624 -29.839
f 4747 4763 4759
f 4763 4752 4765
f 4763 4765 4759
f 4759 4765 4748
f 4747 4761 4763
f 4761 4750 4772
f 4761 4772 4763
f 4763 4772 4752
f 4747 4760 4761
f 4760 4749 4768
f 4760 4768 4761
f 4761 4768 4750
f 4747 4762 4760
f 4762 4751 4769
f 4762 4769 4760
f 4760 4769 4749
f 4747 4759 4762
f 4759 4748 4764
f 4759 4764 4762
f 4762 4764 4751
f 4748 4765 4766
f 4765 4752 4777
f 4765 4777 4766
f 4766 4777 4755
f 4752 4772 4778
f 4772 4750 4774
f 4772 4774 4778
f 4778 4774 4757
f 4750 4768 4773
f 4768 4749 4770
f 4768 4770 4773
f 4773 4770 4754
f 4749 4769 4771
f 4769 4751 4776
f 4769 4776 4771
f 4771 4776 4758
f 4751 4764 4775
f 4764 4748 4767
f 4764 4767 4775
f 4775 4767 4756
f 4754 4785 4779
f 4785 4758 4783
f 4785 4783 4779
f 4779 4783 4753
f 4758 4788 4783
f 4788 4756 4781
f 4788 4781 4783
f 4783 4781 4753
f 4756 4786 4781
f 4786 4755 4780
f 4786 4780 4781
f 4781 4780 4753
f 4755 4787 4780
f 4787 4757 4782
f 4787 4782 4780
f 4780 4782 4753
f 4757 4784 4782
f 4784 4754 4779
f 4784 4779 4782
f 4782 4779 4753
f 4749 4771 4770
f 4771 4758 4785
f 4771 4785 4770
f 4770 4785 4754
f 4751 4775 4776
f 4775 4756 4788
f 4775 4788 4776
f 4776 4788 4758
f 4748 4766 4767
f 4766 4755 4786
f 4766 4786 4767
f 4767 4786 4756
f 4752 4778 4777
f 4778 4757 4787
f 4778 4787 4777
f 4777 4787 4755
f 4750 4773 4774
f 4773 4754 4784
f 4773 4784 4774
f 4774 4784 4757
v 30.259 -4.207 -23.925
v 30.259 -4.585 -23.925
v 30.448 -4.091 -24.231
v 30.070 -4.091 -24.231
v 30.564 -4.396 -24.042
v 29.953 -4.396 -24.042
v 30.259 -4.585 -24.537
v 30.259 -4.207 -24.537
v 30.070 -4.702 -24.231
v 30.448 -4.702 -24.231
v 29.953 -4.396 -24.420
v 30.564 -4.396 -24.420
v 30.259 -4.396 -23.872
v 30.370 -4.106 -24.052
v 30.148 -4.106 -24.052
v 30.438 -4.285 -23.940
v 30.079 -4.285 -23.940
v 30.438 -4.508 -23.940
v 30.079 -4.508 -23.940
v 30.148 -4.687 -24.052
v 30.370 -4.687 -24.052
v 30.259 -4.037 -24.231
v 30.549 -4.217 -24.120
v 30.370 -4.106 -24.411
v 30.549 -4.217 -24.342
v 29.968 -4.217 -24.120
v 30.148 -4.106 -24.411
v 29.968 -4.217 -24.342
v 30.549 -4.576 -24.120
v 30.618 -4.396 -24.231
v 29.968 -4.576 -24.120
v 29.899 -4.396 -24.231
v 30.259 -4.396 -24.591
v 30.148 -4.687 -24.411
v 30.370 -4.687 -24.411
v 30.079 -4.508 -24.522
v 30.438 -4.508 -24.522
v 30.079 -4.285 -24.522
v 30.438 -4.285 -24.522
v 30.259 -4.756 -24.231
v 29.968 -4.576 -24.342
v 30.549 -4.576 -24.342
f 4789 4805 4801
f 4805 4794 4807
f 4805 4807 4801
f 4801 4807 4790
f 4789 4803 4805
f 4803 4792 4814
f 4803 4814 4805
f 4805 4814 4794
f 4789 4802 4803
f 4802 4791 4810
f 4802 4810 4803
f 4803 4810 4792
f 4789 4804 4802
f 4804 4793 4811
f 4804 4811 4802
f 4802 4811 4791
f 4789 4801 4804
f 4801 4790 4806
f 4801 4806 4804
f 4804 4806 4793
f 4790 4807 4808
f 4807 4794 4819
f 4807 4819 4808
f 4808 4819 4797
f 4794 4814 4820
f 4814 4792 4816
f 4814 4816 4820
f 4820 4816 4799
f 4792 4810 4815
f 4810 4791 4812
f 4810 4812 4815
f 4815 4812 4796
f 4791 4811 4813
f 4811 4793 4818
f 4811 4818 4813
f 4813 4818 4800
f 4793 4806 4817
f 4806 4790 4809
f 4806 4809 4817
f 4817 4809 4798
f 4796 4827 4821
f 4827 4800 4825
f 4827 4825 4821
f 4821 4825 4795
f 4800 4830 4825
f 4830 4798 4823
f 4830 4823 4825
f 4825 4823 4795
f 4798 4828 4823
f 4828 4797 4822
f 4828 4822 4823
f 4823 4822 4795
f 4797 4829 4822
f 4829 4799 4824
f 4829 4824 4822
f 4822 4824 4795
f 4799 4826 4824
f 4826 4796 4821
f 4826 4821 4824
f 4824 4821 4795
f 4791 4813 4812
f 4813 4800 4827
f 4813 4827 4812
f 4812 4827 4796
f 4793 4817 4818
f 4817 4798 4830
f 4817 4830 4818
f 4818 4830 4800
f 4790 4808 4809
f 4808 4797 4828
f 4808 4828 4809
f 4809 4828 4798
f 4794 4820 4819
f 4820 4799 4829
f 4820 4829 4819
f 4819 4829 4797
f 4792 4815 4816
f 4815 4796 4826
f 4815 4826 4816
f 4816 4826 4799
v -2.403 -1.161 -21.507
v -2.403 -1.539 -21.507
v -2.214 -1.044 -21.813
v -2.592 -1.044 -21.813
v -2.097 -1.350 -21.624
v -2.709 -1.350 -21.624
v -2.403 -1.539 -22.119
v -2.403 -1.161 -22.119
v -2.592 -1.655 -21.813
v -2.214 -1.655 -21.813
v -2.709 -1.350 -22.002
v -2.097 -1.350 -22.002
v -2.403 -1.350 -21.453
v -2.292 -1.059 -21.633
v -2.514 -1.059 -21.633
v -2.223 -1.239 -21.522
v -2.583 -1.239 -21.522
v -2.223 -1.461 -21.522
v -2.583 -1.461 -21.522
v -2.514 -1.640 -21.633
v -2.292 -1.640 -21.633
v -2.403 -0.990 -21.813
v -2.112 -1.170 -21.702
v -2.292 -1.059 -21.993
v -2.112 -1.170 -21.924
v -2.694 -1.170 -21.702
v -2.514 -1.059 -21.993
v -2.694 -1.170 -21.924
v -2.112 -1.529 -21.702
v -2.043 -1.350 -21.813
v -2.694 -1.529 -21.702
v -2.762 -1.350 -21.813
v -2.403 -1.350 -22.172
v -2.514 -1.640 -21.993
v -2.292 -1.640 -21.993
v -2.583 -1.461 -22.104
v -2.223 -1.461 -22.104
v -2.583 -1.239 -22.104
v -2.223 -1.239 -22.104
v -2.403 -1.709 -21.813
v -2.694 -1.529 -21.924
v -2.112 -1.529 -21.924
f 4831 4847 4843
f 4847 4836 4849
f 4847 4849 4843
f 4843 4849 4832
f 4831 4845 4847
f 4845 4834 4856
f 4845 4856 4847
f 4847 4856 4836
f 4831 4844 4845
f 4844 4833 4852
f 4844 4852 4845
f 4845 4852 4834
f 4831 4846 4844
f 4846 4835 4853
f 4846 4853 4844
f 4844 4853 4833
f 4831 4843 4846
f 4843 4832 4848
f 4843 4848 4846
f 4846 4848 4835
f 4832 4849 4850
f 4849 4836 4861
f 4849 4861 4850
f 4850 4861 4839
f 4836 4856 4862
f 4856 4834 4858
f 4856 4858 4862
f 4862 4858 4841
f 4834 4852 4857
f 4852 4833 4854
f 4852 4854 4857
f 4857 4854 4838
f 4833 4853 4855
f 4853 4835 4860
f 4853 4860 4855
f 4855 4860 4842
f 4835 4848 4859
f 4848 4832 4851
f 4848 4851 4859
f 4859 4851 4840
f 4838 4869 4863
f 4869 4842 4867
f 4869 4867 4863
f 4863 4867 4837
f 4842 4872 4867
f 4872 4840 4865
f 4872 4865 4867
f 4867 4865 4837
f 4840 4870 4865
f 4870 4839 4864
f 4870 4864 4865
f 4865 4864 4837
f 4839 4871 4864
f 4871 4841 4866
f 4871 4866 4864
f 4864 4866 4837
f 4841 4868 4866
f 4868 4838 4863
f 4868 4863 4866
f 4866 4863 4837
f 4833 4855 4854
f 4855 4842 4869
f 4855 4869 4854
f 4854 4869 4838
f 4835 4859 4860
f 4859 4840 4872
f 4859 4872 4860
f 4860 4872 4842
f 4832 4850 4851
f 4850 4839 4870
f 4850 4870 4851
f 4851 4870 4840
f 4836 4862 4861
f 4862 4841 4871
f 4862 4871 4861
f 4861 4871 4839
f 4834 4857 4858
f 4857 4838 4868
f 4857 4868 4858
f 4858 4868 4841
v -15.843 9.879 -26.879
v -15.843 9.616 -26.879
v -15.712 9.960 -27.092
v -15.975 9.960 -27.092
v -15.631 9.747 -26.960
v -16.056 9.747 -26.960
v -15.843 9.616 -27.304
v -15.843 9.879 -27.304
v -15.975 9.535 -27.092
v -15.712 9.535 -27.092
v -16.056 9.747 -27.223
v -15.631 9.747 -27.223
v -15.843 9.747 -26.842
v -15.766 9.949 -26.967
v -15.921 9.949 -26.967
v -15.718 9.824 -26.889
v -15.968 9.824 -26.889
v -15.718 9.670 -26.889
v -15.968 9.670 -26.889
v -15.921 9.545 -26.967
v -15.766 9.545 -26.967
v -15.843 9.997 -27.092
v -15.641 9.872 -27.014
v -15.766 9.949 -27.217
v -15.641 9.872 -27.169
v -16.046 9.872 -27.014
v -15.921 9.949 -27.217
v -16.046 9.872 -27.169
v -15.641 9.622 -27.014
v -15.593 9.747 -27.092
v -16.046 9.622 -27.014
v -16.093 9.747 -27.092
v -15.843 9.747 -27.342
v -15.921 9.545 -27.217
v -15.766 9.545 -27.217
v -15.968 9.670 -27.294
v -15.718 9.670 -27.294
v -15.968 9.824 -27.294
v -15.718 9.824 -27.294
v -15.843 9.497 -27.092
v -16.046 9.622 -27.169
v -15.641 9.622 -27.169
f 4873 4889 4885
f 4889 4878 4891
f 4889 4891 4885
f 4885 4891 4874
f 4873 4887 4889
f 4887 4876 4898
f 4887 4898 4889
f 4889 4898 4878
f 4873 4886 4887
f 4886 4875 4894
f 4886 4894 4887
f 4887 4894 4876
f 4873 4888 4886
f 4888 4877 4895
f 4888 4895 4886
f 4886 4895 4875
f 4873 4885 4888
f 4885 4874 4890
f 4885 4890 4888
f 4888 4890 4877
f 4874 4891 4892
f 4891 4878 4903
f 4891 4903 4892
f 4892 4903 4881
f 4878 4898 4904
f 4898 4876 4900
f 4898 4900 4904
f 4904 4900 4883
f 4876 4894 4899
f 4894 4875 4896
f 4894 4896 4899
f 4899 4896 4880
f 4875 4895 4897
f 4895 4877 4902
f 4895 4902 4897
f 4897 4902 4884
f 4877 4890 4901
f 4890 4874 4893
f 4890 4893 4901
f 4901 4893 4882
f 4880 4911 4905
f 4911 4884 4909
f 4911 4909 4905
f 4905 4909 4879
f 4884 4914 4909
f 4914 4882 4907
f 4914 4907 4909
f 4909 4907 4879
f 4882 4912 4907
f 4912 4881 4906
f 4912 4906 4907
f 4907 4906 4879
f 4881 4913 4906
f 4913 4883 4908
f 4913 4908 4906
f 4906 4908 4879
f 4883 4910 4908
f 4910 4880 4905
f 4910 4905 4908
f 4908 4905 4879
f 4875 4897 4896
f 4897 4884 4911
f 4897 4911 4896
f 4896 4911 4880
f 4877 4901 4902
f 4901 4882 4914
f 4901 4914 4902
f 4902 4914 4884
f 4874 4892 4893
f 4892 4881 4912
f 4892 4912 4893
f 4893 4912 4882
f 4878 4904 4903
f 4904 4883 4913
f 4904 4913 4903
f 4903 4913 4881
f 4876 4899 4900
f 4899 4880 4910
f 4899 4910 4900
f 4900 4910 4883
v -17.578 9.356 -21.109
v -17.578 9.050 -21.109
v -17.425 9.451 -21.356
v -17.731 9.451 -21.356
v -17.330 9.203 -21.203
v -17.825 9.203 -21.203
v -17.578 9.050 -21.603
v -17.578 9.356 -21.603
v -17.731 8.956 -21.356
v -17.425 8.956 -21.356
v -17.825 9.203 -21.509
v -17.330 9.203 -21.509
v -17.578 9.203 -21.065
v -17.488 9.439 -21.211
v -17.668 9.439 -21.211
v -17.432 9.293 -21.121
v -17.723 9.293 -21.121
v -17.432 9.113 -21.121
v -17.723 9.113 -21.121
v -17.668 8.968 -21.211
v -17.488 8.968 -21.211
v -17.578 9.494 -21.356
v -17.343 9.349 -21.266
v -17.488 9.439 -21.501
v -17.343 9.349 -21.446
v -17.813 9.349 -21.266
v -17.668 9.439 -21.501
v -17.813 9.349 -21.446
v -17.343 9.058 -21.266
v -17.287 9.203 -21.356
v -17.813 9.058 -21.266
v -17.869 9.203 -21.356
v -17.578 9.203 -21.647
v -17.668 8.968 -21.501
v -17.488 8.968 -21.501
v -17.723 9.113 -21.591
v -17.432 9.113 -21.591
v -17.723 9.293 -21.591
v -17.432 9.293 -21.591
v -17.578 8.912 -21.356
v -17.813 9.058 -21.446
v -17.343 9.058 -21.446
f 4915 4931 4927
f 4931 4920 4933
f 4931 4933 4927
f 4927 4933 4916
f 4915 4929 4931
f 4929 4918 4940
f 4929 4940 4931
f 4931 4940 4920
f 4915 4928 4929
f 4928 4917 4936
f 4928 4936 4929
f 4929 4936 4918
f 4915 4930 4928
f 4930 4919 4937
f 4930 4937 4928
f 4928 4937 4917
f 4915 4927 4930
f 4927 4916 4932
f 4927 4932 4930
f 4930 4932 4919
f 4916 4933 4934
f 4933 4920 4945
f 4933 4945 4934
f 4934 4945 4923
f 4920 4940 4946
f 4940 4918 4942
f 4940 4942 4946
f 4946 4942 4925
f 4918 4936 4941
f 4936 4917 4938
f 4936 4938 4941
f 4941 4938 4922
f 4917 4937 4939
f 4937 4919 4944
f 4937 4944 4939
f 4939 4944 4926
f 4919 4932 4943
f 4932 4916 4935
f 4932 4935 4943
f 4943 4935 4924
f 4922 4953 4947
f 4953 4926 4951
f 4953 4951 4947
f 4947 4951 4921
f 4926 4956 4951
f 4956 4924 4949
f 4956 4949 4951
f 4951 4949 4921
f 4924 4954 4949
f 4954 4923 4948
f 4954 4948 4949
f 4949 4948 4921
f 4923 4955 4948
f 4955 4925 4950
f 4955 4950 4948
f 4948 4950 4921
f 4925 4952 4950
f 4952 4922 4947
f 4952 4947 4950
f 4950 4947 4921
f 4917 4939 4938
f 4939 4926 4953
f 4939 4953 4938
f 4938 4953 4922
f 4919 4943 4944
f 4943 4924 4956
f 4943 4956 4944
f 4944 4956 4926
f 4916 4934 4935
f 4934 4923 4954
f 4934 4954 4935
f 4935 4954 4924
f 4920 4946 4945
f 4946 4925 4955
f 4946 4955 4945
f 4945 4955 4923
f 4918 4941 4942
f 4941 4922 4952
f 4941 4952 4942
f 4942 4952 4925
v -17.881 12.177 -26.282
v -17.881 11.871 -26.282
v -17.728 12.272 -26.530
v -18.034 12.272 -26.530
v -17.633 12.024 -26.377
v -18.128 12.024 -26.377
v -17.881 11.871 -26.777
v -17.881 12.177 -26.777
v -18.034 11.777 -26.530
v -17.728 11.777 -26.530
v -18.128 12.024 -26.683
v -17.633 12.024 -26.683
v -17.881 12.024 -26.239
v -17.791 12.259 -26.384
v -17.971 12.259 -26.384
v -17.735 12.114 -26.295
v -18.026 12.114 -26.295
v -17.735 11.934 -26.295
v -18.026 11.934 -26.295
v -17.971 11.789 -26.384
v -17.791 11.789 -26.384
v -17.881 12.315 -26.530
v -17.646 12.170 -26.440
v -17.791 12.259 -26.675
v -17.646 12.170 -26.620
v -18.116 12.170 -26.440
v -17.971 12.259 -26.675
v -18.116 12.170 -26.620
v -17.646 11.879 -26.440
v -17.590 12.024 -26.530
v -18.116 11.879 -26.440
v -18.172 12.024 -26.530
v -17.881 12.024 -26.821
v -17.971 11.789 -26.675
v -17.791 11.789 -26.675
v -18.026 11.934 -26.765
v -17.735 11.934 -26.765
v -18.026 12.114 -26.765
v -17.735 12.114 -26.765
v -17.881 11.733 -26.530
v -18.116 11.879 -26.620
v -17.646 11.879 -26.620
f 4957 4973 4969
f 4973 4962 4975
f 4973 4975 4969
f 4969 4975 4958
f 4957 4971 4973
f 4971 4960 4982
f 4971 4982 4973
f 4973 4982 4962
f 4957 4970 4971
f 4970 4959 4978
f 4970 4978 4971
f 4971 4978 4960
f 4957 4972 4970
f 4972 4961 4979
f 4972 4979 4970
f 4970 4979 4959
f 4957 4969 4972
f 4969 4958 4974
f 4969 4974 4972
f 4972 4974 4961
f 4958 4975 4976
f 4975 4962 4987
f 4975 4987 4976
f 4976 4987 4965
f 4962 4982 4988
f 4982 4960 4984
f 4982 4984 4988
f 4988 4984 4967
f 4960 4978 4983
f 4978 4959 4980
f 4978 4980 4983
f 4983 4980 4964
f 4959 4979 4981
f 4979 4961 4986
f 4979 4986 4981
f 4981 4986 4968
f 4961 4974 4985
f 4974 4958 4977
f 4974 4977 4985
f 4985 4977 4966
f 4964 4995 4989
f 4995 4968 4993
f 4995 4993 4989
f 4989 4993 4963
f 4968 4998 4993
f 4998 4966 4991
f 4998 4991 4993
f 4993 4991 4963
f 4966 4996 4991
f 4996 4965 4990
f 4996 4990 4991
f 4991 4990 4963
f 4965 4997 4990
f 4997 4967 4992
f 4997 4992 4990
f 4990 4992 4963
f 4967 4994 4992
f 4994 4964 4989
f 4994 4989 4992
f 4992 4989 4963
f 4959 4981 4980
f 4981 4968 4995
f 4981 4995 4980
f 4980 4995 4964
f 4961 4985 4986
f 4985 4966 4998
f 4985 4998 4986
f 4986 4998 4968
f 4958 4976 4977
f 4976 4965 4996
f 4976 4996 4977
f 4977 4996 4966
f 4962 4988 4987
f 4988 4967 4997
f 4988 4997 4987
f 4987 4997 4965
f 4960 4983 4984
f 4983 4964 4994
f 4983 4994 4984
f 4984 4994 4967
v 12.956 -18.126 -21.611
v 12.956 -18.432 -21.611
v 13.109 -18.032 -21.858
v 12.803 -18.032 -21.858
v 13.204 -18.279 -21.705
v 12.709 -18.279 -21.705
v 12.956 -18.432 -22.106
v 12.956 -18.126 -22.106
v 12.803 -18.527 -21.858
v 13.109 -18.527 -21.858
v 12.709 -18.279 -22.011
v 13.204 -18.279 -22.011
v 12.956 -18.279 -21.568
v 13.046 -18.044 -21.713
v 12.866 -18.044 -21.713
v 13.102 -18.189 -21.623
v 12.811 -18.189 -21.623
v 13.102 -18.369 -21.623
v 12.811 -18.369 -21.623
v 12.866 -18.514 -21.713
v 13.046 -18.514 -21.713
v 12.956 -17.988 -21.858
v 13.191 -18.134 -21.769
v 13.046 -18.044 -22.004
v 13.191 -18.134 -21.948
v 12.721 -18.134 -21.769
v 12.866 -18.044 -22.004
v 12.721 -18.134 -21.948
v 13.191 -18.425 -21.769
v 13.247 -18.279 -21.858
v 12.721 -18.425 -21.769
v 12.665 -18.279 -21.858
v 12.956 -18.279 -22.149
v 12.866 -18.514 -22.004
v 13.046 -18.514 -22.004
v 12.811 -18.369 -22.094
v 13.102 -18.369 -22.094
v 12.811 -18.189 -22.094
v 13.102 -18.189 -22.094
v 12.956 -18.570 -21.858
v 12.721 -18.425 -21.948
v 13.191 -18.425 -21.948
f 4999 5015 5011
f 5015 5004 5017
f 5015 5017 5011
f 5011 5017 5000
f 4999 5013 5015
f 5013 5002 5024
f 5013 5024 5015
f 5015 5024 5004
f 4999 5012 5013
f 5012 5001 5020
f 5012 5020 5013
f 5013 5020 5002
f 4999 5014 5012
f 5014 5003 5021
f 5014 5021 5012
f 5012 5021 5001
f 4999 5011 5014
f 5011 5000 5016
f 5011 5016 5014
f 5014 5016 5003
f 5000 5017 5018
f 5017 5004 5029
f 5017 5029 5018
f 5018 5029 5007
f 5004 5024 5030
f 5024 5002 5026
f 5024 5026 5030
f 5030 5026 5009
f 5002 5020 5025
f 5020 5001 5022
f 5020 5022 5025
f 5025 5022 5006
f 5001 5021 5023
f 5021 5003 5028
f 5021 5028 5023
f 5023 5028 5010
f 5003 5016 5027
f 5016 5000 5019
f 5016 5019 5027
f 5027 5019 5008
f 5006 5037 5031
f 5037 5010 5035
f 5037 5035 5031
f 5031 5035 5005
f 5010 5040 5035
f 5040 5008 5033
f 5040 5033 5035
f 5035 5033 5005
f 5008 5038 5033
f 5038 5007 5032
f 5038 5032 5033
f 5033 5032 5005
f 5007 5039 5032
f 5039 5009 5034
f 5039 5034 5032
f 5032 5034 5005
f 5009 5036 5034
f 5036 5006 5031
f 5036 5031 5034
f 5034 5031 5005
f 5001 5023 5022
f 5023 5010 5037
f 5023 5037 5022
f 5022 5037 5006
f 5003 5027 5028
f 5027 5008 5040
f 5027 5040 5028
f 5028 5040 5010
f 5000 5018 5019
f 5018 5007 5038
f 5018 5038 5019
f 5019 5038 5008
f 5004 5030 5029
f 5030 5009 5039
f 5030 5039 5029
f 5029 5039 5007
f 5002 5025 5026
f 5025 5006 5036
f 5025 5036 5026
f 5026 5036 5009
v 8.297 -20.114 -19.462
v 8.297 -20.376 -19.462
v 8.428 -20.032 -19.675
v 8.165 -20.032 -19.675
v 8.510 -20.245 -19.544
v 8.084 -20.245 -19.544
v 8.297 -20.376 -19.888
v 8.297 -20.114 -19.888
v 8.165 -20.458 -19.675
v 8.428 -20.458 -19.675
v 8.084 -20.245 -19.807
v 8.510 -20.245 -19.807
v 8.297 -20.245 -19.425
v 8.374 -20.043 -19.550
v 8.220 -20.043 -19.550
v 8.422 -20.168 -19.473
v 8.172 -20.168 -19.473
v 8.422 -20.322 -19.473
v 8.172 -20.322 -19.473
v 8.220 -20.447 -19.550
v 8.374 -20.447 -19.550
v 8.297 -19.995 -19.675
v 8.499 -20.120 -19.598
v 8.374 -20.043 -19.800
v 8.499 -20.120 -19.752
v 8.095 -20.120 -19.598
v 8.220 -20.043 -19.800
v 8.095 -20.120 -19.752
v 8.499 -20.370 -19.598
v 8.547 -20.245 -19.675
v 8.095 -20.370 -19.598
v 8.047 -20.245 -19.675
v 8.297 -20.245 -19.925
v 8.220 -20.447 -19.800
v 8.374 -20.447 -19.800
v 8.172 -20.322 -19.877
v 8.422 -20.322 -19.877
v 8.172 -20.168 -19.877
v 8.422 -20.168 -19.877
v 8.297 -20.495 -19.675
v 8.095 -20.370 -19.752
v 8.499 -20.370 -19.752
f 5041 5057 5053
f 5057 5046 5059
f 5057 5059 5053
f 5053 5059 5042
f 5041 5055 5057
f 5055 5044 5066
f 5055 5066 5057
f 5057 5066 5046
f 5041 5054 5055
f 5054 5043 5062
f 5054 5062 5055
f 5055 5062 5044
f 5041 5056 5054
f 5056 5045 5063
f 5056 5063 5054
f 5054 5063 5043
f 5041 5053 5056
f 5053 5042 5058
f 5053 5058 5056
f 5056 5058 5045
f 5042 5059 5060
f 5059 5046 5071
f 5059 5071 5060
f 5060 5071 5049
f 5046 5066 5072
f 5066 5044 5068
f 5066 5068 5072
f 5072 5068 5051
f 5044 5062 5067
f 5062 5043 5064
f 5062 5064 5067
f 5067 5064 5048
f 5043 5063 5065
f 5063 5045 5070
f 5063 5070 5065
f 5065 5070 5052
f 5045 5058 5069
f 5058 5042 5061
f 5058 5061 5069
f 5069 5061 5050
f 5048 5079 5073
f 5079 5052 5077
f 5079 5077 5073
f 5073 5077 5047
f 5052 5082 5077
f 5082 5050 5075
f 5082 5075 5077
f 5077 5075 5047
f 5050 5080 5075
f 5080 5049 5074
f 5080 5074 5075
f 5075 5074 5047
f 5049 5081 5074
f 5081 5051 5076
f 5081 5076 5074
f 5074 5076 5047
f 5051 5078 5076
f 5078 5048 5073
f 5078 5073 5076
f 5076 5073 5047
f 5043 5065 5064
f 5065 5052 5079
f 5065 5079 5064
f 5064 5079 5048
f 5045 5069 5070
f 5069 5050 5082
f 5069 5082 5070
f 5070 5082 5052
f 5042 5060 5061
f 5060 5049 5080
f 5060 5080 5061
f 5061 5080 5050
f 5046 5072 5071
f 5072 5051 5081
f 5072 5081 5071
f 5071 5081 5049
f 5044 5067 5068
f 5067 5048 5078
f 5067 5078 5068
f 5068 5078 5051
v -3.459 12.082 -19.067
v -3.459 11.819 -19.067
v -3.328 12.163 -19.280
v -3.591 12.163 -19.280
v -3.247 11.950 -19.148
v -3.672 11.950 -19.148
v -3.459 11.819 -19.492
v -3.459 12.082 -19.492
v -3.591 11.738 -19.280
v -3.328 11.738 -19.280
v -3.672 11.950 -19.411
v -3.247 11.950 -19.411
v -3.459 11.950 -19.030
v -3.382 12.153 -19.155
v -3.537 12.153 -19.155
v -3.334 12.028 -19.077
v -3.584 12.028 -19.077
v -3.334 11.873 -19.077
v -3.584 11.873 -19.077
v -3.537 11.748 -19.155
v -3.382 11.748 -19.155
v -3.459 12.200 -19.280
v -3.257 12.075 -19.202
v -3.382 12.153 -19.405
v -3.257 12.075 -19.357
v -3.662 12.075 -19.202
v -3.537 12.153 -19.405
v -3.662 12.075 -19.357
v -3.257 11.825 -19.202
v -3.209 11.950 -19.280
v -3.662 11.825 -19.202
v -3.709 11.950 -19.280
v -3.459 11.950 -19.530
v -3.537 11.748 -19.405
v -3.382 11.748 -19.405
v -3.584 11.873 -19.482
v -3.334 11.873 -19.482
v -3.584 12.028 -19.482
v -3.334 12.028 -19.482
v -3.459 11.700 -19.280
v -3.662 11.825 -19.357
v -3.257 11.825 -19.357
f 5083 5099 5095
f 5099 5088 5101
f 5099 5101 5095
f 5095 5101 5084
f 5083 5097 5099
f 5097 5086 5108
f 5097 5108 5099
f 5099 5108 5088
f 5083 5096 5097
f 5096 5085 5104
f 5096 5104 5097
f 5097 5104 5086
f 5083 5098 5096
f 5098 5087 5105
f 5098 5105 5096
f 5096 5105 5085
f 5083 5095 5098
f 5095 5084 5100
f 5095 5100 5098
f 5098 5100 5087
f 5084 5101 5102
f 5101 5088 5113
f 5101 5113 5102
f 5102 5113 5091
f 5088 5108 5114
f 5108 5086 5110
f 5108 5110 5114
f 5114 5110 5093
f 5086 5104 5109
f 5104 5085 5106
f 5104 5106 5109
f 5109 5106 5090
f 5085 5105 5107
f 5105 5087 5112
f 5105 5112 5107
f 5107 5112 5094
f 5087 5100 5111
f 5100 5084 5103
f 5100 5103 5111
f 5111 5103 5092
f 5090 5121 5115
f 5121 5094 5119
f 5121 5119 5115
f 5115 5119 5089
f 5094 5124 5119
f 5124 5092 5117
f 5124 5117 5119
f 5119 5117 5089
f 5092 5122 5117
f 5122 5091 5116
f 5122 5116 5117
f 5117 5116 5089
f 5091 5123 5116
f 5123 5093 5118
f 5123 5118 5116
f 5116 5118 5089
f 5093 5120 5118
f 5120 5090 5115
f 5120 5115 5118
f 5118 5115 5089
f 5085 5107 5106
f 5107 5094 5121
f 5107 5121 5106
f 5106 5121 5090
f 5087 5111 5112
f 5111 5092 5124
f 5111 5124 5112
f 5112 5124 5094
f 5084 5102 5103
f 5102 5091 5122
f 5102 5122 5103
f 5103 5122 5092
f 5088 5114 5113
f 5114 5093 5123
f 5114 5123 5113
f 5113 5123 5091
f 5086 5109 5110
f 5109 5090 5120
f 5109 5120 5110
f 5110 5120 5093
v 3.667 6.224 -23.483
v 3.667 5.961 -23.483
v 3.798 6.305 -23.696
v 3.535 6.305 -23.696
v 3.879 6.092 -23.564
v 3.454 6.092 -23.564
v 3.667 5.961 -23.909
v 3.667 6.224 -23.909
v 3.535 5.879 -23.696
v 3.798 5.879 -23.696
v 3.454 6.092 -23.827
v 3.879 6.092 -23.827
v 3.667 6.092 -23.446
v 3.744 6.294 -23.571
v 3.590 6.294 -23.571
v 3.792 6.169 -23.494
v 3.542 6.169 -23.494
v 3.792 6.015 -23.494
v 3.542 6.015 -23.494
v 3.590 5.890 -23.571
v 3.744 5.890 -23.571
v 3.667 6.342 -23.696
v 3.869 6.217 -23.619
v 3.744 6.294 -23.821
v 3.869 6.217 -23.773
v 3.465 6.217 -23.619
v 3.590 6.294 -23.821
v 3.465 6.217 -23.773
v 3.869 5.967 -23.619
v 3.917 6.092 -23.696
v 3.465 5.967 -23.619
v 3.417 6.092 -23.696
v 3.667 6.092 -23.946
v 3.590 5.890 -23.821
v 3.744 5.890 -23.821
v 3.542 6.015 -23.898
v 3.792 6.015 -23.898
v 3.542 6.169 -23.898
v 3.792 6.169 -23.898
v 3.667 5.842 -23.696
v 3.465 5.967 -23.773
v 3.869 5.967 -23.773
f 5125 5141 5137
f 5141 5130 5143
f 5141 5143 5137
f 5137 5143 5126
f 5125 5139 5141
f 5139 5128 5150
f 5139 5150 5141
f 5141 5150 5130
f 5125 5138 5139
f 5138 5127 5146
f 5138 5146 5139
f 5139 5146 5128
f 5125 5140 5138
f 5140 5129 5147
f 5140 5147 5138
f 5138 5147 5127
f 5125 5137 5140
f 5137 5126 5142
f 5137 5142 5140
f 5140 5142 5129
f 5126 5143 5144
f 5143 5130 5155
f 5143 5155 5144
f 5144 5155 5133
f 5130 5150 5156
f 5150 5128 5152
f 5150 5152 5156
f 5156 5152 5135
f 5128 5146 5151
f 5146 5127 5148
f 5146 5148 5151
f 5151 5148 5132
f 5127 5147 5149
f 5147 5129 5154
f 5147 5154 5149
f 5149 5154 5136
f 5129 5142 5153
f 5142 5126 5145
f 5142 5145 5153
f 5153 5145 5134
f 5132 5163 5157
f 5163 5136 5161
f 5163 5161 5157
f 5157 5161 5131
f 5136 5166 5161
f 5166 5134 5159
f 5166 5159 5161
f 5161 5159 5131
f 5134 5164 5159
f 5164 5133 5158
f 5164 5158 5159
f 5159 5158 5131
f 5133 5165 5158
f 5165 5135 5160
f 5165 5160 5158
f 5158 5160 5131
f 5135 5162 5160
f 5162 5132 5157
f 5162 5157 5160
f 5160 5157 5131
f 5127 5149 5148
f 5149 5136 5163
f 5149 5163 5148
f 5148 5163 5132
f 5129 5153 5154
f 5153 5134 5166
f 5153 5166 5154
f 5154 5166 5136
f 5126 5144 5145
f 5144 5133 5164
f 5144 5164 5145
f 5145 5164 5134
f 5130 5156 5155
f 5156 5135 5165
f 5156 5165 5155
f 5155 5165 5133
f 5128 5151 5152
f 5151 5132 5162
f 5151 5162 5152
f 5152 5162 5135
v 9.562 -7.470 -15.265
v 9.562 -7.776 -15.265
v 9.715 -7.376 -15.513
v 9.409 -7.376 -15.513
v 9.810 -7.623 -15.360
v 9.315 -7.623 -15.360
v 9.562 -7.776 -15.760
v 9.562 -7.470 -15.760
v 9.409 -7.870 -15.513
v 9.715 -7.870 -15.513
v 9.315 -7.623 -15.666
v 9.810 -7.623 -15.666
v 9.562 -7.623 -15.222
v 9.652 -7.388 -15.367
v 9.472 -7.388 -15.367
v 9.708 -7.533 -15.278
v 9.417 -7.533 -15.278
v 9.708 -7.713 -15.278
v 9.417 -7.713 -15.278
v 9.472 -7.858 -15.367
v 9.652 -7.858 -15.367
v 9.562 -7.332 -15.513
v 9.798 -7.478 -15.423
v 9.652 -7.388 -15.658
v 9.798 -7.478 -15.603
v 9.327 -7.478 -15.423
v 9.472 -7.388 -15.658
v 9.327 -7.478 -15.603
v 9.798 -7.768 -15.423
v 9.853 -7.623 -15.513
v 9.327 -7.768 -15.423
v 9.271 -7.623 -15.513
v 9.562 -7.623 -15.804
v 9.472 -7.858 -15.658
v 9.652 -7.858 -15.658
v 9.417 -7.713 -15.748
v 9.708 -7.713 -15.748
v 9.417 -7.533 -15.748
v 9.708 -7.533 -15.748
v 9.562 -7.914 -15.513
v 9.327 -7.768 -15.603
v 9.798 -7.768 -15.603
f 5167 5183 5179
f 5183 5172 5185
f 5183 5185 5179
f 5179 5185 5168
f 5167 5181 5183
f 5181 5170 5192
f 5181 5192 5183
f 5183 5192 5172
f 5167 5180 5181
f 5180 5169 5188
f 5180 5188 5181
f 5181 5188 5170
f 5167 5182 5180
f 5182 5171 5189
f 5182 5189 5180
f 5180 5189 5169
f 5167 5179 5182
f 5179 5168 5184
f 5179 5184 5182
f 5182 5184 5171
f 5168 5185 5186
f 5185 5172 5197
f 5185 5197 5186
f 5186 5197 5175
f 5172 5192 5198
f 5192 5170 5194
f 5192 5194 5198
f 5198 5194 5177
f 5170 5188 5193
f 5188 5169 5190
f 5188 5190 5193
f 5193 5190 5174
f 5169 5189 5191
f 5189 5171 5196
f 5189 5196 5191
f 5191 5196 5178
f 5171 5184 5195
f 5184 5168 5187
f 5184 5187 5195
f 5195 5187 5176
f 5174 5205 5199
f 5205 5178 5203
f 5205 5203 5199
f 5199 5203 5173
f 5178 5208 5203
f 5208 5176 5201
f 5208 5201 5203
f 5203 5201 5173
f 5176 5206 5201
f 5206 5175 5200
f 5206 5200 5201
f 5201 5200 5173
f 5175 5207 5200
f 5207 5177 5202
f 5207 5202 5200
f 5200 5202 5173
f 5177 5204 5202
f 5204 5174 5199
f 5204 5199 5202
f 5202 5199 5173
f 5169 5191 5190
f 5191 5178 5205
f 5191 5205 5190
f 5190 5205 5174
f 5171 5195 5196
f 5195 5176 5208
f 5195 5208 5196
f 5196 5208 5178
f 5168 5186 5187
f 5186 5175 5206
f 5186 5206 5187
f 5187 5206 5176
f 5172 5198 5197
f 5198 5177 5207
f 5198 5207 5197
f 5197 5207 5175
f 5170 5193 5194
f 5193 5174 5204
f 5193 5204 5194
f 5194 5204 5177
v 8.497 -7.154 -12.040
v 8.497 -7.460 -12.040
v 8.650 -7.060 -12.287
v 8.344 -7.060 -12.287
v 8.744 -7.307 -12.134
v 8.250 -7.307 -12.134
v 8.497 -7.460 -12.534
v 8.497 -7.154 -12.534
v 8.344 -7.554 -12.287
v 8.650 -7.554 -12.287
v 8.250 -7.307 -12.440
v 8.744 -7.307 -12.440
v 8.497 -7.307 -11.996
v 8.587 -7.072 -12.142
v 8.407 -7.072 -12.142
v 8.642 -7.217 -12.052
v 8.352 -7.217 -12.052
v 8.642 -7.397 -12.052
v 8.352 -7.397 -12.052
v 8.407 -7.542 -12.142
v 8.587 -7.542 -12.142
v 8.497 -7.016 -12.287
v 8.732 -7.162 -12.197
v 8.587 -7.072 -12.432
v 8.732 -7.162 -12.377
v 8.262 -7.162 -12.197
v 8.407 -7.072 -12.432
v 8.262 -7.162 -12.377
v 8.732 -7.452 -12.197
v 8.788 -7.307 -12.287
v 8.262 -7.452 -12.197
v 8.206 -7.307 -12.287
v 8.497 -7.307 -12.578
v 8.407 -7.542 -12.432
v 8.587 -7.542 -12.432
v 8.352 -7.397 -12.522
v 8.642 -7.397 -12.522
v 8.352 -7.217 -12.522
v 8.642 -7.217 -12.522
v 8.497 -7.598 -12.287
v 8.262 -7.452 -12.377
v 8.732 -7.452 -12.377
f 5209 5225 5221
f 5225 5214 5227
f 5225 5227 5221
f 5221 5227 5210
f 5209 5223 5225
f 5223 5212 5234
f 5223 5234 5225
f 5225 5234 5214
f 5209 5222 5223
f 5222 5211 5230
f 5222 5230 5223
f 5223 5230 5212
f 5209 5224 5222
f 5224 5213 5231
f 5224 5231 5222
f 5222 5231 5211
f 5209 5221 5224
f 5221 5210 5226
f 5221 5226 5224
f 5224 5226 5213
f 5210 5227 5228
f 5227 5214 5239
f 5227 5239 5228
f 5228 5239 5217
f 5214 5234 5240
f 5234 5212 5236
f 5234 5236 5240
f 5240 5236 5219
f 5212 5230 5235
f 5230 5211 5232
f 5230 5232 5235
f 5235 5232 5216
f 5211 5231 5233
f 5231 5213 5238
f 5231 5238 5233
f 5233 5238 5220
f 5213 5226 5237
f 5226 5210 5229
f 5226 5229 5237
f 5237 5229 5218
f 5216 5247 5241
f 5247 5220 5245
f 5247 5245 5241
f 5241 5245 5215
f 5220 5250 5245
f 5250 5218 5243
f 5250 5243 5245
f 5245 5243 5215
f 5218 5248 5243
f 5248 5217 5242
f 5248 5242 5243
f 5243 5242 5215
f 5217 5249 5242
f 5249 5219 5244
f 5249 5244 5242
f 5242 5244 5215
f 5219 5246 5244
f 5246 5216 5241
f 5246 5241 5244
f 5244 5241 5215
f 5211 5233 5232
f 5233 5220 5247
f 5233 5247 5232
f 5232 5247 5216
f 5213 5237 5238
f 5237 5218 5250
f 5237 5250 5238
f 5238 5250 5220
f 5210 5228 5229
f 5228 5217 5248
f 5228 5248 5229
f 5229 5248 5218
f 5214 5240 5239
f 5240 5219 5249
f 5240 5249 5239
f 5239 5249 5217
f 5212 5235 5236
f 5235 5216 5246
f 5235 5246 5236
f 5236 5246 5219
v 5.571 -6.123 -18.835
v 5.571 -6.386 -18.835
v 5.703 -6.042 -19.048
v 5.440 -6.042 -19.048
v 5.784 -6.254 -18.917
v 5.359 -6.254 -18.917
v 5.571 -6.386 -19.261
v 5.571 -6.123 -19.261
v 5.440 -6.467 -19.048
v 5.703 -6.467 -19.048
v 5.359 -6.254 -19.179
v 5.784 -6.254 -19.179
v 5.571 -6.254 -18.798
v 5.648 -6.052 -18.923
v 5.494 -6.052 -18.923
v 5.696 -6.177 -18.846
v 5.446 -6.177 -18.846
v 5.696 -6.332 -18.846
v 5.446 -6.332 -18.846
v 5.494 -6.457 -18.923
v 5.648 -6.457 -18.923
v 5.571 -6.004 -19.048
v 5.773 -6.129 -18.971
v 5.648 -6.052 -19.173
v 5.773 -6.129 -19.125
v 5.369 -6.129 -18.971
v 5.494 -6.052 -19.173
v 5.369 -6.129 -19.125
v 5.773 -6.379 -18.971
v 5.821 -6.254 -19.048
v 5.369 -6.379 -18.971
v 5.321 -6.254 -19.048
v 5.571 -6.254 -19.298
v 5.494 -6.457 -19.173
v 5.648 -6.457 -19.173
v 5.446 -6.332 -19.250
v 5.696 -6.332 -19.250
v 5.446 -6.177 -19.250
v 5.696 -6.177 -19.250
v 5.571 -6.504 -19.048
v 5.369 -6.379 -19.125
v 5.773 -6.379 -19.125
f 5251 5267 5263
f 5267 5256 5269
f 5267 5269 5263
f 5263 5269 5252
f 5251 5265 5267
f 5265 5254 5276
f 5265 5276 5267
f 5267 5276 5256
f 5251 5264 5265
f 5264 5253 5272
f 5264 5272 5265
f 5265 5272 5254
f 5251 5266 5264
f 5266 5255 5273
f 5266 5273 5264
f 5264 5273 5253
f 5251 5263 5266
f 5263 5252 5268
f 5263 5268 5266
f 5266 5268 5255
f 5252 5269 5270
f 5269 5256 5281
f 5269 5281 5270
f 5270 5281 5259
f 5256 5276 5282
f 5276 5254 5278
f 5276 5278 5282
f 5282 5278 5261
f 5254 5272 5277
f 5272 5253 5274
f 5272 5274 5277
f 5277 5274 5258
f 5253 5273 5275
f 5273 5255 5280
f 5273 5280 5275
f 5275 5280 5262
f 5255 5268 5279
f 5268 5252 5271
f 5268 5271 5279
f 5279 5271 5260
f 5258 5289 5283
f 5289 5262 5287
f 5289 5287 5283
f 5283 5287 5257
f 5262 5292 5287
f 5292 5260 5285
f 5292 5285 5287
f 5287 5285 5257
f 5260 5290 5285
f 5290 5259 5284
f 5290 5284 5285
f 5285 5284 5257
f 5259 5291 5284
f 5291 5261 5286
f 5291 5286 5284
f 5284 5286 5257
f 5261 5288 5286
f 5288 5258 5283
f 5288 5283 5286
f 5286 5283 5257
f 5253 5275 5274
f 5275 5262 5289
f 5275 5289 5274
f 5274 5289 5258
f 5255 5279 5280
f 5279 5260 5292
f 5279 5292 5280
f 5280 5292 5262
f 5252 5270 5271
f 5270 5259 5290
f 5270 5290 5271
f 5271 5290 5260
f 5256 5282 5281
f 5282 5261 5291
f 5282 5291 5281
f 5281 5291 5259
f 5254 5277 5278
f 5277 5258 5288
f 5277 5288 5278
f 5278 5288 5261
v 4.894 -0.186 -20.988
v 4.894 -0.492 -20.988
v 5.047 -0.092 -21.235
v 4.741 -0.092 -21.235
v 5.142 -0.339 -21.082
v 4.647 -0.339 -21.082
v 4.894 -0.492 -21.483
v 4.894 -0.186 -21.483
v 4.741 -0.587 -21.235
v 5.047 -0.587 -21.235
v 4.647 -0.339 -21.388
v 5.142 -0.339 -21.388
v 4.894 -0.339 -20.944
v 4.984 -0.104 -21.090
v 4.804 -0.104 -21.090
v 5.040 -0.249 -21.000
v 4.749 -0.249 -21.000
v 5.040 -0.429 -21.000
v 4.749 -0.429 -21.000
v 4.804 -0.575 -21.090
v 4.984 -0.575 -21.090
v 4.894 -0.048 -21.235
v 5.130 -0.194 -21.145
v 4.984 -0.104 -21.381
v 5.130 -0.194 -21.325
v 4.659 -0.194 -21.145
v 4.804 -0.104 -21.381
v 4.659 -0.194 -21.325
v 5.130 -0.485 -21.145
v 5.185 -0.339 -21.235
v 4.659 -0.485 -21.145
v 4.603 -0.339 -21.235
v 4.894 -0.339 -21.526
v 4.804 -0.575 -21.381
v 4.984 -0.575 -21.381
v 4.749 -0.429 -21.470
v 5.040 -0.429 -21.470
v 4.749 -0.249 -21.470
v 5.040 -0.249 -21.470
v 4.894 -0.630 -21.235
v 4.659 -0.485 -21.325
v 5.130 -0.485 -21.325
f 5293 5309 5305
f 5309 5298 5311
f 5309 5311 5305
f 5305 5311 5294
f 5293 5307 5309
f 5307 5296 5318
f 5307 5318 5309
f 5309 5318 5298
f 5293 5306 5307
f 5306 5295 5314
f 5306 5314 5307
f 5307 5314 5296
f 5293 5308 5306
f 5308 5297 5315
f 5308 5315 5306
f 5306 5315 5295
f 5293 5305 5308
f 5305 5294 5310
f 5305 5310 5308
f 5308 5310 5297
f 5294 5311 5312
f 5311 5298 5323
f 5311 5323 5312
f 5312 5323 5301
f 5298 5318 5324
f 5318 5296 5320
f 5318 5320 5324
f 5324 5320 5303
f 5296 5314 5319
f 5314 5295 5316
f 5314 5316 5319
f 5319 5316 5300
f 5295 5315 5317
f 5315 5297 5322
f 5315 5322 5317
f 5317 5322 5304
f 5297 5310 5321
f 5310 5294 5313
f 5310 5313 5321
f 5321 5313 5302
f 5300 5331 5325
f 5331 5304 5329
f 5331 5329 5325
f 5325 5329 5299
f 5304 5334 5329
f 5334 5302 5327
f 5334 5327 5329
f 5329 5327 5299
f 5302 5332 5327
f 5332 5301 5326
f 5332 5326 5327
f 5327 5326 5299
f 5301 5333 5326
f 5333 5303 5328
f 5333 5328 5326
f 5326 5328 5299
f 5303 5330 5328
f 5330 5300 5325
f 5330 5325 5328
f 5328 5325 5299
f 5295 5317 5316
f 5317 5304 5331
f 5317 5331 5316
f 5316 5331 5300
f 5297 5321 5322
f 5321 5302 5334
f 5321 5334 5322
f 5322 5334 5304
f 5294 5312 5313
f 5312 5301 5332
f 5312 5332 5313
f 5313 5332 5302
f 5298 5324 5323
f 5324 5303 5333
f 5324 5333 5323
f 5323 5333 5301
f 5296 5319 5320
f 5319 5300 5330
f 5319 5330 5320
f 5320 5330 5303
v 7.790 -0.887 -21.485
v 7.790 -1.193 -21.485
v 7.943 -0.793 -21.732
v 7.637 -0.793 -21.732
v 8.038 -1.040 -21.579
v 7.543 -1.040 -21.579
v 7.790 -1.193 -21.980
v 7.790 -0.887 -21.980
v 7.637 -1.288 -21.732
v 7.943 -1.288 -21.732
v 7.543 -1.040 -21.885
v 8.038 -1.040 -21.885
v 7.790 -1.040 -21.441
v 7.880 -0.805 -21.587
v 7.700 -0.805 -21.587
v 7.936 -0.951 -21.497
v 7.645 -0.951 -21.497
v 7.936 -1.130 -21.497
v 7.645 -1.130 -21.497
v 7.700 -1.276 -21.587
v 7.880 -1.276 -21.587
v 7.790 -0.750 -21.732
v 8.026 -0.895 -21.642
v 7.880 -0.805 -21.878
v 8.026 -0.895 -21.822
v 7.555 -0.895 -21.642
v 7.700 -0.805 -21.878
v 7.555 -0.895 -21.822
v 8.026 -1.186 -21.642
v 8.081 -1.040 -21.732
v 7.555 -1.186 -21.642
v 7.499 -1.040 -21.732
v 7.790 -1.040 -22.023
v 7.700 -1.276 -21.878
v 7.880 -1.276 -21.878
v 7.645 -1.130 -21.967
v 7.936 -1.130 -21.967
v 7.645 -0.951 -21.967
v 7.936 -0.951 -21.967
v 7.790 -1.331 -21.732
v 7.555 -1.186 -21.822
v 8.026 -1.186 -21.822
f 5335 5351 5347
f 5351 5340 5353
f 5351 5353 5347
f 5347 5353 5336
f 5335 5349 5351
f 5349 5338 5360
f 5349 5360 5351
f 5351 5360 5340
f 5335 5348 5349
f 5348 5337 5356
f 5348 5356 5349
f 5349 5356 5338
f 5335 5350 5348
f 5350 5339 5357
f 5350 5357 5348
f 5348 5357 5337
f 5335 5347 5350
f 5347 5336 5352
f 5347 5352 5350
f 5350 5352 5339
f 5336 5353 5354
f 5353 5340 5365
f 5353 5365 5354
f 5354 5365 5343
f 5340 5360 5366
f 5360 5338 5362
f 5360 5362 5366
f 5366 5362 5345
f 5338 5356 5361
f 5356 5337 5358
f 5356 5358 5361
f 5361 5358 5342
f 5337 5357 5359
f 5357 5339 5364
f 5357 5364 5359
f 5359 5364 5346
f 5339 5352 5363
f 5352 5336 5355
f 5352 5355 5363
f 5363 5355 5344
f 5342 5373 5367
f 5373 5346 5371
f 5373 5371 5367
f 5367 5371 5341
f 5346 5376 5371
f 5376 5344 5369
f 5376 5369 5371
f 5371 5369 5341
f 5344 5374 5369
f 5374 5343 5368
f 5374 5368 5369
f 5369 5368 5341
f 5343 5375 5368
f 5375 5345 5370
f 5375 5370 5368
f 5368 5370 5341
f 5345 5372 5370
f 5372 5342 5367
f 5372 5367 5370
f 5370 5367 5341
f 5337 5359 5358
f 5359 5346 5373
f 5359 5373 5358
f 5358 5373 5342
f 5339 5363 5364
f 5363 5344 5376
f 5363 5376 5364
f 5364 5376 5346
f 5336 5354 5355
f 5354 5343 5374
f 5354 5374 5355
f 5355 5374 5344
f 5340 5366 5365
f 5366 5345 5375
f 5366 5375 5365
f 5365 5375 5343
f 5338 5361 5362
f 5361 5342 5372
f 5361 5372 5362
f 5362 5372 5345
v 14.713 15.201 -19.982
v 14.713 14.896 -19.982
v 14.866 15.296 -20.230
v 14.560 15.296 -20.230
v 14.960 15.049 -20.077
v 14.465 15.049 -20.077
v 14.713 14.896 -20.477
v 14.713 15.201 -20.477
v 14.560 14.801 -20.230
v 14.866 14.801 -20.230
v 14.465 15.049 -20.383
v 14.960 15.049 -20.383
v 14.713 15.049 -19.939
v 14.803 15.284 -20.084
v 14.623 15.284 -20.084
v 14.858 15.138 -19.994
v 14.567 15.138 -19.994
v 14.858 14.959 -19.994
v 14.567 14.959 -19.994
v 14.623 14.813 -20.084
v 14.803 14.813 -20.084
v 14.713 15.339 -20.230
v 14.948 15.194 -20.140
v 14.803 15.284 -20.375
v 14.948 15.194 -20.319
v 14.477 15.194 -20.140
v 14.623 15.284 -20.375
v 14.477 15.194 -20.319
v 14.948 14.903 -20.140
v 15.004 15.049 -20.230
v 14.477 14.903 -20.140
v 14.422 15.049 -20.230
v 14.713 15.049 -20.520
v 14.623 14.813 -20.375
v 14.803 14.813 -20.375
v 14.567 14.959 -20.465
v 14.858 14.959 -20.465
v 14.567 15.138 -20.465
v 14.858 15.138 -20.465
v 14.713 14.758 -20.230
v 14.477 14.903 -20.319
v 14.948 14.903 -20.319
f 5377 5393 5389
f 5393 5382 5395
f 5393 5395 5389
f 5389 5395 5378
f 5377 5391 5393
f 5391 5380 5402
f 5391 5402 5393
f 5393 5402 5382
f 5377 5390 5391
f 5390 5379 5398
f 5390 5398 5391
f 5391 5398 5380
f 5377 5392 5390
f 5392 5381 5399
f 5392 5399 5390
f 5390 5399 5379
f 5377 5389 5392
f 5389 5378 5394
f 5389 5394 5392
f 5392 5394 5381
f 5378 5395 5396
f 5395 5382 5407
f 5395 5407 5396
f 5396 5407 5385
f 5382 5402 5408
f 5402 5380 5404
f 5402 5404 5408
f 5408 5404 5387
f 5380 5398 5403
f 5398 5379 5400
f 5398 5400 5403
f 5403 5400 5384
f 5379 5399 5401
f 5399 5381 5406
f 5399 5406 5401
f 5401 5406 5388
f 5381 5394 5405
f 5394 5378 5397
f 5394 5397 5405
f 5405 5397 5386
f 5384 5415 5409
f 5415 5388 5413
f 5415 5413 5409
f 5409 5413 5383
f 5388 5418 5413
f 5418 5386 5411
f 5418 5411 5413
f 5413 5411 5383
f 5386 5416 5411
f 5416 5385 5410
f 5416 5410 5411
f 5411 5410 5383
f 5385 5417 5410
f 5417 5387 5412
f 5417 5412 5410
f 5410 5412 5383
f 5387 5414 5412
f 5414 5384 5409
f 5414 5409 5412
f 5412 5409 5383
f 5379 5401 5400
f 5401 5388 5415
f 5401 5415 5400
f 5400 5415 5384
f 5381 5405 5406
f 5405 5386 5418
f 5405 5418 5406
f 5406 5418 5388
f 5378 5396 5397
f 5396 5385 5416
f 5396 5416 5397
f 5397 5416 5386
f 5382 5408 5407
f 5408 5387 5417
f 5408 5417 5407
f 5407 5417 5385
f 5380 5403 5404
f 5403 5384 5414
f 5403 5414 5404
f 5404 5414 5387
v 35.442 -7.230 -7.937
v 35.442 -7.608 -7.937
v 35.632 -7.113 -8.243
v 35.253 -7.113 -8.243
v 35.748 -7.419 -8.054
v 35.137 -7.419 -8.054
v 35.442 -7.608 -8.549
v 35.442 -7.230 -8.549
v 35.253 -7.725 -8.243
v 35.632 -7.725 -8.243
v 35.137 -7.419 -8.432
v 35.748 -7.419 -8.432
v 35.442 -7.419 -7.883
v 35.554 -7.128 -8.063
v 35.331 -7.128 -8.063
v 35.622 -7.308 -7.952
v 35.263 -7.308 -7.952
v 35.622 -7.530 -7.952
v 35.263 -7.530 -7.952
v 35.331 -7.710 -8.063
v 35.554 -7.710 -8.063
v 35.442 -7.059 -8.243
v 35.733 -7.239 -8.132
v 35.554 -7.128 -8.423
v 35.733 -7.239 -8.354
v 35.152 -7.239 -8.132
v 35.331 -7.128 -8.423
v 35.152 -7.239 -8.354
v 35.733 -7.599 -8.132
v 35.802 -7.419 -8.243
v 35.152 -7.599 -8.132
v 35.083 -7.419 -8.243
v 35.442 -7.419 -8.602
v 35.331 -7.710 -8.423
v 35.554 -7.710 -8.423
v 35.263 -7.530 -8.534
v 35.622 -7.530 -8.534
v 35.263 -7.308 -8.534
v 35.622 -7.308 -8.534
v 35.442 -7.779 -8.243
v 35.152 -7.599 -8.354
v 35.733 -7.599 -8.354
f 5419 5435 5431
f 5435 5424 5437
f 5435 5437 5431
f 5431 5437 5420
f 5419 5433 5435
f 5433 5422 5444
f 5433 5444 5435
f 5435 5444 5424
f 5419 5432 5433
f 5432 5421 5440
f 5432 5440 5433
f 5433 5440 5422
f 5419 5434 5432
f 5434 5423 5441
f 5434 5441 5432
f 5432 5441 5421
f 5419 5431 5434
f 5431 5420 5436
f 5431 5436 5434
f 5434 5436 5423
f 5420 5437 5438
f 5437 5424 5449
f 5437 5449 5438
f 5438 5449 5427
f 5424 5444 5450
f 5444 5422 5446
f 5444 5446 5450
f 5450 5446 5429
f 5422 5440 5445
f 5440 5421 5442
f 5440 5442 5445
f 5445 5442 5426
f 5421 5441 5443
f 5441 5423 5448
f 5441 5448 5443
f 5443 5448 5430
f 5423 5436 5447
f 5436 5420 5439
f 5436 5439 5447
f 5447 5439 5428
f 5426 5457 5451
f 5457 5430 5455
f 5457 5455 5451
f 5451 5455 5425
f 5430 5460 5455
f 5460 5428 5453
f 5460 5453 5455
f 5455 5453 5425
f 5428 5458 5453
f 5458 5427 5452
f 5458 5452 5453
f 5453 5452 5425
f 5427 5459 5452
f 5459 5429 5454
f 5459 5454 5452
f 5452 5454 5425
f 5429 5456 5454
f 5456 5426 5451
f 5456 5451 5454
f 5454 5451 5425
f 5421 5443 5442
f 5443 5430 5457
f 5443 5457 5442
f 5442 5457 5426
f 5423 5447 5448
f 5447 5428 5460
f 5447 5460 5448
f 5448 5460 5430
f 5420 5438 5439
f 5438 5427 5458
f 5438 5458 5439
f 5439 5458 5428
f 5424 5450 5449
f 5450 5429 5459
f 5450 5459 5449
f 5449 5459 5427
f 5422 5445 5446
f 5445 5426 5456
f 5445 5456 5446
f 5446 5456 5429
v -32.658 -7.966 -8.099
v -32.658 -8.271 -8.099
v -32.505 -7.871 -8.347
v -32.811 -7.871 -8.347
v -32.410 -8.119 -8.194
v -32.905 -8.119 -8.194
v -32.658 -8.271 -8.594
v -32.658 -7.966 -8.594
v -32.811 -8.366 -8.347
v -32.505 -8.366 -8.347
v -32.905 -8.119 -8.500
v -32.410 -8.119 -8.500
v -32.658 -8.119 -8.056
v -32.568 -7.883 -8.201
v -32.747 -7.883 -8.201
v -32.512 -8.029 -8.111
v -32.803 -8.029 -8.111
v -32.512 -8.208 -8.111
v -32.803 -8.208 -8.111
v -32.747 -8.354 -8.201
v -32.568 -8.354 -8.201
v -32.658 -7.828 -8.347
v -32.422 -7.973 -8.257
v -32.568 -7.883 -8.492
v -32.422 -7.973 -8.437
v -32.893 -7.973 -8.257
v -32.747 -7.883 -8.492
v -32.893 -7.973 -8.437
v -32.422 -8.264 -8.257
v -32.367 -8.119 -8.347
v -32.893 -8.264 -8.257
v -32.948 -8.119 -8.347
v -32.658 -8.119 -8.638
v -32.747 -8.354 -8.492
v -32.568 -8.354 -8.492
v -32.803 -8.208 -8.582
v -32.512 -8.208 -8.582
v -32.803 -8.029 -8.582
v -32.512 -8.029 -8.582
v -32.658 -8.409 -8.347
v -32.893 -8.264 -8.437
v -32.422 -8.264 -8.437
f 5461 5477 5473
f 5477 5466 5479
f 5477 5479 5473
f 5473 5479 5462
f 5461 5475 5477
f 5475 5464 5486
f 5475 5486 5477
f 5477 5486 5466
f 5461 5474 5475
f 5474 5463 5482
f 5474 5482 5475
f 5475 5482 5464
f 5461 5476 5474
f 5476 5465 5483
f 5476 5483 5474
f 5474 5483 5463
f 5461 5473 5476
f 5473 5462 5478
f 5473 5478 5476
f 5476 5478 5465
f 5462 5479 5480
f 5479 5466 5491
f 5479 5491 5480
f 5480 5491 5469
f 5466 5486 5492
f 5486 5464 5488
f 5486 5488 5492
f 5492 5488 5471
f 5464 5482 5487
f 5482 5463 5484
f 5482 5484 5487
f 5487 5484 5468
f 5463 5483 5485
f 5483 5465 5490
f 5483 5490 5485
f 5485 5490 5472
f 5465 5478 5489
f 5478 5462 5481
f 5478 5481 5489
f 5489 5481 5470
f 5468 5499 5493
f 5499 5472 5497
f 5499 5497 5493
f 5493 5497 5467
f 5472 5502 5497
f 5502 5470 5495
f 5502 5495 5497
f 5497 5495 5467
f 5470 5500 5495
f 5500 5469 5494
f 5500 5494 5495
f 5495 5494 5467
f 5469 5501 5494
f 5501 5471 5496
f 5501 5496 5494
f 5494 5496 5467
f 5471 5498 5496
f 5498 5468 5493
f 5498 5493 5496
f 5496 5493 5467
f 5463 5485 5484
f 5485 5472 5499
f 5485 5499 5484
f 5484 5499 5468
f 5465 5489 5490
f 5489 5470 5502
f 5489 5502 5490
f 5490 5502 5472
f 5462 5480 5481
f 5480 5469 5500
f 5480 5500 5481
f 5481 5500 5470
f 5466 5492 5491
f 5492 5471 5501
f 5492 5501 5491
f 5491 5501 5469
f 5464 5487 5488
f 5487 5468 5498
f 5487 5498 5488
f 5488 5498 5471
v -2.920 -36.888 -7.248
v -2.920 -37.151 -7.248
v -2.788 -36.807 -7.461
v -3.051 -36.807 -7.461
v -2.707 -37.020 -7.329
v -3.132 -37.020 -7.329
v -2.920 -37.151 -7.673
v -2.920 -36.888 -7.673
v -3.051 -37.232 -7.461
v -2.788 -37.232 -7.461
v -3.132 -37.020 -7.592
v -2.707 -37.020 -7.592
v -2.920 -37.020 -7.211
v -2.842 -36.817 -7.336
v -2.997 -36.817 -7.336
v -2.795 -36.942 -7.258
v -3.045 -36.942 -7.258
v -2.795 -37.097 -7.258
v -3.045 -37.097 -7.258
v -2.997 -37.222 -7.336
v -2.842 -37.222 -7.336
v -2.920 -36.770 -7.461
v -2.717 -36.895 -7.383
v -2.842 -36.817 -7.586
v -2.717 -36.895 -7.538
v -3.122 -36.895 -7.383
v -2.997 -36.817 -7.586
v -3.122 -36.895 -7.538
v -2.717 -37.145 -7.383
v -2.670 -37.020 -7.461
v -3.122 -37.145 -7.383
v -3.170 -37.020 -7.461
v -2.920 -37.020 -7.711
v -2.997 -37.222 -7.586
v -2.842 -37.222 -7.586
v -3.045 -37.097 -7.663
v -2.795 -37.097 -7.663
v -3.045 -36.942 -7.663
v -2.795 -36.942 -7.663
v -2.920 -37.270 -7.461
v -3.122 -37.145 -7.538
v -2.717 -37.145 -7.538
f 5503 5519 5515
f 5519 5508 5521
f 5519 5521 5515
f 5515 5521 5504
f 5503 5517 5519
f 5517 5506 5528
f 5517 5528 5519
f 5519 5528 5508
f 5503 5516 5517
f 5516 5505 5524
f 5516 5524 5517
f 5517 5524 5506
f 5503 5518 5516
f 5518 5507 5525
f 5518 5525 5516
f 5516 5525 5505
f 5503 5515 5518
f 5515 5504 5520
f 5515 5520 5518
f 5518 5520 5507
f 5504 5521 5522
f 5521 5508 5533
f 5521 5533 5522
f 5522 5533 5511
f 5508 5528 5534
f 5528 5506 5530
f 5528 5530 5534
f 5534 5530 5513
f 5506 5524 5529
f 5524 5505 5526
f 5524 5526 5529
f 5529 5526 5510
f 5505 5525 5527
f 5525 5507 5532
f 5525 5532 5527
f 5527 5532 5514
f 5507 5520 5531
f 5520 5504 5523
f 5520 5523 5531
f 5531 5523 5512
f 5510 5541 5535
f 5541 5514 5539
f 5541 5539 5535
f 5535 5539 5509
f 5514 5544 5539
f 5544 5512 5537
f 5544 5537 5539
f 5539 5537 5509
f 5512 5542 5537
f 5542 5511 5536
f 5542 5536 5537
f 5537 5536 5509
f 5511 5543 5536
f 5543 5513 5538
f 5543 5538 5536
f 5536 5538 5509
f 5513 5540 5538
f 5540 5510 5535
f 5540 5535 5538
f 5538 5535 5509
f 5505 5527 5526
f 5527 5514 5541
f 5527 5541 5526
f 5526 5541 5510
f 5507 5531 5532
f 5531 5512 5544
f 5531 5544 5532
f 5532 5544 5514
f 5504 5522 5523
f 5522 5511 5542
f 5522 5542 5523
f 5523 5542 5512
f 5508 5534 5533
f 5534 5513 5543
f 5534 5543 5533
f 5533 5543 5511
f 5506 5529 5530
f 5529 5510 5540
f 5529 5540 5530
f 5530 5540 5513
v -35.398 -4.836 -11.011
v -35.398 -5.099 -11.011
v -35.267 -4.755 -11.223
v -35.530 -4.755 -11.223
v -35.186 -4.967 -11.092
v -35.611 -4.967 -11.092
v -35.398 -5.099 -11.436
v -35.398 -4.836 -11.436
v -35.530 -5.180 -11.223
v -35.267 -5.180 -11.223
v -35.611 -4.967 -11.355
v -35.186 -4.967 -11.355
v -35.398 -4.967 -10.973
v -35.321 -4.765 -11.098
v -35.476 -4.765 -11.098
v -35.273 -4.890 -11.021
v -35.523 -4.890 -11.021
v -35.273 -5.045 -11.021
v -35.523 -5.045 -11.021
v -35.476 -5.170 -11.098
v -35.321 -5.170 -11.098
v -35.398 -4.717 -11.223
v -35.196 -4.842 -11.146
v -35.321 -4.765 -11.348
v -35.196 -4.842 -11.301
v -35.601 -4.842 -11.146
v -35.476 -4.765 -11.348
v -35.601 -4.842 -11.301
v -35.196 -5.092 -11.146
v -35.148 -4.967 -11.223
v -35.601 -5.092 -11.146
v -35.648 -4.967 -11.223
v -35.398 -4.967 -11.473
v -35.476 -5.170 -11.348
v -35.321 -5.170 -11.348
v -35.523 -5.045 -11.426
v -35.273 -5.045 -11.426
v -35.523 -4.890 -11.426
v -35.273 -4.890 -11.426
v -35.398 -5.217 -11.223
v -35.601 -5.092 -11.301
v -35.196 -5.092 -11.301
f 5545 5561 5557
f 5561 5550 5563
f 5561 5563 5557
f 5557 5563 5546
f 5545 5559 5561
f 5559 5548 5570
f 5559 5570 5561
f 5561 5570 5550
f 5545 5558 5559
f 5558 5547 5566
f 5558 5566 5559
f 5559 5566 5548
f 5545 5560 5558
f 5560 5549 5567
f 5560 5567 5558
f 5558 5567 5547
f 5545 5557 5560
f 5557 5546 5562
f 5557 5562 5560
f 5560 5562 5549
f 5546 5563 5564
f 5563 5550 5575
f 5563 5575 5564
f 5564 5575 5553
f 5550 5570 5576
f 5570 5548 5572
f 5570 5572 5576
f 5576 5572 5555
f 5548 5566 5571
f 5566 5547 5568
f 5566 5568 5571
f 5571 5568 5552
f 5547 5567 5569
f 5567 5549 5574
f 5567 5574 5569
f 5569 5574 5556
f 5549 5562 5573
f 5562 5546 5565
f 5562 5565 5573
f 5573 5565 5554
f 5552 5583 5577
f 5583 5556 5581
f 5583 5581 5577
f 5577 5581 5551
f 5556 5586 5581
f 5586 5554 5579
f 5586 5579 5581
f 5581 5579 5551
f 5554 5584 5579
f 5584 5553 5578
f 5584 5578 5579
f 5579 5578 5551
f 5553 5585 5578
f 5585 5555 5580
f 5585 5580 5578
f 5578 5580 5551
f 5555 5582 5580
f 5582 5552 5577
f 5582 5577 5580
f 5580 5577 5551
f 5547 5569 5568
f 5569 5556 5583
f 5569 5583 5568
f 5568 5583 5552
f 5549 5573 5574
f 5573 5554 5586
f 5573 5586 5574
f 5574 5586 5556
f 5546 5564 5565
f 5564 5553 5584
f 5564 5584 5565
f 5565 5584 5554
f 5550 5576 5575
f 5576 5555 5585
f 5576 5585 5575
f 5575 5585 5553
f 5548 5571 5572
f 5571 5552 5582
f 5571 5582 5572
f 5572 5582 5555
v -0.649 -34.414 -7.416
v -0.649 -34.677 -7.416
v -0.518 -34.333 -7.629
v -0.780 -34.333 -7.629
v -0.436 -34.545 -7.498
v -0.862 -34.545 -7.498
v -0.649 -34.677 -7.842
v -0.649 -34.414 -7.842
v -0.780 -34.758 -7.629
v -0.518 -34.758 -7.629
v -0.862 -34.545 -7.760
v -0.436 -34.545 -7.760
v -0.649 -34.545 -7.379
v -0.572 -34.343 -7.504
v -0.726 -34.343 -7.504
v -0.524 -34.468 -7.427
v -0.774 -34.468 -7.427
v -0.524 -34.623 -7.427
v -0.774 -34.623 -7.427
v -0.726 -34.748 -7.504
v -0.572 -34.748 -7.504
v -0.649 -34.295 -7.629
v -0.447 -34.420 -7.552
v -0.572 -34.343 -7.754
v -0.447 -34.420 -7.706
v -0.851 -34.420 -7.552
v -0.726 -34.343 -7.754
v -0.851 -34.420 -7.706
v -0.447 -34.670 -7.552
v -0.399 -34.545 -7.629
v -0.851 -34.670 -7.552
v -0.899 -34.545 -7.629
v -0.649 -34.545 -7.879
v -0.726 -34.748 -7.754
v -0.572 -34.748 -7.754
v -0.774 -34.623 -7.831
v -0.524 -34.623 -7.831
v -0.774 -34.468 -7.831
v -0.524 -34.468 -7.831
v -0.649 -34.795 -7.629
v -0.851 -34.670 -7.706
v -0.447 -34.670 -7.706
f 5587 5603 5599
f 5603 5592 5605
f 5603 5605 5599
f 5599 5605 5588
f 5587 5601 5603
f 5601 5590 5612
f 5601 5612 5603
f 5603 5612 5592
f 5587 5600 5601
f 5600 5589 5608
f 5600 5608 5601
f 5601 5608 5590
f 5587 5602 5600
f 5602 5591 5609
f 5602 5609 5600
f 5600 5609 5589
f 5587 5599 5602
f 5599 5588 5604
f 5599 5604 5602
f 5602 5604 5591
f 5588 5605 5606
f 5605 5592 5617
f 5605 5617 5606
f 5606 5617 5595
f 5592 5612 5618
f 5612 5590 5614
f 5612 5614 5618
f 5618 5614 5597
f 5590 5608 5613
f 5608 5589 5610
f 5608 5610 5613
f 5613 5610 5594
f 5589 5609 5611
f 5609 5591 5616
f 5609 5616 5611
f 5611 5616 5598
f 5591 5604 5615
f 5604 5588 5607
f 5604 5607 5615
f 5615 5607 5596
f 5594 5625 5619
f 5625 5598 5623
f 5625 5623 5619
f 5619 5623 5593
f 5598 5628 5623
f 5628 5596 5621
f 5628 5621 5623
f 5623 5621 5593
f 5596 5626 5621
f 5626 5595 5620
f 5626 5620 5621
f 5621 5620 5593
f 5595 5627 5620
f 5627 5597 5622
f 5627 5622 5620
f 5620 5622 5593
f 5597 5624 5622
f 5624 5594 5619
f 5624 5619 5622
f 5622 5619 5593
f 5589 5611 5610
f 5611 5598 5625
f 5611 5625 5610
f 5610 5625 5594
f 5591 5615 5616
f 5615 5596 5628
f 5615 5628 5616
f 5616 5628 5598
f 5588 5606 5607
f 5606 5595 5626
f 5606 5626 5607
f 5607 5626 5596
f 5592 5618 5617
f 5618 5597 5627
f 5618 5627 5617
f 5617 5627 5595
f 5590 5613 5614
f 5613 5594 5624
f 5613 5624 5614
f 5614 5624 5597
v -0.842 -36.854 -6.893
v -0.842 -37.117 -6.893
v -0.710 -36.773 -7.105
v -0.973 -36.773 -7.105
v -0.629 -36.986 -6.974
v -1.054 -36.986 -6.974
v -0.842 -37.117 -7.318
v -0.842 -36.854 -7.318
v -0.973 -37.198 -7.105
v -0.710 -37.198 -7.105
v -1.054 -36.986 -7.237
v -0.629 -36.986 -7.237
v -0.842 -36.986 -6.855
v -0.764 -36.783 -6.980
v -0.919 -36.783 -6.980
v -0.717 -36.908 -6.903
v -0.967 -36.908 -6.903
v -0.717 -37.063 -6.903
v -0.967 -37.063 -6.903
v -0.919 -37.188 -6.980
v -0.764 -37.188 -6.980
v -0.842 -36.736 -7.105
v -0.639 -36.861 -7.028
v -0.764 -36.783 -7.230
v -0.639 -36.861 -7.182
v -1.044 -36.861 -7.028
v -0.919 -36.783 -7.230
v -1.044 -36.861 -7.182
v -0.639 -37.111 -7.028
v -0.592 -36.986 -7.105
v -1.044 -37.111 -7.028
v -1.092 -36.986 -7.105
v -0.842 -36.986 -7.355
v -0.919 -37.188 -7.230
v -0.764 -37.188 -7.230
v -0.967 -37.063 -7.307
v -0.717 -37.063 -7.307
v -0.967 -36.908 -7.307
v -0.717 -36.908 -7.307
v -0.842 -37.236 -7.105
v -1.044 -37.111 -7.182
v -0.639 -37.111 -7.182
f 5629 5645 5641
f 5645 5634 5647
f 5645 5647 5641
f 5641 5647 5630
f 5629 5643 5645
f 5643 5632 5654
f 5643 5654 5645
f 5645 5654 5634
f 5629 5642 5643
f 5642 5631 5650
f 5642 5650 5643
f 5643 5650 5632
f 5629 5644 5642
f 5644 5633 5651
f 5644 5651 5642
f 5642 5651 5631
f 5629 5641 5644
f 5641 5630 5646
f 5641 5646 5644
f 5644 5646 5633
f 5630 5647 5648
f 5647 5634 5659
f 5647 5659 5648
f 5648 5659 5637
f 5634 5654 5660
f 5654 5632 5656
f 5654 5656 5660
f 5660 5656 5639
f 5632 5650 5655
f 5650 5631 5652
f 5650 5652 5655
f 5655 5652 5636
f 5631 5651 5653
f 5651 5633 5658
f 5651 5658 5653
f 5653 5658 5640
f 5633 5646 5657
f 5646 5630 5649
f 5646 5649 5657
f 5657 5649 5638
f 5636 5667 5661
f 5667 5640 5665
f 5667 5665 5661
f 5661 5665 5635
f 5640 5670 5665
f 5670 5638 5663
f 5670 5663 5665
f 5665 5663 5635
f 5638 5668 5663
f 5668 5637 5662
f 5668 5662 5663
f 5663 5662 5635
f 5637 5669 5662
f 5669 5639 5664
f 5669 5664 5662
f 5662 5664 5635
f 5639 5666 5664
f 5666 5636 5661
f 5666 5661 5664
f 5664 5661 5635
f 5631 5653 5652
f 5653 5640 5667
f 5653 5667 5652
f 5652 5667 5636
f 5633 5657 5658
f 5657 5638 5670
f 5657 5670 5658
f 5658 5670 5640
f 5630 5648 5649
f 5648 5637 5668
f 5648 5668 5649
f 5649 5668 5638
f 5634 5660 5659
f 5660 5639 5669
f 5660 5669 5659
f 5659 5669 5637
f 5632 5655 5656
f 5655 5636 5666
f 5655 5666 5656
f 5656 5666 5639
v -10.433 -10.745 -8.024
v -10.433 -11.051 -8.024
v -10.280 -10.650 -8.272
v -10.586 -10.650 -8.272
v -10.185 -10.898 -8.119
v -10.680 -10.898 -8.119
v -10.433 -11.051 -8.519
v -10.433 -10.745 -8.519
v -10.586 -11.145 -8.272
v -10.280 -11.145 -8.272
v -10.680 -10.898 -8.425
v -10.185 -10.898 -8.425
v -10.433 -10.898 -7.981
v -10.343 -10.663 -8.126
v -10.523 -10.663 -8.126
v -10.287 -10.808 -8.036
v -10.578 -10.808 -8.036
v -10.287 -10.988 -8.036
v -10.578 -10.988 -8.036
v -10.523 -11.133 -8.126
v -10.343 -11.133 -8.126
v -10.433 -10.607 -8.272
v -10.197 -10.752 -8.182
v -10.343 -10.663 -8.417
v -10.197 -10.752 -8.362
v -10.668 -10.752 -8.182
v -10.523 -10.663 -8.417
v -10.668 -10.752 -8.362
v -10.197 -11.043 -8.182
v -10.142 -10.898 -8.272
v -10.668 -11.043 -8.182
v -10.724 -10.898 -8.272
v -10.433 -10.898 -8.563
v -10.523 -11.133 -8.417
v -10.343 -11.133 -8.417
v -10.578 -10.988 -8.507
v -10.287 -10.988 -8.507
v -10.578 -10.808 -8.507
v -10.287 -10.808 -8.507
v -10.433 -11.189 -8.272
v -10.668 -11.043 -8.362
v -10.197 -11.043 -8.362
f 5671 5687 5683
f 5687 5676 5689
f 5687 5689 5683
f 5683 5689 5672
f 5671 5685 5687
f 5685 5674 5696
f 5685 5696 5687
f 5687 5696 5676
f 5671 5684 5685
f 5684 5673 5692
f 5684 5692 5685
f 5685 5692 5674
f 5671 5686 5684
f 5686 5675 5693
f 5686 5693 5684
f 5684 5693 5673
f 5671 5683 5686
f 5683 5672 5688
f 5683 5688 5686
f 5686 5688 5675
f 5672 5689 5690
f 5689 5676 5701
f 5689 5701 5690
f 5690 5701 5679
f 5676 5696 5702
f 5696 5674 5698
f 5696 5698 5702
f 5702 5698 5681
f 5674 5692 5697
f 5692 5673 5694
f 5692 5694 5697
f 5697 5694 5678
f 5673 5693 5695
f 5693 5675 5700
f 5693 5700 5695
f 5695 5700 5682
f 5675 5688 5699
f 5688 5672 5691
f 5688 5691 5699
f 5699 5691 5680
f 5678 5709 5703
f 5709 5682 5707
f 5709 5707 5703
f 5703 5707 5677
f 5682 5712 5707
f 5712 5680 5705
f 5712 5705 5707
f 5707 5705 5677
f 5680 5710 5705
f 5710 5679 5704
f 5710 5704 5705
f 5705 5704 5677
f 5679 5711 5704
f 5711 5681 5706
f 5711 5706 5704
f 5704 5706 5677
f 5681 5708 5706
f 5708 5678 5703
f 5708 5703 5706
f 5706 5703 5677
f 5673 5695 5694
f 5695 5682 5709
f 5695 5709 5694
f 5694 5709 5678
f 5675 5699 5700
f 5699 5680 5712
f 5699 5712 5700
f 5700 5712 5682
f 5672 5690 5691
f 5690 5679 5710
f 5690 5710 5691
f 5691 5710 5680
f 5676 5702 5701
f 5702 5681 5711
f 5702 5711 5701
f 5701 5711 5679
f 5674 5697 5698
f 5697 5678 5708
f 5697 5708 5698
f 5698 5708 5681
v -9.215 -10.956 -9.191
v -9.215 -11.334 -9.191
v -9.026 -10.840 -9.497
v -9.405 -10.840 -9.497
v -8.910 -11.145 -9.308
v -9.521 -11.145 -9.308
v -9.215 -11.334 -9.803
v -9.215 -10.956 -9.803
v -9.405 -11.451 -9.497
v -9.026 -11.451 -9.497
v -9.521 -11.145 -9.686
v -8.910 -11.145 -9.686
v -9.215 -11.145 -9.137
v -9.104 -10.855 -9.317
v -9.327 -10.855 -9.317
v -9.036 -11.034 -9.206
v -9.395 -11.034 -9.206
v -9.036 -11.257 -9.206
v -9.395 -11.257 -9.206
v -9.327 -11.436 -9.317
v -9.104 -11.436 -9.317
v -9.215 -10.786 -9.497
v -8.925 -10.966 -9.386
v -9.104 -10.855 -9.677
v -8.925 -10.966 -9.608
v -9.506 -10.966 -9.386
v -9.327 -10.855 -9.677
v -9.506 -10.966 -9.608
v -8.925 -11.325 -9.386
v -8.856 -11.145 -9.497
v -9.506 -11.325 -9.386
v -9.575 -11.145 -9.497
v -9.215 -11.145 -9.856
v -9.327 -11.436 -9.677
v -9.104 -11.436 -9.677
v -9.395 -11.257 -9.788
v -9.036 -11.257 -9.788
v -9.395 -11.034 -9.788
v -9.036 -11.034 -9.788
v -9.215 -11.505 -9.497
v -9.506 -11.325 -9.608
v -8.925 -11.325 -9.608
f 5713 5729 5725
f 5729 5718 5731
f 5729 5731 5725
f 5725 5731 5714
f 5713 5727 5729
f 5727 5716 5738
f 5727 5738 5729
f 5729 5738 5718
f 5713 5726 5727
f 5726 5715 5734
f 5726 5734 5727
f 5727 5734 5716
f 5713 5728 5726
f 5728 5717 5735
f 5728 5735 5726
f 5726 5735 5715
f 5713 5725 5728
f 5725 5714 5730
f 5725 5730 5728
f 5728 5730 5717
f 5714 5731 5732
f 5731 5718 5743
f 5731 5743 5732
f 5732 5743 5721
f 5718 5738 5744
f 5738 5716 5740
f 5738 5740 5744
f 5744 5740 5723
f 5716 5734 5739
f 5734 5715 5736
f 5734 5736 5739
f 5739 5736 5720
f 5715 5735 5737
f 5735 5717 5742
f 5735 5742 5737
f 5737 5742 5724
f 5717 5730 5741
f 5730 5714 5733
f 5730 5733 5741
f 5741 5733 5722
f 5720 5751 5745
f 5751 5724 5749
f 5751 5749 5745
f 5745 5749 5719
f 5724 5754 5749
f 5754 5722 5747
f 5754 5747 5749
f 5749 5747 5719
f 5722 5752 5747
f 5752 5721 5746
f 5752 5746 5747
f 5747 5746 5719
f 5721 5753 5746
f 5753 5723 5748
f 5753 5748 5746
f 5746 5748 5719
f 5723 5750 5748
f 5750 5720 5745
f 5750 5745 5748
f 5748 5745 5719
f 5715 5737 5736
f 5737 5724 5751
f 5737 5751 5736
f 5736 5751 5720
f 5717 5741 5742
f 5741 5722 5754
f 5741 5754 5742
f 5742 5754 5724
f 5714 5732 5733
f 5732 5721 5752
f 5732 5752 5733
f 5733 5752 5722
f 5718 5744 5743
f 5744 5723 5753
f 5744 5753 5743
f 5743 5753 5721
f 5716 5739 5740
f 5739 5720 5750
f 5739 5750 5740
f 5740 5750 5723
v -34.556 9.529 -11.870
v -34.556 9.266 -11.870
v -34.425 9.610 -12.082
v -34.688 9.610 -12.082
v -34.344 9.398 -11.951
v -34.769 9.398 -11.951
v -34.556 9.266 -12.295
v -34.556 9.529 -12.295
v -34.688 9.185 -12.082
v -34.425 9.185 -12.082
v -34.769 9.398 -12.214
v -34.344 9.398 -12.214
v -34.556 9.398 -11.832
v -34.479 9.600 -11.957
v -34.633 9.600 -11.957
v -34.431 9.475 -11.880
v -34.681 9.475 -11.880
v -34.431 9.320 -11.880
v -34.681 9.320 -11.880
v -34.633 9.195 -11.957
v -34.479 9.195 -11.957
v -34.556 9.648 -12.082
v -34.354 9.523 -12.005
v -34.479 9.600 -12.207
v -34.354 9.523 -12.160
v -34.758 9.523 -12.005
v -34.633 9.600 -12.207
v -34.758 9.523 -12.160
v -34.354 9.273 -12.005
v -34.306 9.398 -12.082
v -34.758 9.273 -12.005
v -34.806 9.398 -12.082
v -34.556 9.398 -12.332
v -34.633 9.195 -12.207
v -34.479 9.195 -12.207
v -34.681 9.320 -12.285
v -34.431 9.320 -12.285
v -34.681 9.475 -12.285
v -34.431 9.475 -12.285
v -34.556 9.148 -12.082
v -34.758 9.273 -12.160
v -34.354 9.273 -12.160
f 5755 5771 5767
f 5771 5760 5773
f 5771 5773 5767
f 5767 5773 5756
f 5755 5769 5771
f 5769 5758 5780
f 5769 5780 5771
f 5771 5780 5760
f 5755 5768 5769
f 5768 5757 5776
f 5768 5776 5769
f 5769 5776 5758
f 5755 5770 5768
f 5770 5759 5777
f 5770 5777 5768
f 5768 5777 5757
f 5755 5767 5770
f 5767 5756 5772
f 5767 5772 5770
f 5770 5772 5759
f 5756 5773 5774
f 5773 5760 5785
f 5773 5785 5774
f 5774 5785 5763
f 5760 5780 5786
f 5780 5758 5782
f 5780 5782 5786
f 5786 5782 5765
f 5758 5776 5781
f 5776 5757 5778
f 5776 5778 5781
f 5781 5778 5762
f 5757 5777 5779
f 5777 5759 5784
f 5777 5784 5779
f 5779 5784 5766
f 5759 5772 5783
f 5772 5756 5775
f 5772 5775 5783
f 5783 5775 5764
f 5762 5793 5787
f 5793 5766 5791
f 5793 5791 5787
f 5787 5791 5761
f 5766 5796 5791
f 5796 5764 5789
f 5796 5789 5791
f 5791 5789 5761
f 5764 5794 5789
f 5794 5763 5788
f 5794 5788 5789
f 5789 5788 5761
f 5763 5795 5788
f 5795 5765 5790
f 5795 5790 5788
f 5788 5790 5761
f 5765 5792 5790
f 5792 5762 5787
f 5792 5787 5790
f 5790 5787 5761
f 5757 5779 5778
f 5779 5766 5793
f 5779 5793 5778
f 5778 5793 5762
f 5759 5783 5784
f 5783 5764 5796
f 5783 5796 5784
f 5784 5796 5766
f 5756 5774 5775
f 5774 5763 5794
f 5774 5794 5775
f 5775 5794 5764
f 5760 5786 5785
f 5786 5765 5795
f 5786 5795 5785
f 5785 5795 5763
f 5758 5781 5782
f 5781 5762 5792
f 5781 5792 5782
f 5782 5792 5765
v -35.167 9.153 -10.240
v -35.167 8.890 -10.240
v -35.036 9.234 -10.452
v -35.299 9.234 -10.452
v -34.955 9.022 -10.321
v -35.380 9.022 -10.321
v -35.167 8.890 -10.665
v -35.167 9.153 -10.665
v -35.299 8.809 -10.452
v -35.036 8.809 -10.452
v -35.380 9.022 -10.584
v -34.955 9.022 -10.584
v -35.167 9.022 -10.202
v -35.090 9.224 -10.327
v -35.245 9.224 -10.327
v -35.042 9.099 -10.250
v -35.292 9.099 -10.250
v -35.042 8.944 -10.250
v -35.292 8.944 -10.250
v -35.245 8.819 -10.327
v -35.090 8.819 -10.327
v -35.167 9.272 -10.452
v -34.965 9.147 -10.375
v -35.090 9.224 -10.577
v -34.965 9.147 -10.530
v -35.370 9.147 -10.375
v -35.245 9.224 -10.577
v -35.370 9.147 -10.530
v -34.965 8.897 -10.375
v -34.917 9.022 -10.452
v -35.370 8.897 -10.375
v -35.417 9.022 -10.452
v -35.167 9.022 -10.702
v -35.245 8.819 -10.577
v -35.090 8.819 -10.577
v -35.292 8.944 -10.655
v -35.042 8.944 -10.655
v -35.292 9.099 -10.655
v -35.042 9.099 -10.655
v -35.167 8.772 -10.452
v -35.370 8.897 -10.530
v -34.965 8.897 -10.530
f 5797 5813 5809
f 5813 5802 5815
f 5813 5815 5809
f 5809 5815 5798
f 5797 5811 5813
f 5811 5800 5822
f 5811 5822 5813
f 5813 5822 5802
f 5797 5810 5811
f 5810 5799 5818
f 5810 5818 5811
f 5811 5818 5800
f 5797 5812 5810
f 5812 5801 5819
f 5812 5819 5810
f 5810 5819 5799
f 5797 5809 5812
f 5809 5798 5814
f 5809 5814 5812
f 5812 5814 5801
f 5798 5815 5816
f 5815 5802 5827
f 5815 5827 5816
f 5816 5827 5805
f 5802 5822 5828
f 5822 5800 5824
f 5822 5824 5828
f 5828 5824 5807
f 5800 5818 5823
f 5818 5799 5820
f 5818 5820 5823
f 5823 5820 5804
f 5799 5819 5821
f 5819 5801 5826
f 5819 5826 5821
f 5821 5826 5808
f 5801 5814 5825
f 5814 5798 5817
f 5814 5817 5825
f 5825 5817 5806
f 5804 5835 5829
f 5835 5808 5833
f 5835 5833 5829
f 5829 5833 5803
f 5808 5838 5833
f 5838 5806 5831
f 5838 5831 5833
f 5833 5831 5803
f 5806 5836 5831
f 5836 5805 5830
f 5836 5830 5831
f 5831 5830 5803
f 5805 5837 5830
f 5837 5807 5832
f 5837 5832 5830
f 5830 5832 5803
f 5807 5834 5832
f 5834 5804 5829
f 5834 5829 5832
f 5832 5829 5803
f 5799 5821 5820
f 5821 5808 5835
f 5821 5835 5820
f 5820 5835 5804
f 5801 5825 5826
f 5825 5806 5838
f 5825 5838 5826
f 5826 5838 5808
f 5798 5816 5817
f 5816 5805 5836
f 5816 5836 5817
f 5817 5836 5806
f 5802 5828 5827
f 5828 5807 5837
f 5828 5837 5827
f 5827 5837 5805
f 5800 5823 5824
f 5823 5804 5834
f 5823 5834 5824
f 5824 5834 5807
v -30.658 12.916 -17.082
v -30.658 12.572 -17.082
v -30.486 13.022 -17.360
v -30.830 13.022 -17.360
v -30.380 12.744 -17.188
v -30.936 12.744 -17.188
v -30.658 12.572 -17.638
v -30.658 12.916 -17.638
v -30.830 12.466 -17.360
v -30.486 12.466 -17.360
v -30.936 12.744 -17.532
v -30.380 12.744 -17.532
v -30.658 12.744 -17.033
v -30.557 13.008 -17.196
v -30.759 13.008 -17.196
v -30.495 12.845 -17.095
v -30.822 12.845 -17.095
v -30.495 12.643 -17.095
v -30.822 12.643 -17.095
v -30.759 12.479 -17.196
v -30.557 12.479 -17.196
v -30.658 13.071 -17.360
v -30.394 12.907 -17.259
v -30.557 13.008 -17.523
v -30.394 12.907 -17.461
v -30.923 12.907 -17.259
v -30.759 13.008 -17.523
v -30.923 12.907 -17.461
v -30.394 12.580 -17.259
v -30.331 12.744 -17.360
v -30.923 12.580 -17.259
v -30.985 12.744 -17.360
v -30.658 12.744 -17.687
v -30.759 12.479 -17.523
v -30.557 12.479 -17.523
v -30.822 12.643 -17.624
v -30.495 12.643 -17.624
v -30.822 12.845 -17.624
v -30.495 12.845 -17.624
v -30.658 12.417 -17.360
v -30.923 12.580 -17.461
v -30.394 12.580 -17.461
f 5839 5855 5851
f 5855 5844 5857
f 5855 5857 5851
f 5851 5857 5840
f 5839 5853 5855
f 5853 5842 5864
f 5853 5864 5855
f 5855 5864 5844
f 5839 5852 5853
f 5852 5841 5860
f 5852 5860 5853
f 5853 5860 5842
f 5839 5854 5852
f 5854 5843 5861
f 5854 5861 5852
f 5852 5861 5841
f 5839 5851 5854
f 5851 5840 5856
f 5851 5856 5854
f 5854 5856 5843
f 5840 5857 5858
f 5857 5844 5869
f 5857 5869 5858
f 5858 5869 5847
f 5844 5864 5870
f 5864 5842 5866
f 5864 5866 5870
f 5870 5866 5849
f 5842 5860 5865
f 5860 5841 5862
f 5860 5862 5865
f 5865 5862 5846
f 5841 5861 5863
f 5861 5843 5868
f 5861 5868 5863
f 5863 5868 5850
f 5843 5856 5867
f 5856 5840 5859
f 5856 5859 5867
f 5867 5859 5848
f 5846 5877 5871
f 5877 5850 5875
f 5877 5875 5871
f 5871 5875 5845
f 5850 5880 5875
f 5880 5848 5873
f 5880 5873 5875
f 5875 5873 5845
f 5848 5878 5873
f 5878 5847 5872
f 5878 5872 5873
f 5873 5872 5845
f 5847 5879 5872
f 5879 5849 5874
f 5879 5874 5872
f 5872 5874 5845
f 5849 5876 5874
f 5876 5846 5871
f 5876 5871 5874
f 5874 5871 5845
f 5841 5863 5862
f 5863 5850 5877
f 5863 5877 5862
f 5862 5877 5846
f 5843 5867 5868
f 5867 5848 5880
f 5867 5880 5868
f 5868 5880 5850
f 5840 5858 5859
f 5858 5847 5878
f 5858 5878 5859
f 5859 5878 5848
f 5844 5870 5869
f 5870 5849 5879
f 5870 5879 5869
f 5869 5879 5847
f 5842 5865 5866
f 5865 5846 5876
f 5865 5876 5866
f 5866 5876 5849
v -30.748 12.800 -15.161
v -30.748 12.494 -15.161
v -30.595 12.894 -15.408
v -30.901 12.894 -15.408
v -30.500 12.647 -15.255
v -30.995 12.647 -15.255
v -30.748 12.494 -15.656
v -30.748 12.800 -15.656
v -30.901 12.399 -15.408
v -30.595 12.399 -15.408
v -30.995 12.647 -15.561
v -30.500 12.647 -15.561
v -30.748 12.647 -15.117
v -30.658 12.882 -15.263
v -30.837 12.882 -15.263
v -30.602 12.737 -15.173
v -30.893 12.737 -15.173
v -30.602 12.557 -15.173
v -30.893 12.557 -15.173
v -30.837 12.411 -15.263
v -30.658 12.411 -15.263
v -30.748 12.938 -15.408
v -30.512 12.792 -15.318
v -30.658 12.882 -15.554
v -30.512 12.792 -15.498
v -30.983 12.792 -15.318
v -30.837 12.882 -15.554
v -30.983 12.792 -15.498
v -30.512 12.501 -15.318
v -30.457 12.647 -15.408
v -30.983 12.501 -15.318
v -31.039 12.647 -15.408
v -30.748 12.647 -15.699
v -30.837 12.411 -15.554
v -30.658 12.411 -15.554
v -30.893 12.557 -15.644
v -30.602 12.557 -15.644
v -30.893 12.737 -15.644
v -30.602 12.737 -15.644
v -30.748 12.356 -15.408
v -30.983 12.501 -15.498
v -30.512 12.501 -15.498
f 5881 5897 5893
f 5897 5886 5899
f 5897 5899 5893
f 5893 5899 5882
f 5881 5895 5897
f 5895 5884 5906
f 5895 5906 5897
f 5897 5906 5886
f 5881 5894 5895
f 5894 5883 5902
f 5894 5902 5895
f 5895 5902 5884
f 5881 5896 5894
f 5896 5885 5903
f 5896 5903 5894
f 5894 5903 5883
f 5881 5893 5896
f 5893 5882 5898
f 5893 5898 5896
f 5896 5898 5885
f 5882 5899 5900
f 5899 5886 5911
f 5899 5911 5900
f 5900 5911 5889
f 5886 5906 5912
f 5906 5884 5908
f 5906 5908 5912
f 5912 5908 5891
f 5884 5902 5907
f 5902 5883 5904
f 5902 5904 5907
f 5907 5904 5888
f 5883 5903 5905
f 5903 5885 5910
f 5903 5910 5905
f 5905 5910 5892
f 5885 5898 5909
f 5898 5882 5901
f 5898 5901 5909
f 5909 5901 5890
f 5888 5919 5913
f 5919 5892 5917
f 5919 5917 5913
f 5913 5917 5887
f 5892 5922 5917
f 5922 5890 5915
f 5922 5915 5917
f 5917 5915 5887
f 5890 5920 5915
f 5920 5889 5914
f 5920 5914 5915
f 5915 5914 5887
f 5889 5921 5914
f 5921 5891 5916
f 5921 5916 5914
f 5914 5916 5887
f 5891 5918 5916
f 5918 5888 5913
f 5918 5913 5916
f 5916 5913 5887
f 5883 5905 5904
f 5905 5892 5919
f 5905 5919 5904
f 5904 5919 5888
f 5885 5909 5910
f 5909 5890 5922
f 5909 5922 5910
f 5910 5922 5892
f 5882 5900 5901
f 5900 5889 5920
f 5900 5920 5901
f 5901 5920 5890
f 5886 5912 5911
f 5912 5891 5921
f 5912 5921 5911
f 5911 5921 5889
f 5884 5907 5908
f 5907 5888 5918
f 5907 5918 5908
f 5908 5918 5891
v 13.486 -31.970 -14.892
v 13.486 -32.276 -14.892
v 13.639 -31.875 -15.140
v 13.333 -31.875 -15.140
v 13.733 -32.123 -14.987
v 13.238 -32.123 -14.987
v 13.486 -32.276 -15.387
v 13.486 -31.970 -15.387
v 13.333 -32.370 -15.140
v 13.639 -32.370 -15.140
v 13.238 -32.123 -15.293
v 13.733 -32.123 -15.293
v 13.486 -32.123 -14.849
v 13.576 -31.887 -14.994
v 13.396 -31.887 -14.994
v 13.631 -32.033 -14.905
v 13.340 -32.033 -14.905
v 13.631 -32.213 -14.905
v 13.340 -32.213 -14.905
v 13.396 -32.358 -14.994
v 13.576 -32.358 -14.994
v 13.486 -31.832 -15.140
v 13.721 -31.977 -15.050
v 13.576 -31.887 -15.285
v 13.721 -31.977 -15.230
v 13.250 -31.977 -15.050
v 13.396 -31.887 -15.285
v 13.250 -31.977 -15.230
v 13.721 -32.268 -15.050
v 13.777 -32.123 -15.140
v 13.250 -32.268 -15.050
v 13.195 -32.123 -15.140
v 13.486 -32.123 -15.431
v 13.396 -32.358 -15.285
v 13.576 -32.358 -15.285
v 13.340 -32.213 -15.375
v 13.631 -32.213 -15.375
v 13.340 -32.033 -15.375
v 13.631 -32.033 -15.375
v 13.486 -32.414 -15.140
v 13.250 -32.268 -15.230
v 13.721 -32.268 -15.230
f 5923 5939 5935
f 5939 5928 5941
f 5939 5941 5935
f 5935 5941 5924
f 5923 5937 5939
f 5937 5926 5948
f 5937 5948 5939
f 5939 5948 5928
f 5923 5936 5937
f 5936 5925 5944
f 5936 5944 5937
f 5937 5944 5926
f 5923 5938 5936
f 5938 5927 5945
f 5938 5945 5936
f 5936 5945 5925
f 5923 5935 5938
f 5935 5924 5940
f 5935 5940 5938
f 5938 5940 5927
f 5924 5941 5942
f 5941 5928 5953
f 5941 5953 5942
f 5942 5953 5931
f 5928 5948 5954
f 5948 5926 5950
f 5948 5950 5954
f 5954 5950 5933
f 5926 5944 5949
f 5944 5925 5946
f 5944 5946 5949
f 5949 5946 5930
f 5925 5945 5947
f 5945 5927 5952
f 5945 5952 5947
f 5947 5952 5934
f 5927 5940 5951
f 5940 5924 5943
f 5940 5943 5951
f 5951 5943 5932
f 5930 5961 5955
f 5961 5934 5959
f 5961 5959 5955
f 5955 5959 5929
f 5934 5964 5959
f 5964 5932 5957
f 5964 5957 5959
f 5959 5957 5929
f 5932 5962 5957
f 5962 5931 5956
f 5962 5956 5957
f 5957 5956 5929
f 5931 5963 5956
f 5963 5933 5958
f 5963 5958 5956
f 5956 5958 5929
f 5933 5960 5958
f 5960 5930 5955
f 5960 5955 5958
f 5958 5955 5929
f 5925 5947 5946
f 5947 5934 5961
f 5947 5961 5946
f 5946 5961 5930
f 5927 5951 5952
f 5951 5932 5964
f 5951 5964 5952
f 5952 5964 5934
f 5924 5942 5943
f 5942 5931 5962
f 5942 5962 5943
f 5943 5962 5932
f 5928 5954 5953
f 5954 5933 5963
f 5954 5963 5953
f 5953 5963 5931
f 5926 5949 5950
f 5949 5930 5960
f 5949 5960 5950
f 5950 5960 5933
v 5.020 -25.634 -10.641
v 5.020 -25.940 -10.641
v 5.173 -25.540 -10.889
v 4.867 -25.540 -10.889
v 5.267 -25.787 -10.736
v 4.772 -25.787 -10.736
v 5.020 -25.940 -11.136
v 5.020 -25.634 -11.136
v 4.867 -26.035 -10.889
v 5.173 -26.035 -10.889
v 4.772 -25.787 -11.042
v 5.267 -25.787 -11.042
v 5.020 -25.787 -10.598
v 5.109 -25.552 -10.743
v 4.930 -25.552 -10.743
v 5.165 -25.697 -10.653
v 4.874 -25.697 -10.653
v 5.165 -25.877 -10.653
v 4.874 -25.877 -10.653
v 4.930 -26.023 -10.743
v 5.109 -26.023 -10.743
v 5.020 -25.496 -10.889
v 5.255 -25.642 -10.799
v 5.109 -25.552 -11.034
v 5.255 -25.642 -10.978
v 4.784 -25.642 -10.799
v 4.930 -25.552 -11.034
v 4.784 -25.642 -10.978
v 5.255 -25.933 -10.799
v 5.310 -25.787 -10.889
v 4.784 -25.933 -10.799
v 4.729 -25.787 -10.889
v 5.020 -25.787 -11.180
v 4.930 -26.023 -11.034
v 5.109 -26.023 -11.034
v 4.874 -25.877 -11.124
v 5.165 -25.877 -11.124
v 4.874 -25.697 -11.124
v 5.165 -25.697 -11.124
v 5.020 -26.078 -10.889
v 4.784 -25.933 -10.978
v 5.255 -25.933 -10.978
f 5965 5981 5977
f 5981 5970 5983
f 5981 5983 5977
f 5977 5983 5966
f 5965 5979 5981
f 5979 5968 5990
f 5979 5990 5981
f 5981 5990 5970
f 5965 5978 5979
f 5978 5967 5986
f 5978 5986 5979
f 5979 5986 5968
f 5965 5980 5978
f 5980 5969 5987
f 5980 5987 5978
f 5978 5987 5967
f 5965 5977 5980
f 5977 5966 5982
f 5977 5982 5980
f 5980 5982 5969
f 5966 5983 5984
f 5983 5970 5995
f 5983 5995 5984
f 5984 5995 5973
f 5970 5990 5996
f 5990 5968 5992
f 5990 5992 5996
f 5996 5992 5975
f 5968 5986 5991
f 5986 5967 5988
f 5986 5988 5991
f 5991 5988 5972
f 5967 5987 5989
f 5987 5969 5994
f 5987 5994 5989
f 5989 5994 5976
f 5969 5982 5993
f 5982 5966 5985
f 5982 5985 5993
f 5993 5985 5974
f 5972 6003 5997
f 6003 5976 6001
f 6003 6001 5997
f 5997 6001 5971
f 5976 6006 6001
f 6006 5974 5999
f 6006 5999 6001
f 6001 5999 5971
f 5974 6004 5999
f 6004 5973 5998
f 6004 5998 5999
f 5999 5998 5971
f 5973 6005 5998
f 6005 5975 6000
f 6005 6000 5998
f 5998 6000 5971
f 5975 6002 6000
f 6002 5972 5997
f 6002 5997 6000
f 6000 5997 5971
f 5967 5989 5988
f 5989 5976 6003
f 5989 6003 5988
f 5988 6003 5972
f 5969 5993 5994
f 5993 5974 6006
f 5993 6006 5994
f 5994 6006 5976
f 5966 5984 5985
f 5984 5973 6004
f 5984 6004 5985
f 5985 6004 5974
f 5970 5996 5995
f 5996 5975 6005
f 5996 6005 5995
f 5995 6005 5973
f 5968 5991 5992
f 5991 5972 6002
f 5991 6002 5992
f 5992 6002 5975
v 7.540 -28.397 -11.869
v 7.540 -28.703 -11.869
v 7.693 -28.302 -12.117
v 7.387 -28.302 -12.117
v 7.788 -28.550 -11.964
v 7.293 -28.550 -11.964
v 7.540 -28.703 -12.364
v 7.540 -28.397 -12.364
v 7.387 -28.797 -12.117
v 7.693 -28.797 -12.117
v 7.293 -28.550 -12.270
v 7.788 -28.550 -12.270
v 7.540 -28.550 -11.826
v 7.630 -28.314 -11.971
v 7.450 -28.314 -11.971
v 7.686 -28.460 -11.881
v 7.395 -28.460 -11.881
v 7.686 -28.639 -11.881
v 7.395 -28.639 -11.881
v 7.450 -28.785 -11.971
v 7.630 -28.785 -11.971
v 7.540 -28.259 -12.117
v 7.776 -28.404 -12.027
v 7.630 -28.314 -12.262
v 7.776 -28.404 -12.207
v 7.305 -28.404 -12.027
v 7.450 -28.314 -12.262
v 7.305 -28.404 -12.207
v 7.776 -28.695 -12.027
v 7.831 -28.550 -12.117
v 7.305 -28.695 -12.027
v 7.249 -28.550 -12.117
v 7.540 -28.550 -12.408
v 7.450 -28.785 -12.262
v 7.630 -28.785 -12.262
v 7.395 -28.639 -12.352
v 7.686 -28.639 -12.352
v 7.395 -28.460 -12.352
v 7.686 -28.460 -12.352
v 7.540 -28.841 -12.117
v 7.305 -28.695 -12.207
v 7.776 -28.695 -12.207
f 6007 6023 6019
f 6023 6012 6025
f 6023 6025 6019
f 6019 6025 6008
f 6007 6021 6023
f 6021 6010 6032
f 6021 6032 6023
f 6023 6032 6012
f 6007 6020 6021
f 6020 6009 6028
f 6020 6028 6021
f 6021 6028 6010
f 6007 6022 6020
f 6022 6011 6029
f 6022 6029 6020
f 6020 6029 6009
f 6007 6019 6022
f 6019 6008 6024
f 6019 6024 6022
f 6022 6024 6011
f 6008 6025 6026
f 6025 6012 6037
f 6025 6037 6026
f 6026 6037 6015
f 6012 6032 6038
f 6032 6010 6034
f 6032 6034 6038
f 6038 6034 6017
f 6010 6028 6033
f 6028 6009 6030
f 6028 6030 6033
f 6033 6030 6014
f 6009 6029 6031
f 6029 6011 6036
f 6029 6036 6031
f 6031 6036 6018
f 6011 6024 6035
f 6024 6008 6027
f 6024 6027 6035
f 6035 6027 6016
f 6014 6045 6039
f 6045 6018 6043
f 6045 6043 6039
f 6039 6043 6013
f 6018 6048 6043
f 6048 6016 6041
f 6048 6041 6043
f 6043 6041 6013
f 6016 6046 6041
f 6046 6015 6040
f 6046 6040 6041
f 6041 6040 6013
f 6015 6047 6040
f 6047 6017 6042
f 6047 6042 6040
f 6040 6042 6013
f 6017 6044 6042
f 6044 6014 6039
f 6044 6039 6042
f 6042 6039 6013
f 6009 6031 6030
f 6031 6018 6045
f 6031 6045 6030
f 6030 6045 6014
f 6011 6035 6036
f 6035 6016 6048
f 6035 6048 6036
f 6036 6048 6018
f 6008 6026 6027
f 6026 6015 6046
f 6026 6046 6027
f 6027 6046 6016
f 6012 6038 6037
f 6038 6017 6047
f 6038 6047 6037
f 6037 6047 6015
f 6010 6033 6034
f 6033 6014 6044
f 6033 6044 6034
f 6034 6044 6017
v 0.368 -22.190 -8.125
v 0.368 -22.496 -8.125
v 0.521 -22.095 -8.373
v 0.215 -22.095 -8.373
v 0.615 -22.343 -8.220
v 0.120 -22.343 -8.220
v 0.368 -22.496 -8.620
v 0.368 -22.190 -8.620
v 0.215 -22.590 -8.373
v 0.521 -22.590 -8.373
v 0.120 -22.343 -8.526
v 0.615 -22.343 -8.526
v 0.368 -22.343 -8.082
v 0.458 -22.107 -8.228
v 0.278 -22.107 -8.228
v 0.513 -22.253 -8.138
v 0.222 -22.253 -8.138
v 0.513 -22.433 -8.138
v 0.222 -22.433 -8.138
v 0.278 -22.578 -8.228
v 0.458 -22.578 -8.228
v 0.368 -22.052 -8.373
v 0.603 -22.197 -8.283
v 0.458 -22.107 -8.518
v 0.603 -22.197 -8.463
v 0.132 -22.197 -8.283
v 0.278 -22.107 -8.518
v 0.132 -22.197 -8.463
v 0.603 -22.488 -8.283
v 0.659 -22.343 -8.373
v 0.132 -22.488 -8.283
v 0.077 -22.343 -8.373
v 0.368 -22.343 -8.664
v 0.278 -22.578 -8.518
v 0.458 -22.578 -8.518
v 0.222 -22.433 -8.608
v 0.513 -22.433 -8.608
v 0.222 -22.253 -8.608
v 0.513 -22.253 -8.608
v 0.368 -22.634 -8.373
v 0.132 -22.488 -8.463
v 0.603 -22.488 -8.463
f 6049 6065 6061
f 6065 6054 6067
f 6065 6067 6061
f 6061 6067 6050
f 6049 6063 6065
f 6063 6052 6074
f 6063 6074 6065
f 6065 6074 6054
f 6049 6062 6063
f 6062 6051 6070
f 6062 6070 6063
f 6063 6070 6052
f 6049 6064 6062
f 6064 6053 6071
f 6064 6071 6062
f 6062 6071 6051
f 6049 6061 6064
f 6061 6050 6066
f 6061 6066 6064
f 6064 6066 6053
f 6050 6067 6068
f 6067 6054 6079
f 6067 6079 6068
f 6068 6079 6057
f 6054 6074 6080
f 6074 6052 6076
f 6074 6076 6080
f 6080 6076 6059
f 6052 6070 6075
f 6070 6051 6072
f 6070 6072 6075
f 6075 6072 6056
f 6051 6071 6073
f 6071 6053 6078
f 6071 6078 6073
f 6073 6078 6060
f 6053 6066 6077
f 6066 6050 6069
f 6066 6069 6077
f 6077 6069 6058
f 6056 6087 6081
f 6087 6060 6085
f 6087 6085 6081
f 6081 6085 6055
f 6060 6090 6085
f 6090 6058 6083
f 6090 6083 6085
f 6085 6083 6055
f 6058 6088 6083
f 6088 6057 6082
f 6088 6082 6083
f 6083 6082 6055
f 6057 6089 6082
f 6089 6059 6084
f 6089 6084 6082
f 6082 6084 6055
f 6059 6086 6084
f 6086 6056 6081
f 6086 6081 6084
f 6084 6081 6055
f 6051 6073 6072
f 6073 6060 6087
f 6073 6087 6072
f 6072 6087 6056
f 6053 6077 6078
f 6077 6058 6090
f 6077 6090 6078
f 6078 6090 6060
f 6050 6068 6069
f 6068 6057 6088
f 6068 6088 6069
f 6069 6088 6058
f 6054 6080 6079
f 6080 6059 6089
f 6080 6089 6079
f 6079 6089 6057
f 6052 6075 6076
f 6075 6056 6086
f 6075 6086 6076
f 6076 6086 6059
v -2.896 -12.416 -6.992
v -2.896 -12.760 -6.992
v -2.724 -12.310 -7.270
v -3.068 -12.310 -7.270
v -2.618 -12.588 -7.098
v -3.174 -12.588 -7.098
v -2.896 -12.760 -7.548
v -2.896 -12.416 -7.548
v -3.068 -12.866 -7.270
v -2.724 -12.866 -7.270
v -3.174 -12.588 -7.442
v -2.618 -12.588 -7.442
v -2.896 -12.588 -6.943
v -2.795 -12.323 -7.106
v -2.997 -12.323 -7.106
v -2.733 -12.487 -7.005
v -3.059 -12.487 -7.005
v -2.733 -12.689 -7.005
v -3.059 -12.689 -7.005
v -2.997 -12.852 -7.106
v -2.795 -12.852 -7.106
v -2.896 -12.261 -7.270
v -2.632 -12.424 -7.169
v -2.795 -12.323 -7.433
v -2.632 -12.424 -7.371
v -3.161 -12.424 -7.169
v -2.997 -12.323 -7.433
v -3.161 -12.424 -7.371
v -2.632 -12.751 -7.169
v -2.569 -12.588 -7.270
v -3.161 -12.751 -7.169
v -3.223 -12.588 -7.270
v -2.896 -12.588 -7.597
v -2.997 -12.852 -7.433
v -2.795 -12.852 -7.433
v -3.059 -12.689 -7.534
v -2.733 -12.689 -7.534
v -3.059 -12.487 -7.534
v -2.733 -12.487 -7.534
v -2.896 -12.915 -7.270
v -3.161 -12.751 -7.371
v -2.632 -12.751 -7.371
f 6091 6107 6103
f 6107 6096 6109
f 6107 6109 6103
f 6103 6109 6092
f 6091 6105 6107
f 6105 6094 6116
f 6105 6116 6107
f 6107 6116 6096
f 6091 6104 6105
f 6104 6093 6112
f 6104 6112 6105
f 6105 6112 6094
f 6091 6106 6104
f 6106 6095 6113
f 6106 6113 6104
f 6104 6113 6093
f 6091 6103 6106
f 6103 6092 6108
f 6103 6108 6106
f 6106 6108 6095
f 6092 6109 6110
f 6109 6096 6121
f 6109 6121 6110
f 6110 6121 6099
f 6096 6116 6122
f 6116 6094 6118
f 6116 6118 6122
f 6122 6118 6101
f 6094 6112 6117
f 6112 6093 6114
f 6112 6114 6117
f 6117 6114 6098
f 6093 6113 6115
f 6113 6095 6120
f 6113 6120 6115
f 6115 6120 6102
f 6095 6108 6119
f 6108 6092 6111
f 6108 6111 6119
f 6119 6111 6100
f 6098 6129 6123
f 6129 6102 6127
f 6129 6127 6123
f 6123 6127 6097
f 6102 6132 6127
f 6132 6100 6125
f 6132 6125 6127
f 6127 6125 6097
f 6100 6130 6125
f 6130 6099 6124
f 6130 6124 6125
f 6125 6124 6097
f 6099 6131 6124
f 6131 6101 6126
f 6131 6126 6124
f 6124 6126 6097
f 6101 6128 6126
f 6128 6098 6123
f 6128 6123 6126
f 6126 6123 6097
f 6093 6115 6114
f 6115 6102 6129
f 6115 6129 6114
f 6114 6129 6098
f 6095 6119 6120
f 6119 6100 6132
f 6119 6132 6120
f 6120 6132 6102
f 6092 6110 6111
f 6110 6099 6130
f 6110 6130 6111
f 6111 6130 6100
f 6096 6122 6121
f 6122 6101 6131
f 6122 6131 6121
f 6121 6131 6099
f 6094 6117 6118
f 6117 6098 6128
f 6117 6128 6118
f 6118 6128 6101
v -1.567 -13.069 -8.138
v -1.567 -13.332 -8.138
v -1.436 -12.988 -8.351
v -1.699 -12.988 -8.351
v -1.355 -13.200 -8.220
v -1.780 -13.200 -8.220
v -1.567 -13.332 -8.564
v -1.567 -13.069 -8.564
v -1.699 -13.413 -8.351
v -1.436 -13.413 -8.351
v -1.780 -13.200 -8.482
v -1.355 -13.200 -8.482
v -1.567 -13.200 -8.101
v -1.490 -12.998 -8.226
v -1.645 -12.998 -8.226
v -1.442 -13.123 -8.149
v -1.692 -13.123 -8.149
v -1.442 -13.278 -8.149
v -1.692 -13.278 -8.149
v -1.645 -13.403 -8.226
v -1.490 -13.403 -8.226
v -1.567 -12.950 -8.351
v -1.365 -13.075 -8.274
v -1.490 -12.998 -8.476
v -1.365 -13.075 -8.428
v -1.770 -13.075 -8.274
v -1.645 -12.998 -8.476
v -1.770 -13.075 -8.428
v -1.365 -13.325 -8.274
v -1.317 -13.200 -8.351
v -1.770 -13.325 -8.274
v -1.817 -13.200 -8.351
v -1.567 -13.200 -8.601
v -1.645 -13.403 -8.476
v -1.490 -13.403 -8.476
v -1.692 -13.278 -8.553
v -1.442 -13.278 -8.553
v -1.692 -13.123 -8.553
v -1.442 -13.123 -8.553
v -1.567 -13.450 -8.351
v -1.770 -13.325 -8.428
v -1.365 -13.325 -8.428
f 6133 6149 6145
f 6149 6138 6151
f 6149 6151 6145
f 6145 6151 6134
f 6133 6147 6149
f 6147 6136 6158
f 6147 6158 6149
f 6149 6158 6138
f 6133 6146 6147
f 6146 6135 6154
f 6146 6154 6147
f 6147 6154 6136
f 6133 6148 6146
f 6148 6137 6155
f 6148 6155 6146
f 6146 6155 6135
f 6133 6145 6148
f 6145 6134 6150
f 6145 6150 6148
f 6148 6150 6137
f 6134 6151 6152
f 6151 6138 6163
f 6151 6163 6152
f 6152 6163 6141
f 6138 6158 6164
f 6158 6136 6160
f 6158 6160 6164
f 6164 6160 6143
f 6136 6154 6159
f 6154 6135 6156
f 6154 6156 6159
f 6159 6156 6140
f 6135 6155 6157
f 6155 6137 6162
f 6155 6162 6157
f 6157 6162 6144
f 6137 6150 6161
f 6150 6134 6153
f 6150 6153 6161
f 6161 6153 6142
f 6140 6171 6165
f 6171 6144 6169
f 6171 6169 6165
f 6165 6169 6139
f 6144 6174 6169
f 6174 6142 6167
f 6174 6167 6169
f 6169 6167 6139
f 6142 6172 6167
f 6172 6141 6166
f 6172 6166 6167
f 6167 6166 6139
f 6141 6173 6166
f 6173 6143 6168
f 6173 6168 6166
f 6166 6168 6139
f 6143 6170 6168
f 6170 6140 6165
f 6170 6165 6168
f 6168 6165 6139
f 6135 6157 6156
f 6157 6144 6171
f 6157 6171 6156
f 6156 6171 6140
f 6137 6161 6162
f 6161 6142 6174
f 6161 6174 6162
f 6162 6174 6144
f 6134 6152 6153
f 6152 6141 6172
f 6152 6172 6153
f 6153 6172 6142
f 6138 6164 6163
f 6164 6143 6173
f 6164 6173 6163
f 6163 6173 6141
f 6136 6159 6160
f 6159 6140 6170
f 6159 6170 6160
f 6160 6170 6143
v -1.030 -12.879 -10.753
v -1.030 -13.257 -10.753
v -0.841 -12.763 -11.059
v -1.219 -12.763 -11.059
v -0.724 -13.068 -10.870
v -1.336 -13.068 -10.870
v -1.030 -13.257 -11.365
v -1.030 -12.879 -11.365
v -1.219 -13.374 -11.059
v -0.841 -13.374 -11.059
v -1.336 -13.068 -11.248
v -0.724 -13.068 -11.248
v -1.030 -13.068 -10.699
v -0.919 -12.778 -10.879
v -1.141 -12.778 -10.879
v -0.850 -12.957 -10.768
v -1.210 -12.957 -10.768
v -0.850 -13.180 -10.768
v -1.210 -13.180 -10.768
v -1.141 -13.359 -10.879
v -0.919 -13.359 -10.879
v -1.030 -12.709 -11.059
v -0.739 -12.889 -10.948
v -0.919 -12.778 -11.239
v -0.739 -12.889 -11.170
v -1.321 -12.889 -10.948
v -1.141 -12.778 -11.239
v -1.321 -12.889 -11.170
v -0.739 -13.248 -10.948
v -0.670 -13.068 -11.059
v -1.321 -13.248 -10.948
v -1.389 -13.068 -11.059
v -1.030 -13.068 -11.419
v -1.141 -13.359 -11.239
v -0.919 -13.359 -11.239
v -1.210 -13.180 -11.350
v -0.850 -13.180 -11.350
v -1.210 -12.957 -11.350
v -0.850 -12.957 -11.350
v -1.030 -13.428 -11.059
v -1.321 -13.248 -11.170
v -0.739 -13.248 -11.170
f 6175 6191 6187
f 6191 6180 6193
f 6191 6193 6187
f 6187 6193 6176
f 6175 6189 6191
f 6189 6178 6200
f 6189 6200 6191
f 6191 6200 6180
f 6175 6188 6189
f 6188 6177 6196
f 6188 6196 6189
f 6189 6196 6178
f 6175 6190 6188
f 6190 6179 6197
f 6190 6197 6188
f 6188 6197 6177
f 6175 6187 6190
f 6187 6176 6192
f 6187 6192 6190
f 6190 6192 6179
f 6176 6193 6194
f 6193 6180 6205
f 6193 6205 6194
f 6194 6205 6183
f 6180 6200 6206
f 6200 6178 6202
f 6200 6202 6206
f 6206 6202 6185
f 6178 6196 6201
f 6196 6177 6198
f 6196 6198 6201
f 6201 6198 6182
f 6177 6197 6199
f 6197 6179 6204
f 6197 6204 6199
f 6199 6204 6186
f 6179 6192 6203
f 6192 6176 6195
f 6192 6195 6203
f 6203 6195 6184
f 6182 6213 6207
f 6213 6186 6211
f 6213 6211 6207
f 6207 6211 6181
f 6186 6216 6211
f 6216 6184 6209
f 6216 6209 6211
f 6211 6209 6181
f 6184 6214 6209
f 6214 6183 6208
f 6214 6208 6209
f 6209 6208 6181
f 6183 6215 6208
f 6215 6185 6210
f 6215 6210 6208
f 6208 6210 6181
f 6185 6212 6210
f 6212 6182 6207
f 6212 6207 6210
f 6210 6207 6181
f 6177 6199 6198
f 6199 6186 6213
f 6199 6213 6198
f 6198 6213 6182
f 6179 6203 6204
f 6203 6184 6216
f 6203 6216 6204
f 6204 6216 6186
f 6176 6194 6195
f 6194 6183 6214
f 6194 6214 6195
f 6195 6214 6184
f 6180 6206 6205
f 6206 6185 6215
f 6206 6215 6205
f 6205 6215 6183
f 6178 6201 6202
f 6201 6182 6212
f 6201 6212 6202
f 6202 6212 6185
v -9.025 3.808 -20.317
v -9.025 3.502 -20.317
v -8.872 3.902 -20.565
v -9.177 3.902 -20.565
v -8.777 3.655 -20.412
v -9.272 3.655 -20.412
v -9.025 3.502 -20.812
v -9.025 3.808 -20.812
v -9.177 3.407 -20.565
v -8.872 3.407 -20.565
v -9.272 3.655 -20.718
v -8.777 3.655 -20.718
v -9.025 3.655 -20.274
v -8.935 3.890 -20.420
v -9.114 3.890 -20.420
v -8.879 3.745 -20.330
v -9.170 3.745 -20.330
v -8.879 3.565 -20.330
v -9.170 3.565 -20.330
v -9.114 3.420 -20.420
v -8.935 3.420 -20.420
v -9.025 3.946 -20.565
v -8.789 3.800 -20.475
v -8.935 3.890 -20.710
v -8.789 3.800 -20.655
v -9.260 3.800 -20.475
v -9.114 3.890 -20.710
v -9.260 3.800 -20.655
v -8.789 3.509 -20.475
v -8.734 3.655 -20.565
v -9.260 3.509 -20.475
v -9.315 3.655 -20.565
v -9.025 3.655 -20.856
v -9.114 3.420 -20.710
v -8.935 3.420 -20.710
v -9.170 3.565 -20.800
v -8.879 3.565 -20.800
v -9.170 3.745 -20.800
v -8.879 3.745 -20.800
v -9.025 3.364 -20.565
v -9.260 3.509 -20.655
v -8.789 3.509 -20.655
f 6217 6233 6229
f 6233 6222 6235
f 6233 6235 6229
f 6229 6235 6218
f 6217 6231 6233
f 6231 6220 6242
f 6231 6242 6233
f 6233 6242 6222
f 6217 6230 6231
f 6230 6219 6238
f 6230 6238 6231
f 6231 6238 6220
f 6217 6232 6230
f 6232 6221 6239
f 6232 6239 6230
f 6230 6239 6219
f 6217 6229 6232
f 6229 6218 6234
f 6229 6234 6232
f 6232 6234 6221
f 6218 6235 6236
f 6235 6222 6247
f 6235 6247 6236
f 6236 6247 6225
f 6222 6242 6248
f 6242 6220 6244
f 6242 6244 6248
f 6248 6244 6227
f 6220 6238 6243
f 6238 6219 6240
f 6238 6240 6243
f 6243 6240 6224
f 6219 6239 6241
f 6239 6221 6246
f 6239 6246 6241
f 6241 6246 6228
f 6221 6234 6245
f 6234 6218 6237
f 6234 6237 6245
f 6245 6237 6226
f 6224 6255 6249
f 6255 6228 6253
f 6255 6253 6249
f 6249 6253 6223
f 6228 6258 6253
f 6258 6226 6251
f 6258 6251 6253
f 6253 6251 6223
f 6226 6256 6251
f 6256 6225 6250
f 6256 6250 6251
f 6251 6250 6223
f 6225 6257 6250
f 6257 6227 6252
f 6257 6252 6250
f 6250 6252 6223
f 6227 6254 6252
f 6254 6224 6249
f 6254 6249 6252
f 6252 6249 6223
f 6219 6241 6240
f 6241 6228 6255
f 6241 6255 6240
f 6240 6255 6224
f 6221 6245 6246
f 6245 6226 6258
f 6245 6258 6246
f 6246 6258 6228
f 6218 6236 6237
f 6236 6225 6256
f 6236 6256 6237
f 6237 6256 6226
f 6222 6248 6247
f 6248 6227 6257
f 6248 6257 6247
f 6247 6257 6225
f 6220 6243 6244
f 6243 6224 6254
f 6243 6254 6244
f 6244 6254 6227
v -20.786 6.864 -13.296
v -20.786 6.521 -13.296
v -20.615 6.971 -13.574
v -20.958 6.971 -13.574
v -20.508 6.693 -13.402
v -21.065 6.693 -13.402
v -20.786 6.521 -13.852
v -20.786 6.864 -13.852
v -20.958 6.414 -13.574
v -20.615 6.414 -13.574
v -21.065 6.693 -13.746
v -20.508 6.693 -13.746
v -20.786 6.693 -13.247
v -20.685 6.957 -13.411
v -20.887 6.957 -13.411
v -20.623 6.794 -13.310
v -20.950 6.794 -13.310
v -20.623 6.591 -13.310
v -20.950 6.591 -13.310
v -20.887 6.428 -13.411
v -20.685 6.428 -13.411
v -20.786 7.019 -13.574
v -20.522 6.856 -13.473
v -20.685 6.957 -13.738
v -20.522 6.856 -13.675
v -21.051 6.856 -13.473
v -20.887 6.957 -13.738
v -21.051 6.856 -13.675
v -20.522 6.529 -13.473
v -20.459 6.693 -13.574
v -21.051 6.529 -13.473
v -21.113 6.693 -13.574
v -20.786 6.693 -13.901
v -20.887 6.428 -13.738
v -20.685 6.428 -13.738
v -20.950 6.591 -13.839
v -20.623 6.591 -13.839
v -20.950 6.794 -13.839
v -20.623 6.794 -13.839
v -20.786 6.366 -13.574
v -21.051 6.529 -13.675
v -20.522 6.529 -13.675
f 6259 6275 6271
f 6275 6264 6277
f 6275 6277 6271
f 6271 6277 6260
f 6259 6273 6275
f 6273 6262 6284
f 6273 6284 6275
f 6275 6284 6264
f 6259 6272 6273
f 6272 6261 6280
f 6272 6280 6273
f 6273 6280 6262
f 6259 6274 6272
f 6274 6263 6281
f 6274 6281 6272
f 6272 6281 6261
f 6259 6271 6274
f 6271 6260 6276
f 6271 6276 6274
f 6274 6276 6263
f 6260 6277 6278
f 6277 6264 6289
f 6277 6289 6278
f 6278 6289 6267
f 6264 6284 6290
f 6284 6262 6286
f 6284 6286 6290
f 6290 6286 6269
f 6262 6280 6285
f 6280 6261 6282
f 6280 6282 6285
f 6285 6282 6266
f 6261 6281 6283
f 6281 6263 6288
f 6281 6288 6283
f 6283 6288 6270
f 6263 6276 6287
f 6276 6260 6279
f 6276 6279 6287
f 6287 6279 6268
f 6266 6297 6291
f 6297 6270 6295
f 6297 6295 6291
f 6291 6295 6265
f 6270 6300 6295
f 6300 6268 6293
f 6300 6293 6295
f 6295 6293 6265
f 6268 6298 6293
f 6298 6267 6292
f 6298 6292 6293
f 6293 6292 6265
f 6267 6299 6292
f 6299 6269 6294
f 6299 6294 6292
f 6292 6294 6265
f 6269 6296 6294
f 6296 6266 6291
f 6296 6291 6294
f 6294 6291 6265
f 6261 6283 6282
f 6283 6270 6297
f 6283 6297 6282
f 6282 6297 6266
f 6263 6287 6288
f 6287 6268 6300
f 6287 6300 6288
f 6288 6300 6270
f 6260 6278 6279
f 6278 6267 6298
f 6278 6298 6279
f 6279 6298 6268
f 6264 6290 6289
f 6290 6269 6299
f 6290 6299 6289
f 6289 6299 6267
f 6262 6285 6286
f 6285 6266 6296
f 6285 6296 6286
f 6286 6296 6269
v -14.460 6.439 -20.305
v -14.460 6.134 -20.305
v -14.307 6.534 -20.553
v -14.613 6.534 -20.553
v -14.212 6.286 -20.400
v -14.707 6.286 -20.400
v -14.460 6.134 -20.800
v -14.460 6.439 -20.800
v -14.613 6.039 -20.553
v -14.307 6.039 -20.553
v -14.707 6.286 -20.706
v -14.212 6.286 -20.706
v -14.460 6.286 -20.262
v -14.370 6.522 -20.407
v -14.550 6.522 -20.407
v -14.314 6.376 -20.317
v -14.605 6.376 -20.317
v -14.314 6.197 -20.317
v -14.605 6.197 -20.317
v -14.550 6.051 -20.407
v -14.370 6.051 -20.407
v -14.460 6.577 -20.553
v -14.225 6.432 -20.463
v -14.370 6.522 -20.698
v -14.225 6.432 -20.643
v -14.695 6.432 -20.463
v -14.550 6.522 -20.698
v -14.695 6.432 -20.643
v -14.225 6.141 -20.463
v -14.169 6.286 -20.553
v -14.695 6.141 -20.463
v -14.751 6.286 -20.553
v -14.460 6.286 -20.844
v -14.550 6.051 -20.698
v -14.370 6.051 -20.698
v -14.605 6.197 -20.788
v -14.314 6.197 -20.788
v -14.605 6.376 -20.788
v -14.314 6.376 -20.788
v -14.460 5.996 -20.553
v -14.695 6.141 -20.643
v -14.225 6.141 -20.643
f 6301 6317 6313
f 6317 6306 6319
f 6317 6319 6313
f 6313 6319 6302
f 6301 6315 6317
f 6315 6304 6326
f 6315 6326 6317
f 6317 6326 6306
f 6301 6314 6315
f 6314 6303 6322
f 6314 6322 6315
f 6315 6322 6304
f 6301 6316 6314
f 6316 6305 6323
f 6316 6323 6314
f 6314 6323 6303
f 6301 6313 6316
f 6313 6302 6318
f 6313 6318 6316
f 6316 6318 6305
f 6302 6319 6320
f 6319 6306 6331
f 6319 6331 6320
f 6320 6331 6309
f 6306 6326 6332
f 6326 6304 6328
f 6326 6328 6332
f 6332 6328 6311
f 6304 6322 6327
f 6322 6303 6324
f 6322 6324 6327
f 6327 6324 6308
f 6303 6323 6325
f 6323 6305 6330
f 6323 6330 6325
f 6325 6330 6312
f 6305 6318 6329
f 6318 6302 6321
f 6318 6321 6329
f 6329 6321 6310
f 6308 6339 6333
f 6339 6312 6337
f 6339 6337 6333
f 6333 6337 6307
f 6312 6342 6337
f 6342 6310 6335
f 6342 6335 6337
f 6337 6335 6307
f 6310 6340 6335
f 6340 6309 6334
f 6340 6334 6335
f 6335 6334 6307
f 6309 6341 6334
f 6341 6311 6336
f 6341 6336 6334
f 6334 6336 6307
f 6311 6338 6336
f 6338 6308 6333
f 6338 6333 6336
f 6336 6333 6307
f 6303 6325 6324
f 6325 6312 6339
f 6325 6339 6324
f 6324 6339 6308
f 6305 6329 6330
f 6329 6310 6342
f 6329 6342 6330
f 6330 6342 6312
f 6302 6320 6321
f 6320 6309 6340
f 6320 6340 6321
f 6321 6340 6310
f 6306 6332 6331
f 6332 6311 6341
f 6332 6341 6331
f 6331 6341 6309
f 6304 6327 6328
f 6327 6308 6338
f 6327 6338 6328
f 6328 6338 6311
v 1.687 -13.570 -16.778
v 1.687 -13.948 -16.778
v 1.876 -13.453 -17.084
v 1.498 -13.453 -17.084
v 1.993 -13.759 -16.895
v 1.381 -13.759 -16.895
v 1.687 -13.948 -17.390
v 1.687 -13.570 -17.390
v 1.498 -14.064 -17.084
v 1.876 -14.064 -17.084
v 1.381 -13.759 -17.273
v 1.993 -13.759 -17.273
v 1.687 -13.759 -16.724
v 1.798 -13.468 -16.904
v 1.576 -13.468 -16.904
v 1.867 -13.647 -16.793
v 1.507 -13.647 -16.793
v 1.867 -13.870 -16.793
v 1.507 -13.870 -16.793
v 1.576 -14.049 -16.904
v 1.798 -14.049 -16.904
v 1.687 -13.399 -17.084
v 1.978 -13.579 -16.973
v 1.798 -13.468 -17.264
v 1.978 -13.579 -17.195
v 1.396 -13.579 -16.973
v 1.576 -13.468 -17.264
v 1.396 -13.579 -17.195
v 1.978 -13.938 -16.973
v 2.047 -13.759 -17.084
v 1.396 -13.938 -16.973
v 1.327 -13.759 -17.084
v 1.687 -13.759 -17.443
v 1.576 -14.049 -17.264
v 1.798 -14.049 -17.264
v 1.507 -13.870 -17.375
v 1.867 -13.870 -17.375
v 1.507 -13.647 -17.375
v 1.867 -13.647 -17.375
v 1.687 -14.118 -17.084
v 1.396 -13.938 -17.195
v 1.978 -13.938 -17.195
f 6343 6359 6355
f 6359 6348 6361
f 6359 6361 6355
f 6355 6361 6344
f 6343 6357 6359
f 6357 6346 6368
f 6357 6368 6359
f 6359 6368 6348
f 6343 6356 6357
f 6356 6345 6364
f 6356 6364 6357
f 6357 6364 6346
f 6343 6358 6356
f 6358 6347 6365
f 6358 6365 6356
f 6356 6365 6345
f 6343 6355 6358
f 6355 6344 6360
f 6355 6360 6358
f 6358 6360 6347
f 6344 6361 6362
f 6361 6348 6373
f 6361 6373 6362
f 6362 6373 6351
f 6348 6368 6374
f 6368 6346 6370
f 6368 6370 6374
f 6374 6370 6353
f 6346 6364 6369
f 6364 6345 6366
f 6364 6366 6369
f 6369 6366 6350
f 6345 6365 6367
f 6365 6347 6372
f 6365 6372 6367
f 6367 6372 6354
f 6347 6360 6371
f 6360 6344 6363
f 6360 6363 6371
f 6371 6363 6352
f 6350 6381 6375
f 6381 6354 6379
f 6381 6379 6375
f 6375 6379 6349
f 6354 6384 6379
f 6384 6352 6377
f 6384 6377 6379
f 6379 6377 6349
f 6352 6382 6377
f 6382 6351 6376
f 6382 6376 6377
f 6377 6376 6349
f 6351 6383 6376
f 6383 6353 6378
f 6383 6378 6376
f 6376 6378 6349
f 6353 6380 6378
f 6380 6350 6375
f 6380 6375 6378
f 6378 6375 6349
f 6345 6367 6366
f 6367 6354 6381
f 6367 6381 6366
f 6366 6381 6350
f 6347 6371 6372
f 6371 6352 6384
f 6371 6384 6372
f 6372 6384 6354
f 6344 6362 6363
f 6362 6351 6382
f 6362 6382 6363
f 6363 6382 6352
f 6348 6374 6373
f 6374 6353 6383
f 6374 6383 6373
f 6373 6383 6351
f 6346 6369 6370
f 6369 6350 6380
f 6369 6380 6370
f 6370 6380 6353
v 5.849 -12.329 -17.144
v 5.849 -12.635 -17.144
v 6.002 -12.234 -17.392
v 5.696 -12.234 -17.392
v 6.097 -12.482 -17.239
v 5.602 -12.482 -17.239
v 5.849 -12.635 -17.639
v 5.849 -12.329 -17.639
v 5.696 -12.729 -17.392
v 6.002 -12.729 -17.392
v 5.602 -12.482 -17.545
v 6.097 -12.482 -17.545
v 5.849 -12.482 -17.101
v 5.939 -12.246 -17.246
v 5.759 -12.246 -17.246
v 5.994 -12.392 -17.156
v 5.704 -12.392 -17.156
v 5.994 -12.572 -17.156
v 5.704 -12.572 -17.156
v 5.759 -12.717 -17.246
v 5.939 -12.717 -17.246
v 5.849 -12.191 -17.392
v 6.084 -12.336 -17.302
v 5.939 -12.246 -17.537
v 6.084 -12.336 -17.482
v 5.614 -12.336 -17.302
v 5.759 -12.246 -17.537
v 5.614 -12.336 -17.482
v 6.084 -12.627 -17.302
v 6.140 -12.482 -17.392
v 5.614 -12.627 -17.302
v 5.558 -12.482 -17.392
v 5.849 -12.482 -17.683
v 5.759 -12.717 -17.537
v 5.939 -12.717 -17.537
v 5.704 -12.572 -17.627
v 5.994 -12.572 -17.627
v 5.704 -12.392 -17.627
v 5.994 -12.392 -17.627
v 5.849 -12.773 -17.392
v 5.614 -12.627 -17.482
v 6.084 -12.627 -17.482
f 6385 6401 6397
f 6401 6390 6403
f 6401 6403 6397
f 6397 6403 6386
f 6385 6399 6401
f 6399 6388 6410
f 6399 6410 6401
f 6401 6410 6390
f 6385 6398 6399
f 6398 6387 6406
f 6398 6406 6399
f 6399 6406 6388
f 6385 6400 6398
f 6400 6389 6407
f 6400 6407 6398
f 6398 6407 6387
f 6385 6397 6400
f 6397 6386 6402
f 6397 6402 6400
f 6400 6402 6389
f 6386 6403 6404
f 6403 6390 6415
f 6403 6415 6404
f 6404 6415 6393
f 6390 6410 6416
f 6410 6388 6412
f 6410 6412 6416
f 6416 6412 6395
f 6388 6406 6411
f 6406 6387 6408
f 6406 6408 6411
f 6411 6408 6392
f 6387 6407 6409
f 6407 6389 6414
f 6407 6414 6409
f 6409 6414 6396
f 6389 6402 6413
f 6402 6386 6405
f 6402 6405 6413
f 6413 6405 6394
f 6392 6423 6417
f 6423 6396 6421
f 6423 6421 6417
f 6417 6421 6391
f 6396 6426 6421
f 6426 6394 6419
f 6426 6419 6421
f 6421 6419 6391
f 6394 6424 6419
f 6424 6393 6418
f 6424 6418 6419
f 6419 6418 6391
f 6393 6425 6418
f 6425 6395 6420
f 6425 6420 6418
f 6418 6420 6391
f 6395 6422 6420
f 6422 6392 6417
f 6422 6417 6420
f 6420 6417 6391
f 6387 6409 6408
f 6409 6396 6423
f 6409 6423 6408
f 6408 6423 6392
f 6389 6413 6414
f 6413 6394 6426
f 6413 6426 6414
f 6414 6426 6396
f 6386 6404 6405
f 6404 6393 6424
f 6404 6424 6405
f 6405 6424 6394
f 6390 6416 6415
f 6416 6395 6425
f 6416 6425 6415
f 6415 6425 6393
f 6388 6411 6412
f 6411 6392 6422
f 6411 6422 6412
f 6412 6422 6395
v -5.559 -8.115 -10.442
v -5.559 -8.378 -10.442
v -5.428 -8.034 -10.655
v -5.690 -8.034 -10.655
v -5.346 -8.247 -10.524
v -5.772 -8.247 -10.524
v -5.559 -8.378 -10.868
v -5.559 -8.115 -10.868
v -5.690 -8.459 -10.655
v -5.428 -8.459 -10.655
v -5.772 -8.247 -10.786
v -5.346 -8.247 -10.786
v -5.559 -8.247 -10.405
v -5.482 -8.045 -10.530
v -5.636 -8.045 -10.530
v -5.434 -8.170 -10.453
v -5.684 -8.170 -10.453
v -5.434 -8.324 -10.453
v -5.684 -8.324 -10.453
v -5.636 -8.449 -10.530
v -5.482 -8.449 -10.530
v -5.559 -7.997 -10.655
v -5.357 -8.122 -10.578
v -5.482 -8.045 -10.780
v -5.357 -8.122 -10.732
v -5.761 -8.122 -10.578
v -5.636 -8.045 -10.780
v -5.761 -8.122 -10.732
v -5.357 -8.372 -10.578
v -5.309 -8.247 -10.655
v -5.761 -8.372 -10.578
v -5.809 -8.247 -10.655
v -5.559 -8.247 -10.905
v -5.636 -8.449 -10.780
v -5.482 -8.449 -10.780
v -5.684 -8.324 -10.857
v -5.434 -8.324 -10.857
v -5.684 -8.170 -10.857
v -5.434 -8.170 -10.857
v -5.559 -8.497 -10.655
v -5.761 -8.372 -10.732
v -5.357 -8.372 -10.732
f 6427 6443 6439
f 6443 6432 6445
f 6443 6445 6439
f 6439 6445 6428
f 6427 6441 6443
f 6441 6430 6452
f 6441 6452 6443
f 6443 6452 6432
f 6427 6440 6441
f 6440 6429 6448
f 6440 6448 6441
f 6441 6448 6430
f 6427 6442 6440
f 6442 6431 6449
f 6442 6449 6440
f 6440 6449 6429
f 6427 6439 6442
f 6439 6428 6444
f 6439 6444 6442
f 6442 6444 6431
f 6428 6445 6446
f 6445 6432 6457
f 6445 6457 6446
f 6446 6457 6435
f 6432 6452 6458
f 6452 6430 6454
f 6452 6454 6458
f 6458 6454 6437
f 6430 6448 6453
f 6448 6429 6450
f 6448 6450 6453
f 6453 6450 6434
f 6429 6449 6451
f 6449 6431 6456
f 6449 6456 6451
f 6451 6456 6438
f 6431 6444 6455
f 6444 6428 6447
f 6444 6447 6455
f 6455 6447 6436
f 6434 6465 6459
f 6465 6438 6463
f 6465 6463 6459
f 6459 6463 6433
f 6438 6468 6463
f 6468 6436 6461
f 6468 6461 6463
f 6463 6461 6433
f 6436 6466 6461
f 6466 6435 6460
f 6466 6460 6461
f 6461 6460 6433
f 6435 6467 6460
f 6467 6437 6462
f 6467 6462 6460
f 6460 6462 6433
f 6437 6464 6462
f 6464 6434 6459
f 6464 6459 6462
f 6462 6459 6433
f 6429 6451 6450
f 6451 6438 6465
f 6451 6465 6450
f 6450 6465 6434
f 6431 6455 6456
f 6455 6436 6468
f 6455 6468 6456
f 6456 6468 6438
f 6428 6446 6447
f 6446 6435 6466
f 6446 6466 6447
f 6447 6466 6436
f 6432 6458 6457
f 6458 6437 6467
f 6458 6467 6457
f 6457 6467 6435
f 6430 6453 6454
f 6453 6434 6464
f 6453 6464 6454
f 6454 6464 6437
v 0.332 -9.577 -15.755
v 0.332 -9.920 -15.755
v 0.504 -9.470 -16.033
v 0.160 -9.470 -16.033
v 0.610 -9.749 -15.861
v 0.054 -9.749 -15.861
v 0.332 -9.920 -16.311
v 0.332 -9.577 -16.311
v 0.160 -10.027 -16.033
v 0.504 -10.027 -16.033
v 0.054 -9.749 -16.205
v 0.610 -9.749 -16.205
v 0.332 -9.749 -15.706
v 0.433 -9.484 -15.870
v 0.231 -9.484 -15.870
v 0.496 -9.648 -15.769
v 0.169 -9.648 -15.769
v 0.496 -9.850 -15.769
v 0.169 -9.850 -15.769
v 0.231 -10.013 -15.870
v 0.433 -10.013 -15.870
v 0.332 -9.422 -16.033
v 0.597 -9.585 -15.932
v 0.433 -9.484 -16.197
v 0.597 -9.585 -16.134
v 0.068 -9.585 -15.932
v 0.231 -9.484 -16.197
v 0.068 -9.585 -16.134
v 0.597 -9.912 -15.932
v 0.659 -9.749 -16.033
v 0.068 -9.912 -15.932
v 0.005 -9.749 -16.033
v 0.332 -9.749 -16.360
v 0.231 -10.013 -16.197
v 0.433 -10.013 -16.197
v 0.169 -9.850 -16.298
v 0.496 -9.850 -16.298
v 0.169 -9.648 -16.298
v 0.496 -9.648 -16.298
v 0.332 -10.076 -16.033
v 0.068 -9.912 -16.134
v 0.597 -9.912 -16.134
f 6469 6485 6481
f 6485 6474 6487
f 6485 6487 6481
f 6481 6487 6470
f 6469 6483 6485
f 6483 6472 6494
f 6483 6494 6485
f 6485 6494 6474
f 6469 6482 6483
f 6482 6471 6490
f 6482 6490 6483
f 6483 6490 6472
f 6469 6484 6482
f 6484 6473 6491
f 6484 6491 6482
f 6482 6491 6471
f 6469 6481 6484
f 6481 6470 6486
f 6481 6486 6484
f 6484 6486 6473
f 6470 6487 6488
f 6487 6474 6499
f 6487 6499 6488
f 6488 6499 6477
f 6474 6494 6500
f 6494 6472 6496
f 6494 6496 6500
f 6500 6496 6479
f 6472 6490 6495
f 6490 6471 6492
f 6490 6492 6495
f 6495 6492 6476
f 6471 6491 6493
f 6491 6473 6498
f 6491 6498 6493
f 6493 6498 6480
f 6473 6486 6497
f 6486 6470 6489
f 6486 6489 6497
f 6497 6489 6478
f 6476 6507 6501
f 6507 6480 6505
f 6507 6505 6501
f 6501 6505 6475
f 6480 6510 6505
f 6510 6478 6503
f 6510 6503 6505
f 6505 6503 6475
f 6478 6508 6503
f 6508 6477 6502
f 6508 6502 6503
f 6503 6502 6475
f 6477 6509 6502
f 6509 6479 6504
f 6509 6504 6502
f 6502 6504 6475
f 6479 6506 6504
f 6506 6476 6501
f 6506 6501 6504
f 6504 6501 6475
f 6471 6493 6492
f 6493 6480 6507
f 6493 6507 6492
f 6492 6507 6476
f 6473 6497 6498
f 6497 6478 6510
f 6497 6510 6498
f 6498 6510 6480
f 6470 6488 6489
f 6488 6477 6508
f 6488 6508 6489
f 6489 6508 6478
f 6474 6500 6499
f 6500 6479 6509
f 6500 6509 6499
f 6499 6509 6477
f 6472 6495 6496
f 6495 6476 6506
f 6495 6506 6496
f 6496 6506 6479
v 3.080 -11.995 -15.783
v 3.080 -12.339 -15.783
v 3.252 -11.889 -16.061
v 2.908 -11.889 -16.061
v 3.358 -12.167 -15.890
v 2.802 -12.167 -15.890
v 3.080 -12.339 -16.340
v 3.080 -11.995 -16.340
v 2.908 -12.445 -16.061
v 3.252 -12.445 -16.061
v 2.802 -12.167 -16.233
v 3.358 -12.167 -16.233
v 3.080 -12.167 -15.735
v 3.181 -11.902 -15.898
v 2.979 -11.902 -15.898
v 3.243 -12.066 -15.797
v 2.916 -12.066 -15.797
v 3.243 -12.268 -15.797
v 2.916 -12.268 -15.797
v 2.979 -12.431 -15.898
v 3.181 -12.431 -15.898
v 3.080 -11.840 -16.061
v 3.344 -12.003 -15.960
v 3.181 -11.902 -16.225
v 3.344 -12.003 -16.162
v 2.815 -12.003 -15.960
v 2.979 -11.902 -16.225
v 2.815 -12.003 -16.162
v 3.344 -12.330 -15.960
v 3.407 -12.167 -16.061
v 2.815 -12.330 -15.960
v 2.753 -12.167 -16.061
v 3.080 -12.167 -16.388
v 2.979 -12.431 -16.225
v 3.181 -12.431 -16.225
v 2.916 -12.268 -16.326
v 3.243 -12.268 -16.326
v 2.916 -12.066 -16.326
v 3.243 -12.066 -16.326
v 3.080 -12.494 -16.061
v 2.815 -12.330 -16.162
v 3.344 -12.330 -16.162
f 6511 6527 6523
f 6527 6516 6529
f 6527 6529 6523
f 6523 6529 6512
f 6511 6525 6527
f 6525 6514 6536
f 6525 6536 6527
f 6527 6536 6516
f 6511 6524 6525
f 6524 6513 6532
f 6524 6532 6525
f 6525 6532 6514
f 6511 6526 6524
f 6526 6515 6533
f 6526 6533 6524
f 6524 6533 6513
f 6511 6523 6526
f 6523 6512 6528
f 6523 6528 6526
f 6526 6528 6515
f 6512 6529 6530
f 6529 6516 6541
f 6529 6541 6530
f 6530 6541 6519
f 6516 6536 6542
f 6536 6514 6538
f 6536 6538 6542
f 6542 6538 6521
f 6514 6532 6537
f 6532 6513 6534
f 6532 6534 6537
f 6537 6534 6518
f 6513 6533 6535
f 6533 6515 6540
f 6533 6540 6535
f 6535 6540 6522
f 6515 6528 6539
f 6528 6512 6531
f 6528 6531 6539
f 6539 6531 6520
f 6518 6549 6543
f 6549 6522 6547
f 6549 6547 6543
f 6543 6547 6517
f 6522 6552 6547
f 6552 6520 6545
f 6552 6545 6547
f 6547 6545 6517
f 6520 6550 6545
f 6550 6519 6544
f 6550 6544 6545
f 6545 6544 6517
f 6519 6551 6544
f 6551 6521 6546
f 6551 6546 6544
f 6544 6546 6517
f 6521 6548 6546
f 6548 6518 6543
f 6548 6543 6546
f 6546 6543 6517
f 6513 6535 6534
f 6535 6522 6549
f 6535 6549 6534
f 6534 6549 6518
f 6515 6539 6540
f 6539 6520 6552
f 6539 6552 6540
f 6540 6552 6522
f 6512 6530 6531
f 6530 6519 6550
f 6530 6550 6531
f 6531 6550 6520
f 6516 6542 6541
f 6542 6521 6551
f 6542 6551 6541
f 6541 6551 6519
f 6514 6537 6538
f 6537 6518 6548
f 6537 6548 6538
f 6538 6548 6521
v 3.510 -9.181 -18.899
v 3.510 -9.444 -18.899
v 3.642 -9.100 -19.112
v 3.379 -9.100 -19.112
v 3.723 -9.313 -18.980
v 3.297 -9.313 -18.980
v 3.510 -9.444 -19.325
v 3.510 -9.181 -19.325
v 3.379 -9.526 -19.112
v 3.642 -9.526 -19.112
v 3.297 -9.313 -19.243
v 3.723 -9.313 -19.243
v 3.510 -9.313 -18.862
v 3.587 -9.111 -18.987
v 3.433 -9.111 -18.987
v 3.635 -9.236 -18.910
v 3.385 -9.236 -18.910
v 3.635 -9.390 -18.910
v 3.385 -9.390 -18.910
v 3.433 -9.515 -18.987
v 3.587 -9.515 -18.987
v 3.510 -9.063 -19.112
v 3.712 -9.188 -19.035
v 3.587 -9.111 -19.237
v 3.712 -9.188 -19.189
v 3.308 -9.188 -19.035
v 3.433 -9.111 -19.237
v 3.308 -9.188 -19.189
v 3.712 -9.438 -19.035
v 3.760 -9.313 -19.112
v 3.308 -9.438 -19.035
v 3.260 -9.313 -19.112
v 3.510 -9.313 -19.362
v 3.433 -9.515 -19.237
v 3.587 -9.515 -19.237
v 3.385 -9.390 -19.314
v 3.635 -9.390 -19.314
v 3.385 -9.236 -19.314
v 3.635 -9.236 -19.314
v 3.510 -9.563 -19.112
v 3.308 -9.438 -19.189
v 3.712 -9.438 -19.189
f 6553 6569 6565
f 6569 6558 6571
f 6569 6571 6565
f 6565 6571 6554
f 6553 6567 6569
f 6567 6556 6578
f 6567 6578 6569
f 6569 6578 6558
f 6553 6566 6567
f 6566 6555 6574
f 6566 6574 6567
f 6567 6574 6556
f 6553 6568 6566
f 6568 6557 6575
f 6568 6575 6566
f 6566 6575 6555
f 6553 6565 6568
f 6565 6554 6570
f 6565 6570 6568
f 6568 6570 6557
f 6554 6571 6572
f 6571 6558 6583
f 6571 6583 6572
f 6572 6583 6561
f 6558 6578 6584
f 6578 6556 6580
f 6578 6580 6584
f 6584 6580 6563
f 6556 6574 6579
f 6574 6555 6576
f 6574 6576 6579
f 6579 6576 6560
f 6555 6575 6577
f 6575 6557 6582
f 6575 6582 6577
f 6577 6582 6564
f 6557 6570 6581
f 6570 6554 6573
f 6570 6573 6581
f 6581 6573 6562
f 6560 6591 6585
f 6591 6564 6589
f 6591 6589 6585
f 6585 6589 6559
f 6564 6594 6589
f 6594 6562 6587
f 6594 6587 6589
f 6589 6587 6559
f 6562 6592 6587
f 6592 6561 6586
f 6592 6586 6587
f 6587 6586 6559
f 6561 6593 6586
f 6593 6563 6588
f 6593 6588 6586
f 6586 6588 6559
f 6563 6590 6588
f 6590 6560 6585
f 6590 6585 6588
f 6588 6585 6559
f 6555 6577 6576
f 6577 6564 6591
f 6577 6591 6576
f 6576 6591 6560
f 6557 6581 6582
f 6581 6562 6594
f 6581 6594 6582
f 6582 6594 6564
f 6554 6572 6573
f 6572 6561 6592
f 6572 6592 6573
f 6573 6592 6562
f 6558 6584 6583
f 6584 6563 6593
f 6584 6593 6583
f 6583 6593 6561
f 6556 6579 6580
f 6579 6560 6590
f 6579 6590 6580
f 6580 6590 6563
v 7.747 3.304 -9.190
v 7.747 3.041 -9.190
v 7.878 3.386 -9.402
v 7.615 3.386 -9.402
v 7.959 3.173 -9.271
v 7.534 3.173 -9.271
v 7.747 3.041 -9.615
v 7.747 3.304 -9.615
v 7.615 2.960 -9.402
v 7.878 2.960 -9.402
v 7.534 3.173 -9.534
v 7.959 3.173 -9.534
v 7.747 3.173 -9.152
v 7.824 3.375 -9.277
v 7.669 3.375 -9.277
v 7.872 3.250 -9.200
v 7.622 3.250 -9.200
v 7.872 3.096 -9.200
v 7.622 3.096 -9.200
v 7.669 2.971 -9.277
v 7.824 2.971 -9.277
v 7.747 3.423 -9.402
v 7.949 3.298 -9.325
v 7.824 3.375 -9.527
v 7.949 3.298 -9.480
v 7.544 3.298 -9.325
v 7.669 3.375 -9.527
v 7.544 3.298 -9.480
v 7.949 3.048 -9.325
v 7.997 3.173 -9.402
v 7.544 3.048 -9.325
v 7.497 3.173 -9.402
v 7.747 3.173 -9.652
v 7.669 2.971 -9.527
v 7.824 2.971 -9.527
v 7.622 3.096 -9.605
v 7.872 3.096 -9.605
v 7.622 3.250 -9.605
v 7.872 3.250 -9.605
v 7.747 2.923 -9.402
v 7.544 3.048 -9.480
v 7.949 3.048 -9.480
f 6595 6611 6607
f 6611 6600 6613
f 6611 6613 6607
f 6607 6613 6596
f 6595 6609 6611
f 6609 6598 6620
f 6609 6620 6611
f 6611 6620 6600
f 6595 6608 6609
f 6608 6597 6616
f 6608 6616 6609
f 6609 6616 6598
f 6595 6610 6608
f 6610 6599 6617
f 6610 6617 6608
f 6608 6617 6597
f 6595 6607 6610
f 6607 6596 6612
f 6607 6612 6610
f 6610 6612 6599
f 6596 6613 6614
f 6613 6600 6625
f 6613 6625 6614
f 6614 6625 6603
f 6600 6620 6626
f 6620 6598 6622
f 6620 6622 6626
f 6626 6622 6605
f 6598 6616 6621
f 6616 6597 6618
f 6616 6618 6621
f 6621 6618 6602
f 6597 6617 6619
f 6617 6599 6624
f 6617 6624 6619
f 6619 6624 6606
f 6599 6612 6623
f 6612 6596 6615
f 6612 6615 6623
f 6623 6615 6604
f 6602 6633 6627
f 6633 6606 6631
f 6633 6631 6627
f 6627 6631 6601
f 6606 6636 6631
f 6636 6604 6629
f 6636 6629 6631
f 6631 6629 6601
f 6604 6634 6629
f 6634 6603 6628
f 6634 6628 6629
f 6629 6628 6601
f 6603 6635 6628
f 6635 6605 6630
f 6635 6630 6628
f 6628 6630 6601
f 6605 6632 6630
f 6632 6602 6627
f 6632 6627 6630
f 6630 6627 6601
f 6597 6619 6618
f 6619 6606 6633
f 6619 6633 6618
f 6618 6633 6602
f 6599 6623 6624
f 6623 6604 6636
f 6623 6636 6624
f 6624 6636 6606
f 6596 6614 6615
f 6614 6603 6634
f 6614 6634 6615
f 6615 6634 6604
f 6600 6626 6625
f 6626 6605 6635
f 6626 6635 6625
f 6625 6635 6603
f 6598 6621 6622
f 6621 6602 6632
f 6621 6632 6622
f 6622 6632 6605
v 11.231 9.622 -2.753
v 11.231 9.359 -2.753
v 11.362 9.703 -2.966
v 11.099 9.703 -2.966
v 11.444 9.491 -2.835
v 11.018 9.491 -2.835
v 11.231 9.359 -3.179
v 11.231 9.622 -3.179
v 11.099 9.278 -2.966
v 11.362 9.278 -2.966
v 11.018 9.491 -3.098
v 11.444 9.491 -3.098
v 11.231 9.491 -2.716
v 11.308 9.693 -2.841
v 11.154 9.693 -2.841
v 11.356 9.568 -2.764
v 11.106 9.568 -2.764
v 11.356 9.413 -2.764
v 11.106 9.413 -2.764
v 11.154 9.288 -2.841
v 11.308 9.288 -2.841
v 11.231 9.741 -2.966
v 11.433 9.616 -2.889
v 11.308 9.693 -3.091
v 11.433 9.616 -3.043
v 11.029 9.616 -2.889
v 11.154 9.693 -3.091
v 11.029 9.616 -3.043
v 11.433 9.366 -2.889
v 11.481 9.491 -2.966
v 11.029 9.366 -2.889
v 10.981 9.491 -2.966
v 11.231 9.491 -3.216
v 11.154 9.288 -3.091
v 11.308 9.288 -3.091
v 11.106 9.413 -3.168
v 11.356 9.413 -3.168
v 11.106 9.568 -3.168
v 11.356 9.568 -3.168
v 11.231 9.241 -2.966
v 11.029 9.366 -3.043
v 11.433 9.366 -3.043
f 6637 6653 6649
f 6653 6642 6655
f 6653 6655 6649
f 6649 6655 6638
f 6637 6651 6653
f 6651 6640 6662
f 6651 6662 6653
f 6653 6662 6642
f 6637 6650 6651
f 6650 6639 6658
f 6650 6658 6651
f 6651 6658 6640
f 6637 6652 6650
f 6652 6641 6659
f 6652 6659 6650
f 6650 6659 6639
f 6637 6649 6652
f 6649 6638 6654
f 6649 6654 6652
f 6652 6654 6641
f 6638 6655 6656
f 6655 6642 6667
f 6655 6667 6656
f 6656 6667 6645
f 6642 6662 6668
f 6662 6640 6664
f 6662 6664 6668
f 6668 6664 6647
f 6640 6658 6663
f 6658 6639 6660
f 6658 6660 6663
f 6663 6660 6644
f 6639 6659 6661
f 6659 6641 6666
f 6659 6666 6661
f 6661 6666 6648
f 6641 6654 6665
f 6654 6638 6657
f 6654 6657 6665
f 6665 6657 6646
f 6644 6675 6669
f 6675 6648 6673
f 6675 6673 6669
f 6669 6673 6643
f 6648 6678 6673
f 6678 6646 6671
f 6678 6671 6673
f 6673 6671 6643
f 6646 6676 6671
f 6676 6645 6670
f 6676 6670 6671
f 6671 6670 6643
f 6645 6677 6670
f 6677 6647 6672
f 6677 6672 6670
f 6670 6672 6643
f 6647 6674 6672
f 6674 6644 6669
f 6674 6669 6672
f 6672 6669 6643
f 6639 6661 6660
f 6661 6648 6675
f 6661 6675 6660
f 6660 6675 6644
f 6641 6665 6666
f 6665 6646 6678
f 6665 6678 6666
f 6666 6678 6648
f 6638 6656 6657
f 6656 6645 6676
f 6656 6676 6657
f 6657 6676 6646
f 6642 6668 6667
f 6668 6647 6677
f 6668 6677 6667
f 6667 6677 6645
f 6640 6663 6664
f 6663 6644 6674
f 6663 6674 6664
f 6664 6674 6647
v -16.530 -34.906 -0.753
v -16.530 -35.169 -0.753
v -16.399 -34.825 -0.966
v -16.662 -34.825 -0.966
v -16.318 -35.038 -0.834
v -16.743 -35.038 -0.834
v -16.530 -35.169 -1.178
v -16.530 -34.906 -1.178
v -16.662 -35.250 -0.966
v -16.399 -35.250 -0.966
v -16.743 -35.038 -1.097
v -16.318 -35.038 -1.097
v -16.530 -35.038 -0.716
v -16.453 -34.836 -0.841
v -16.607 -34.836 -0.841
v -16.405 -34.961 -0.763
v -16.655 -34.961 -0.763
v -16.405 -35.115 -0.763
v -16.655 -35.115 -0.763
v -16.607 -35.240 -0.841
v -16.453 -35.240 -0.841
v -16.530 -34.788 -0.966
v -16.328 -34.913 -0.888
v -16.453 -34.836 -1.091
v -16.328 -34.913 -1.043
v -16.732 -34.913 -0.888
v -16.607 -34.836 -1.091
v -16.732 -34.913 -1.043
v -16.328 -35.163 -0.888
v -16.280 -35.038 -0.966
v -16.732 -35.163 -0.888
v -16.780 -35.038 -0.966
v -16.530 -35.038 -1.216
v -16.607 -35.240 -1.091
v -16.453 -35.240 -1.091
v -16.655 -35.115 -1.168
v -16.405 -35.115 -1.168
v -16.655 -34.961 -1.168
v -16.405 -34.961 -1.168
v -16.530 -35.288 -0.966
v -16.732 -35.163 -1.043
v -16.328 -35.163 -1.043
f 6679 6695 6691
f 6695 6684 6697
f 6695 6697 6691
f 6691 6697 6680
f 6679 6693 6695
f 6693 6682 6704
f 6693 6704 6695
f 6695 6704 6684
f 6679 6692 6693
f 6692 6681 6700
f 6692 6700 6693
f 6693 6700 6682
f 6679 6694 6692
f 6694 6683 6701
f 6694 6701 6692
f 6692 6701 6681
f 6679 6691 6694
f 6691 6680 6696
f 6691 6696 6694
f 6694 6696 6683
f 6680 6697 6698
f 6697 6684 6709
f 6697 6709 6698
f 6698 6709 6687
f 6684 6704 6710
f 6704 6682 6706
f 6704 6706 6710
f 6710 6706 6689
f 6682 6700 6705
f 6700 6681 6702
f 6700 6702 6705
f 6705 6702 6686
f 6681 6701 6703
f 6701 6683 6708
f 6701 6708 6703
f 6703 6708 6690
f 6683 6696 6707
f 6696 6680 6699
f 6696 6699 6707
f 6707 6699 6688
f 6686 6717 6711
f 6717 6690 6715
f 6717 6715 6711
f 6711 6715 6685
f 6690 6720 6715
f 6720 6688 6713
f 6720 6713 6715
f 6715 6713 6685
f 6688 6718 6713
f 6718 6687 6712
f 6718 6712 6713
f 6713 6712 6685
f 6687 6719 6712
f 6719 6689 6714
f 6719 6714 6712
f 6712 6714 6685
f 6689 6716 6714
f 6716 6686 6711
f 6716 6711 6714
f 6714 6711 6685
f 6681 6703 6702
f 6703 6690 6717
f 6703 6717 6702
f 6702 6717 6686
f 6683 6707 6708
f 6707 6688 6720
f 6707 6720 6708
f 6708 6720 6690
f 6680 6698 6699
f 6698 6687 6718
f 6698 6718 6699
f 6699 6718 6688
f 6684 6710 6709
f 6710 6689 6719
f 6710 6719 6709
f 6709 6719 6687
f 6682 6705 6706
f 6705 6686 6716
f 6705 6716 6706
f 6706 6716 6689
v -13.353 -36.712 -2.936
v -13.353 -36.975 -2.936
v -13.222 -36.631 -3.148
v -13.485 -36.631 -3.148
v -13.140 -36.844 -3.017
v -13.566 -36.844 -3.017
v -13.353 -36.975 -3.361
v -13.353 -36.712 -3.361
v -13.485 -37.056 -3.148
v -13.222 -37.056 -3.148
v -13.566 -36.844 -3.280
v -13.140 -36.844 -3.280
v -13.353 -36.844 -2.898
v -13.276 -36.641 -3.023
v -13.430 -36.641 -3.023
v -13.228 -36.766 -2.946
v -13.478 -36.766 -2.946
v -13.228 -36.921 -2.946
v -13.478 -36.921 -2.946
v -13.430 -37.046 -3.023
v -13.276 -37.046 -3.023
v -13.353 -36.594 -3.148
v -13.151 -36.719 -3.071
v -13.276 -36.641 -3.273
v -13.151 -36.719 -3.225
v -13.555 -36.719 -3.071
v -13.430 -36.641 -3.273
v -13.555 -36.719 -3.225
v -13.151 -36.969 -3.071
v -13.103 -36.844 -3.148
v -13.555 -36.969 -3.071
v -13.603 -36.844 -3.148
v -13.353 -36.844 -3.398
v -13.430 -37.046 -3.273
v -13.276 -37.046 -3.273
v -13.478 -36.921 -3.350
v -13.228 -36.921 -3.350
v -13.478 -36.766 -3.350
v -13.228 -36.766 -3.350
v -13.353 -37.094 -3.148
v -13.555 -36.969 -3.225
v -13.151 -36.969 -3.225
f 6721 6737 6733
f 6737 6726 6739
f 6737 6739 6733
f 6733 6739 6722
f 6721 6735 6737
f 6735 6724 6746
f 6735 6746 6737
f 6737 6746 6726
f 6721 6734 6735
f 6734 6723 6742
f 6734 6742 6735
f 6735 6742 6724
f 6721 6736 6734
f 6736 6725 6743
f 6736 6743 6734
f 6734 6743 6723
f 6721 6733 6736
f 6733 6722 6738
f 6733 6738 6736
f 6736 6738 6725
f 6722 6739 6740
f 6739 6726 6751
f 6739 6751 6740
f 6740 6751 6729
f 6726 6746 6752
f 6746 6724 6748
f 6746 6748 6752
f 6752 6748 6731
f 6724 6742 6747
f 6742 6723 6744
f 6742 6744 6747
f 6747 6744 6728
f 6723 6743 6745
f 6743 6725 6750
f 6743 6750 6745
f 6745 6750 6732
f 6725 6738 6749
f 6738 6722 6741
f 6738 6741 6749
f 6749 6741 6730
f 6728 6759 6753
f 6759 6732 6757
f 6759 6757 6753
f 6753 6757 6727
f 6732 6762 6757
f 6762 6730 6755
f 6762 6755 6757
f 6757 6755 6727
f 6730 6760 6755
f 6760 6729 6754
f 6760 6754 6755
f 6755 6754 6727
f 6729 6761 6754
f 6761 6731 6756
f 6761 6756 6754
f 6754 6756 6727
f 6731 6758 6756
f 6758 6728 6753
f 6758 6753 6756
f 6756 6753 6727
f 6723 6745 6744
f 6745 6732 6759
f 6745 6759 6744
f 6744 6759 6728
f 6725 6749 6750
f 6749 6730 6762
f 6749 6762 6750
f 6750 6762 6732
f 6722 6740 6741
f 6740 6729 6760
f 6740 6760 6741
f 6741 6760 6730
f 6726 6752 6751
f 6752 6731 6761
f 6752 6761 6751
f 6751 6761 6729
f 6724 6747 6748
f 6747 6728 6758
f 6747 6758 6748
f 6748 6758 6731
v -21.471 -12.215 -2.147
v -21.471 -12.593 -2.147
v -21.282 -12.099 -2.453
v -21.660 -12.099 -2.453
v -21.165 -12.404 -2.264
v -21.777 -12.404 -2.264
v -21.471 -12.593 -2.759
v -21.471 -12.215 -2.759
v -21.660 -12.710 -2.453
v -21.282 -12.710 -2.453
v -21.777 -12.404 -2.642
v -21.165 -12.404 -2.642
v -21.471 -12.404 -2.093
v -21.360 -12.113 -2.273
v -21.582 -12.113 -2.273
v -21.291 -12.293 -2.162
v -21.651 -12.293 -2.162
v -21.291 -12.515 -2.162
v -21.651 -12.515 -2.162
v -21.582 -12.695 -2.273
v -21.360 -12.695 -2.273
v -21.471 -12.045 -2.453
v -21.180 -12.225 -2.342
v -21.360 -12.113 -2.633
v -21.180 -12.225 -2.564
v -21.762 -12.225 -2.342
v -21.582 -12.113 -2.633
v -21.762 -12.225 -2.564
v -21.180 -12.584 -2.342
v -21.112 -12.404 -2.453
v -21.762 -12.584 -2.342
v -21.831 -12.404 -2.453
v -21.471 -12.404 -2.812
v -21.582 -12.695 -2.633
v -21.360 -12.695 -2.633
v -21.651 -12.515 -2.744
v -21.291 -12.515 -2.744
v -21.651 -12.293 -2.744
v -21.291 -12.293 -2.744
v -21.471 -12.764 -2.453
v -21.762 -12.584 -2.564
v -21.180 -12.584 -2.564
f 6763 6779 6775
f 6779 6768 6781
f 6779 6781 6775
f 6775 6781 6764
f 6763 6777 6779
f 6777 6766 6788
f 6777 6788 6779
f 6779 6788 6768
f 6763 6776 6777
f 6776 6765 6784
f 6776 6784 6777
f 6777 6784 6766
f 6763 6778 6776
f 6778 6767 6785
f 6778 6785 6776
f 6776 6785 6765
f 6763 6775 6778
f 6775 6764 6780
f 6775 6780 6778
f 6778 6780 6767
f 6764 6781 6782
f 6781 6768 6793
f 6781 6793 6782
f 6782 6793 6771
f 6768 6788 6794
f 6788 6766 6790
f 6788 6790 6794
f 6794 6790 6773
f 6766 6784 6789
f 6784 6765 6786
f 6784 6786 6789
f 6789 6786 6770
f 6765 6785 6787
f 6785 6767 6792
f 6785 6792 6787
f 6787 6792 6774
f 6767 6780 6791
f 6780 6764 6783
f 6780 6783 6791
f 6791 6783 6772
f 6770 6801 6795
f 6801 6774 6799
f 6801 6799 6795
f 6795 6799 6769
f 6774 6804 6799
f 6804 6772 6797
f 6804 6797 6799
f 6799 6797 6769
f 6772 6802 6797
f 6802 6771 6796
f 6802 6796 6797
f 6797 6796 6769
f 6771 6803 6796
f 6803 6773 6798
f 6803 6798 6796
f 6796 6798 6769
f 6773 6800 6798
f 6800 6770 6795
f 6800 6795 6798
f 6798 6795 6769
f 6765 6787 6786
f 6787 6774 6801
f 6787 6801 6786
f 6786 6801 6770
f 6767 6791 6792
f 6791 6772 6804
f 6791 6804 6792
f 6792 6804 6774
f 6764 6782 6783
f 6782 6771 6802
f 6782 6802 6783
f 6783 6802 6772
f 6768 6794 6793
f 6794 6773 6803
f 6794 6803 6793
f 6793 6803 6771
f 6766 6789 6790
f 6789 6770 6800
f 6789 6800 6790
f 6790 6800 6773
v -5.479 -35.198 -2.034
v -5.479 -35.461 -2.034
v -5.347 -35.116 -2.246
v -5.610 -35.116 -2.246
v -5.266 -35.329 -2.115
v -5.691 -35.329 -2.115
v -5.479 -35.461 -2.459
v -5.479 -35.198 -2.459
v -5.610 -35.542 -2.246
v -5.347 -35.542 -2.246
v -5.691 -35.329 -2.378
v -5.266 -35.329 -2.378
v -5.479 -35.329 -1.996
v -5.402 -35.127 -2.121
v -5.556 -35.127 -2.121
v -5.354 -35.252 -2.044
v -5.604 -35.252 -2.044
v -5.354 -35.406 -2.044
v -5.604 -35.406 -2.044
v -5.556 -35.531 -2.121
v -5.402 -35.531 -2.121
v -5.479 -35.079 -2.246
v -5.277 -35.204 -2.169
v -5.402 -35.127 -2.371
v -5.277 -35.204 -2.324
v -5.681 -35.204 -2.169
v -5.556 -35.127 -2.371
v -5.681 -35.204 -2.324
v -5.277 -35.454 -2.169
v -5.229 -35.329 -2.246
v -5.681 -35.454 -2.169
v -5.729 -35.329 -2.246
v -5.479 -35.329 -2.496
v -5.556 -35.531 -2.371
v -5.402 -35.531 -2.371
v -5.604 -35.406 -2.449
v -5.354 -35.406 -2.449
v -5.604 -35.252 -2.449
v -5.354 -35.252 -2.449
v -5.479 -35.579 -2.246
v -5.681 -35.454 -2.324
v -5.277 -35.454 -2.324
f 6805 6821 6817
f 6821 6810 6823
f 6821 6823 6817
f 6817 6823 6806
f 6805 6819 6821
f 6819 6808 6830
f 6819 6830 6821
f 6821 6830 6810
f 6805 6818 6819
f 6818 6807 6826
f 6818 6826 6819
f 6819 6826 6808
f 6805 6820 6818
f 6820 6809 6827
f 6820 6827 6818
f 6818 6827 6807
f 6805 6817 6820
f 6817 6806 6822
f 6817 6822 6820
f 6820 6822 6809
f 6806 6823 6824
f 6823 6810 6835
f 6823 6835 6824
f 6824 6835 6813
f 6810 6830 6836
f 6830 6808 6832
f 6830 6832 6836
f 6836 6832 6815
f 6808 6826 6831
f 6826 6807 6828
f 6826 6828 6831
f 6831 6828 6812
f 6807 6827 6829
f 6827 6809 6834
f 6827 6834 6829
f 6829 6834 6816
f 6809 6822 6833
f 6822 6806 6825
f 6822 6825 6833
f 6833 6825 6814
f 6812 6843 6837
f 6843 6816 6841
f 6843 6841 6837
f 6837 6841 6811
f 6816 6846 6841
f 6846 6814 6839
f 6846 6839 6841
f 6841 6839 6811
f 6814 6844 6839
f 6844 6813 6838
f 6844 6838 6839
f 6839 6838 6811
f 6813 6845 6838
f 6845 6815 6840
f 6845 6840 6838
f 6838 6840 6811
f 6815 6842 6840
f 6842 6812 6837
f 6842 6837 6840
f 6840 6837 6811
f 6807 6829 6828
f 6829 6816 6843
f 6829 6843 6828
f 6828 6843 6812
f 6809 6833 6834
f 6833 6814 6846
f 6833 6846 6834
f 6834 6846 6816
f 6806 6824 6825
f 6824 6813 6844
f 6824 6844 6825
f 6825 6844 6814
f 6810 6836 6835
f 6836 6815 6845
f 6836 6845 6835
f 6835 6845 6813
f 6808 6831 6832
f 6831 6812 6842
f 6831 6842 6832
f 6832 6842 6815
v -8.520 -26.239 0.180
v -8.520 -26.502 0.180
v -8.389 -26.157 -0.033
v -8.651 -26.157 -0.033
v -8.307 -26.370 0.099
v -8.733 -26.370 0.099
v -8.520 -26.502 -0.245
v -8.520 -26.239 -0.245
v -8.651 -26.583 -0.033
v -8.389 -26.583 -0.033
v -8.733 -26.370 -0.164
v -8.307 -26.370 -0.164
v -8.520 -26.370 0.217
v -8.443 -26.168 0.092
v -8.597 -26.168 0.092
v -8.395 -26.293 0.170
v -8.645 -26.293 0.170
v -8.395 -26.447 0.170
v -8.645 -26.447 0.170
v -8.597 -26.572 0.092
v -8.443 -26.572 0.092
v -8.520 -26.120 -0.033
v -8.318 -26.245 0.045
v -8.443 -26.168 -0.158
v -8.318 -26.245 -0.110
v -8.722 -26.245 0.045
v -8.597 -26.168 -0.158
v -8.722 -26.245 -0.110
v -8.318 -26.495 0.045
v -8.270 -26.370 -0.033
v -8.722 -26.495 0.045
v -8.770 -26.370 -0.033
v -8.520 -26.370 -0.283
v -8.597 -26.572 -0.158
v -8.443 -26.572 -0.158
v -8.645 -26.447 -0.235
v -8.395 -26.447 -0.235
v -8.645 -26.293 -0.235
v -8.395 -26.293 -0.235
v -8.520 -26.620 -0.033
v -8.722 -26.495 -0.110
v -8.318 -26.495 -0.110
f 6847 6863 6859
f 6863 6852 6865
f 6863 6865 6859
f 6859 6865 6848
f 6847 6861 6863
f 6861 6850 6872
f 6861 6872 6863
f 6863 6872 6852
f 6847 6860 6861
f 6860 6849 6868
f 6860 6868 6861
f 6861 6868 6850
f 6847 6862 6860
f 6862 6851 6869
f 6862 6869 6860
f 6860 6869 6849
f 6847 6859 6862
f 6859 6848 6864
f 6859 6864 6862
f 6862 6864 6851
f 6848 6865 6866
f 6865 6852 6877
f 6865 6877 6866
f 6866 6877 6855
f 6852 6872 6878
f 6872 6850 6874
f 6872 6874 6878
f 6878 6874 6857
f 6850 6868 6873
f 6868 6849 6870
f 6868 6870 6873
f 6873 6870 6854
f 6849 6869 6871
f 6869 6851 6876
f 6869 6876 6871
f 6871 6876 6858
f 6851 6864 6875
f 6864 6848 6867
f 6864 6867 6875
f 6875 6867 6856
f 6854 6885 6879
f 6885 6858 6883
f 6885 6883 6879
f 6879 6883 6853
f 6858 6888 6883
f 6888 6856 6881
f 6888 6881 6883
f 6883 6881 6853
f 6856 6886 6881
f 6886 6855 6880
f 6886 6880 6881
f 6881 6880 6853
f 6855 6887 6880
f 6887 6857 6882
f 6887 6882 6880
f 6880 6882 6853
f 6857 6884 6882
f 6884 6854 6879
f 6884 6879 6882
f 6882 6879 6853
f 6849 6871 6870
f 6871 6858 6885
f 6871 6885 6870
f 6870 6885 6854
f 6851 6875 6876
f 6875 6856 6888
f 6875 6888 6876
f 6876 6888 6858
f 6848 6866 6867
f 6866 6855 6886
f 6866 6886 6867
f 6867 6886 6856
f 6852 6878 6877
f 6878 6857 6887
f 6878 6887 6877
f 6877 6887 6855
f 6850 6873 6874
f 6873 6854 6884
f 6873 6884 6874
f 6874 6884 6857
v -7.953 -27.925 -0.144
v -7.953 -28.188 -0.144
v -7.822 -27.844 -0.357
v -8.085 -27.844 -0.357
v -7.741 -28.057 -0.225
v -8.166 -28.057 -0.225
v -7.953 -28.188 -0.569
v -7.953 -27.925 -0.569
v -8.085 -28.269 -0.357
v -7.822 -28.269 -0.357
v -8.166 -28.057 -0.488
v -7.741 -28.057 -0.488
v -7.953 -28.057 -0.107
v -7.876 -27.854 -0.232
v -8.031 -27.854 -0.232
v -7.828 -27.979 -0.154
v -8.078 -27.979 -0.154
v -7.828 -28.134 -0.154
v -8.078 -28.134 -0.154
v -8.031 -28.259 -0.232
v -7.876 -28.259 -0.232
v -7.953 -27.807 -0.357
v -7.751 -27.932 -0.279
v -7.876 -27.854 -0.482
v -7.751 -27.932 -0.434
v -8.156 -27.932 -0.279
v -8.031 -27.854 -0.482
v -8.156 -27.932 -0.434
v -7.751 -28.182 -0.279
v -7.703 -28.057 -0.357
v -8.156 -28.182 -0.279
v -8.203 -28.057 -0.357
v -7.953 -28.057 -0.607
v -8.031 -28.259 -0.482
v -7.876 -28.259 -0.482
v -8.078 -28.134 -0.559
v -7.828 -28.134 -0.559
v -8.078 -27.979 -0.559
v -7.828 -27.979 -0.559
v -7.953 -28.307 -0.357
v -8.156 -28.182 -0.434
v -7.751 -28.182 -0.434
f 6889 6905 6901
f 6905 6894 6907
f 6905 6907 6901
f 6901 6907 6890
f 6889 6903 6905
f 6903 6892 6914
f 6903 6914 6905
f 6905 6914 6894
f 6889 6902 6903
f 6902 6891 6910
f 6902 6910 6903
f 6903 6910 6892
f 6889 6904 6902
f 6904 6893 6911
f 6904 6911 6902
f 6902 6911 6891
f 6889 6901 6904
f 6901 6890 6906
f 6901 6906 6904
f 6904 6906 6893
f 6890 6907 6908
f 6907 6894 6919
f 6907 6919 6908
f 6908 6919 6897
f 6894 6914 6920
f 6914 6892 6916
f 6914 6916 6920
f 6920 6916 6899
f 6892 6910 6915
f 6910 6891 6912
f 6910 6912 6915
f 6915 6912 6896
f 6891 6911 6913
f 6911 6893 6918
f 6911 6918 6913
f 6913 6918 6900
f 6893 6906 6917
f 6906 6890 6909
f 6906 6909 6917
f 6917 6909 6898
f 6896 6927 6921
f 6927 6900 6925
f 6927 6925 6921
f 6921 6925 6895
f 6900 6930 6925
f 6930 6898 6923
f 6930 6923 6925
f 6925 6923 6895
f 6898 6928 6923
f 6928 6897 6922
f 6928 6922 6923
f 6923 6922 6895
f 6897 6929 6922
f 6929 6899 6924
f 6929 6924 6922
f 6922 6924 6895
f 6899 6926 6924
f 6926 6896 6921
f 6926 6921 6924
f 6924 6921 6895
f 6891 6913 6912
f 6913 6900 6927
f 6913 6927 6912
f 6912 6927 6896
f 6893 6917 6918
f 6917 6898 6930
f 6917 6930 6918
f 6918 6930 6900
f 6890 6908 6909
f 6908 6897 6928
f 6908 6928 6909
f 6909 6928 6898
f 6894 6920 6919
f 6920 6899 6929
f 6920 6929 6919
f 6919 6929 6897
f 6892 6915 6916
f 6915 6896 6926
f 6915 6926 6916
f 6916 6926 6899
v -7.060 -27.543 -0.704
v -7.060 -27.886 -0.704
v -6.888 -27.436 -0.982
v -7.232 -27.436 -0.982
v -6.782 -27.714 -0.810
v -7.338 -27.714 -0.810
v -7.060 -27.886 -1.260
v -7.060 -27.543 -1.260
v -7.232 -27.993 -0.982
v -6.888 -27.993 -0.982
v -7.338 -27.714 -1.154
v -6.782 -27.714 -1.154
v -7.060 -27.714 -0.655
v -6.959 -27.450 -0.819
v -7.161 -27.450 -0.819
v -6.897 -27.613 -0.718
v -7.224 -27.613 -0.718
v -6.897 -27.815 -0.718
v -7.224 -27.815 -0.718
v -7.161 -27.979 -0.819
v -6.959 -27.979 -0.819
v -7.060 -27.387 -0.982
v -6.796 -27.551 -0.881
v -6.959 -27.450 -1.146
v -6.796 -27.551 -1.083
v -7.325 -27.551 -0.881
v -7.161 -27.450 -1.146
v -7.325 -27.551 -1.083
v -6.796 -27.878 -0.881
v -6.733 -27.714 -0.982
v -7.325 -27.878 -0.881
v -7.387 -27.714 -0.982
v -7.060 -27.714 -1.309
v -7.161 -27.979 -1.146
v -6.959 -27.979 -1.146
v -7.224 -27.815 -1.247
v -6.897 -27.815 -1.247
v -7.224 -27.613 -1.247
v -6.897 -27.613 -1.247
v -7.060 -28.041 -0.982
v -7.325 -27.878 -1.083
v -6.796 -27.878 -1.083
f 6931 6947 6943
f 6947 6936 6949
f 6947 6949 6943
f 6943 6949 6932
f 6931 6945 6947
f 6945 6934 6956
f 6945 6956 6947
f 6947 6956 6936
f 6931 6944 6945
f 6944 6933 6952
f 6944 6952 6945
f 6945 6952 6934
f 6931 6946 6944
f 6946 6935 6953
f 6946 6953 6944
f 6944 6953 6933
f 6931 6943 6946
f 6943 6932 6948
f 6943 6948 6946
f 6946 6948 6935
f 6932 6949 6950
f 6949 6936 6961
f 6949 6961 6950
f 6950 6961 6939
f 6936 6956 6962
f 6956 6934 6958
f 6956 6958 6962
f 6962 6958 6941
f 6934 6952 6957
f 6952 6933 6954
f 6952 6954 6957
f 6957 6954 6938
f 6933 6953 6955
f 6953 6935 6960
f 6953 6960 6955
f 6955 6960 6942
f 6935 6948 6959
f 6948 6932 6951
f 6948 6951 6959
f 6959 6951 6940
f 6938 6969 6963
f 6969 6942 6967
f 6969 6967 6963
f 6963 6967 6937
f 6942 6972 6967
f 6972 6940 6965
f 6972 6965 6967
f 6967 6965 6937
f 6940 6970 6965
f 6970 6939 6964
f 6970 6964 6965
f 6965 6964 6937
f 6939 6971 6964
f 6971 6941 6966
f 6971 6966 6964
f 6964 6966 6937
f 6941 6968 6966
f 6968 6938 6963
f 6968 6963 6966
f 6966 6963 6937
f 6933 6955 6954
f 6955 6942 6969
f 6955 6969 6954
f 6954 6969 6938
f 6935 6959 6960
f 6959 6940 6972
f 6959 6972 6960
f 6960 6972 6942
f 6932 6950 6951
f 6950 6939 6970
f 6950 6970 6951
f 6951 6970 6940
f 6936 6962 6961
f 6962 6941 6971
f 6962 6971 6961
f 6961 6971 6939
f 6934 6957 6958
f 6957 6938 6968
f 6957 6968 6958
f 6958 6968 6941
v -10.256 1.928 -4.782
v -10.256 1.665 -4.782
v -10.124 2.009 -4.995
v -10.387 2.009 -4.995
v -10.043 1.797 -4.864
v -10.468 1.797 -4.864
v -10.256 1.665 -5.208
v -10.256 1.928 -5.208
v -10.387 1.584 -4.995
v -10.124 1.584 -4.995
v -10.468 1.797 -5.126
v -10.043 1.797 -5.126
v -10.256 1.797 -4.745
v -10.178 1.999 -4.870
v -10.333 1.999 -4.870
v -10.131 1.874 -4.793
v -10.381 1.874 -4.793
v -10.131 1.719 -4.793
v -10.381 1.719 -4.793
v -10.333 1.594 -4.870
v -10.178 1.594 -4.870
v -10.256 2.047 -4.995
v -10.053 1.922 -4.918
v -10.178 1.999 -5.120
v -10.053 1.922 -5.072
v -10.458 1.922 -4.918
v -10.333 1.999 -5.120
v -10.458 1.922 -5.072
v -10.053 1.672 -4.918
v -10.006 1.797 -4.995
v -10.458 1.672 -4.918
v -10.506 1.797 -4.995
v -10.256 1.797 -5.245
v -10.333 1.594 -5.120
v -10.178 1.594 -5.120
v -10.381 1.719 -5.197
v -10.131 1.719 -5.197
v -10.381 1.874 -5.197
v -10.131 1.874 -5.197
v -10.256 1.547 -4.995
v -10.458 1.672 -5.072
v -10.053 1.672 -5.072
f 6973 6989 6985
f 6989 6978 6991
f 6989 6991 6985
f 6985 6991 6974
f 6973 6987 6989
f 6987 6976 6998
f 6987 6998 6989
f 6989 6998 6978
f 6973 6986 6987
f 6986 6975 6994
f 6986 6994 6987
f 6987 6994 6976
f 6973 6988 6986
f 6988 6977 6995
f 6988 6995 6986
f 6986 6995 6975
f 6973 6985 6988
f 6985 6974 6990
f 6985 6990 6988
f 6988 6990 6977
f 6974 6991 6992
f 6991 6978 7003
f 6991 7003 6992
f 6992 7003 6981
f 6978 6998 7004
f 6998 6976 7000
f 6998 7000 7004
f 7004 7000 6983
f 6976 6994 6999
f 6994 6975 6996
f 6994 6996 6999
f 6999 6996 6980
f 6975 6995 6997
f 6995 6977 7002
f 6995 7002 6997
f 6997 7002 6984
f 6977 6990 7001
f 6990 6974 6993
f 6990 6993 7001
f 7001 6993 6982
f 6980 7011 7005
f 7011 6984 7009
f 7011 7009 7005
f 7005 7009 6979
f 6984 7014 7009
f 7014 6982 7007
f 7014 7007 7009
f 7009 7007 6979
f 6982 7012 7007
f 7012 6981 7006
f 7012 7006 7007
f 7007 7006 6979
f 6981 7013 7006
f 7013 6983 7008
f 7013 7008 7006
f 7006 7008 6979
f 6983 7010 7008
f 7010 6980 7005
f 7010 7005 7008
f 7008 7005 6979
f 6975 6997 6996
f 6997 6984 7011
f 6997 7011 6996
f 6996 7011 6980
f 6977 7001 7002
f 7001 6982 7014
f 7001 7014 7002
f 7002 7014 6984
f 6974 6992 6993
f 6992 6981 7012
f 6992 7012 6993
f 6993 7012 6982
f 6978 7004 7003
f 7004 6983 7013
f 7004 7013 7003
f 7003 7013 6981
f 6976 6999 7000
f 6999 6980 7010
f 6999 7010 7000
f 7000 7010 6983
v 15.243 0.513 3.699
v 15.243 0.046 3.699
v 15.476 0.657 3.321
v 15.009 0.657 3.321
v 15.620 0.280 3.554
v 14.865 0.280 3.554
v 15.243 0.046 2.944
v 15.243 0.513 2.944
v 15.009 -0.098 3.321
v 15.476 -0.098 3.321
v 14.865 0.280 3.088
v 15.620 0.280 3.088
v 15.243 0.280 3.765
v 15.380 0.638 3.543
v 15.106 0.638 3.543
v 15.464 0.417 3.680
v 15.021 0.417 3.680
v 15.464 0.142 3.680
v 15.021 0.142 3.680
v 15.106 -0.079 3.543
v 15.380 -0.079 3.543
v 15.243 0.723 3.321
v 15.601 0.501 3.458
v 15.380 0.638 3.099
v 15.601 0.501 3.184
v 14.884 0.501 3.458
v 15.106 0.638 3.099
v 14.884 0.501 3.184
v 15.601 0.058 3.458
v 15.686 0.280 3.321
v 14.884 0.058 3.458
v 14.799 0.280 3.321
v 15.243 0.280 2.878
v 15.106 -0.079 3.099
v 15.380 -0.079 3.099
v 15.021 0.142 2.962
v 15.464 0.142 2.962
v 15.021 0.417 2.962
v 15.464 0.417 2.962
v 15.243 -0.164 3.321
v 14.884 0.058 3.184
v 15.601 0.058 3.184
usemtl mtl-001
f 7015 7031 7027
f 7031 7020 7033
f 7031 7033 7027
f 7027 7033 7016
f 7015 7029 7031
f 7029 7018 7040
f 7029 7040 7031
f 7031 7040 7020
f 7015 7028 7029
f 7028 7017 7036
f 7028 7036 7029
f 7029 7036 7018
f 7015 7030 7028
f 7030 7019 7037
f 7030 7037 7028
f 7028 7037 7017
f 7015 7027 7030
f 7027 7016 7032
f 7027 7032 7030
f 7030 7032 7019
f 7016 7033 7034
f 7033 7020 7045
f 7033 7045 7034
f 7034 7045 7023
f 7020 7040 7046
f 7040 7018 7042
f 7040 7042 7046
f 7046 7042 7025
f 7018 7036 7041
f 7036 7017 7038
f 7036 7038 7041
f 7041 7038 7022
f 7017 7037 7039
f 7037 7019 7044
f 7037 7044 7039
f 7039 7044 7026
f 7019 7032 7043
f 7032 7016 7035
f 7032 7035 7043
f 7043 7035 7024
f 7022 7053 7047
f 7053 7026 7051
f 7053 7051 7047
f 7047 7051 7021
f 7026 7056 7051
f 7056 7024 7049
f 7056 7049 7051
f 7051 7049 7021
f 7024 7054 7049
f 7054 7023 7048
f 7054 7048 7049
f 7049 7048 7021
f 7023 7055 7048
f 7055 7025 7050
f 7055 7050 7048
f 7048 7050 7021
f 7025 7052 7050
f 7052 7022 7047
f 7052 7047 7050
f 7050 7047 7021
f 7017 7039 7038
f 7039 7026 7053
f 7039 7053 7038
f 7038 7053 7022
f 7019 7043 7044
f 7043 7024 7056
f 7043 7056 7044
f 7044 7056 7026
f 7016 7034 7035
f 7034 7023 7054
f 7034 7054 7035
f 7035 7054 7024
f 7020 7046 7045
f 7046 7025 7055
f 7046 7055 7045
f 7045 7055 7023
f 7018 7041 7042
f 7041 7022 7052
f 7041 7052 7042
f 7042 7052 7025
v -0.885 -0.344 -2.866
v -0.885 -0.811 -2.866
v -0.652 -0.200 -3.243
v -1.118 -0.200 -3.243
v -0.507 -0.577 -3.010
v -1.262 -0.577 -3.010
v -0.885 -0.811 -3.621
v -0.885 -0.344 -3.621
v -1.118 -0.955 -3.243
v -0.652 -0.955 -3.243
v -1.262 -0.577 -3.476
v -0.507 -0.577 -3.476
v -0.885 -0.577 -2.800
v -0.748 -0.218 -3.021
v -1.022 -0.218 -3.021
v -0.663 -0.440 -2.884
v -1.107 -0.440 -2.884
v -0.663 -0.714 -2.884
v -1.107 -0.714 -2.884
v -1.022 -0.936 -3.021
v -0.748 -0.936 -3.021
v -0.885 -0.134 -3.243
v -0.526 -0.356 -3.106
v -0.748 -0.218 -3.465
v -0.526 -0.356 -3.380
v -1.244 -0.356 -3.106
v -1.022 -0.218 -3.465
v -1.244 -0.356 -3.380
v -0.526 -0.799 -3.106
v -0.441 -0.577 -3.243
v -1.244 -0.799 -3.106
v -1.328 -0.577 -3.243
v -0.885 -0.577 -3.687
v -1.022 -0.936 -3.465
v -0.748 -0.936 -3.465
v -1.107 -0.714 -3.602
v -0.663 -0.714 -3.602
v -1.107 -0.440 -3.602
v -0.663 -0.440 -3.602
v -0.885 -1.021 -3.243
v -1.244 -0.799 -3.380
v -0.526 -0.799 -3.380
f 7057 7073 7069
f 7073 7062 7075
f 7073 7075 7069
f 7069 7075 7058
f 7057 7071 7073
f 7071 7060 7082
f 7071 7082 7073
f 7073 7082 7062
f 7057 7070 7071
f 7070 7059 7078
f 7070 7078 7071
f 7071 7078 7060
f 7057 7072 7070
f 7072 7061 7079
f 7072 7079 7070
f 7070 7079 7059
f 7057 7069 7072
f 7069 7058 7074
f 7069 7074 7072
f 7072 7074 7061
f 7058 7075 7076
f 7075 7062 7087
f 7075 7087 7076
f 7076 7087 7065
f 7062 7082 7088
f 7082 7060 7084
f 7082 7084 7088
f 7088 7084 7067
f 7060 7078 7083
f 7078 7059 7080
f 7078 7080 7083
f 7083 7080 7064
f 7059 7079 7081
f 7079 7061 7086
f 7079 7086 7081
f 7081 7086 7068
f 7061 7074 7085
f 7074 7058 7077
f 7074 7077 7085
f 7085 7077 7066
f 7064 7095 7089
f 7095 7068 7093
f 7095 7093 7089
f 7089 7093 7063
f 7068 7098 7093
f 7098 7066 7091
f 7098 7091 7093
f 7093 7091 7063
f 7066 7096 7091
f 7096 7065 7090
f 7096 7090 7091
f 7091 7090 7063
f 7065 7097 7090
f 7097 7067 7092
f 7097 7092 7090
f 7090 7092 7063
f 7067 7094 7092
f 7094 7064 7089
f 7094 7089 7092
f 7092 7089 7063
f 7059 7081 7080
f 7081 7068 7095
f 7081 7095 7080
f 7080 7095 7064
f 7061 7085 7086
f 7085 7066 7098
f 7085 7098 7086
f 7086 7098 7068
f 7058 7076 7077
f 7076 7065 7096
f 7076 7096 7077
f 7077 7096 7066
f 7062 7088 7087
f 7088 7067 7097
f 7088 7097 7087
f 7087 7097 7065
f 7060 7083 7084
f 7083 7064 7094
f 7083 7094 7084
f 7084 7094 7067
v -28.692 -22.288 10.267
v -28.692 -22.781 10.267
v -28.446 -22.136 9.869
v -28.938 -22.136 9.869
v -28.293 -22.535 10.115
v -29.090 -22.535 10.115
v -28.692 -22.781 9.470
v -28.692 -22.288 9.470
v -28.938 -22.933 9.869
v -28.446 -22.933 9.869
v -29.090 -22.535 9.622
v -28.293 -22.535 9.622
v -28.692 -22.535 10.337
v -28.547 -22.156 10.103
v -28.837 -22.156 10.103
v -28.458 -22.390 10.248
v -28.926 -22.390 10.248
v -28.458 -22.679 10.248
v -28.926 -22.679 10.248
v -28.837 -22.914 10.103
v -28.547 -22.914 10.103
v -28.692 -22.066 9.869
v -28.313 -22.300 10.013
v -28.547 -22.156 9.634
v -28.313 -22.300 9.724
v -29.071 -22.300 10.013
v -28.837 -22.156 9.634
v -29.071 -22.300 9.724
v -28.313 -22.769 10.013
v -28.224 -22.535 9.869
v -29.071 -22.769 10.013
v -29.160 -22.535 9.869
v -28.692 -22.535 9.400
v -28.837 -22.914 9.634
v -28.547 -22.914 9.634
v -28.926 -22.679 9.490
v -28.458 -22.679 9.490
v -28.926 -22.390 9.490
v -28.458 -22.390 9.490
v -28.692 -23.003 9.869
v -29.071 -22.769 9.724
v -28.313 -22.769 9.724
f 7099 7115 7111
f 7115 7104 7117
f 7115 7117 7111
f 7111 7117 7100
f 7099 7113 7115
f 7113 7102 7124
f 7113 7124 7115
f 7115 7124 7104
f 7099 7112 7113
f 7112 7101 7120
f 7112 7120 7113
f 7113 7120 7102
f 7099 7114 7112
f 7114 7103 7121
f 7114 7121 7112
f 7112 7121 7101
f 7099 7111 7114
f 7111 7100 7116
f 7111 7116 7114
f 7114 7116 7103
f 7100 7117 7118
f 7117 7104 7129
f 7117 7129 7118
f 7118 7129 7107
f 7104 7124 7130
f 7124 7102 7126
f 7124 7126 7130
f 7130 7126 7109
f 7102 7120 7125
f 7120 7101 7122
f 7120 7122 7125
f 7125 7122 7106
f 7101 7121 7123
f 7121 7103 7128
f 7121 7128 7123
f 7123 7128 7110
f 7103 7116 7127
f 7116 7100 7119
f 7116 7119 7127
f 7127 7119 7108
f 7106 7137 7131
f 7137 7110 7135
f 7137 7135 7131
f 7131 7135 7105
f 7110 7140 7135
f 7140 7108 7133
f 7140 7133 7135
f 7135 7133 7105
f 7108 7138 7133
f 7138 7107 7132
f 7138 7132 7133
f 7133 7132 7105
f 7107 7139 7132
f 7139 7109 7134
f 7139 7134 7132
f 7132 7134 7105
f 7109 7136 7134
f 7136 7106 7131
f 7136 7131 7134
f 7134 7131 7105
f 7101 7123 7122
f 7123 7110 7137
f 7123 7137 7122
f 7122 7137 7106
f 7103 7127 7128
f 7127 7108 7140
f 7127 7140 7128
f 7128 7140 7110
f 7100 7118 7119
f 7118 7107 7138
f 7118 7138 7119
f 7119 7138 7108
f 7104 7130 7129
f 7130 7109 7139
f 7130 7139 7129
f 7129 7139 7107
f 7102 7125 7126
f 7125 7106 7136
f 7125 7136 7126
f 7126 7136 7109
v -13.530 -24.508 5.934
v -13.530 -24.918 5.934
v -13.325 -24.382 5.603
v -13.734 -24.382 5.603
v -13.198 -24.713 5.807
v -13.861 -24.713 5.807
v -13.530 -24.918 5.271
v -13.530 -24.508 5.271
v -13.734 -25.045 5.603
v -13.325 -25.045 5.603
v -13.861 -24.713 5.398
v -13.198 -24.713 5.398
v -13.530 -24.713 5.992
v -13.409 -24.398 5.797
v -13.650 -24.398 5.797
v -13.335 -24.593 5.918
v -13.724 -24.593 5.918
v -13.335 -24.834 5.918
v -13.724 -24.834 5.918
v -13.650 -25.028 5.797
v -13.409 -25.028 5.797
v -13.530 -24.324 5.603
v -13.214 -24.519 5.723
v -13.409 -24.398 5.408
v -13.214 -24.519 5.482
v -13.845 -24.519 5.723
v -13.650 -24.398 5.408
v -13.845 -24.519 5.482
v -13.214 -24.908 5.723
v -13.140 -24.713 5.603
v -13.845 -24.908 5.723
v -13.919 -24.713 5.603
v -13.530 -24.713 5.213
v -13.650 -25.028 5.408
v -13.409 -25.028 5.408
v -13.724 -24.834 5.287
v -13.335 -24.834 5.287
v -13.724 -24.593 5.287
v -13.335 -24.593 5.287
v -13.530 -25.103 5.603
v -13.845 -24.908 5.482
v -13.214 -24.908 5.482
f 7141 7157 7153
f 7157 7146 7159
f 7157 7159 7153
f 7153 7159 7142
f 7141 7155 7157
f 7155 7144 7166
f 7155 7166 7157
f 7157 7166 7146
f 7141 7154 7155
f 7154 7143 7162
f 7154 7162 7155
f 7155 7162 7144
f 7141 7156 7154
f 7156 7145 7163
f 7156 7163 7154
f 7154 7163 7143
f 7141 7153 7156
f 7153 7142 7158
f 7153 7158 7156
f 7156 7158 7145
f 7142 7159 7160
f 7159 7146 7171
f 7159 7171 7160
f 7160 7171 7149
f 7146 7166 7172
f 7166 7144 7168
f 7166 7168 7172
f 7172 7168 7151
f 7144 7162 7167
f 7162 7143 7164
f 7162 7164 7167
f 7167 7164 7148
f 7143 7163 7165
f 7163 7145 7170
f 7163 7170 7165
f 7165 7170 7152
f 7145 7158 7169
f 7158 7142 7161
f 7158 7161 7169
f 7169 7161 7150
f 7148 7179 7173
f 7179 7152 7177
f 7179 7177 7173
f 7173 7177 7147
f 7152 7182 7177
f 7182 7150 7175
f 7182 7175 7177
f 7177 7175 7147
f 7150 7180 7175
f 7180 7149 7174
f 7180 7174 7175
f 7175 7174 7147
f 7149 7181 7174
f 7181 7151 7176
f 7181 7176 7174
f 7174 7176 7147
f 7151 7178 7176
f 7178 7148 7173
f 7178 7173 7176
f 7176 7173 7147
f 7143 7165 7164
f 7165 7152 7179
f 7165 7179 7164
f 7164 7179 7148
f 7145 7169 7170
f 7169 7150 7182
f 7169 7182 7170
f 7170 7182 7152
f 7142 7160 7161
f 7160 7149 7180
f 7160 7180 7161
f 7161 7180 7150
f 7146 7172 7171
f 7172 7151 7181
f 7172 7181 7171
f 7171 7181 7149
f 7144 7167 7168
f 7167 7148 7178
f 7167 7178 7168
f 7168 7178 7151
v -24.222 -4.695 6.659
v -24.222 -5.134 6.659
v -24.003 -4.560 6.304
v -24.441 -4.560 6.304
v -23.867 -4.915 6.524
v -24.577 -4.915 6.524
v -24.222 -5.134 5.949
v -24.222 -4.695 5.949
v -24.441 -5.270 6.304
v -24.003 -5.270 6.304
v -24.577 -4.915 6.085
v -23.867 -4.915 6.085
v -24.222 -4.915 6.721
v -24.093 -4.577 6.513
v -24.351 -4.577 6.513
v -24.013 -4.786 6.642
v -24.431 -4.786 6.642
v -24.013 -5.044 6.642
v -24.431 -5.044 6.642
v -24.351 -5.252 6.513
v -24.093 -5.252 6.513
v -24.222 -4.497 6.304
v -23.884 -4.706 6.433
v -24.093 -4.577 6.095
v -23.884 -4.706 6.175
v -24.560 -4.706 6.433
v -24.351 -4.577 6.095
v -24.560 -4.706 6.175
v -23.884 -5.123 6.433
v -23.805 -4.915 6.304
v -24.560 -5.123 6.433
v -24.639 -4.915 6.304
v -24.222 -4.915 5.887
v -24.351 -5.252 6.095
v -24.093 -5.252 6.095
v -24.431 -5.044 5.966
v -24.013 -5.044 5.966
v -24.431 -4.786 5.966
v -24.013 -4.786 5.966
v -24.222 -5.332 6.304
v -24.560 -5.123 6.175
v -23.884 -5.123 6.175
f 7183 7199 7195
f 7199 7188 7201
f 7199 7201 7195
f 7195 7201 7184
f 7183 7197 7199
f 7197 7186 7208
f 7197 7208 7199
f 7199 7208 7188
f 7183 7196 7197
f 7196 7185 7204
f 7196 7204 7197
f 7197 7204 7186
f 7183 7198 7196
f 7198 7187 7205
f 7198 7205 7196
f 7196 7205 7185
f 7183 7195 7198
f 7195 7184 7200
f 7195 7200 7198
f 7198 7200 7187
f 7184 7201 7202
f 7201 7188 7213
f 7201 7213 7202
f 7202 7213 7191
f 7188 7208 7214
f 7208 7186 7210
f 7208 7210 7214
f 7214 7210 7193
f 7186 7204 7209
f 7204 7185 7206
f 7204 7206 7209
f 7209 7206 7190
f 7185 7205 7207
f 7205 7187 7212
f 7205 7212 7207
f 7207 7212 7194
f 7187 7200 7211
f 7200 7184 7203
f 7200 7203 7211
f 7211 7203 7192
f 7190 7221 7215
f 7221 7194 7219
f 7221 7219 7215
f 7215 7219 7189
f 7194 7224 7219
f 7224 7192 7217
f 7224 7217 7219
f 7219 7217 7189
f 7192 7222 7217
f 7222 7191 7216
f 7222 7216 7217
f 7217 7216 7189
f 7191 7223 7216
f 7223 7193 7218
f 7223 7218 7216
f 7216 7218 7189
f 7193 7220 7218
f 7220 7190 7215
f 7220 7215 7218
f 7218 7215 7189
f 7185 7207 7206
f 7207 7194 7221
f 7207 7221 7206
f 7206 7221 7190
f 7187 7211 7212
f 7211 7192 7224
f 7211 7224 7212
f 7212 7224 7194
f 7184 7202 7203
f 7202 7191 7222
f 7202 7222 7203
f 7203 7222 7192
f 7188 7214 7213
f 7214 7193 7223
f 7214 7223 7213
f 7213 7223 7191
f 7186 7209 7210
f 7209 7190 7220
f 7209 7220 7210
f 7210 7220 7193
v -38.618 -1.248 9.596
v -38.618 -1.740 9.596
v -38.372 -1.096 9.197
v -38.864 -1.096 9.197
v -38.219 -1.494 9.444
v -39.016 -1.494 9.444
v -38.618 -1.740 8.799
v -38.618 -1.248 8.799
v -38.864 -1.892 9.197
v -38.372 -1.892 9.197
v -39.016 -1.494 8.951
v -38.219 -1.494 8.951
v -38.618 -1.494 9.666
v -38.473 -1.115 9.431
v -38.763 -1.115 9.431
v -38.384 -1.349 9.576
v -38.852 -1.349 9.576
v -38.384 -1.639 9.576
v -38.852 -1.639 9.576
v -38.763 -1.873 9.431
v -38.473 -1.873 9.431
v -38.618 -1.026 9.197
v -38.239 -1.260 9.342
v -38.473 -1.115 8.963
v -38.239 -1.260 9.053
v -38.997 -1.260 9.342
v -38.763 -1.115 8.963
v -38.997 -1.260 9.053
v -38.239 -1.728 9.342
v -38.149 -1.494 9.197
v -38.997 -1.728 9.342
v -39.086 -1.494 9.197
v -38.618 -1.494 8.729
v -38.763 -1.873 8.963
v -38.473 -1.873 8.963
v -38.852 -1.639 8.818
v -38.384 -1.639 8.818
v -38.852 -1.349 8.818
v -38.384 -1.349 8.818
v -38.618 -1.962 9.197
v -38.997 -1.728 9.053
v -38.239 -1.728 9.053
f 7225 7241 7237
f 7241 7230 7243
f 7241 7243 7237
f 7237 7243 7226
f 7225 7239 7241
f 7239 7228 7250
f 7239 7250 7241
f 7241 7250 7230
f 7225 7238 7239
f 7238 7227 7246
f 7238 7246 7239
f 7239 7246 7228
f 7225 7240 7238
f 7240 7229 7247
f 7240 7247 7238
f 7238 7247 7227
f 7225 7237 7240
f 7237 7226 7242
f 7237 7242 7240
f 7240 7242 7229
f 7226 7243 7244
f 7243 7230 7255
f 7243 7255 7244
f 7244 7255 7233
f 7230 7250 7256
f 7250 7228 7252
f 7250 7252 7256
f 7256 7252 7235
f 7228 7246 7251
f 7246 7227 7248
f 7246 7248 7251
f 7251 7248 7232
f 7227 7247 7249
f 7247 7229 7254
f 7247 7254 7249
f 7249 7254 7236
f 7229 7242 7253
f 7242 7226 7245
f 7242 7245 7253
f 7253 7245 7234
f 7232 7263 7257
f 7263 7236 7261
f 7263 7261 7257
f 7257 7261 7231
f 7236 7266 7261
f 7266 7234 7259
f 7266 7259 7261
f 7261 7259 7231
f 7234 7264 7259
f 7264 7233 7258
f 7264 7258 7259
f 7259 7258 7231
f 7233 7265 7258
f 7265 7235 7260
f 7265 7260 7258
f 7258 7260 7231
f 7235 7262 7260
f 7262 7232 7257
f 7262 7257 7260
f 7260 7257 7231
f 7227 7249 7248
f 7249 7236 7263
f 7249 7263 7248
f 7248 7263 7232
f 7229 7253 7254
f 7253 7234 7266
f 7253 7266 7254
f 7254 7266 7236
f 7226 7244 7245
f 7244 7233 7264
f 7244 7264 7245
f 7245 7264 7234
f 7230 7256 7255
f 7256 7235 7265
f 7256 7265 7255
f 7255 7265 7233
f 7228 7251 7252
f 7251 7232 7262
f 7251 7262 7252
f 7252 7262 7235
v -6.763 -20.103 4.944
v -6.763 -20.542 4.944
v -6.544 -19.967 4.589
v -6.983 -19.967 4.589
v -6.408 -20.322 4.808
v -7.118 -20.322 4.808
v -6.763 -20.542 4.234
v -6.763 -20.103 4.234
v -6.983 -20.677 4.589
v -6.544 -20.677 4.589
v -7.118 -20.322 4.369
v -6.408 -20.322 4.369
v -6.763 -20.322 5.006
v -6.634 -19.985 4.797
v -6.892 -19.985 4.797
v -6.554 -20.193 4.926
v -6.972 -20.193 4.926
v -6.554 -20.451 4.926
v -6.972 -20.451 4.926
v -6.892 -20.660 4.797
v -6.634 -20.660 4.797
v -6.763 -19.905 4.589
v -6.425 -20.114 4.718
v -6.634 -19.985 4.380
v -6.425 -20.114 4.460
v -7.101 -20.114 4.718
v -6.892 -19.985 4.380
v -7.101 -20.114 4.460
v -6.425 -20.531 4.718
v -6.346 -20.322 4.589
v -7.101 -20.531 4.718
v -7.180 -20.322 4.589
v -6.763 -20.322 4.171
v -6.892 -20.660 4.380
v -6.634 -20.660 4.380
v -6.972 -20.451 4.251
v -6.554 -20.451 4.251
v -6.972 -20.193 4.251
v -6.554 -20.193 4.251
v -6.763 -20.740 4.589
v -7.101 -20.531 4.460
v -6.425 -20.531 4.460
f 7267 7283 7279
f 7283 7272 7285
f 7283 7285 7279
f 7279 7285 7268
f 7267 7281 7283
f 7281 7270 7292
f 7281 7292 7283
f 7283 7292 7272
f 7267 7280 7281
f 7280 7269 7288
f 7280 7288 7281
f 7281 7288 7270
f 7267 7282 7280
f 7282 7271 7289
f 7282 7289 7280
f 7280 7289 7269
f 7267 7279 7282
f 7279 7268 7284
f 7279 7284 7282
f 7282 7284 7271
f 7268 7285 7286
f 7285 7272 7297
f 7285 7297 7286
f 7286 7297 7275
f 7272 7292 7298
f 7292 7270 7294
f 7292 7294 7298
f 7298 7294 7277
f 7270 7288 7293
f 7288 7269 7290
f 7288 7290 7293
f 7293 7290 7274
f 7269 7289 7291
f 7289 7271 7296
f 7289 7296 7291
f 7291 7296 7278
f 7271 7284 7295
f 7284 7268 7287
f 7284 7287 7295
f 7295 7287 7276
f 7274 7305 7299
f 7305 7278 7303
f 7305 7303 7299
f 7299 7303 7273
f 7278 7308 7303
f 7308 7276 7301
f 7308 7301 7303
f 7303 7301 7273
f 7276 7306 7301
f 7306 7275 7300
f 7306 7300 7301
f 7301 7300 7273
f 7275 7307 7300
f 7307 7277 7302
f 7307 7302 7300
f 7300 7302 7273
f 7277 7304 7302
f 7304 7274 7299
f 7304 7299 7302
f 7302 7299 7273
f 7269 7291 7290
f 7291 7278 7305
f 7291 7305 7290
f 7290 7305 7274
f 7271 7295 7296
f 7295 7276 7308
f 7295 7308 7296
f 7296 7308 7278
f 7268 7286 7287
f 7286 7275 7306
f 7286 7306 7287
f 7287 7306 7276
f 7272 7298 7297
f 7298 7277 7307
f 7298 7307 7297
f 7297 7307 7275
f 7270 7293 7294
f 7293 7274 7304
f 7293 7304 7294
f 7294 7304 7277
v -6.763 -21.973 9.142
v -6.763 -22.411 9.142
v -6.544 -21.837 8.787
v -6.983 -21.837 8.787
v -6.408 -22.192 9.007
v -7.118 -22.192 9.007
v -6.763 -22.411 8.432
v -6.763 -21.973 8.432
v -6.983 -22.547 8.787
v -6.544 -22.547 8.787
v -7.118 -22.192 8.568
v -6.408 -22.192 8.568
v -6.763 -22.192 9.205
v -6.634 -21.854 8.996
v -6.892 -21.854 8.996
v -6.555 -22.063 9.125
v -6.972 -22.063 9.125
v -6.555 -22.321 9.125
v -6.972 -22.321 9.125
v -6.892 -22.530 8.996
v -6.634 -22.530 8.996
v -6.763 -21.775 8.787
v -6.426 -21.983 8.916
v -6.634 -21.854 8.579
v -6.426 -21.983 8.658
v -7.101 -21.983 8.916
v -6.892 -21.854 8.579
v -7.101 -21.983 8.658
v -6.426 -22.401 8.916
v -6.346 -22.192 8.787
v -7.101 -22.401 8.916
v -7.181 -22.192 8.787
v -6.763 -22.192 8.370
v -6.892 -22.530 8.579
v -6.634 -22.530 8.579
v -6.972 -22.321 8.450
v -6.555 -22.321 8.450
v -6.972 -22.063 8.450
v -6.555 -22.063 8.450
v -6.763 -22.609 8.787
v -7.101 -22.401 8.658
v -6.426 -22.401 8.658
f 7309 7325 7321
f 7325 7314 7327
f 7325 7327 7321
f 7321 7327 7310
f 7309 7323 7325
f 7323 7312 7334
f 7323 7334 7325
f 7325 7334 7314
f 7309 7322 7323
f 7322 7311 7330
f 7322 7330 7323
f 7323 7330 7312
f 7309 7324 7322
f 7324 7313 7331
f 7324 7331 7322
f 7322 7331 7311
f 7309 7321 7324
f 7321 7310 7326
f 7321 7326 7324
f 7324 7326 7313
f 7310 7327 7328
f 7327 7314 7339
f 7327 7339 7328
f 7328 7339 7317
f 7314 7334 7340
f 7334 7312 7336
f 7334 7336 7340
f 7340 7336 7319
f 7312 7330 7335
f 7330 7311 7332
f 7330 7332 7335
f 7335 7332 7316
f 7311 7331 7333
f 7331 7313 7338
f 7331 7338 7333
f 7333 7338 7320
f 7313 7326 7337
f 7326 7310 7329
f 7326 7329 7337
f 7337 7329 7318
f 7316 7347 7341
f 7347 7320 7345
f 7347 7345 7341
f 7341 7345 7315
f 7320 7350 7345
f 7350 7318 7343
f 7350 7343 7345
f 7345 7343 7315
f 7318 7348 7343
f 7348 7317 7342
f 7348 7342 7343
f 7343 7342 7315
f 7317 7349 7342
f 7349 7319 7344
f 7349 7344 7342
f 7342 7344 7315
f 7319 7346 7344
f 7346 7316 7341
f 7346 7341 7344
f 7344 7341 7315
f 7311 7333 7332
f 7333 7320 7347
f 7333 7347 7332
f 7332 7347 7316
f 7313 7337 7338
f 7337 7318 7350
f 7337 7350 7338
f 7338 7350 7320
f 7310 7328 7329
f 7328 7317 7348
f 7328 7348 7329
f 7329 7348 7318
f 7314 7340 7339
f 7340 7319 7349
f 7340 7349 7339
f 7339 7349 7317
f 7312 7335 7336
f 7335 7316 7346
f 7335 7346 7336
f 7336 7346 7319
v -7.716 -9.614 6.476
v -7.716 -10.024 6.476
v -7.512 -9.488 6.144
v -7.921 -9.488 6.144
v -7.385 -9.819 6.349
v -8.048 -9.819 6.349
v -7.716 -10.024 5.813
v -7.716 -9.614 5.813
v -7.921 -10.150 6.144
v -7.512 -10.150 6.144
v -8.048 -9.819 5.940
v -7.385 -9.819 5.940
v -7.716 -9.819 6.534
v -7.596 -9.504 6.339
v -7.837 -9.504 6.339
v -7.522 -9.699 6.460
v -7.911 -9.699 6.460
v -7.522 -9.939 6.460
v -7.911 -9.939 6.460
v -7.837 -10.134 6.339
v -7.596 -10.134 6.339
v -7.716 -9.429 6.144
v -7.401 -9.624 6.265
v -7.596 -9.504 5.950
v -7.401 -9.624 6.024
v -8.031 -9.624 6.265
v -7.837 -9.504 5.950
v -8.031 -9.624 6.024
v -7.401 -10.014 6.265
v -7.327 -9.819 6.144
v -8.031 -10.014 6.265
v -8.106 -9.819 6.144
v -7.716 -9.819 5.755
v -7.837 -10.134 5.950
v -7.596 -10.134 5.950
v -7.911 -9.939 5.829
v -7.522 -9.939 5.829
v -7.911 -9.699 5.829
v -7.522 -9.699 5.829
v -7.716 -10.208 6.144
v -8.031 -10.014 6.024
v -7.401 -10.014 6.024
f 7351 7367 7363
f 7367 7356 7369
f 7367 7369 7363
f 7363 7369 7352
f 7351 7365 7367
f 7365 7354 7376
f 7365 7376 7367
f 7367 7376 7356
f 7351 7364 7365
f 7364 7353 7372
f 7364 7372 7365
f 7365 7372 7354
f 7351 7366 7364
f 7366 7355 7373
f 7366 7373 7364
f 7364 7373 7353
f 7351 7363 7366
f 7363 7352 7368
f 7363 7368 7366
f 7366 7368 7355
f 7352 7369 7370
f 7369 7356 7381
f 7369 7381 7370
f 7370 7381 7359
f 7356 7376 7382
f 7376 7354 7378
f 7376 7378 7382
f 7382 7378 7361
f 7354 7372 7377
f 7372 7353 7374
f 7372 7374 7377
f 7377 7374 7358
f 7353 7373 7375
f 7373 7355 7380
f 7373 7380 7375
f 7375 7380 7362
f 7355 7368 7379
f 7368 7352 7371
f 7368 7371 7379
f 7379 7371 7360
f 7358 7389 7383
f 7389 7362 7387
f 7389 7387 7383
f 7383 7387 7357
f 7362 7392 7387
f 7392 7360 7385
f 7392 7385 7387
f 7387 7385 7357
f 7360 7390 7385
f 7390 7359 7384
f 7390 7384 7385
f 7385 7384 7357
f 7359 7391 7384
f 7391 7361 7386
f 7391 7386 7384
f 7384 7386 7357
f 7361 7388 7386
f 7388 7358 7383
f 7388 7383 7386
f 7386 7383 7357
f 7353 7375 7374
f 7375 7362 7389
f 7375 7389 7374
f 7374 7389 7358
f 7355 7379 7380
f 7379 7360 7392
f 7379 7392 7380
f 7380 7392 7362
f 7352 7370 7371
f 7370 7359 7390
f 7370 7390 7371
f 7371 7390 7360
f 7356 7382 7381
f 7382 7361 7391
f 7382 7391 7381
f 7381 7391 7359
f 7354 7377 7378
f 7377 7358 7388
f 7377 7388 7378
f 7378 7388 7361
v 9.949 1.769 14.701
v 9.949 1.303 14.701
v 10.182 1.913 14.323
v 9.715 1.913 14.323
v 10.326 1.536 14.557
v 9.571 1.536 14.557
v 9.949 1.303 13.946
v 9.949 1.769 13.946
v 9.715 1.158 14.323
v 10.182 1.158 14.323
v 9.571 1.536 14.090
v 10.326 1.536 14.090
v 9.949 1.536 14.767
v 10.086 1.895 14.545
v 9.811 1.895 14.545
v 10.170 1.673 14.682
v 9.727 1.673 14.682
v 10.170 1.399 14.682
v 9.727 1.399 14.682
v 9.811 1.177 14.545
v 10.086 1.177 14.545
v 9.949 1.979 14.323
v 10.307 1.757 14.460
v 10.086 1.895 14.102
v 10.307 1.757 14.186
v 9.590 1.757 14.460
v 9.811 1.895 14.102
v 9.590 1.757 14.186
v 10.307 1.314 14.460
v 10.392 1.536 14.323
v 9.590 1.314 14.460
v 9.505 1.536 14.323
v 9.949 1.536 13.880
v 9.811 1.177 14.102
v 10.086 1.177 14.102
v 9.727 1.399 13.964
v 10.170 1.399 13.964
v 9.727 1.673 13.964
v 10.170 1.673 13.964
v 9.949 1.092 14.323
v 9.590 1.314 14.186
v 10.307 1.314 14.186
f 7393 7409 7405
f 7409 7398 7411
f 7409 7411 7405
f 7405 7411 7394
f 7393 7407 7409
f 7407 7396 7418
f 7407 7418 7409
f 7409 7418 7398
f 7393 7406 7407
f 7406 7395 7414
f 7406 7414 7407
f 7407 7414 7396
f 7393 7408 7406
f 7408 7397 7415
f 7408 7415 7406
f 7406 7415 7395
f 7393 7405 7408
f 7405 7394 7410
f 7405 7410 7408
f 7408 7410 7397
f 7394 7411 7412
f 7411 7398 7423
f 7411 7423 7412
f 7412 7423 7401
f 7398 7418 7424
f 7418 7396 7420
f 7418 7420 7424
f 7424 7420 7403
f 7396 7414 7419
f 7414 7395 7416
f 7414 7416 7419
f 7419 7416 7400
f 7395 7415 7417
f 7415 7397 7422
f 7415 7422 7417
f 7417 7422 7404
f 7397 7410 7421
f 7410 7394 7413
f 7410 7413 7421
f 7421 7413 7402
f 7400 7431 7425
f 7431 7404 7429
f 7431 7429 7425
f 7425 7429 7399
f 7404 7434 7429
f 7434 7402 7427
f 7434 7427 7429
f 7429 7427 7399
f 7402 7432 7427
f 7432 7401 7426
f 7432 7426 7427
f 7427 7426 7399
f 7401 7433 7426
f 7433 7403 7428
f 7433 7428 7426
f 7426 7428 7399
f 7403 7430 7428
f 7430 7400 7425
f 7430 7425 7428
f 7428 7425 7399
f 7395 7417 7416
f 7417 7404 7431
f 7417 7431 7416
f 7416 7431 7400
f 7397 7421 7422
f 7421 7402 7434
f 7421 7434 7422
f 7422 7434 7404
f 7394 7412 7413
f 7412 7401 7432
f 7412 7432 7413
f 7413 7432 7402
f 7398 7424 7423
f 7424 7403 7433
f 7424 7433 7423
f 7423 7433 7401
f 7396 7419 7420
f 7419 7400 7430
f 7419 7430 7420
f 7420 7430 7403
v 11.751 3.402 15.093
v 11.751 2.993 15.093
v 11.955 3.529 14.762
v 11.546 3.529 14.762
v 12.082 3.198 14.967
v 11.419 3.198 14.967
v 11.751 2.993 14.431
v 11.751 3.402 14.431
v 11.546 2.866 14.762
v 11.955 2.866 14.762
v 11.419 3.198 14.557
v 12.082 3.198 14.557
v 11.751 3.198 15.152
v 11.871 3.513 14.957
v 11.630 3.513 14.957
v 11.945 3.318 15.077
v 11.556 3.318 15.077
v 11.945 3.077 15.077
v 11.556 3.077 15.077
v 11.630 2.883 14.957
v 11.871 2.883 14.957
v 11.751 3.587 14.762
v 12.066 3.392 14.883
v 11.871 3.513 14.567
v 12.066 3.392 14.642
v 11.436 3.392 14.883
v 11.630 3.513 14.567
v 11.436 3.392 14.642
v 12.066 3.003 14.883
v 12.140 3.198 14.762
v 11.436 3.003 14.883
v 11.361 3.198 14.762
v 11.751 3.198 14.373
v 11.630 2.883 14.567
v 11.871 2.883 14.567
v 11.556 3.077 14.447
v 11.945 3.077 14.447
v 11.556 3.318 14.447
v 11.945 3.318 14.447
v 11.751 2.808 14.762
v 11.436 3.003 14.642
v 12.066 3.003 14.642
f 7435 7451 7447
f 7451 7440 7453
f 7451 7453 7447
f 7447 7453 7436
f 7435 7449 7451
f 7449 7438 7460
f 7449 7460 7451
f 7451 7460 7440
f 7435 7448 7449
f 7448 7437 7456
f 7448 7456 7449
f 7449 7456 7438
f 7435 7450 7448
f 7450 7439 7457
f 7450 7457 7448
f 7448 7457 7437
f 7435 7447 7450
f 7447 7436 7452
f 7447 7452 7450
f 7450 7452 7439
f 7436 7453 7454
f 7453 7440 7465
f 7453 7465 7454
f 7454 7465 7443
f 7440 7460 7466
f 7460 7438 7462
f 7460 7462 7466
f 7466 7462 7445
f 7438 7456 7461
f 7456 7437 7458
f 7456 7458 7461
f 7461 7458 7442
f 7437 7457 7459
f 7457 7439 7464
f 7457 7464 7459
f 7459 7464 7446
f 7439 7452 7463
f 7452 7436 7455
f 7452 7455 7463
f 7463 7455 7444
f 7442 7473 7467
f 7473 7446 7471
f 7473 7471 7467
f 7467 7471 7441
f 7446 7476 7471
f 7476 7444 7469
f 7476 7469 7471
f 7471 7469 7441
f 7444 7474 7469
f 7474 7443 7468
f 7474 7468 7469
f 7469 7468 7441
f 7443 7475 7468
f 7475 7445 7470
f 7475 7470 7468
f 7468 7470 7441
f 7445 7472 7470
f 7472 7442 7467
f 7472 7467 7470
f 7470 7467 7441
f 7437 7459 7458
f 7459 7446 7473
f 7459 7473 7458
f 7458 7473 7442
f 7439 7463 7464
f 7463 7444 7476
f 7463 7476 7464
f 7464 7476 7446
f 7436 7454 7455
f 7454 7443 7474
f 7454 7474 7455
f 7455 7474 7444
f 7440 7466 7465
f 7466 7445 7475
f 7466 7475 7465
f 7465 7475 7443
f 7438 7461 7462
f 7461 7442 7472
f 7461 7472 7462
f 7462 7472 7445
v -23.612 -26.575 14.491
v -23.612 -27.042 14.491
v -23.379 -26.431 14.113
v -23.845 -26.431 14.113
v -23.234 -26.809 14.346
v -23.989 -26.809 14.346
v -23.612 -27.042 13.736
v -23.612 -26.575 13.736
v -23.845 -27.186 14.113
v -23.379 -27.186 14.113
v -23.989 -26.809 13.880
v -23.234 -26.809 13.880
v -23.612 -26.809 14.557
v -23.475 -26.450 14.335
v -23.749 -26.450 14.335
v -23.390 -26.672 14.472
v -23.834 -26.672 14.472
v -23.390 -26.946 14.472
v -23.834 -26.946 14.472
v -23.749 -27.168 14.335
v -23.475 -27.168 14.335
v -23.612 -26.365 14.113
v -23.253 -26.587 14.250
v -23.475 -26.450 13.891
v -23.253 -26.587 13.976
v -23.971 -26.587 14.250
v -23.749 -26.450 13.891
v -23.971 -26.587 13.976
v -23.253 -27.030 14.250
v -23.168 -26.809 14.113
v -23.971 -27.030 14.250
v -24.055 -26.809 14.113
v -23.612 -26.809 13.670
v -23.749 -27.168 13.891
v -23.475 -27.168 13.891
v -23.834 -26.946 13.754
v -23.390 -26.946 13.754
v -23.834 -26.672 13.754
v -23.390 -26.672 13.754
v -23.612 -27.252 14.113
v -23.971 -27.030 13.976
v -23.253 -27.030 13.976
f 7477 7493 7489
f 7493 7482 7495
f 7493 7495 7489
f 7489 7495 7478
f 7477 7491 7493
f 7491 7480 7502
f 7491 7502 7493
f 7493 7502 7482
f 7477 7490 7491
f 7490 7479 7498
f 7490 7498 7491
f 7491 7498 7480
f 7477 7492 7490
f 7492 7481 7499
f 7492 7499 7490
f 7490 7499 7479
f 7477 7489 7492
f 7489 7478 7494
f 7489 7494 7492
f 7492 7494 7481
f 7478 7495 7496
f 7495 7482 7507
f 7495 7507 7496
f 7496 7507 7485
f 7482 7502 7508
f 7502 7480 7504
f 7502 7504 7508
f 7508 7504 7487
f 7480 7498 7503
f 7498 7479 7500
f 7498 7500 7503
f 7503 7500 7484
f 7479 7499 7501
f 7499 7481 7506
f 7499 7506 7501
f 7501 7506 7488
f 7481 7494 7505
f 7494 7478 7497
f 7494 7497 7505
f 7505 7497 7486
f 7484 7515 7509
f 7515 7488 7513
f 7515 7513 7509
f 7509 7513 7483
f 7488 7518 7513
f 7518 7486 7511
f 7518 7511 7513
f 7513 7511 7483
f 7486 7516 7511
f 7516 7485 7510
f 7516 7510 7511
f 7511 7510 7483
f 7485 7517 7510
f 7517 7487 7512
f 7517 7512 7510
f 7510 7512 7483
f 7487 7514 7512
f 7514 7484 7509
f 7514 7509 7512
f 7512 7509 7483
f 7479 7501 7500
f 7501 7488 7515
f 7501 7515 7500
f 7500 7515 7484
f 7481 7505 7506
f 7505 7486 7518
f 7505 7518 7506
f 7506 7518 7488
f 7478 7496 7497
f 7496 7485 7516
f 7496 7516 7497
f 7497 7516 7486
f 7482 7508 7507
f 7508 7487 7517
f 7508 7517 7507
f 7507 7517 7485
f 7480 7503 7504
f 7503 7484 7514
f 7503 7514 7504
f 7504 7514 7487
v -17.806 -25.762 13.908
v -17.806 -26.172 13.908
v -17.601 -25.636 13.576
v -18.011 -25.636 13.576
v -17.474 -25.967 13.781
v -18.137 -25.967 13.781
v -17.806 -26.172 13.245
v -17.806 -25.762 13.245
v -18.011 -26.298 13.576
v -17.601 -26.298 13.576
v -18.137 -25.967 13.372
v -17.474 -25.967 13.372
v -17.806 -25.967 13.966
v -17.685 -25.652 13.771
v -17.926 -25.652 13.771
v -17.611 -25.847 13.891
v -18.001 -25.847 13.891
v -17.611 -26.087 13.891
v -18.001 -26.087 13.891
v -17.926 -26.282 13.771
v -17.685 -26.282 13.771
v -17.806 -25.577 13.576
v -17.491 -25.772 13.697
v -17.685 -25.652 13.382
v -17.491 -25.772 13.456
v -18.121 -25.772 13.697
v -17.926 -25.652 13.382
v -18.121 -25.772 13.456
v -17.491 -26.162 13.697
v -17.416 -25.967 13.576
v -18.121 -26.162 13.697
v -18.195 -25.967 13.576
v -17.806 -25.967 13.187
v -17.926 -26.282 13.382
v -17.685 -26.282 13.382
v -18.001 -26.087 13.261
v -17.611 -26.087 13.261
v -18.001 -25.847 13.261
v -17.611 -25.847 13.261
v -17.806 -26.356 13.576
v -18.121 -26.162 13.456
v -17.491 -26.162 13.456
f 7519 7535 7531
f 7535 7524 7537
f 7535 7537 7531
f 7531 7537 7520
f 7519 7533 7535
f 7533 7522 7544
f 7533 7544 7535
f 7535 7544 7524
f 7519 7532 7533
f 7532 7521 7540
f 7532 7540 7533
f 7533 7540 7522
f 7519 7534 7532
f 7534 7523 7541
f 7534 7541 7532
f 7532 7541 7521
f 7519 7531 7534
f 7531 7520 7536
f 7531 7536 7534
f 7534 7536 7523
f 7520 7537 7538
f 7537 7524 7549
f 7537 7549 7538
f 7538 7549 7527
f 7524 7544 7550
f 7544 7522 7546
f 7544 7546 7550
f 7550 7546 7529
f 7522 7540 7545
f 7540 7521 7542
f 7540 7542 7545
f 7545 7542 7526
f 7521 7541 7543
f 7541 7523 7548
f 7541 7548 7543
f 7543 7548 7530
f 7523 7536 7547
f 7536 7520 7539
f 7536 7539 7547
f 7547 7539 7528
f 7526 7557 7551
f 7557 7530 7555
f 7557 7555 7551
f 7551 7555 7525
f 7530 7560 7555
f 7560 7528 7553
f 7560 7553 7555
f 7555 7553 7525
f 7528 7558 7553
f 7558 7527 7552
f 7558 7552 7553
f 7553 7552 7525
f 7527 7559 7552
f 7559 7529 7554
f 7559 7554 7552
f 7552 7554 7525
f 7529 7556 7554
f 7556 7526 7551
f 7556 7551 7554
f 7554 7551 7525
f 7521 7543 7542
f 7543 7530 7557
f 7543 7557 7542
f 7542 7557 7526
f 7523 7547 7548
f 7547 7528 7560
f 7547 7560 7548
f 7548 7560 7530
f 7520 7538 7539
f 7538 7527 7558
f 7538 7558 7539
f 7539 7558 7528
f 7524 7550 7549
f 7550 7529 7559
f 7550 7559 7549
f 7549 7559 7527
f 7522 7545 7546
f 7545 7526 7556
f 7545 7556 7546
f 7546 7556 7529
v -17.266 -23.958 15.550
v -17.266 -24.397 15.550
v -17.046 -23.823 15.195
v -17.485 -23.823 15.195
v -16.910 -24.178 15.414
v -17.621 -24.178 15.414
v -17.266 -24.397 14.840
v -17.266 -23.958 14.840
v -17.485 -24.533 15.195
v -17.046 -24.533 15.195
v -17.621 -24.178 14.976
v -16.910 -24.178 14.976
v -17.266 -24.178 15.612
v -17.137 -23.840 15.404
v -17.394 -23.840 15.404
v -17.057 -24.049 15.533
v -17.474 -24.049 15.533
v -17.057 -24.307 15.533
v -17.474 -24.307 15.533
v -17.394 -24.515 15.404
v -17.137 -24.515 15.404
v -17.266 -23.760 15.195
v -16.928 -23.969 15.324
v -17.137 -23.840 14.986
v -16.928 -23.969 15.066
v -17.603 -23.969 15.324
v -17.394 -23.840 14.986
v -17.603 -23.969 15.066
v -16.928 -24.386 15.324
v -16.848 -24.178 15.195
v -17.603 -24.386 15.324
v -17.683 -24.178 15.195
v -17.266 -24.178 14.778
v -17.394 -24.515 14.986
v -17.137 -24.515 14.986
v -17.474 -24.307 14.857
v -17.057 -24.307 14.857
v -17.474 -24.049 14.857
v -17.057 -24.049 14.857
v -17.266 -24.595 15.195
v -17.603 -24.386 15.066
v -16.928 -24.386 15.066
f 7561 7577 7573
f 7577 7566 7579
f 7577 7579 7573
f 7573 7579 7562
f 7561 7575 7577
f 7575 7564 7586
f 7575 7586 7577
f 7577 7586 7566
f 7561 7574 7575
f 7574 7563 7582
f 7574 7582 7575
f 7575 7582 7564
f 7561 7576 7574
f 7576 7565 7583
f 7576 7583 7574
f 7574 7583 7563
f 7561 7573 7576
f 7573 7562 7578
f 7573 7578 7576
f 7576 7578 7565
f 7562 7579 7580
f 7579 7566 7591
f 7579 7591 7580
f 7580 7591 7569
f 7566 7586 7592
f 7586 7564 7588
f 7586 7588 7592
f 7592 7588 7571
f 7564 7582 7587
f 7582 7563 7584
f 7582 7584 7587
f 7587 7584 7568
f 7563 7583 7585
f 7583 7565 7590
f 7583 7590 7585
f 7585 7590 7572
f 7565 7578 7589
f 7578 7562 7581
f 7578 7581 7589
f 7589 7581 7570
f 7568 7599 7593
f 7599 7572 7597
f 7599 7597 7593
f 7593 7597 7567
f 7572 7602 7597
f 7602 7570 7595
f 7602 7595 7597
f 7597 7595 7567
f 7570 7600 7595
f 7600 7569 7594
f 7600 7594 7595
f 7595 7594 7567
f 7569 7601 7594
f 7601 7571 7596
f 7601 7596 7594
f 7594 7596 7567
f 7571 7598 7596
f 7598 7568 7593
f 7598 7593 7596
f 7596 7593 7567
f 7563 7585 7584
f 7585 7572 7599
f 7585 7599 7584
f 7584 7599 7568
f 7565 7589 7590
f 7589 7570 7602
f 7589 7602 7590
f 7590 7602 7572
f 7562 7580 7581
f 7580 7569 7600
f 7580 7600 7581
f 7581 7600 7570
f 7566 7592 7591
f 7592 7571 7601
f 7592 7601 7591
f 7591 7601 7569
f 7564 7587 7588
f 7587 7568 7598
f 7587 7598 7588
f 7588 7598 7571
v -18.043 -8.803 14.763
v -18.043 -9.320 14.763
v -17.784 -8.643 14.345
v -18.301 -8.643 14.345
v -17.624 -9.061 14.603
v -18.461 -9.061 14.603
v -18.043 -9.320 13.926
v -18.043 -8.803 13.926
v -18.301 -9.480 14.345
v -17.784 -9.480 14.345
v -18.461 -9.061 14.086
v -17.624 -9.061 14.086
v -18.043 -9.061 14.837
v -17.891 -8.664 14.591
v -18.195 -8.664 14.591
v -17.797 -8.909 14.743
v -18.288 -8.909 14.743
v -17.797 -9.213 14.743
v -18.288 -9.213 14.743
v -18.195 -9.459 14.591
v -17.891 -9.459 14.591
v -18.043 -8.570 14.345
v -17.645 -8.816 14.497
v -17.891 -8.664 14.099
v -17.645 -8.816 14.193
v -18.440 -8.816 14.497
v -18.195 -8.664 14.099
v -18.440 -8.816 14.193
v -17.645 -9.307 14.497
v -17.551 -9.061 14.345
v -18.440 -9.307 14.497
v -18.534 -9.061 14.345
v -18.043 -9.061 13.853
v -18.195 -9.459 14.099
v -17.891 -9.459 14.099
v -18.288 -9.213 13.947
v -17.797 -9.213 13.947
v -18.288 -8.909 13.947
v -17.797 -8.909 13.947
v -18.043 -9.553 14.345
v -18.440 -9.307 14.193
v -17.645 -9.307 14.193
f 7603 7619 7615
f 7619 7608 7621
f 7619 7621 7615
f 7615 7621 7604
f 7603 7617 7619
f 7617 7606 7628
f 7617 7628 7619
f 7619 7628 7608
f 7603 7616 7617
f 7616 7605 7624
f 7616 7624 7617
f 7617 7624 7606
f 7603 7618 7616
f 7618 7607 7625
f 7618 7625 7616
f 7616 7625 7605
f 7603 7615 7618
f 7615 7604 7620
f 7615 7620 7618
f 7618 7620 7607
f 7604 7621 7622
f 7621 7608 7633
f 7621 7633 7622
f 7622 7633 7611
f 7608 7628 7634
f 7628 7606 7630
f 7628 7630 7634
f 7634 7630 7613
f 7606 7624 7629
f 7624 7605 7626
f 7624 7626 7629
f 7629 7626 7610
f 7605 7625 7627
f 7625 7607 7632
f 7625 7632 7627
f 7627 7632 7614
f 7607 7620 7631
f 7620 7604 7623
f 7620 7623 7631
f 7631 7623 7612
f 7610 7641 7635
f 7641 7614 7639
f 7641 7639 7635
f 7635 7639 7609
f 7614 7644 7639
f 7644 7612 7637
f 7644 7637 7639
f 7639 7637 7609
f 7612 7642 7637
f 7642 7611 7636
f 7642 7636 7637
f 7637 7636 7609
f 7611 7643 7636
f 7643 7613 7638
f 7643 7638 7636
f 7636 7638 7609
f 7613 7640 7638
f 7640 7610 7635
f 7640 7635 7638
f 7638 7635 7609
f 7605 7627 7626
f 7627 7614 7641
f 7627 7641 7626
f 7626 7641 7610
f 7607 7631 7632
f 7631 7612 7644
f 7631 7644 7632
f 7632 7644 7614
f 7604 7622 7623
f 7622 7611 7642
f 7622 7642 7623
f 7623 7642 7612
f 7608 7634 7633
f 7634 7613 7643
f 7634 7643 7633
f 7633 7643 7611
f 7606 7629 7630
f 7629 7610 7640
f 7629 7640 7630
f 7630 7640 7613
v -1.535 -21.056 13.707
v -1.535 -21.522 13.707
v -1.301 -20.912 13.329
v -1.768 -20.912 13.329
v -1.157 -21.289 13.563
v -1.912 -21.289 13.563
v -1.535 -21.522 12.952
v -1.535 -21.056 12.952
v -1.768 -21.666 13.329
v -1.301 -21.666 13.329
v -1.912 -21.289 13.096
v -1.157 -21.289 13.096
v -1.535 -21.289 13.773
v -1.398 -20.930 13.551
v -1.672 -20.930 13.551
v -1.313 -21.152 13.688
v -1.756 -21.152 13.688
v -1.313 -21.426 13.688
v -1.756 -21.426 13.688
v -1.672 -21.648 13.551
v -1.398 -21.648 13.551
v -1.535 -20.845 13.329
v -1.176 -21.067 13.466
v -1.398 -20.930 13.108
v -1.176 -21.067 13.192
v -1.893 -21.067 13.466
v -1.672 -20.930 13.108
v -1.893 -21.067 13.192
v -1.176 -21.511 13.466
v -1.091 -21.289 13.329
v -1.893 -21.511 13.466
v -1.978 -21.289 13.329
v -1.535 -21.289 12.886
v -1.672 -21.648 13.108
v -1.398 -21.648 13.108
v -1.756 -21.426 12.971
v -1.313 -21.426 12.971
v -1.756 -21.152 12.971
v -1.313 -21.152 12.971
v -1.535 -21.733 13.329
v -1.893 -21.511 13.192
v -1.176 -21.511 13.192
f 7645 7661 7657
f 7661 7650 7663
f 7661 7663 7657
f 7657 7663 7646
f 7645 7659 7661
f 7659 7648 7670
f 7659 7670 7661
f 7661 7670 7650
f 7645 7658 7659
f 7658 7647 7666
f 7658 7666 7659
f 7659 7666 7648
f 7645 7660 7658
f 7660 7649 7667
f 7660 7667 7658
f 7658 7667 7647
f 7645 7657 7660
f 7657 7646 7662
f 7657 7662 7660
f 7660 7662 7649
f 7646 7663 7664
f 7663 7650 7675
f 7663 7675 7664
f 7664 7675 7653
f 7650 7670 7676
f 7670 7648 7672
f 7670 7672 7676
f 7676 7672 7655
f 7648 7666 7671
f 7666 7647 7668
f 7666 7668 7671
f 7671 7668 7652
f 7647 7667 7669
f 7667 7649 7674
f 7667 7674 7669
f 7669 7674 7656
f 7649 7662 7673
f 7662 7646 7665
f 7662 7665 7673
f 7673 7665 7654
f 7652 7683 7677
f 7683 7656 7681
f 7683 7681 7677
f 7677 7681 7651
f 7656 7686 7681
f 7686 7654 7679
f 7686 7679 7681
f 7681 7679 7651
f 7654 7684 7679
f 7684 7653 7678
f 7684 7678 7679
f 7679 7678 7651
f 7653 7685 7678
f 7685 7655 7680
f 7685 7680 7678
f 7678 7680 7651
f 7655 7682 7680
f 7682 7652 7677
f 7682 7677 7680
f 7680 7677 7651
f 7647 7669 7668
f 7669 7656 7683
f 7669 7683 7668
f 7668 7683 7652
f 7649 7673 7674
f 7673 7654 7686
f 7673 7686 7674
f 7674 7686 7656
f 7646 7664 7665
f 7664 7653 7684
f 7664 7684 7665
f 7665 7684 7654
f 7650 7676 7675
f 7676 7655 7685
f 7676 7685 7675
f 7675 7685 7653
f 7648 7671 7672
f 7671 7652 7682
f 7671 7682 7672
f 7672 7682 7655
v -17.510 0.481 15.453
v -17.510 0.071 15.453
v -17.305 0.607 15.122
v -17.714 0.607 15.122
v -17.178 0.276 15.326
v -17.841 0.276 15.326
v -17.510 0.071 14.790
v -17.510 0.481 14.790
v -17.714 -0.055 15.122
v -17.305 -0.055 15.122
v -17.841 0.276 14.917
v -17.178 0.276 14.917
v -17.510 0.276 15.511
v -17.389 0.591 15.316
v -17.630 0.591 15.316
v -17.315 0.396 15.437
v -17.704 0.396 15.437
v -17.315 0.156 15.437
v -17.704 0.156 15.437
v -17.630 -0.039 15.316
v -17.389 -0.039 15.316
v -17.510 0.665 15.122
v -17.194 0.471 15.242
v -17.389 0.591 14.927
v -17.194 0.471 15.001
v -17.825 0.471 15.242
v -17.630 0.591 14.927
v -17.825 0.471 15.001
v -17.194 0.081 15.242
v -17.120 0.276 15.122
v -17.825 0.081 15.242
v -17.899 0.276 15.122
v -17.510 0.276 14.732
v -17.630 -0.039 14.927
v -17.389 -0.039 14.927
v -17.704 0.156 14.806
v -17.315 0.156 14.806
v -17.704 0.396 14.806
v -17.315 0.396 14.806
v -17.510 -0.114 15.122
v -17.825 0.081 15.001
v -17.194 0.081 15.001
f 7687 7703 7699
f 7703 7692 7705
f 7703 7705 7699
f 7699 7705 7688
f 7687 7701 7703
f 7701 7690 7712
f 7701 7712 7703
f 7703 7712 7692
f 7687 7700 7701
f 7700 7689 7708
f 7700 7708 7701
f 7701 7708 7690
f 7687 7702 7700
f 7702 7691 7709
f 7702 7709 7700
f 7700 7709 7689
f 7687 7699 7702
f 7699 7688 7704
f 7699 7704 7702
f 7702 7704 7691
f 7688 7705 7706
f 7705 7692 7717
f 7705 7717 7706
f 7706 7717 7695
f 7692 7712 7718
f 7712 7690 7714
f 7712 7714 7718
f 7718 7714 7697
f 7690 7708 7713
f 7708 7689 7710
f 7708 7710 7713
f 7713 7710 7694
f 7689 7709 7711
f 7709 7691 7716
f 7709 7716 7711
f 7711 7716 7698
f 7691 7704 7715
f 7704 7688 7707
f 7704 7707 7715
f 7715 7707 7696
f 7694 7725 7719
f 7725 7698 7723
f 7725 7723 7719
f 7719 7723 7693
f 7698 7728 7723
f 7728 7696 7721
f 7728 7721 7723
f 7723 7721 7693
f 7696 7726 7721
f 7726 7695 7720
f 7726 7720 7721
f 7721 7720 7693
f 7695 7727 7720
f 7727 7697 7722
f 7727 7722 7720
f 7720 7722 7693
f 7697 7724 7722
f 7724 7694 7719
f 7724 7719 7722
f 7722 7719 7693
f 7689 7711 7710
f 7711 7698 7725
f 7711 7725 7710
f 7710 7725 7694
f 7691 7715 7716
f 7715 7696 7728
f 7715 7728 7716
f 7716 7728 7698
f 7688 7706 7707
f 7706 7695 7726
f 7706 7726 7707
f 7707 7726 7696
f 7692 7718 7717
f 7718 7697 7727
f 7718 7727 7717
f 7717 7727 7695
f 7690 7713 7714
f 7713 7694 7724
f 7713 7724 7714
f 7714 7724 7697
v 7.296 -8.850 17.336
v 7.296 -9.317 17.336
v 7.529 -8.706 16.959
v 7.063 -8.706 16.959
v 7.674 -9.083 17.192
v 6.919 -9.083 17.192
v 7.296 -9.317 16.582
v 7.296 -8.850 16.582
v 7.063 -9.461 16.959
v 7.529 -9.461 16.959
v 6.919 -9.083 16.726
v 7.674 -9.083 16.726
v 7.296 -9.083 17.402
v 7.433 -8.724 17.181
v 7.159 -8.724 17.181
v 7.518 -8.946 17.318
v 7.075 -8.946 17.318
v 7.518 -9.220 17.318
v 7.075 -9.220 17.318
v 7.159 -9.442 17.181
v 7.433 -9.442 17.181
v 7.296 -8.640 16.959
v 7.655 -8.862 17.096
v 7.433 -8.724 16.737
v 7.655 -8.862 16.822
v 6.937 -8.862 17.096
v 7.159 -8.724 16.737
v 6.937 -8.862 16.822
v 7.655 -9.305 17.096
v 7.740 -9.083 16.959
v 6.937 -9.305 17.096
v 6.853 -9.083 16.959
v 7.296 -9.083 16.515
v 7.159 -9.442 16.737
v 7.433 -9.442 16.737
v 7.075 -9.220 16.600
v 7.518 -9.220 16.600
v 7.075 -8.946 16.600
v 7.518 -8.946 16.600
v 7.296 -9.527 16.959
v 6.937 -9.305 16.822
v 7.655 -9.305 16.822
f 7729 7745 7741
f 7745 7734 7747
f 7745 7747 7741
f 7741 7747 7730
f 7729 7743 7745
f 7743 7732 7754
f 7743 7754 7745
f 7745 7754 7734
f 7729 7742 7743
f 7742 7731 7750
f 7742 7750 7743
f 7743 7750 7732
f 7729 7744 7742
f 7744 7733 7751
f 7744 7751 7742
f 7742 7751 7731
f 7729 7741 7744
f 7741 7730 7746
f 7741 7746 7744
f 7744 7746 7733
f 7730 7747 7748
f 7747 7734 7759
f 7747 7759 7748
f 7748 7759 7737
f 7734 7754 7760
f 7754 7732 7756
f 7754 7756 7760
f 7760 7756 7739
f 7732 7750 7755
f 7750 7731 7752
f 7750 7752 7755
f 7755 7752 7736
f 7731 7751 7753
f 7751 7733 7758
f 7751 7758 7753
f 7753 7758 7740
f 7733 7746 7757
f 7746 7730 7749
f 7746 7749 7757
f 7757 7749 7738
f 7736 7767 7761
f 7767 7740 7765
f 7767 7765 7761
f 7761 7765 7735
f 7740 7770 7765
f 7770 7738 7763
f 7770 7763 7765
f 7765 7763 7735
f 7738 7768 7763
f 7768 7737 7762
f 7768 7762 7763
f 7763 7762 7735
f 7737 7769 7762
f 7769 7739 7764
f 7769 7764 7762
f 7762 7764 7735
f 7739 7766 7764
f 7766 7736 7761
f 7766 7761 7764
f 7764 7761 7735
f 7731 7753 7752
f 7753 7740 7767
f 7753 7767 7752
f 7752 7767 7736
f 7733 7757 7758
f 7757 7738 7770
f 7757 7770 7758
f 7758 7770 7740
f 7730 7748 7749
f 7748 7737 7768
f 7748 7768 7749
f 7749 7768 7738
f 7734 7760 7759
f 7760 7739 7769
f 7760 7769 7759
f 7759 7769 7737
f 7732 7755 7756
f 7755 7736 7766
f 7755 7766 7756
f 7756 7766 7739
v -1.581 -3.804 12.324
v -1.581 -4.243 12.324
v -1.362 -3.669 11.969
v -1.800 -3.669 11.969
v -1.226 -4.024 12.189
v -1.936 -4.024 12.189
v -1.581 -4.243 11.614
v -1.581 -3.804 11.614
v -1.800 -4.379 11.969
v -1.362 -4.379 11.969
v -1.936 -4.024 11.750
v -1.226 -4.024 11.750
v -1.581 -4.024 12.387
v -1.452 -3.686 12.178
v -1.710 -3.686 12.178
v -1.372 -3.895 12.307
v -1.790 -3.895 12.307
v -1.372 -4.153 12.307
v -1.790 -4.153 12.307
v -1.710 -4.361 12.178
v -1.452 -4.361 12.178
v -1.581 -3.606 11.969
v -1.243 -3.815 12.098
v -1.452 -3.686 11.761
v -1.243 -3.815 11.840
v -1.919 -3.815 12.098
v -1.710 -3.686 11.761
v -1.919 -3.815 11.840
v -1.243 -4.232 12.098
v -1.164 -4.024 11.969
v -1.919 -4.232 12.098
v -1.998 -4.024 11.969
v -1.581 -4.024 11.552
v -1.710 -4.361 11.761
v -1.452 -4.361 11.761
v -1.790 -4.153 11.632
v -1.372 -4.153 11.632
v -1.790 -3.895 11.632
v -1.372 -3.895 11.632
v -1.581 -4.441 11.969
v -1.919 -4.232 11.840
v -1.243 -4.232 11.840
f 7771 7787 7783
f 7787 7776 7789
f 7787 7789 7783
f 7783 7789 7772
f 7771 7785 7787
f 7785 7774 7796
f 7785 7796 7787
f 7787 7796 7776
f 7771 7784 7785
f 7784 7773 7792
f 7784 7792 7785
f 7785 7792 7774
f 7771 7786 7784
f 7786 7775 7793
f 7786 7793 7784
f 7784 7793 7773
f 7771 7783 7786
f 7783 7772 7788
f 7783 7788 7786
f 7786 7788 7775
f 7772 7789 7790
f 7789 7776 7801
f 7789 7801 7790
f 7790 7801 7779
f 7776 7796 7802
f 7796 7774 7798
f 7796 7798 7802
f 7802 7798 7781
f 7774 7792 7797
f 7792 7773 7794
f 7792 7794 7797
f 7797 7794 7778
f 7773 7793 7795
f 7793 7775 7800
f 7793 7800 7795
f 7795 7800 7782
f 7775 7788 7799
f 7788 7772 7791
f 7788 7791 7799
f 7799 7791 7780
f 7778 7809 7803
f 7809 7782 7807
f 7809 7807 7803
f 7803 7807 7777
f 7782 7812 7807
f 7812 7780 7805
f 7812 7805 7807
f 7807 7805 7777
f 7780 7810 7805
f 7810 7779 7804
f 7810 7804 7805
f 7805 7804 7777
f 7779 7811 7804
f 7811 7781 7806
f 7811 7806 7804
f 7804 7806 7777
f 7781 7808 7806
f 7808 7778 7803
f 7808 7803 7806
f 7806 7803 7777
f 7773 7795 7794
f 7795 7782 7809
f 7795 7809 7794
f 7794 7809 7778
f 7775 7799 7800
f 7799 7780 7812
f 7799 7812 7800
f 7800 7812 7782
f 7772 7790 7791
f 7790 7779 7810
f 7790 7810 7791
f 7791 7810 7780
f 7776 7802 7801
f 7802 7781 7811
f 7802 7811 7801
f 7801 7811 7779
f 7774 7797 7798
f 7797 7778 7808
f 7797 7808 7798
f 7798 7808 7781
v -0.562 -5.265 11.794
v -0.562 -5.758 11.794
v -0.316 -5.113 11.396
v -0.808 -5.113 11.396
v -0.163 -5.512 11.642
v -0.960 -5.512 11.642
v -0.562 -5.758 10.998
v -0.562 -5.265 10.998
v -0.808 -5.910 11.396
v -0.316 -5.910 11.396
v -0.960 -5.512 11.150
v -0.163 -5.512 11.150
v -0.562 -5.512 11.864
v -0.417 -5.133 11.630
v -0.707 -5.133 11.630
v -0.328 -5.367 11.775
v -0.796 -5.367 11.775
v -0.328 -5.656 11.775
v -0.796 -5.656 11.775
v -0.707 -5.890 11.630
v -0.417 -5.890 11.630
v -0.562 -5.043 11.396
v -0.183 -5.277 11.541
v -0.417 -5.133 11.162
v -0.183 -5.277 11.251
v -0.941 -5.277 11.541
v -0.707 -5.133 11.162
v -0.941 -5.277 11.251
v -0.183 -5.746 11.541
v -0.093 -5.512 11.396
v -0.941 -5.746 11.541
v -1.030 -5.512 11.396
v -0.562 -5.512 10.928
v -0.707 -5.890 11.162
v -0.417 -5.890 11.162
v -0.796 -5.656 11.017
v -0.328 -5.656 11.017
v -0.796 -5.367 11.017
v -0.328 -5.367 11.017
v -0.562 -5.980 11.396
v -0.941 -5.746 11.251
v -0.183 -5.746 11.251
f 7813 7829 7825
f 7829 7818 7831
f 7829 7831 7825
f 7825 7831 7814
f 7813 7827 7829
f 7827 7816 7838
f 7827 7838 7829
f 7829 7838 7818
f 7813 7826 7827
f 7826 7815 7834
f 7826 7834 7827
f 7827 7834 7816
f 7813 7828 7826
f 7828 7817 7835
f 7828 7835 7826
f 7826 7835 7815
f 7813 7825 7828
f 7825 7814 7830
f 7825 7830 7828
f 7828 7830 7817
f 7814 7831 7832
f 7831 7818 7843
f 7831 7843 7832
f 7832 7843 7821
f 7818 7838 7844
f 7838 7816 7840
f 7838 7840 7844
f 7844 7840 7823
f 7816 7834 7839
f 7834 7815 7836
f 7834 7836 7839
f 7839 7836 7820
f 7815 7835 7837
f 7835 7817 7842
f 7835 7842 7837
f 7837 7842 7824
f 7817 7830 7841
f 7830 7814 7833
f 7830 7833 7841
f 7841 7833 7822
f 7820 7851 7845
f 7851 7824 7849
f 7851 7849 7845
f 7845 7849 7819
f 7824 7854 7849
f 7854 7822 7847
f 7854 7847 7849
f 7849 7847 7819
f 7822 7852 7847
f 7852 7821 7846
f 7852 7846 7847
f 7847 7846 7819
f 7821 7853 7846
f 7853 7823 7848
f 7853 7848 7846
f 7846 7848 7819
f 7823 7850 7848
f 7850 7820 7845
f 7850 7845 7848
f 7848 7845 7819
f 7815 7837 7836
f 7837 7824 7851
f 7837 7851 7836
f 7836 7851 7820
f 7817 7841 7842
f 7841 7822 7854
f 7841 7854 7842
f 7842 7854 7824
f 7814 7832 7833
f 7832 7821 7852
f 7832 7852 7833
f 7833 7852 7822
f 7818 7844 7843
f 7844 7823 7853
f 7844 7853 7843
f 7843 7853 7821
f 7816 7839 7840
f 7839 7820 7850
f 7839 7850 7840
f 7840 7850 7823
v 14.516 0.988 21.819
v 14.516 0.521 21.819
v 14.749 1.132 21.441
v 14.283 1.132 21.441
v 14.893 0.755 21.675
v 14.139 0.755 21.675
v 14.516 0.521 21.064
v 14.516 0.988 21.064
v 14.283 0.377 21.441
v 14.749 0.377 21.441
v 14.139 0.755 21.208
v 14.893 0.755 21.208
v 14.516 0.755 21.885
v 14.653 1.113 21.663
v 14.379 1.113 21.663
v 14.738 0.892 21.800
v 14.294 0.892 21.800
v 14.738 0.618 21.800
v 14.294 0.618 21.800
v 14.379 0.396 21.663
v 14.653 0.396 21.663
v 14.516 1.198 21.441
v 14.875 0.976 21.579
v 14.653 1.113 21.220
v 14.875 0.976 21.304
v 14.157 0.976 21.579
v 14.379 1.113 21.220
v 14.157 0.976 21.304
v 14.875 0.533 21.579
v 14.960 0.755 21.441
v 14.157 0.533 21.579
v 14.072 0.755 21.441
v 14.516 0.755 20.998
v 14.379 0.396 21.220
v 14.653 0.396 21.220
v 14.294 0.618 21.083
v 14.738 0.618 21.083
v 14.294 0.892 21.083
v 14.738 0.892 21.083
v 14.516 0.311 21.441
v 14.157 0.533 21.304
v 14.875 0.533 21.304
f 7855 7871 7867
f 7871 7860 7873
f 7871 7873 7867
f 7867 7873 7856
f 7855 7869 7871
f 7869 7858 7880
f 7869 7880 7871
f 7871 7880 7860
f 7855 7868 7869
f 7868 7857 7876
f 7868 7876 7869
f 7869 7876 7858
f 7855 7870 7868
f 7870 7859 7877
f 7870 7877 7868
f 7868 7877 7857
f 7855 7867 7870
f 7867 7856 7872
f 7867 7872 7870
f 7870 7872 7859
f 7856 7873 7874
f 7873 7860 7885
f 7873 7885 7874
f 7874 7885 7863
f 7860 7880 7886
f 7880 7858 7882
f 7880 7882 7886
f 7886 7882 7865
f 7858 7876 7881
f 7876 7857 7878
f 7876 7878 7881
f 7881 7878 7862
f 7857 7877 7879
f 7877 7859 7884
f 7877 7884 7879
f 7879 7884 7866
f 7859 7872 7883
f 7872 7856 7875
f 7872 7875 7883
f 7883 7875 7864
f 7862 7893 7887
f 7893 7866 7891
f 7893 7891 7887
f 7887 7891 7861
f 7866 7896 7891
f 7896 7864 7889
f 7896 7889 7891
f 7891 7889 7861
f 7864 7894 7889
f 7894 7863 7888
f 7894 7888 7889
f 7889 7888 7861
f 7863 7895 7888
f 7895 7865 7890
f 7895 7890 7888
f 7888 7890 7861
f 7865 7892 7890
f 7892 7862 7887
f 7892 7887 7890
f 7890 7887 7861
f 7857 7879 7878
f 7879 7866 7893
f 7879 7893 7878
f 7878 7893 7862
f 7859 7883 7884
f 7883 7864 7896
f 7883 7896 7884
f 7884 7896 7866
f 7856 7874 7875
f 7874 7863 7894
f 7874 7894 7875
f 7875 7894 7864
f 7860 7886 7885
f 7886 7865 7895
f 7886 7895 7885
f 7885 7895 7863
f 7858 7881 7882
f 7881 7862 7892
f 7881 7892 7882
f 7882 7892 7865
v 9.832 14.433 25.395
v 9.832 14.024 25.395
v 10.037 14.560 25.064
v 9.628 14.560 25.064
v 10.164 14.228 25.269
v 9.501 14.228 25.269
v 9.832 14.024 24.733
v 9.832 14.433 24.733
v 9.628 13.897 25.064
v 10.037 13.897 25.064
v 9.501 14.228 24.859
v 10.164 14.228 24.859
v 9.832 14.228 25.453
v 9.953 14.544 25.259
v 9.712 14.544 25.259
v 10.027 14.349 25.379
v 9.638 14.349 25.379
v 10.027 14.108 25.379
v 9.638 14.108 25.379
v 9.712 13.913 25.259
v 9.953 13.913 25.259
v 9.832 14.618 25.064
v 10.148 14.423 25.184
v 9.953 14.544 24.869
v 10.148 14.423 24.944
v 9.517 14.423 25.184
v 9.712 14.544 24.869
v 9.517 14.423 24.944
v 10.148 14.034 25.184
v 10.222 14.228 25.064
v 9.517 14.034 25.184
v 9.443 14.228 25.064
v 9.832 14.228 24.674
v 9.712 13.913 24.869
v 9.953 13.913 24.869
v 9.638 14.108 24.749
v 10.027 14.108 24.749
v 9.638 14.349 24.749
v 10.027 14.349 24.749
v 9.832 13.839 25.064
v 9.517 14.034 24.944
v 10.148 14.034 24.944
f 7897 7913 7909
f 7913 7902 7915
f 7913 7915 7909
f 7909 7915 7898
f 7897 7911 7913
f 7911 7900 7922
f 7911 7922 7913
f 7913 7922 7902
f 7897 7910 7911
f 7910 7899 7918
f 7910 7918 7911
f 7911 7918 7900
f 7897 7912 7910
f 7912 7901 7919
f 7912 7919 7910
f 7910 7919 7899
f 7897 7909 7912
f 7909 7898 7914
f 7909 7914 7912
f 7912 7914 7901
f 7898 7915 7916
f 7915 7902 7927
f 7915 7927 7916
f 7916 7927 7905
f 7902 7922 7928
f 7922 7900 7924
f 7922 7924 7928
f 7928 7924 7907
f 7900 7918 7923
f 7918 7899 7920
f 7918 7920 7923
f 7923 7920 7904
f 7899 7919 7921
f 7919 7901 7926
f 7919 7926 7921
f 7921 7926 7908
f 7901 7914 7925
f 7914 7898 7917
f 7914 7917 7925
f 7925 7917 7906
f 7904 7935 7929
f 7935 7908 7933
f 7935 7933 7929
f 7929 7933 7903
f 7908 7938 7933
f 7938 7906 7931
f 7938 7931 7933
f 7933 7931 7903
f 7906 7936 7931
f 7936 7905 7930
f 7936 7930 7931
f 7931 7930 7903
f 7905 7937 7930
f 7937 7907 7932
f 7937 7932 7930
f 7930 7932 7903
f 7907 7934 7932
f 7934 7904 7929
f 7934 7929 7932
f 7932 7929 7903
f 7899 7921 7920
f 7921 7908 7935
f 7921 7935 7920
f 7920 7935 7904
f 7901 7925 7926
f 7925 7906 7938
f 7925 7938 7926
f 7926 7938 7908
f 7898 7916 7917
f 7916 7905 7936
f 7916 7936 7917
f 7917 7936 7906
f 7902 7928 7927
f 7928 7907 7937
f 7928 7937 7927
f 7927 7937 7905
f 7900 7923 7924
f 7923 7904 7934
f 7923 7934 7924
f 7924 7934 7907
v 11.186 10.505 21.703
v 11.186 9.988 21.703
v 11.444 10.665 21.284
v 10.927 10.665 21.284
v 11.604 10.246 21.543
v 10.767 10.246 21.543
v 11.186 9.988 20.866
v 11.186 10.505 20.866
v 10.927 9.828 21.284
v 11.444 9.828 21.284
v 10.767 10.246 21.026
v 11.604 10.246 21.026
v 11.186 10.246 21.776
v 11.338 10.644 21.530
v 11.034 10.644 21.530
v 11.432 10.398 21.682
v 10.940 10.398 21.682
v 11.432 10.094 21.682
v 10.940 10.094 21.682
v 11.034 9.848 21.530
v 11.338 9.848 21.530
v 11.186 10.738 21.284
v 11.584 10.492 21.436
v 11.338 10.644 21.039
v 11.584 10.492 21.132
v 10.788 10.492 21.436
v 11.034 10.644 21.039
v 10.788 10.492 21.132
v 11.584 10.000 21.436
v 11.678 10.246 21.284
v 10.788 10.000 21.436
v 10.694 10.246 21.284
v 11.186 10.246 20.793
v 11.034 9.848 21.039
v 11.338 9.848 21.039
v 10.940 10.094 20.887
v 11.432 10.094 20.887
v 10.940 10.398 20.887
v 11.432 10.398 20.887
v 11.186 9.755 21.284
v 10.788 10.000 21.132
v 11.584 10.000 21.132
f 7939 7955 7951
f 7955 7944 7957
f 7955 7957 7951
f 7951 7957 7940
f 7939 7953 7955
f 7953 7942 7964
f 7953 7964 7955
f 7955 7964 7944
f 7939 7952 7953
f 7952 7941 7960
f 7952 7960 7953
f 7953 7960 7942
f 7939 7954 7952
f 7954 7943 7961
f 7954 7961 7952
f 7952 7961 7941
f 7939 7951 7954
f 7951 7940 7956
f 7951 7956 7954
f 7954 7956 7943
f 7940 7957 7958
f 7957 7944 7969
f 7957 7969 7958
f 7958 7969 7947
f 7944 7964 7970
f 7964 7942 7966
f 7964 7966 7970
f 7970 7966 7949
f 7942 7960 7965
f 7960 7941 7962
f 7960 7962 7965
f 7965 7962 7946
f 7941 7961 7963
f 7961 7943 7968
f 7961 7968 7963
f 7963 7968 7950
f 7943 7956 7967
f 7956 7940 7959
f 7956 7959 7967
f 7967 7959 7948
f 7946 7977 7971
f 7977 7950 7975
f 7977 7975 7971
f 7971 7975 7945
f 7950 7980 7975
f 7980 7948 7973
f 7980 7973 7975
f 7975 7973 7945
f 7948 7978 7973
f 7978 7947 7972
f 7978 7972 7973
f 7973 7972 7945
f 7947 7979 7972
f 7979 7949 7974
f 7979 7974 7972
f 7972 7974 7945
f 7949 7976 7974
f 7976 7946 7971
f 7976 7971 7974
f 7974 7971 7945
f 7941 7963 7962
f 7963 7950 7977
f 7963 7977 7962
f 7962 7977 7946
f 7943 7967 7968
f 7967 7948 7980
f 7967 7980 7968
f 7968 7980 7950
f 7940 7958 7959
f 7958 7947 7978
f 7958 7978 7959
f 7959 7978 7948
f 7944 7970 7969
f 7970 7949 7979
f 7970 7979 7969
f 7969 7979 7947
f 7942 7965 7966
f 7965 7946 7976
f 7965 7976 7966
f 7966 7976 7949
v 13.265 9.534 21.328
v 13.265 9.096 21.328
v 13.485 9.670 20.973
v 13.046 9.670 20.973
v 13.620 9.315 21.193
v 12.910 9.315 21.193
v 13.265 9.096 20.618
v 13.265 9.534 20.618
v 13.046 8.960 20.973
v 13.485 8.960 20.973
v 12.910 9.315 20.754
v 13.620 9.315 20.754
v 13.265 9.315 21.391
v 13.394 9.653 21.182
v 13.136 9.653 21.182
v 13.474 9.444 21.311
v 13.057 9.444 21.311
v 13.474 9.186 21.311
v 13.057 9.186 21.311
v 13.136 8.977 21.182
v 13.394 8.977 21.182
v 13.265 9.732 20.973
v 13.603 9.524 21.102
v 13.394 9.653 20.765
v 13.603 9.524 20.844
v 12.928 9.524 21.102
v 13.136 9.653 20.765
v 12.928 9.524 20.844
v 13.603 9.106 21.102
v 13.683 9.315 20.973
v 12.928 9.106 21.102
v 12.848 9.315 20.973
v 13.265 9.315 20.556
v 13.136 8.977 20.765
v 13.394 8.977 20.765
v 13.057 9.186 20.636
v 13.474 9.186 20.636
v 13.057 9.444 20.636
v 13.474 9.444 20.636
v 13.265 8.898 20.973
v 12.928 9.106 20.844
v 13.603 9.106 20.844
f 7981 7997 7993
f 7997 7986 7999
f 7997 7999 7993
f 7993 7999 7982
f 7981 7995 7997
f 7995 7984 8006
f 7995 8006 7997
f 7997 8006 7986
f 7981 7994 7995
f 7994 7983 8002
f 7994 8002 7995
f 7995 8002 7984
f 7981 7996 7994
f 7996 7985 8003
f 7996 8003 7994
f 7994 8003 7983
f 7981 7993 7996
f 7993 7982 7998
f 7993 7998 7996
f 7996 7998 7985
f 7982 7999 8000
f 7999 7986 8011
f 7999 8011 8000
f 8000 8011 7989
f 7986 8006 8012
f 8006 7984 8008
f 8006 8008 8012
f 8012 8008 7991
f 7984 8002 8007
f 8002 7983 8004
f 8002 8004 8007
f 8007 8004 7988
f 7983 8003 8005
f 8003 7985 8010
f 8003 8010 8005
f 8005 8010 7992
f 7985 7998 8009
f 7998 7982 8001
f 7998 8001 8009
f 8009 8001 7990
f 7988 8019 8013
f 8019 7992 8017
f 8019 8017 8013
f 8013 8017 7987
f 7992 8022 8017
f 8022 7990 8015
f 8022 8015 8017
f 8017 8015 7987
f 7990 8020 8015
f 8020 7989 8014
f 8020 8014 8015
f 8015 8014 7987
f 7989 8021 8014
f 8021 7991 8016
f 8021 8016 8014
f 8014 8016 7987
f 7991 8018 8016
f 8018 7988 8013
f 8018 8013 8016
f 8016 8013 7987
f 7983 8005 8004
f 8005 7992 8019
f 8005 8019 8004
f 8004 8019 7988
f 7985 8009 8010
f 8009 7990 8022
f 8009 8022 8010
f 8010 8022 7992
f 7982 8000 8001
f 8000 7989 8020
f 8000 8020 8001
f 8001 8020 7990
f 7986 8012 8011
f 8012 7991 8021
f 8012 8021 8011
f 8011 8021 7989
f 7984 8007 8008
f 8007 7988 8018
f 8007 8018 8008
f 8008 8018 7991
v -11.063 10.495 18.034
v -11.063 10.086 18.034
v -10.858 10.622 17.703
v -11.268 10.622 17.703
v -10.732 10.290 17.908
v -11.394 10.290 17.908
v -11.063 10.086 17.372
v -11.063 10.495 17.372
v -11.268 9.959 17.703
v -10.858 9.959 17.703
v -11.394 10.290 17.498
v -10.732 10.290 17.498
v -11.063 10.290 18.093
v -10.943 10.606 17.898
v -11.183 10.606 17.898
v -10.868 10.411 18.018
v -11.258 10.411 18.018
v -10.868 10.170 18.018
v -11.258 10.170 18.018
v -11.183 9.975 17.898
v -10.943 9.975 17.898
v -11.063 10.680 17.703
v -10.748 10.485 17.823
v -10.943 10.606 17.508
v -10.748 10.485 17.583
v -11.378 10.485 17.823
v -11.183 10.606 17.508
v -11.378 10.485 17.583
v -10.748 10.096 17.823
v -10.673 10.290 17.703
v -11.378 10.096 17.823
v -11.452 10.290 17.703
v -11.063 10.290 17.314
v -11.183 9.975 17.508
v -10.943 9.975 17.508
v -11.258 10.170 17.388
v -10.868 10.170 17.388
v -11.258 10.411 17.388
v -10.868 10.411 17.388
v -11.063 9.901 17.703
v -11.378 10.096 17.583
v -10.748 10.096 17.583
f 8023 8039 8035
f 8039 8028 8041
f 8039 8041 8035
f 8035 8041 8024
f 8023 8037 8039
f 8037 8026 8048
f 8037 8048 8039
f 8039 8048 8028
f 8023 8036 8037
f 8036 8025 8044
f 8036 8044 8037
f 8037 8044 8026
f 8023 8038 8036
f 8038 8027 8045
f 8038 8045 8036
f 8036 8045 8025
f 8023 8035 8038
f 8035 8024 8040
f 8035 8040 8038
f 8038 8040 8027
f 8024 8041 8042
f 8041 8028 8053
f 8041 8053 8042
f 8042 8053 8031
f 8028 8048 8054
f 8048 8026 8050
f 8048 8050 8054
f 8054 8050 8033
f 8026 8044 8049
f 8044 8025 8046
f 8044 8046 8049
f 8049 8046 8030
f 8025 8045 8047
f 8045 8027 8052
f 8045 8052 8047
f 8047 8052 8034
f 8027 8040 8051
f 8040 8024 8043
f 8040 8043 8051
f 8051 8043 8032
f 8030 8061 8055
f 8061 8034 8059
f 8061 8059 8055
f 8055 8059 8029
f 8034 8064 8059
f 8064 8032 8057
f 8064 8057 8059
f 8059 8057 8029
f 8032 8062 8057
f 8062 8031 8056
f 8062 8056 8057
f 8057 8056 8029
f 8031 8063 8056
f 8063 8033 8058
f 8063 8058 8056
f 8056 8058 8029
f 8033 8060 8058
f 8060 8030 8055
f 8060 8055 8058
f 8058 8055 8029
f 8025 8047 8046
f 8047 8034 8061
f 8047 8061 8046
f 8046 8061 8030
f 8027 8051 8052
f 8051 8032 8064
f 8051 8064 8052
f 8052 8064 8034
f 8024 8042 8043
f 8042 8031 8062
f 8042 8062 8043
f 8043 8062 8032
f 8028 8054 8053
f 8054 8033 8063
f 8054 8063 8053
f 8053 8063 8031
f 8026 8049 8050
f 8049 8030 8060
f 8049 8060 8050
f 8050 8060 8033
v 5.904 -5.657 21.234
v 5.904 -6.095 21.234
v 6.124 -5.521 20.879
v 5.685 -5.521 20.879
v 6.259 -5.876 21.099
v 5.549 -5.876 21.099
v 5.904 -6.095 20.524
v 5.904 -5.657 20.524
v 5.685 -6.231 20.879
v 6.124 -6.231 20.879
v 5.549 -5.876 20.660
v 6.259 -5.876 20.660
v 5.904 -5.876 21.296
v 6.033 -5.538 21.088
v 5.775 -5.538 21.088
v 6.113 -5.747 21.217
v 5.696 -5.747 21.217
v 6.113 -6.005 21.217
v 5.696 -6.005 21.217
v 5.775 -6.214 21.088
v 6.033 -6.214 21.088
v 5.904 -5.459 20.879
v 6.242 -5.667 21.008
v 6.033 -5.538 20.670
v 6.242 -5.667 20.750
v 5.567 -5.667 21.008
v 5.775 -5.538 20.670
v 5.567 -5.667 20.750
v 6.242 -6.085 21.008
v 6.322 -5.876 20.879
v 5.567 -6.085 21.008
v 5.487 -5.876 20.879
v 5.904 -5.876 20.462
v 5.775 -6.214 20.670
v 6.033 -6.214 20.670
v 5.696 -6.005 20.541
v 6.113 -6.005 20.541
v 5.696 -5.747 20.541
v 6.113 -5.747 20.541
v 5.904 -6.293 20.879
v 5.567 -6.085 20.750
v 6.242 -6.085 20.750
f 8065 8081 8077
f 8081 8070 8083
f 8081 8083 8077
f 8077 8083 8066
f 8065 8079 8081
f 8079 8068 8090
f 8079 8090 8081
f 8081 8090 8070
f 8065 8078 8079
f 8078 8067 8086
f 8078 8086 8079
f 8079 8086 8068
f 8065 8080 8078
f 8080 8069 8087
f 8080 8087 8078
f 8078 8087 8067
f 8065 8077 8080
f 8077 8066 8082
f 8077 8082 8080
f 8080 8082 8069
f 8066 8083 8084
f 8083 8070 8095
f 8083 8095 8084
f 8084 8095 8073
f 8070 8090 8096
f 8090 8068 8092
f 8090 8092 8096
f 8096 8092 8075
f 8068 8086 8091
f 8086 8067 8088
f 8086 8088 8091
f 8091 8088 8072
f 8067 8087 8089
f 8087 8069 8094
f 8087 8094 8089
f 8089 8094 8076
f 8069 8082 8093
f 8082 8066 8085
f 8082 8085 8093
f 8093 8085 8074
f 8072 8103 8097
f 8103 8076 8101
f 8103 8101 8097
f 8097 8101 8071
f 8076 8106 8101
f 8106 8074 8099
f 8106 8099 8101
f 8101 8099 8071
f 8074 8104 8099
f 8104 8073 8098
f 8104 8098 8099
f 8099 8098 8071
f 8073 8105 8098
f 8105 8075 8100
f 8105 8100 8098
f 8098 8100 8071
f 8075 8102 8100
f 8102 8072 8097
f 8102 8097 8100
f 8100 8097 8071
f 8067 8089 8088
f 8089 8076 8103
f 8089 8103 8088
f 8088 8103 8072
f 8069 8093 8094
f 8093 8074 8106
f 8093 8106 8094
f 8094 8106 8076
f 8066 8084 8085
f 8084 8073 8104
f 8084 8104 8085
f 8085 8104 8074
f 8070 8096 8095
f 8096 8075 8105
f 8096 8105 8095
f 8095 8105 8073
f 8068 8091 8092
f 8091 8072 8102
f 8091 8102 8092
f 8092 8102 8075
v 9.560 -4.575 -23.107
v 9.560 -5.092 -23.107
v 9.818 -4.415 -23.525
v 9.301 -4.415 -23.525
v 9.978 -4.833 -23.267
v 9.141 -4.833 -23.267
v 9.560 -5.092 -23.944
v 9.560 -4.575 -23.944
v 9.301 -5.252 -23.525
v 9.818 -5.252 -23.525
v 9.141 -4.833 -23.784
v 9.978 -4.833 -23.784
v 9.560 -4.833 -23.033
v 9.712 -4.435 -23.279
v 9.408 -4.435 -23.279
v 9.806 -4.681 -23.127
v 9.314 -4.681 -23.127
v 9.806 -4.985 -23.127
v 9.314 -4.985 -23.127
v 9.408 -5.231 -23.279
v 9.712 -5.231 -23.279
v 9.560 -4.341 -23.525
v 9.958 -4.587 -23.373
v 9.712 -4.435 -23.771
v 9.958 -4.587 -23.677
v 9.162 -4.587 -23.373
v 9.408 -4.435 -23.771
v 9.162 -4.587 -23.677
v 9.958 -5.079 -23.373
v 10.052 -4.833 -23.525
v 9.162 -5.079 -23.373
v 9.068 -4.833 -23.525
v 9.560 -4.833 -24.017
v 9.408 -5.231 -23.771
v 9.712 -5.231 -23.771
v 9.314 -4.985 -23.923
v 9.806 -4.985 -23.923
v 9.314 -4.681 -23.923
v 9.806 -4.681 -23.923
v 9.560 -5.325 -23.525
v 9.162 -5.079 -23.677
v 9.958 -5.079 -23.677
f 8107 8123 8119
f 8123 8112 8125
f 8123 8125 8119
f 8119 8125 8108
f 8107 8121 8123
f 8121 8110 8132
f 8121 8132 8123
f 8123 8132 8112
f 8107 8120 8121
f 8120 8109 8128
f 8120 8128 8121
f 8121 8128 8110
f 8107 8122 8120
f 8122 8111 8129
f 8122 8129 8120
f 8120 8129 8109
f 8107 8119 8122
f 8119 8108 8124
f 8119 8124 8122
f 8122 8124 8111
f 8108 8125 8126
f 8125 8112 8137
f 8125 8137 8126
f 8126 8137 8115
f 8112 8132 8138
f 8132 8110 8134
f 8132 8134 8138
f 8138 8134 8117
f 8110 8128 8133
f 8128 8109 8130
f 8128 8130 8133
f 8133 8130 8114
f 8109 8129 8131
f 8129 8111 8136
f 8129 8136 8131
f 8131 8136 8118
f 8111 8124 8135
f 8124 8108 8127
f 8124 8127 8135
f 8135 8127 8116
f 8114 8145 8139
f 8145 8118 8143
f 8145 8143 8139
f 8139 8143 8113
f 8118 8148 8143
f 8148 8116 8141
f 8148 8141 8143
f 8143 8141 8113
f 8116 8146 8141
f 8146 8115 8140
f 8146 8140 8141
f 8141 8140 8113
f 8115 8147 8140
f 8147 8117 8142
f 8147 8142 8140
f 8140 8142 8113
f 8117 8144 8142
f 8144 8114 8139
f 8144 8139 8142
f 8142 8139 8113
f 8109 8131 8130
f 8131 8118 8145
f 8131 8145 8130
f 8130 8145 8114
f 8111 8135 8136
f 8135 8116 8148
f 8135 8148 8136
f 8136 8148 8118
f 8108 8126 8127
f 8126 8115 8146
f 8126 8146 8127
f 8127 8146 8116
f 8112 8138 8137
f 8138 8117 8147
f 8138 8147 8137
f 8137 8147 8115
f 8110 8133 8134
f 8133 8114 8144
f 8133 8144 8134
f 8134 8144 8117
v 20.375 -2.319 -26.305
v 20.375 -2.729 -26.305
v 20.580 -2.193 -26.636
v 20.170 -2.193 -26.636
v 20.706 -2.524 -26.431
v 20.044 -2.524 -26.431
v 20.375 -2.729 -26.967
v 20.375 -2.319 -26.967
v 20.170 -2.856 -26.636
v 20.580 -2.856 -26.636
v 20.044 -2.524 -26.841
v 20.706 -2.524 -26.841
v 20.375 -2.524 -26.246
v 20.495 -2.209 -26.441
v 20.255 -2.209 -26.441
v 20.570 -2.404 -26.321
v 20.180 -2.404 -26.321
v 20.570 -2.645 -26.321
v 20.180 -2.645 -26.321
v 20.255 -2.839 -26.441
v 20.495 -2.839 -26.441
v 20.375 -2.135 -26.636
v 20.690 -2.329 -26.516
v 20.495 -2.209 -26.831
v 20.690 -2.329 -26.756
v 20.060 -2.329 -26.516
v 20.255 -2.209 -26.831
v 20.060 -2.329 -26.756
v 20.690 -2.719 -26.516
v 20.765 -2.524 -26.636
v 20.060 -2.719 -26.516
v 19.986 -2.524 -26.636
v 20.375 -2.524 -27.025
v 20.255 -2.839 -26.831
v 20.495 -2.839 -26.831
v 20.180 -2.645 -26.951
v 20.570 -2.645 -26.951
v 20.180 -2.404 -26.951
v 20.570 -2.404 -26.951
v 20.375 -2.914 -26.636
v 20.060 -2.719 -26.756
v 20.690 -2.719 -26.756
f 8149 8165 8161
f 8165 8154 8167
f 8165 8167 8161
f 8161 8167 8150
f 8149 8163 8165
f 8163 8152 8174
f 8163 8174 8165
f 8165 8174 8154
f 8149 8162 8163
f 8162 8151 8170
f 8162 8170 8163
f 8163 8170 8152
f 8149 8164 8162
f 8164 8153 8171
f 8164 8171 8162
f 8162 8171 8151
f 8149 8161 8164
f 8161 8150 8166
f 8161 8166 8164
f 8164 8166 8153
f 8150 8167 8168
f 8167 8154 8179
f 8167 8179 8168
f 8168 8179 8157
f 8154 8174 8180
f 8174 8152 8176
f 8174 8176 8180
f 8180 8176 8159
f 8152 8170 8175
f 8170 8151 8172
f 8170 8172 8175
f 8175 8172 8156
f 8151 8171 8173
f 8171 8153 8178
f 8171 8178 8173
f 8173 8178 8160
f 8153 8166 8177
f 8166 8150 8169
f 8166 8169 8177
f 8177 8169 8158
f 8156 8187 8181
f 8187 8160 8185
f 8187 8185 8181
f 8181 8185 8155
f 8160 8190 8185
f 8190 8158 8183
f 8190 8183 8185
f 8185 8183 8155
f 8158 8188 8183
f 8188 8157 8182
f 8188 8182 8183
f 8183 8182 8155
f 8157 8189 8182
f 8189 8159 8184
f 8189 8184 8182
f 8182 8184 8155
f 8159 8186 8184
f 8186 8156 8181
f 8186 8181 8184
f 8184 8181 8155
f 8151 8173 8172
f 8173 8160 8187
f 8173 8187 8172
f 8172 8187 8156
f 8153 8177 8178
f 8177 8158 8190
f 8177 8190 8178
f 8178 8190 8160
f 8150 8168 8169
f 8168 8157 8188
f 8168 8188 8169
f 8169 8188 8158
f 8154 8180 8179
f 8180 8159 8189
f 8180 8189 8179
f 8179 8189 8157
f 8152 8175 8176
f 8175 8156 8186
f 8175 8186 8176
f 8176 8186 8159
v -12.893 6.211 -21.201
v -12.893 5.772 -21.201
v -12.673 6.347 -21.556
v -13.112 6.347 -21.556
v -12.538 5.991 -21.336
v -13.248 5.991 -21.336
v -12.893 5.772 -21.911
v -12.893 6.211 -21.911
v -13.112 5.636 -21.556
v -12.673 5.636 -21.556
v -13.248 5.991 -21.775
v -12.538 5.991 -21.775
v -12.893 5.991 -21.138
v -12.764 6.329 -21.347
v -13.022 6.329 -21.347
v -12.684 6.120 -21.218
v -13.101 6.120 -21.218
v -12.684 5.863 -21.218
v -13.101 5.863 -21.218
v -13.022 5.654 -21.347
v -12.764 5.654 -21.347
v -12.893 6.409 -21.556
v -12.555 6.200 -21.427
v -12.764 6.329 -21.764
v -12.555 6.200 -21.685
v -13.230 6.200 -21.427
v -13.022 6.329 -21.764
v -13.230 6.200 -21.685
v -12.555 5.783 -21.427
v -12.475 5.991 -21.556
v -13.230 5.783 -21.427
v -13.310 5.991 -21.556
v -12.893 5.991 -21.973
v -13.022 5.654 -21.764
v -12.764 5.654 -21.764
v -13.101 5.863 -21.893
v -12.684 5.863 -21.893
v -13.101 6.120 -21.893
v -12.684 6.120 -21.893
v -12.893 5.574 -21.556
v -13.230 5.783 -21.685
v -12.555 5.783 -21.685
f 8191 8207 8203
f 8207 8196 8209
f 8207 8209 8203
f 8203 8209 8192
f 8191 8205 8207
f 8205 8194 8216
f 8205 8216 8207
f 8207 8216 8196
f 8191 8204 8205
f 8204 8193 8212
f 8204 8212 8205
f 8205 8212 8194
f 8191 8206 8204
f 8206 8195 8213
f 8206 8213 8204
f 8204 8213 8193
f 8191 8203 8206
f 8203 8192 8208
f 8203 8208 8206
f 8206 8208 8195
f 8192 8209 8210
f 8209 8196 8221
f 8209 8221 8210
f 8210 8221 8199
f 8196 8216 8222
f 8216 8194 8218
f 8216 8218 8222
f 8222 8218 8201
f 8194 8212 8217
f 8212 8193 8214
f 8212 8214 8217
f 8217 8214 8198
f 8193 8213 8215
f 8213 8195 8220
f 8213 8220 8215
f 8215 8220 8202
f 8195 8208 8219
f 8208 8192 8211
f 8208 8211 8219
f 8219 8211 8200
f 8198 8229 8223
f 8229 8202 8227
f 8229 8227 8223
f 8223 8227 8197
f 8202 8232 8227
f 8232 8200 8225
f 8232 8225 8227
f 8227 8225 8197
f 8200 8230 8225
f 8230 8199 8224
f 8230 8224 8225
f 8225 8224 8197
f 8199 8231 8224
f 8231 8201 8226
f 8231 8226 8224
f 8224 8226 8197
f 8201 8228 8226
f 8228 8198 8223
f 8228 8223 8226
f 8226 8223 8197
f 8193 8215 8214
f 8215 8202 8229
f 8215 8229 8214
f 8214 8229 8198
f 8195 8219 8220
f 8219 8200 8232
f 8219 8232 8220
f 8220 8232 8202
f 8192 8210 8211
f 8210 8199 8230
f 8210 8230 8211
f 8211 8230 8200
f 8196 8222 8221
f 8222 8201 8231
f 8222 8231 8221
f 8221 8231 8199
f 8194 8217 8218
f 8217 8198 8228
f 8217 8228 8218
f 8218 8228 8201
v -26.811 15.663 -21.764
v -26.811 15.146 -21.764
v -26.552 15.823 -22.182
v -27.070 15.823 -22.182
v -26.393 15.404 -21.923
v -27.229 15.404 -21.923
v -26.811 15.146 -22.600
v -26.811 15.663 -22.600
v -27.070 14.986 -22.182
v -26.552 14.986 -22.182
v -27.229 15.404 -22.441
v -26.393 15.404 -22.441
v -26.811 15.404 -21.690
v -26.659 15.802 -21.936
v -26.963 15.802 -21.936
v -26.565 15.556 -21.784
v -27.057 15.556 -21.784
v -26.565 15.252 -21.784
v -27.057 15.252 -21.784
v -26.963 15.006 -21.936
v -26.659 15.006 -21.936
v -26.811 15.896 -22.182
v -26.413 15.650 -22.030
v -26.659 15.802 -22.428
v -26.413 15.650 -22.334
v -27.209 15.650 -22.030
v -26.963 15.802 -22.428
v -27.209 15.650 -22.334
v -26.413 15.158 -22.030
v -26.319 15.404 -22.182
v -27.209 15.158 -22.030
v -27.303 15.404 -22.182
v -26.811 15.404 -22.674
v -26.963 15.006 -22.428
v -26.659 15.006 -22.428
v -27.057 15.252 -22.580
v -26.565 15.252 -22.580
v -27.057 15.556 -22.580
v -26.565 15.556 -22.580
v -26.811 14.912 -22.182
v -27.209 15.158 -22.334
v -26.413 15.158 -22.334
f 8233 8249 8245
f 8249 8238 8251
f 8249 8251 8245
f 8245 8251 8234
f 8233 8247 8249
f 8247 8236 8258
f 8247 8258 8249
f 8249 8258 8238
f 8233 8246 8247
f 8246 8235 8254
f 8246 8254 8247
f 8247 8254 8236
f 8233 8248 8246
f 8248 8237 8255
f 8248 8255 8246
f 8246 8255 8235
f 8233 8245 8248
f 8245 8234 8250
f 8245 8250 8248
f 8248 8250 8237
f 8234 8251 8252
f 8251 8238 8263
f 8251 8263 8252
f 8252 8263 8241
f 8238 8258 8264
f 8258 8236 8260
f 8258 8260 8264
f 8264 8260 8243
f 8236 8254 8259
f 8254 8235 8256
f 8254 8256 8259
f 8259 8256 8240
f 8235 8255 8257
f 8255 8237 8262
f 8255 8262 8257
f 8257 8262 8244
f 8237 8250 8261
f 8250 8234 8253
f 8250 8253 8261
f 8261 8253 8242
f 8240 8271 8265
f 8271 8244 8269
f 8271 8269 8265
f 8265 8269 8239
f 8244 8274 8269
f 8274 8242 8267
f 8274 8267 8269
f 8269 8267 8239
f 8242 8272 8267
f 8272 8241 8266
f 8272 8266 8267
f 8267 8266 8239
f 8241 8273 8266
f 8273 8243 8268
f 8273 8268 8266
f 8266 8268 8239
f 8243 8270 8268
f 8270 8240 8265
f 8270 8265 8268
f 8268 8265 8239
f 8235 8257 8256
f 8257 8244 8271
f 8257 8271 8256
f 8256 8271 8240
f 8237 8261 8262
f 8261 8242 8274
f 8261 8274 8262
f 8262 8274 8244
f 8234 8252 8253
f 8252 8241 8272
f 8252 8272 8253
f 8253 8272 8242
f 8238 8264 8263
f 8264 8243 8273
f 8264 8273 8263
f 8263 8273 8241
f 8236 8259 8260
f 8259 8240 8270
f 8259 8270 8260
f 8260 8270 8243
v 7.673 -8.993 -15.896
v 7.673 -9.460 -15.896
v 7.906 -8.849 -16.273
v 7.440 -8.849 -16.273
v 8.051 -9.226 -16.040
v 7.296 -9.226 -16.040
v 7.673 -9.460 -16.650
v 7.673 -8.993 -16.650
v 7.440 -9.604 -16.273
v 7.906 -9.604 -16.273
v 7.296 -9.226 -16.506
v 8.051 -9.226 -16.506
v 7.673 -9.226 -15.829
v 7.810 -8.868 -16.051
v 7.536 -8.868 -16.051
v 7.895 -9.089 -15.914
v 7.451 -9.089 -15.914
v 7.895 -9.364 -15.914
v 7.451 -9.364 -15.914
v 7.536 -9.585 -16.051
v 7.810 -9.585 -16.051
v 7.673 -8.783 -16.273
v 8.032 -9.005 -16.136
v 7.810 -8.868 -16.495
v 8.032 -9.005 -16.410
v 7.314 -9.005 -16.136
v 7.536 -8.868 -16.495
v 7.314 -9.005 -16.410
v 8.032 -9.448 -16.136
v 8.117 -9.226 -16.273
v 7.314 -9.448 -16.136
v 7.230 -9.226 -16.273
v 7.673 -9.226 -16.717
v 7.536 -9.585 -16.495
v 7.810 -9.585 -16.495
v 7.451 -9.364 -16.632
v 7.895 -9.364 -16.632
v 7.451 -9.089 -16.632
v 7.895 -9.089 -16.632
v 7.673 -9.670 -16.273
v 7.314 -9.448 -16.410
v 8.032 -9.448 -16.410
f 8275 8291 8287
f 8291 8280 8293
f 8291 8293 8287
f 8287 8293 8276
f 8275 8289 8291
f 8289 8278 8300
f 8289 8300 8291
f 8291 8300 8280
f 8275 8288 8289
f 8288 8277 8296
f 8288 8296 8289
f 8289 8296 8278
f 8275 8290 8288
f 8290 8279 8297
f 8290 8297 8288
f 8288 8297 8277
f 8275 8287 8290
f 8287 8276 8292
f 8287 8292 8290
f 8290 8292 8279
f 8276 8293 8294
f 8293 8280 8305
f 8293 8305 8294
f 8294 8305 8283
f 8280 8300 8306
f 8300 8278 8302
f 8300 8302 8306
f 8306 8302 8285
f 8278 8296 8301
f 8296 8277 8298
f 8296 8298 8301
f 8301 8298 8282
f 8277 8297 8299
f 8297 8279 8304
f 8297 8304 8299
f 8299 8304 8286
f 8279 8292 8303
f 8292 8276 8295
f 8292 8295 8303
f 8303 8295 8284
f 8282 8313 8307
f 8313 8286 8311
f 8313 8311 8307
f 8307 8311 8281
f 8286 8316 8311
f 8316 8284 8309
f 8316 8309 8311
f 8311 8309 8281
f 8284 8314 8309
f 8314 8283 8308
f 8314 8308 8309
f 8309 8308 8281
f 8283 8315 8308
f 8315 8285 8310
f 8315 8310 8308
f 8308 8310 8281
f 8285 8312 8310
f 8312 8282 8307
f 8312 8307 8310
f 8310 8307 8281
f 8277 8299 8298
f 8299 8286 8313
f 8299 8313 8298
f 8298 8313 8282
f 8279 8303 8304
f 8303 8284 8316
f 8303 8316 8304
f 8304 8316 8286
f 8276 8294 8295
f 8294 8283 8314
f 8294 8314 8295
f 8295 8314 8284
f 8280 8306 8305
f 8306 8285 8315
f 8306 8315 8305
f 8305 8315 8283
f 8278 8301 8302
f 8301 8282 8312
f 8301 8312 8302
f 8302 8312 8285
v -7.692 2.525 -19.670
v -7.692 2.087 -19.670
v -7.472 2.661 -20.025
v -7.911 2.661 -20.025
v -7.337 2.306 -19.806
v -8.047 2.306 -19.806
v -7.692 2.087 -20.380
v -7.692 2.525 -20.380
v -7.911 1.951 -20.025
v -7.472 1.951 -20.025
v -8.047 2.306 -20.245
v -7.337 2.306 -20.245
v -7.692 2.306 -19.608
v -7.563 2.644 -19.817
v -7.821 2.644 -19.817
v -7.483 2.435 -19.688
v -7.900 2.435 -19.688
v -7.483 2.177 -19.688
v -7.900 2.177 -19.688
v -7.821 1.968 -19.817
v -7.563 1.968 -19.817
v -7.692 2.723 -20.025
v -7.354 2.515 -19.896
v -7.563 2.644 -20.234
v -7.354 2.515 -20.154
v -8.029 2.515 -19.896
v -7.821 2.644 -20.234
v -8.029 2.515 -20.154
v -7.354 2.097 -19.896
v -7.274 2.306 -20.025
v -8.029 2.097 -19.896
v -8.109 2.306 -20.025
v -7.692 2.306 -20.443
v -7.821 1.968 -20.234
v -7.563 1.968 -20.234
v -7.900 2.177 -20.363
v -7.483 2.177 -20.363
v -7.900 2.435 -20.363
v -7.483 2.435 -20.363
v -7.692 1.889 -20.025
v -8.029 2.097 -20.154
v -7.354 2.097 -20.154
f 8317 8333 8329
f 8333 8322 8335
f 8333 8335 8329
f 8329 8335 8318
f 8317 8331 8333
f 8331 8320 8342
f 8331 8342 8333
f 8333 8342 8322
f 8317 8330 8331
f 8330 8319 8338
f 8330 8338 8331
f 8331 8338 8320
f 8317 8332 8330
f 8332 8321 8339
f 8332 8339 8330
f 8330 8339 8319
f 8317 8329 8332
f 8329 8318 8334
f 8329 8334 8332
f 8332 8334 8321
f 8318 8335 8336
f 8335 8322 8347
f 8335 8347 8336
f 8336 8347 8325
f 8322 8342 8348
f 8342 8320 8344
f 8342 8344 8348
f 8348 8344 8327
f 8320 8338 8343
f 8338 8319 8340
f 8338 8340 8343
f 8343 8340 8324
f 8319 8339 8341
f 8339 8321 8346
f 8339 8346 8341
f 8341 8346 8328
f 8321 8334 8345
f 8334 8318 8337
f 8334 8337 8345
f 8345 8337 8326
f 8324 8355 8349
f 8355 8328 8353
f 8355 8353 8349
f 8349 8353 8323
f 8328 8358 8353
f 8358 8326 8351
f 8358 8351 8353
f 8353 8351 8323
f 8326 8356 8351
f 8356 8325 8350
f 8356 8350 8351
f 8351 8350 8323
f 8325 8357 8350
f 8357 8327 8352
f 8357 8352 8350
f 8350 8352 8323
f 8327 8354 8352
f 8354 8324 8349
f 8354 8349 8352
f 8352 8349 8323
f 8319 8341 8340
f 8341 8328 8355
f 8341 8355 8340
f 8340 8355 8324
f 8321 8345 8346
f 8345 8326 8358
f 8345 8358 8346
f 8346 8358 8328
f 8318 8336 8337
f 8336 8325 8356
f 8336 8356 8337
f 8337 8356 8326
f 8322 8348 8347
f 8348 8327 8357
f 8348 8357 8347
f 8347 8357 8325
f 8320 8343 8344
f 8343 8324 8354
f 8343 8354 8344
f 8344 8354 8327
v -6.183 -27.623 -1.784
v -6.183 -28.115 -1.784
v -5.937 -27.471 -2.182
v -6.429 -27.471 -2.182
v -5.785 -27.869 -1.936
v -6.582 -27.869 -1.936
v -6.183 -28.115 -2.581
v -6.183 -27.623 -2.581
v -6.429 -28.268 -2.182
v -5.937 -28.268 -2.182
v -6.582 -27.869 -2.429
v -5.785 -27.869 -2.429
v -6.183 -27.869 -1.714
v -6.039 -27.490 -1.948
v -6.328 -27.490 -1.948
v -5.949 -27.724 -1.804
v -6.417 -27.724 -1.804
v -5.949 -28.014 -1.804
v -6.417 -28.014 -1.804
v -6.328 -28.248 -1.948
v -6.039 -28.248 -1.948
v -6.183 -27.401 -2.182
v -5.804 -27.635 -2.038
v -6.039 -27.490 -2.417
v -5.804 -27.635 -2.327
v -6.562 -27.635 -2.038
v -6.328 -27.490 -2.417
v -6.562 -27.635 -2.327
v -5.804 -28.103 -2.038
v -5.715 -27.869 -2.182
v -6.562 -28.103 -2.038
v -6.652 -27.869 -2.182
v -6.183 -27.869 -2.651
v -6.328 -28.248 -2.417
v -6.039 -28.248 -2.417
v -6.417 -28.014 -2.561
v -5.949 -28.014 -2.561
v -6.417 -27.724 -2.561
v -5.949 -27.724 -2.561
v -6.183 -28.337 -2.182
v -6.562 -28.103 -2.327
v -5.804 -28.103 -2.327
f 8359 8375 8371
f 8375 8364 8377
f 8375 8377 8371
f 8371 8377 8360
f 8359 8373 8375
f 8373 8362 8384
f 8373 8384 8375
f 8375 8384 8364
f 8359 8372 8373
f 8372 8361 8380
f 8372 8380 8373
f 8373 8380 8362
f 8359 8374 8372
f 8374 8363 8381
f 8374 8381 8372
f 8372 8381 8361
f 8359 8371 8374
f 8371 8360 8376
f 8371 8376 8374
f 8374 8376 8363
f 8360 8377 8378
f 8377 8364 8389
f 8377 8389 8378
f 8378 8389 8367
f 8364 8384 8390
f 8384 8362 8386
f 8384 8386 8390
f 8390 8386 8369
f 8362 8380 8385
f 8380 8361 8382
f 8380 8382 8385
f 8385 8382 8366
f 8361 8381 8383
f 8381 8363 8388
f 8381 8388 8383
f 8383 8388 8370
f 8363 8376 8387
f 8376 8360 8379
f 8376 8379 8387
f 8387 8379 8368
f 8366 8397 8391
f 8397 8370 8395
f 8397 8395 8391
f 8391 8395 8365
f 8370 8400 8395
f 8400 8368 8393
f 8400 8393 8395
f 8395 8393 8365
f 8368 8398 8393
f 8398 8367 8392
f 8398 8392 8393
f 8393 8392 8365
f 8367 8399 8392
f 8399 8369 8394
f 8399 8394 8392
f 8392 8394 8365
f 8369 8396 8394
f 8396 8366 8391
f 8396 8391 8394
f 8394 8391 8365
f 8361 8383 8382
f 8383 8370 8397
f 8383 8397 8382
f 8382 8397 8366
f 8363 8387 8388
f 8387 8368 8400
f 8387 8400 8388
f 8388 8400 8370
f 8360 8378 8379
f 8378 8367 8398
f 8378 8398 8379
f 8379 8398 8368
f 8364 8390 8389
f 8390 8369 8399
f 8390 8399 8389
f 8389 8399 8367
f 8362 8385 8386
f 8385 8366 8396
f 8385 8396 8386
f 8386 8396 8369
v -14.531 -11.146 -5.551
v -14.531 -11.585 -5.551
v -14.311 -11.011 -5.906
v -14.750 -11.011 -5.906
v -14.175 -11.366 -5.686
v -14.886 -11.366 -5.686
v -14.531 -11.585 -6.261
v -14.531 -11.146 -6.261
v -14.750 -11.721 -5.906
v -14.311 -11.721 -5.906
v -14.886 -11.366 -6.125
v -14.175 -11.366 -6.125
v -14.531 -11.366 -5.488
v -14.402 -11.028 -5.697
v -14.659 -11.028 -5.697
v -14.322 -11.237 -5.568
v -14.739 -11.237 -5.568
v -14.322 -11.495 -5.568
v -14.739 -11.495 -5.568
v -14.659 -11.703 -5.697
v -14.402 -11.703 -5.697
v -14.531 -10.948 -5.906
v -14.193 -11.157 -5.777
v -14.402 -11.028 -6.115
v -14.193 -11.157 -6.035
v -14.868 -11.157 -5.777
v -14.659 -11.028 -6.115
v -14.868 -11.157 -6.035
v -14.193 -11.574 -5.777
v -14.113 -11.366 -5.906
v -14.868 -11.574 -5.777
v -14.948 -11.366 -5.906
v -14.531 -11.366 -6.323
v -14.659 -11.703 -6.115
v -14.402 -11.703 -6.115
v -14.739 -11.495 -6.244
v -14.322 -11.495 -6.244
v -14.739 -11.237 -6.244
v -14.322 -11.237 -6.244
v -14.531 -11.783 -5.906
v -14.868 -11.574 -6.035
v -14.193 -11.574 -6.035
f 8401 8417 8413
f 8417 8406 8419
f 8417 8419 8413
f 8413 8419 8402
f 8401 8415 8417
f 8415 8404 8426
f 8415 8426 8417
f 8417 8426 8406
f 8401 8414 8415
f 8414 8403 8422
f 8414 8422 8415
f 8415 8422 8404
f 8401 8416 8414
f 8416 8405 8423
f 8416 8423 8414
f 8414 8423 8403
f 8401 8413 8416
f 8413 8402 8418
f 8413 8418 8416
f 8416 8418 8405
f 8402 8419 8420
f 8419 8406 8431
f 8419 8431 8420
f 8420 8431 8409
f 8406 8426 8432
f 8426 8404 8428
f 8426 8428 8432
f 8432 8428 8411
f 8404 8422 8427
f 8422 8403 8424
f 8422 8424 8427
f 8427 8424 8408
f 8403 8423 8425
f 8423 8405 8430
f 8423 8430 8425
f 8425 8430 8412
f 8405 8418 8429
f 8418 8402 8421
f 8418 8421 8429
f 8429 8421 8410
f 8408 8439 8433
f 8439 8412 8437
f 8439 8437 8433
f 8433 8437 8407
f 8412 8442 8437
f 8442 8410 8435
f 8442 8435 8437
f 8437 8435 8407
f 8410 8440 8435
f 8440 8409 8434
f 8440 8434 8435
f 8435 8434 8407
f 8409 8441 8434
f 8441 8411 8436
f 8441 8436 8434
f 8434 8436 8407
f 8411 8438 8436
f 8438 8408 8433
f 8438 8433 8436
f 8436 8433 8407
f 8403 8425 8424
f 8425 8412 8439
f 8425 8439 8424
f 8424 8439 8408
f 8405 8429 8430
f 8429 8410 8442
f 8429 8442 8430
f 8430 8442 8412
f 8402 8420 8421
f 8420 8409 8440
f 8420 8440 8421
f 8421 8440 8410
f 8406 8432 8431
f 8432 8411 8441
f 8432 8441 8431
f 8431 8441 8409
f 8404 8427 8428
f 8427 8408 8438
f 8427 8438 8428
f 8428 8438 8411
v -1.621 -10.946 -11.685
v -1.621 -11.510 -11.685
v -1.339 -10.772 -12.141
v -1.903 -10.772 -12.141
v -1.165 -11.228 -11.860
v -2.077 -11.228 -11.860
v -1.621 -11.510 -12.597
v -1.621 -10.946 -12.597
v -1.903 -11.684 -12.141
v -1.339 -11.684 -12.141
v -2.077 -11.228 -12.423
v -1.165 -11.228 -12.423
v -1.621 -11.228 -11.605
v -1.455 -10.794 -11.873
v -1.787 -10.794 -11.873
v -1.353 -11.062 -11.708
v -1.889 -11.062 -11.708
v -1.353 -11.394 -11.708
v -1.889 -11.394 -11.708
v -1.787 -11.662 -11.873
v -1.455 -11.662 -11.873
v -1.621 -10.692 -12.141
v -1.187 -10.960 -11.976
v -1.455 -10.794 -12.409
v -1.187 -10.960 -12.307
v -2.055 -10.960 -11.976
v -1.787 -10.794 -12.409
v -2.055 -10.960 -12.307
v -1.187 -11.496 -11.976
v -1.085 -11.228 -12.141
v -2.055 -11.496 -11.976
v -2.157 -11.228 -12.141
v -1.621 -11.228 -12.677
v -1.787 -11.662 -12.409
v -1.455 -11.662 -12.409
v -1.889 -11.394 -12.575
v -1.353 -11.394 -12.575
v -1.889 -11.062 -12.575
v -1.353 -11.062 -12.575
v -1.621 -11.764 -12.141
v -2.055 -11.496 -12.307
v -1.187 -11.496 -12.307
usemtl mtl-002
f 8443 8459 8455
f 8459 8448 8461
f 8459 8461 8455
f 8455 8461 8444
f 8443 8457 8459
f 8457 8446 8468
f 8457 8468 8459
f 8459 8468 8448
f 8443 8456 8457
f 8456 8445 8464
f 8456 8464 8457
f 8457 8464 8446
f 8443 8458 8456
f 8458 8447 8465
f 8458 8465 8456
f 8456 8465 8445
f 8443 8455 8458
f 8455 8444 8460
f 8455 8460 8458
f 8458 8460 8447
f 8444 8461 8462
f 8461 8448 8473
f 8461 8473 8462
f 8462 8473 8451
f 8448 8468 8474
f 8468 8446 8470
f 8468 8470 8474
f 8474 8470 8453
f 8446 8464 8469
f 8464 8445 8466
f 8464 8466 8469
f 8469 8466 8450
f 8445 8465 8467
f 8465 8447 8472
f 8465 8472 8467
f 8467 8472 8454
f 8447 8460 8471
f 8460 8444 8463
f 8460 8463 8471
f 8471 8463 8452
f 8450 8481 8475
f 8481 8454 8479
f 8481 8479 8475
f 8475 8479 8449
f 8454 8484 8479
f 8484 8452 8477
f 8484 8477 8479
f 8479 8477 8449
f 8452 8482 8477
f 8482 8451 8476
f 8482 8476 8477
f 8477 8476 8449
f 8451 8483 8476
f 8483 8453 8478
f 8483 8478 8476
f 8476 8478 8449
f 8453 8480 8478
f 8480 8450 8475
f 8480 8475 8478
f 8478 8475 8449
f 8445 8467 8466
f 8467 8454 8481
f 8467 8481 8466
f 8466 8481 8450
f 8447 8471 8472
f 8471 8452 8484
f 8471 8484 8472
f 8472 8484 8454
f 8444 8462 8463
f 8462 8451 8482
f 8462 8482 8463
f 8463 8482 8452
f 8448 8474 8473
f 8474 8453 8483
f 8474 8483 8473
f 8473 8483 8451
f 8446 8469 8470
f 8469 8450 8480
f 8469 8480 8470
f 8470 8480 8453
v -26.862 -23.161 12.877
v -26.862 -23.701 12.877
v -26.592 -22.993 12.439
v -27.133 -22.993 12.439
v -26.425 -23.431 12.709
v -27.300 -23.431 12.709
v -26.862 -23.701 12.001
v -26.862 -23.161 12.001
v -27.133 -23.869 12.439
v -26.592 -23.869 12.439
v -27.300 -23.431 12.168
v -26.425 -23.431 12.168
v -26.862 -23.431 12.953
v -26.703 -23.015 12.696
v -27.021 -23.015 12.696
v -26.605 -23.272 12.855
v -27.119 -23.272 12.855
v -26.605 -23.590 12.855
v -27.119 -23.590 12.855
v -27.021 -23.847 12.696
v -26.703 -23.847 12.696
v -26.862 -22.917 12.439
v -26.446 -23.174 12.598
v -26.703 -23.015 12.182
v -26.446 -23.174 12.280
v -27.278 -23.174 12.598
v -27.021 -23.015 12.182
v -27.278 -23.174 12.280
v -26.446 -23.688 12.598
v -26.348 -23.431 12.439
v -27.278 -23.688 12.598
v -27.377 -23.431 12.439
v -26.862 -23.431 11.925
v -27.021 -23.847 12.182
v -26.703 -23.847 12.182
v -27.119 -23.590 12.023
v -26.605 -23.590 12.023
v -27.119 -23.272 12.023
v -26.605 -23.272 12.023
v -26.862 -23.945 12.439
v -27.278 -23.688 12.280
v -26.446 -23.688 12.280
f 8485 8501 8497
f 8501 8490 8503
f 8501 8503 8497
f 8497 8503 8486
f 8485 8499 8501
f 8499 8488 8510
f 8499 8510 8501
f 8501 8510 8490
f 8485 8498 8499
f 8498 8487 8506
f 8498 8506 8499
f 8499 8506 8488
f 8485 8500 8498
f 8500 8489 8507
f 8500 8507 8498
f 8498 8507 8487
f 8485 8497 8500
f 8497 8486 8502
f 8497 8502 8500
f 8500 8502 8489
f 8486 8503 8504
f 8503 8490 8515
f 8503 8515 8504
f 8504 8515 8493
f 8490 8510 8516
f 8510 8488 8512
f 8510 8512 8516
f 8516 8512 8495
f 8488 8506 8511
f 8506 8487 8508
f 8506 8508 8511
f 8511 8508 8492
f 8487 8507 8509
f 8507 8489 8514
f 8507 8514 8509
f 8509 8514 8496
f 8489 8502 8513
f 8502 8486 8505
f 8502 8505 8513
f 8513 8505 8494
f 8492 8523 8517
f 8523 8496 8521
f 8523 8521 8517
f 8517 8521 8491
f 8496 8526 8521
f 8526 8494 8519
f 8526 8519 8521
f 8521 8519 8491
f 8494 8524 8519
f 8524 8493 8518
f 8524 8518 8519
f 8519 8518 8491
f 8493 8525 8518
f 8525 8495 8520
f 8525 8520 8518
f 8518 8520 8491
f 8495 8522 8520
f 8522 8492 8517
f 8522 8517 8520
f 8520 8517 8491
f 8487 8509 8508
f 8509 8496 8523
f 8509 8523 8508
f 8508 8523 8492
f 8489 8513 8514
f 8513 8494 8526
f 8513 8526 8514
f 8514 8526 8496
f 8486 8504 8505
f 8504 8493 8524
f 8504 8524 8505
f 8505 8524 8494
f 8490 8516 8515
f 8516 8495 8525
f 8516 8525 8515
f 8515 8525 8493
f 8488 8511 8512
f 8511 8492 8522
f 8511 8522 8512
f 8512 8522 8495
v 7.101 -0.881 -2.373
v 7.101 -1.466 -2.373
v 7.394 -0.700 -2.846
v 6.808 -0.700 -2.846
v 7.575 -1.173 -2.554
v 6.627 -1.173 -2.554
v 7.101 -1.466 -3.320
v 7.101 -0.881 -3.320
v 6.808 -1.647 -2.846
v 7.394 -1.647 -2.846
v 6.627 -1.173 -3.139
v 7.575 -1.173 -3.139
v 7.101 -1.173 -2.289
v 7.273 -0.723 -2.568
v 6.929 -0.723 -2.568
v 7.379 -1.001 -2.396
v 6.823 -1.001 -2.396
v 7.379 -1.346 -2.396
v 6.823 -1.346 -2.396
v 6.929 -1.624 -2.568
v 7.273 -1.624 -2.568
v 7.101 -0.617 -2.846
v 7.552 -0.895 -2.674
v 7.273 -0.723 -3.125
v 7.552 -0.895 -3.018
v 6.651 -0.895 -2.674
v 6.929 -0.723 -3.125
v 6.651 -0.895 -3.018
v 7.552 -1.452 -2.674
v 7.658 -1.173 -2.846
v 6.651 -1.452 -2.674
v 6.544 -1.173 -2.846
v 7.101 -1.173 -3.403
v 6.929 -1.624 -3.125
v 7.273 -1.624 -3.125
v 6.823 -1.346 -3.297
v 7.379 -1.346 -3.297
v 6.823 -1.001 -3.297
v 7.379 -1.001 -3.297
v 7.101 -1.730 -2.846
v 6.651 -1.452 -3.018
v 7.552 -1.452 -3.018
f 8527 8543 8539
f 8543 8532 8545
f 8543 8545 8539
f 8539 8545 8528
f 8527 8541 8543
f 8541 8530 8552
f 8541 8552 8543
f 8543 8552 8532
f 8527 8540 8541
f 8540 8529 8548
f 8540 8548 8541
f 8541 8548 8530
f 8527 8542 8540
f 8542 8531 8549
f 8542 8549 8540
f 8540 8549 8529
f 8527 8539 8542
f 8539 8528 8544
f 8539 8544 8542
f 8542 8544 8531
f 8528 8545 8546
f 8545 8532 8557
f 8545 8557 8546
f 8546 8557 8535
f 8532 8552 8558
f 8552 8530 8554
f 8552 8554 8558
f 8558 8554 8537
f 8530 8548 8553
f 8548 8529 8550
f 8548 8550 8553
f 8553 8550 8534
f 8529 8549 8551
f 8549 8531 8556
f 8549 8556 8551
f 8551 8556 8538
f 8531 8544 8555
f 8544 8528 8547
f 8544 8547 8555
f 8555 8547 8536
f 8534 8565 8559
f 8565 8538 8563
f 8565 8563 8559
f 8559 8563 8533
f 8538 8568 8563
f 8568 8536 8561
f 8568 8561 8563
f 8563 8561 8533
f 8536 8566 8561
f 8566 8535 8560
f 8566 8560 8561
f 8561 8560 8533
f 8535 8567 8560
f 8567 8537 8562
f 8567 8562 8560
f 8560 8562 8533
f 8537 8564 8562
f 8564 8534 8559
f 8564 8559 8562
f 8562 8559 8533
f 8529 8551 8550
f 8551 8538 8565
f 8551 8565 8550
f 8550 8565 8534
f 8531 8555 8556
f 8555 8536 8568
f 8555 8568 8556
f 8556 8568 8538
f 8528 8546 8547
f 8546 8535 8566
f 8546 8566 8547
f 8547 8566 8536
f 8532 8558 8557
f 8558 8537 8567
f 8558 8567 8557
f 8557 8567 8535
f 8530 8553 8554
f 8553 8534 8564
f 8553 8564 8554
f 8554 8564 8537
v 16.768 5.720 15.653
v 16.768 5.113 15.653
v 17.072 5.907 15.162
v 16.465 5.907 15.162
v 17.259 5.416 15.465
v 16.278 5.416 15.465
v 16.768 5.113 14.671
v 16.768 5.720 14.671
v 16.465 4.926 15.162
v 17.072 4.926 15.162
v 16.278 5.416 14.859
v 17.259 5.416 14.859
v 16.768 5.416 15.739
v 16.947 5.883 15.451
v 16.590 5.883 15.451
v 17.057 5.595 15.629
v 16.480 5.595 15.629
v 17.057 5.238 15.629
v 16.480 5.238 15.629
v 16.590 4.950 15.451
v 16.947 4.950 15.451
v 16.768 5.993 15.162
v 17.235 5.705 15.340
v 16.947 5.883 14.874
v 17.235 5.705 14.984
v 16.302 5.705 15.340
v 16.590 5.883 14.874
v 16.302 5.705 14.984
v 17.235 5.128 15.340
v 17.345 5.416 15.162
v 16.302 5.128 15.340
v 16.191 5.416 15.162
v 16.768 5.416 14.585
v 16.590 4.950 14.874
v 16.947 4.950 14.874
v 16.480 5.238 14.695
v 17.057 5.238 14.695
v 16.480 5.595 14.695
v 17.057 5.595 14.695
v 16.768 4.840 15.162
v 16.302 5.128 14.984
v 17.235 5.128 14.984
f 8569 8585 8581
f 8585 8574 8587
f 8585 8587 8581
f 8581 8587 8570
f 8569 8583 8585
f 8583 8572 8594
f 8583 8594 8585
f 8585 8594 8574
f 8569 8582 8583
f 8582 8571 8590
f 8582 8590 8583
f 8583 8590 8572
f 8569 8584 8582
f 8584 8573 8591
f 8584 8591 8582
f 8582 8591 8571
f 8569 8581 8584
f 8581 8570 8586
f 8581 8586 8584
f 8584 8586 8573
f 8570 8587 8588
f 8587 8574 8599
f 8587 8599 8588
f 8588 8599 8577
f 8574 8594 8600
f 8594 8572 8596
f 8594 8596 8600
f 8600 8596 8579
f 8572 8590 8595
f 8590 8571 8592
f 8590 8592 8595
f 8595 8592 8576
f 8571 8591 8593
f 8591 8573 8598
f 8591 8598 8593
f 8593 8598 8580
f 8573 8586 8597
f 8586 8570 8589
f 8586 8589 8597
f 8597 8589 8578
f 8576 8607 8601
f 8607 8580 8605
f 8607 8605 8601
f 8601 8605 8575
f 8580 8610 8605
f 8610 8578 8603
f 8610 8603 8605
f 8605 8603 8575
f 8578 8608 8603
f 8608 8577 8602
f 8608 8602 8603
f 8603 8602 8575
f 8577 8609 8602
f 8609 8579 8604
f 8609 8604 8602
f 8602 8604 8575
f 8579 8606 8604
f 8606 8576 8601
f 8606 8601 8604
f 8604 8601 8575
f 8571 8593 8592
f 8593 8580 8607
f 8593 8607 8592
f 8592 8607 8576
f 8573 8597 8598
f 8597 8578 8610
f 8597 8610 8598
f 8598 8610 8580
f 8570 8588 8589
f 8588 8577 8608
f 8588 8608 8589
f 8589 8608 8578
f 8574 8600 8599
f 8600 8579 8609
f 8600 8609 8599
f 8599 8609 8577
f 8572 8595 8596
f 8595 8576 8606
f 8595 8606 8596
f 8596 8606 8579
v 23.532 5.597 12.792
v 23.532 5.034 12.792
v 23.814 5.771 12.336
v 23.250 5.771 12.336
v 23.988 5.316 12.617
v 23.076 5.316 12.617
v 23.532 5.034 11.880
v 23.532 5.597 11.880
v 23.250 4.860 12.336
v 23.814 4.860 12.336
v 23.076 5.316 12.054
v 23.988 5.316 12.054
v 23.532 5.316 12.872
v 23.698 5.749 12.604
v 23.367 5.749 12.604
v 23.800 5.481 12.769
v 23.264 5.481 12.769
v 23.800 5.150 12.769
v 23.264 5.150 12.769
v 23.367 4.882 12.604
v 23.698 4.882 12.604
v 23.532 5.852 12.336
v 23.966 5.584 12.501
v 23.698 5.749 12.068
v 23.966 5.584 12.170
v 23.099 5.584 12.501
v 23.367 5.749 12.068
v 23.099 5.584 12.170
v 23.966 5.047 12.501
v 24.068 5.316 12.336
v 23.099 5.047 12.501
v 22.996 5.316 12.336
v 23.532 5.316 11.800
v 23.367 4.882 12.068
v 23.698 4.882 12.068
v 23.264 5.150 11.902
v 23.800 5.150 11.902
v 23.264 5.481 11.902
v 23.800 5.481 11.902
v 23.532 4.779 12.336
v 23.099 5.047 12.170
v 23.966 5.047 12.170
f 8611 8627 8623
f 8627 8616 8629
f 8627 8629 8623
f 8623 8629 8612
f 8611 8625 8627
f 8625 8614 8636
f 8625 8636 8627
f 8627 8636 8616
f 8611 8624 8625
f 8624 8613 8632
f 8624 8632 8625
f 8625 8632 8614
f 8611 8626 8624
f 8626 8615 8633
f 8626 8633 8624
f 8624 8633 8613
f 8611 8623 8626
f 8623 8612 8628
f 8623 8628 8626
f 8626 8628 8615
f 8612 8629 8630
f 8629 8616 8641
f 8629 8641 8630
f 8630 8641 8619
f 8616 8636 8642
f 8636 8614 8638
f 8636 8638 8642
f 8642 8638 8621
f 8614 8632 8637
f 8632 8613 8634
f 8632 8634 8637
f 8637 8634 8618
f 8613 8633 8635
f 8633 8615 8640
f 8633 8640 8635
f 8635 8640 8622
f 8615 8628 8639
f 8628 8612 8631
f 8628 8631 8639
f 8639 8631 8620
f 8618 8649 8643
f 8649 8622 8647
f 8649 8647 8643
f 8643 8647 8617
f 8622 8652 8647
f 8652 8620 8645
f 8652 8645 8647
f 8647 8645 8617
f 8620 8650 8645
f 8650 8619 8644
f 8650 8644 8645
f 8645 8644 8617
f 8619 8651 8644
f 8651 8621 8646
f 8651 8646 8644
f 8644 8646 8617
f 8621 8648 8646
f 8648 8618 8643
f 8648 8643 8646
f 8646 8643 8617
f 8613 8635 8634
f 8635 8622 8649
f 8635 8649 8634
f 8634 8649 8618
f 8615 8639 8640
f 8639 8620 8652
f 8639 8652 8640
f 8640 8652 8622
f 8612 8630 8631
f 8630 8619 8650
f 8630 8650 8631
f 8631 8650 8620
f 8616 8642 8641
f 8642 8621 8651
f 8642 8651 8641
f 8641 8651 8619
f 8614 8637 8638
f 8637 8618 8648
f 8637 8648 8638
f 8638 8648 8621
v -29.696 -19.552 17.429
v -29.696 -20.158 17.429
v -29.392 -19.364 16.938
v -29.999 -19.364 16.938
v -29.205 -19.855 17.242
v -30.186 -19.855 17.242
v -29.696 -20.158 16.448
v -29.696 -19.552 16.448
v -29.999 -20.346 16.938
v -29.392 -20.346 16.938
v -30.186 -19.855 16.635
v -29.205 -19.855 16.635
v -29.696 -19.855 17.515
v -29.517 -19.388 17.227
v -29.874 -19.388 17.227
v -29.407 -19.677 17.405
v -29.984 -19.677 17.405
v -29.407 -20.033 17.405
v -29.984 -20.033 17.405
v -29.874 -20.322 17.227
v -29.517 -20.322 17.227
v -29.696 -19.278 16.938
v -29.229 -19.567 17.117
v -29.517 -19.388 16.650
v -29.229 -19.567 16.760
v -30.162 -19.567 17.117
v -29.874 -19.388 16.650
v -30.162 -19.567 16.760
v -29.229 -20.143 17.117
v -29.119 -19.855 16.938
v -30.162 -20.143 17.117
v -30.272 -19.855 16.938
v -29.696 -19.855 16.361
v -29.874 -20.322 16.650
v -29.517 -20.322 16.650
v -29.984 -20.033 16.472
v -29.407 -20.033 16.472
v -29.984 -19.677 16.472
v -29.407 -19.677 16.472
v -29.696 -20.432 16.938
v -30.162 -20.143 16.760
v -29.229 -20.143 16.760
f 8653 8669 8665
f 8669 8658 8671
f 8669 8671 8665
f 8665 8671 8654
f 8653 8667 8669
f 8667 8656 8678
f 8667 8678 8669
f 8669 8678 8658
f 8653 8666 8667
f 8666 8655 8674
f 8666 8674 8667
f 8667 8674 8656
f 8653 8668 8666
f 8668 8657 8675
f 8668 8675 8666
f 8666 8675 8655
f 8653 8665 8668
f 8665 8654 8670
f 8665 8670 8668
f 8668 8670 8657
f 8654 8671 8672
f 8671 8658 8683
f 8671 8683 8672
f 8672 8683 8661
f 8658 8678 8684
f 8678 8656 8680
f 8678 8680 8684
f 8684 8680 8663
f 8656 8674 8679
f 8674 8655 8676
f 8674 8676 8679
f 8679 8676 8660
f 8655 8675 8677
f 8675 8657 8682
f 8675 8682 8677
f 8677 8682 8664
f 8657 8670 8681
f 8670 8654 8673
f 8670 8673 8681
f 8681 8673 8662
f 8660 8691 8685
f 8691 8664 8689
f 8691 8689 8685
f 8685 8689 8659
f 8664 8694 8689
f 8694 8662 8687
f 8694 8687 8689
f 8689 8687 8659
f 8662 8692 8687
f 8692 8661 8686
f 8692 8686 8687
f 8687 8686 8659
f 8661 8693 8686
f 8693 8663 8688
f 8693 8688 8686
f 8686 8688 8659
f 8663 8690 8688
f 8690 8660 8685
f 8690 8685 8688
f 8688 8685 8659
f 8655 8677 8676
f 8677 8664 8691
f 8677 8691 8676
f 8676 8691 8660
f 8657 8681 8682
f 8681 8662 8694
f 8681 8694 8682
f 8682 8694 8664
f 8654 8672 8673
f 8672 8661 8692
f 8672 8692 8673
f 8673 8692 8662
f 8658 8684 8683
f 8684 8663 8693
f 8684 8693 8683
f 8683 8693 8661
f 8656 8679 8680
f 8679 8660 8690
f 8679 8690 8680
f 8680 8690 8663
v -21.783 -8.462 16.279
v -21.783 -9.048 16.279
v -21.491 -8.281 15.805
v -22.076 -8.281 15.805
v -21.310 -8.755 16.098
v -22.257 -8.755 16.098
v -21.783 -9.048 15.331
v -21.783 -8.462 15.331
v -22.076 -9.229 15.805
v -21.491 -9.229 15.805
v -22.257 -8.755 15.512
v -21.310 -8.755 15.512
v -21.783 -8.755 16.362
v -21.611 -8.304 16.083
v -21.956 -8.304 16.083
v -21.505 -8.583 16.256
v -22.062 -8.583 16.256
v -21.505 -8.927 16.256
v -22.062 -8.927 16.256
v -21.956 -9.205 16.083
v -21.611 -9.205 16.083
v -21.783 -8.198 15.805
v -21.333 -8.477 15.977
v -21.611 -8.304 15.527
v -21.333 -8.477 15.633
v -22.234 -8.477 15.977
v -21.956 -8.304 15.527
v -22.234 -8.477 15.633
v -21.333 -9.033 15.977
v -21.227 -8.755 15.805
v -22.234 -9.033 15.977
v -22.340 -8.755 15.805
v -21.783 -8.755 15.248
v -21.956 -9.205 15.527
v -21.611 -9.205 15.527
v -22.062 -8.927 15.355
v -21.505 -8.927 15.355
v -22.062 -8.583 15.355
v -21.505 -8.583 15.355
v -21.783 -9.312 15.805
v -22.234 -9.033 15.633
v -21.333 -9.033 15.633
f 8695 8711 8707
f 8711 8700 8713
f 8711 8713 8707
f 8707 8713 8696
f 8695 8709 8711
f 8709 8698 8720
f 8709 8720 8711
f 8711 8720 8700
f 8695 8708 8709
f 8708 8697 8716
f 8708 8716 8709
f 8709 8716 8698
f 8695 8710 8708
f 8710 8699 8717
f 8710 8717 8708
f 8708 8717 8697
f 8695 8707 8710
f 8707 8696 8712
f 8707 8712 8710
f 8710 8712 8699
f 8696 8713 8714
f 8713 8700 8725
f 8713 8725 8714
f 8714 8725 8703
f 8700 8720 8726
f 8720 8698 8722
f 8720 8722 8726
f 8726 8722 8705
f 8698 8716 8721
f 8716 8697 8718
f 8716 8718 8721
f 8721 8718 8702
f 8697 8717 8719
f 8717 8699 8724
f 8717 8724 8719
f 8719 8724 8706
f 8699 8712 8723
f 8712 8696 8715
f 8712 8715 8723
f 8723 8715 8704
f 8702 8733 8727
f 8733 8706 8731
f 8733 8731 8727
f 8727 8731 8701
f 8706 8736 8731
f 8736 8704 8729
f 8736 8729 8731
f 8731 8729 8701
f 8704 8734 8729
f 8734 8703 8728
f 8734 8728 8729
f 8729 8728 8701
f 8703 8735 8728
f 8735 8705 8730
f 8735 8730 8728
f 8728 8730 8701
f 8705 8732 8730
f 8732 8702 8727
f 8732 8727 8730
f 8730 8727 8701
f 8697 8719 8718
f 8719 8706 8733
f 8719 8733 8718
f 8718 8733 8702
f 8699 8723 8724
f 8723 8704 8736
f 8723 8736 8724
f 8724 8736 8706
f 8696 8714 8715
f 8714 8703 8734
f 8714 8734 8715
f 8715 8734 8704
f 8700 8726 8725
f 8726 8705 8735
f 8726 8735 8725
f 8725 8735 8703
f 8698 8721 8722
f 8721 8702 8732
f 8721 8732 8722
f 8722 8732 8705
v -33.776 -5.219 14.690
v -33.776 -5.760 14.690
v -33.505 -5.052 14.253
v -34.046 -5.052 14.253
v -33.338 -5.490 14.523
v -34.213 -5.490 14.523
v -33.776 -5.760 13.815
v -33.776 -5.219 13.815
v -34.046 -5.927 14.253
v -33.505 -5.927 14.253
v -34.213 -5.490 13.982
v -33.338 -5.490 13.982
v -33.776 -5.490 14.767
v -33.617 -5.074 14.510
v -33.935 -5.074 14.510
v -33.519 -5.331 14.669
v -34.033 -5.331 14.669
v -33.519 -5.649 14.669
v -34.033 -5.649 14.669
v -33.935 -5.906 14.510
v -33.617 -5.906 14.510
v -33.776 -4.975 14.253
v -33.360 -5.233 14.411
v -33.617 -5.074 13.995
v -33.360 -5.233 14.094
v -34.192 -5.233 14.411
v -33.935 -5.074 13.995
v -34.192 -5.233 14.094
v -33.360 -5.747 14.411
v -33.261 -5.490 14.253
v -34.192 -5.747 14.411
v -34.290 -5.490 14.253
v -33.776 -5.490 13.738
v -33.935 -5.906 13.995
v -33.617 -5.906 13.995
v -34.033 -5.649 13.836
v -33.519 -5.649 13.836
v -34.033 -5.331 13.836
v -33.519 -5.331 13.836
v -33.776 -6.004 14.253
v -34.192 -5.747 14.094
v -33.360 -5.747 14.094
f 8737 8753 8749
f 8753 8742 8755
f 8753 8755 8749
f 8749 8755 8738
f 8737 8751 8753
f 8751 8740 8762
f 8751 8762 8753
f 8753 8762 8742
f 8737 8750 8751
f 8750 8739 8758
f 8750 8758 8751
f 8751 8758 8740
f 8737 8752 8750
f 8752 8741 8759
f 8752 8759 8750
f 8750 8759 8739
f 8737 8749 8752
f 8749 8738 8754
f 8749 8754 8752
f 8752 8754 8741
f 8738 8755 8756
f 8755 8742 8767
f 8755 8767 8756
f 8756 8767 8745
f 8742 8762 8768
f 8762 8740 8764
f 8762 8764 8768
f 8768 8764 8747
f 8740 8758 8763
f 8758 8739 8760
f 8758 8760 8763
f 8763 8760 8744
f 8739 8759 8761
f 8759 8741 8766
f 8759 8766 8761
f 8761 8766 8748
f 8741 8754 8765
f 8754 8738 8757
f 8754 8757 8765
f 8765 8757 8746
f 8744 8775 8769
f 8775 8748 8773
f 8775 8773 8769
f 8769 8773 8743
f 8748 8778 8773
f 8778 8746 8771
f 8778 8771 8773
f 8773 8771 8743
f 8746 8776 8771
f 8776 8745 8770
f 8776 8770 8771
f 8771 8770 8743
f 8745 8777 8770
f 8777 8747 8772
f 8777 8772 8770
f 8770 8772 8743
f 8747 8774 8772
f 8774 8744 8769
f 8774 8769 8772
f 8772 8769 8743
f 8739 8761 8760
f 8761 8748 8775
f 8761 8775 8760
f 8760 8775 8744
f 8741 8765 8766
f 8765 8746 8778
f 8765 8778 8766
f 8766 8778 8748
f 8738 8756 8757
f 8756 8745 8776
f 8756 8776 8757
f 8757 8776 8746
f 8742 8768 8767
f 8768 8747 8777
f 8768 8777 8767
f 8767 8777 8745
f 8740 8763 8764
f 8763 8744 8774
f 8763 8774 8764
f 8764 8774 8747
v -14.250 -6.885 16.412
v -14.250 -7.449 16.412
v -13.968 -6.711 15.956
v -14.532 -6.711 15.956
v -13.794 -7.167 16.238
v -14.706 -7.167 16.238
v -14.250 -7.449 15.500
v -14.250 -6.885 15.500
v -14.532 -7.623 15.956
v -13.968 -7.623 15.956
v -14.706 -7.167 15.674
v -13.794 -7.167 15.674
v -14.250 -7.167 16.492
v -14.084 -6.733 16.224
v -14.415 -6.733 16.224
v -13.982 -7.002 16.390
v -14.518 -7.002 16.390
v -13.982 -7.333 16.390
v -14.518 -7.333 16.390
v -14.415 -7.601 16.224
v -14.084 -7.601 16.224
v -14.250 -6.631 15.956
v -13.816 -6.899 16.122
v -14.084 -6.733 15.688
v -13.816 -6.899 15.791
v -14.683 -6.899 16.122
v -14.415 -6.733 15.688
v -14.683 -6.899 15.791
v -13.816 -7.435 16.122
v -13.714 -7.167 15.956
v -14.683 -7.435 16.122
v -14.786 -7.167 15.956
v -14.250 -7.167 15.420
v -14.415 -7.601 15.688
v -14.084 -7.601 15.688
v -14.518 -7.333 15.523
v -13.982 -7.333 15.523
v -14.518 -7.002 15.523
v -13.982 -7.002 15.523
v -14.250 -7.703 15.956
v -14.683 -7.435 15.791
v -13.816 -7.435 15.791
f 8779 8795 8791
f 8795 8784 8797
f 8795 8797 8791
f 8791 8797 8780
f 8779 8793 8795
f 8793 8782 8804
f 8793 8804 8795
f 8795 8804 8784
f 8779 8792 8793
f 8792 8781 8800
f 8792 8800 8793
f 8793 8800 8782
f 8779 8794 8792
f 8794 8783 8801
f 8794 8801 8792
f 8792 8801 8781
f 8779 8791 8794
f 8791 8780 8796
f 8791 8796 8794
f 8794 8796 8783
f 8780 8797 8798
f 8797 8784 8809
f 8797 8809 8798
f 8798 8809 8787
f 8784 8804 8810
f 8804 8782 8806
f 8804 8806 8810
f 8810 8806 8789
f 8782 8800 8805
f 8800 8781 8802
f 8800 8802 8805
f 8805 8802 8786
f 8781 8801 8803
f 8801 8783 8808
f 8801 8808 8803
f 8803 8808 8790
f 8783 8796 8807
f 8796 8780 8799
f 8796 8799 8807
f 8807 8799 8788
f 8786 8817 8811
f 8817 8790 8815
f 8817 8815 8811
f 8811 8815 8785
f 8790 8820 8815
f 8820 8788 8813
f 8820 8813 8815
f 8815 8813 8785
f 8788 8818 8813
f 8818 8787 8812
f 8818 8812 8813
f 8813 8812 8785
f 8787 8819 8812
f 8819 8789 8814
f 8819 8814 8812
f 8812 8814 8785
f 8789 8816 8814
f 8816 8786 8811
f 8816 8811 8814
f 8814 8811 8785
f 8781 8803 8802
f 8803 8790 8817
f 8803 8817 8802
f 8802 8817 8786
f 8783 8807 8808
f 8807 8788 8820
f 8807 8820 8808
f 8808 8820 8790
f 8780 8798 8799
f 8798 8787 8818
f 8798 8818 8799
f 8799 8818 8788
f 8784 8810 8809
f 8810 8789 8819
f 8810 8819 8809
f 8809 8819 8787
f 8782 8805 8806
f 8805 8786 8816
f 8805 8816 8806
f 8806 8816 8789
v -0.548 -4.022 15.085
v -0.548 -4.649 15.085
v -0.234 -3.828 14.578
v -0.861 -3.828 14.578
v -0.040 -4.336 14.892
v -1.055 -4.336 14.892
v -0.548 -4.649 14.071
v -0.548 -4.022 14.071
v -0.861 -4.843 14.578
v -0.234 -4.843 14.578
v -1.055 -4.336 14.265
v -0.040 -4.336 14.265
v -0.548 -4.336 15.175
v -0.363 -3.853 14.876
v -0.732 -3.853 14.876
v -0.249 -4.151 15.061
v -0.846 -4.151 15.061
v -0.249 -4.520 15.061
v -0.846 -4.520 15.061
v -0.732 -4.818 14.876
v -0.363 -4.818 14.876
v -0.548 -3.739 14.578
v -0.065 -4.037 14.763
v -0.363 -3.853 14.280
v -0.065 -4.037 14.394
v -1.030 -4.037 14.763
v -0.732 -3.853 14.280
v -1.030 -4.037 14.394
v -0.065 -4.634 14.763
v 0.049 -4.336 14.578
v -1.030 -4.634 14.763
v -1.144 -4.336 14.578
v -0.548 -4.336 13.982
v -0.732 -4.818 14.280
v -0.363 -4.818 14.280
v -0.846 -4.520 14.096
v -0.249 -4.520 14.096
v -0.846 -4.151 14.096
v -0.249 -4.151 14.096
v -0.548 -4.932 14.578
v -1.030 -4.634 14.394
v -0.065 -4.634 14.394
f 8821 8837 8833
f 8837 8826 8839
f 8837 8839 8833
f 8833 8839 8822
f 8821 8835 8837
f 8835 8824 8846
f 8835 8846 8837
f 8837 8846 8826
f 8821 8834 8835
f 8834 8823 8842
f 8834 8842 8835
f 8835 8842 8824
f 8821 8836 8834
f 8836 8825 8843
f 8836 8843 8834
f 8834 8843 8823
f 8821 8833 8836
f 8833 8822 8838
f 8833 8838 8836
f 8836 8838 8825
f 8822 8839 8840
f 8839 8826 8851
f 8839 8851 8840
f 8840 8851 8829
f 8826 8846 8852
f 8846 8824 8848
f 8846 8848 8852
f 8852 8848 8831
f 8824 8842 8847
f 8842 8823 8844
f 8842 8844 8847
f 8847 8844 8828
f 8823 8843 8845
f 8843 8825 8850
f 8843 8850 8845
f 8845 8850 8832
f 8825 8838 8849
f 8838 8822 8841
f 8838 8841 8849
f 8849 8841 8830
f 8828 8859 8853
f 8859 8832 8857
f 8859 8857 8853
f 8853 8857 8827
f 8832 8862 8857
f 8862 8830 8855
f 8862 8855 8857
f 8857 8855 8827
f 8830 8860 8855
f 8860 8829 8854
f 8860 8854 8855
f 8855 8854 8827
f 8829 8861 8854
f 8861 8831 8856
f 8861 8856 8854
f 8854 8856 8827
f 8831 8858 8856
f 8858 8828 8853
f 8858 8853 8856
f 8856 8853 8827
f 8823 8845 8844
f 8845 8832 8859
f 8845 8859 8844
f 8844 8859 8828
f 8825 8849 8850
f 8849 8830 8862
f 8849 8862 8850
f 8850 8862 8832
f 8822 8840 8841
f 8840 8829 8860
f 8840 8860 8841
f 8841 8860 8830
f 8826 8852 8851
f 8852 8831 8861
f 8852 8861 8851
f 8851 8861 8829
f 8824 8847 8848
f 8847 8828 8858
f 8847 8858 8848
f 8848 8858 8831
v -6.551 5.151 -20.226
v -6.551 4.504 -20.226
v -6.228 5.351 -20.749
v -6.875 5.351 -20.749
v -6.028 4.828 -20.426
v -7.075 4.828 -20.426
v -6.551 4.504 -21.272
v -6.551 5.151 -21.272
v -6.875 4.304 -20.749
v -6.228 4.304 -20.749
v -7.075 4.828 -21.072
v -6.028 4.828 -21.072
v -6.551 4.828 -20.134
v -6.361 5.325 -20.441
v -6.741 5.325 -20.441
v -6.244 5.018 -20.251
v -6.859 5.018 -20.251
v -6.244 4.637 -20.251
v -6.859 4.637 -20.251
v -6.741 4.330 -20.441
v -6.361 4.330 -20.441
v -6.551 5.443 -20.749
v -6.054 5.135 -20.559
v -6.361 5.325 -21.056
v -6.054 5.135 -20.939
v -7.049 5.135 -20.559
v -6.741 5.325 -21.056
v -7.049 5.135 -20.939
v -6.054 4.520 -20.559
v -5.936 4.828 -20.749
v -7.049 4.520 -20.559
v -7.166 4.828 -20.749
v -6.551 4.828 -21.364
v -6.741 4.330 -21.056
v -6.361 4.330 -21.056
v -6.859 4.637 -21.246
v -6.244 4.637 -21.246
v -6.859 5.018 -21.246
v -6.244 5.018 -21.246
v -6.551 4.212 -20.749
v -7.049 4.520 -20.939
v -6.054 4.520 -20.939
f 8863 8879 8875
f 8879 8868 8881
f 8879 8881 8875
f 8875 8881 8864
f 8863 8877 8879
f 8877 8866 8888
f 8877 8888 8879
f 8879 8888 8868
f 8863 8876 8877
f 8876 8865 8884
f 8876 8884 8877
f 8877 8884 8866
f 8863 8878 8876
f 8878 8867 8885
f 8878 8885 8876
f 8876 8885 8865
f 8863 8875 8878
f 8875 8864 8880
f 8875 8880 8878
f 8878 8880 8867
f 8864 8881 8882
f 8881 8868 8893
f 8881 8893 8882
f 8882 8893 8871
f 8868 8888 8894
f 8888 8866 8890
f 8888 8890 8894
f 8894 8890 8873
f 8866 8884 8889
f 8884 8865 8886
f 8884 8886 8889
f 8889 8886 8870
f 8865 8885 8887
f 8885 8867 8892
f 8885 8892 8887
f 8887 8892 8874
f 8867 8880 8891
f 8880 8864 8883
f 8880 8883 8891
f 8891 8883 8872
f 8870 8901 8895
f 8901 8874 8899
f 8901 8899 8895
f 8895 8899 8869
f 8874 8904 8899
f 8904 8872 8897
f 8904 8897 8899
f 8899 8897 8869
f 8872 8902 8897
f 8902 8871 8896
f 8902 8896 8897
f 8897 8896 8869
f 8871 8903 8896
f 8903 8873 8898
f 8903 8898 8896
f 8896 8898 8869
f 8873 8900 8898
f 8900 8870 8895
f 8900 8895 8898
f 8898 8895 8869
f 8865 8887 8886
f 8887 8874 8901
f 8887 8901 8886
f 8886 8901 8870
f 8867 8891 8892
f 8891 8872 8904
f 8891 8904 8892
f 8892 8904 8874
f 8864 8882 8883
f 8882 8871 8902
f 8882 8902 8883
f 8883 8902 8872
f 8868 8894 8893
f 8894 8873 8903
f 8894 8903 8893
f 8893 8903 8871
f 8866 8889 8890
f 8889 8870 8900
f 8889 8900 8890
f 8890 8900 8873
v -11.350 14.935 -29.332
v -11.350 14.288 -29.332
v -11.027 15.134 -29.855
v -11.673 15.134 -29.855
v -10.827 14.611 -29.532
v -11.873 14.611 -29.532
v -11.350 14.288 -30.378
v -11.350 14.935 -30.378
v -11.673 14.088 -29.855
v -11.027 14.088 -29.855
v -11.873 14.611 -30.179
v -10.827 14.611 -30.179
v -11.350 14.611 -29.240
v -11.160 15.109 -29.548
v -11.540 15.109 -29.548
v -11.042 14.801 -29.358
v -11.657 14.801 -29.358
v -11.042 14.421 -29.358
v -11.657 14.421 -29.358
v -11.540 14.114 -29.548
v -11.160 14.114 -29.548
v -11.350 15.226 -29.855
v -10.852 14.919 -29.665
v -11.160 15.109 -30.163
v -10.852 14.919 -30.045
v -11.847 14.919 -29.665
v -11.540 15.109 -30.163
v -11.847 14.919 -30.045
v -10.852 14.304 -29.665
v -10.735 14.611 -29.855
v -11.847 14.304 -29.665
v -11.965 14.611 -29.855
v -11.350 14.611 -30.470
v -11.540 14.114 -30.163
v -11.160 14.114 -30.163
v -11.657 14.421 -30.353
v -11.042 14.421 -30.353
v -11.657 14.801 -30.353
v -11.042 14.801 -30.353
v -11.350 13.996 -29.855
v -11.847 14.304 -30.045
v -10.852 14.304 -30.045
f 8905 8921 8917
f 8921 8910 8923
f 8921 8923 8917
f 8917 8923 8906
f 8905 8919 8921
f 8919 8908 8930
f 8919 8930 8921
f 8921 8930 8910
f 8905 8918 8919
f 8918 8907 8926
f 8918 8926 8919
f 8919 8926 8908
f 8905 8920 8918
f 8920 8909 8927
f 8920 8927 8918
f 8918 8927 8907
f 8905 8917 8920
f 8917 8906 8922
f 8917 8922 8920
f 8920 8922 8909
f 8906 8923 8924
f 8923 8910 8935
f 8923 8935 8924
f 8924 8935 8913
f 8910 8930 8936
f 8930 8908 8932
f 8930 8932 8936
f 8936 8932 8915
f 8908 8926 8931
f 8926 8907 8928
f 8926 8928 8931
f 8931 8928 8912
f 8907 8927 8929
f 8927 8909 8934
f 8927 8934 8929
f 8929 8934 8916
f 8909 8922 8933
f 8922 8906 8925
f 8922 8925 8933
f 8933 8925 8914
f 8912 8943 8937
f 8943 8916 8941
f 8943 8941 8937
f 8937 8941 8911
f 8916 8946 8941
f 8946 8914 8939
f 8946 8939 8941
f 8941 8939 8911
f 8914 8944 8939
f 8944 8913 8938
f 8944 8938 8939
f 8939 8938 8911
f 8913 8945 8938
f 8945 8915 8940
f 8945 8940 8938
f 8938 8940 8911
f 8915 8942 8940
f 8942 8912 8937
f 8942 8937 8940
f 8940 8937 8911
f 8907 8929 8928
f 8929 8916 8943
f 8929 8943 8928
f 8928 8943 8912
f 8909 8933 8934
f 8933 8914 8946
f 8933 8946 8934
f 8934 8946 8916
f 8906 8924 8925
f 8924 8913 8944
f 8924 8944 8925
f 8925 8944 8914
f 8910 8936 8935
f 8936 8915 8945
f 8936 8945 8935
f 8935 8945 8913
f 8908 8931 8932
f 8931 8912 8942
f 8931 8942 8932
f 8932 8942 8915
v -3.972 -8.823 -9.133
v -3.972 -9.450 -9.133
v -3.659 -8.629 -9.640
v -4.286 -8.629 -9.640
v -3.465 -9.137 -9.326
v -4.480 -9.137 -9.326
v -3.972 -9.450 -10.147
v -3.972 -8.823 -10.147
v -4.286 -9.644 -9.640
v -3.659 -9.644 -9.640
v -4.480 -9.137 -9.953
v -3.465 -9.137 -9.953
v -3.972 -9.137 -9.044
v -3.788 -8.654 -9.342
v -4.157 -8.654 -9.342
v -3.674 -8.952 -9.157
v -4.271 -8.952 -9.157
v -3.674 -9.321 -9.157
v -4.271 -9.321 -9.157
v -4.157 -9.619 -9.342
v -3.788 -9.619 -9.342
v -3.972 -8.540 -9.640
v -3.490 -8.839 -9.456
v -3.788 -8.654 -9.938
v -3.490 -8.839 -9.824
v -4.455 -8.839 -9.456
v -4.157 -8.654 -9.938
v -4.455 -8.839 -9.824
v -3.490 -9.435 -9.456
v -3.376 -9.137 -9.640
v -4.455 -9.435 -9.456
v -4.569 -9.137 -9.640
v -3.972 -9.137 -10.236
v -4.157 -9.619 -9.938
v -3.788 -9.619 -9.938
v -4.271 -9.321 -10.122
v -3.674 -9.321 -10.122
v -4.271 -8.952 -10.122
v -3.674 -8.952 -10.122
v -3.972 -9.733 -9.640
v -4.455 -9.435 -9.824
v -3.490 -9.435 -9.824
f 8947 8963 8959
f 8963 8952 8965
f 8963 8965 8959
f 8959 8965 8948
f 8947 8961 8963
f 8961 8950 8972
f 8961 8972 8963
f 8963 8972 8952
f 8947 8960 8961
f 8960 8949 8968
f 8960 8968 8961
f 8961 8968 8950
f 8947 8962 8960
f 8962 8951 8969
f 8962 8969 8960
f 8960 8969 8949
f 8947 8959 8962
f 8959 8948 8964
f 8959 8964 8962
f 8962 8964 8951
f 8948 8965 8966
f 8965 8952 8977
f 8965 8977 8966
f 8966 8977 8955
f 8952 8972 8978
f 8972 8950 8974
f 8972 8974 8978
f 8978 8974 8957
f 8950 8968 8973
f 8968 8949 8970
f 8968 8970 8973
f 8973 8970 8954
f 8949 8969 8971
f 8969 8951 8976
f 8969 8976 8971
f 8971 8976 8958
f 8951 8964 8975
f 8964 8948 8967
f 8964 8967 8975
f 8975 8967 8956
f 8954 8985 8979
f 8985 8958 8983
f 8985 8983 8979
f 8979 8983 8953
f 8958 8988 8983
f 8988 8956 8981
f 8988 8981 8983
f 8983 8981 8953
f 8956 8986 8981
f 8986 8955 8980
f 8986 8980 8981
f 8981 8980 8953
f 8955 8987 8980
f 8987 8957 8982
f 8987 8982 8980
f 8980 8982 8953
f 8957 8984 8982
f 8984 8954 8979
f 8984 8979 8982
f 8982 8979 8953
f 8949 8971 8970
f 8971 8958 8985
f 8971 8985 8970
f 8970 8985 8954
f 8951 8975 8976
f 8975 8956 8988
f 8975 8988 8976
f 8976 8988 8958
f 8948 8966 8967
f 8966 8955 8986
f 8966 8986 8967
f 8967 8986 8956
f 8952 8978 8977
f 8978 8957 8987
f 8978 8987 8977
f 8977 8987 8955
f 8950 8973 8974
f 8973 8954 8984
f 8973 8984 8974
f 8974 8984 8957
v -28.118 -20.521 -1.573
v -28.118 -21.062 -1.573
v -27.847 -20.354 -2.010
v -28.388 -20.354 -2.010
v -27.680 -20.791 -1.740
v -28.555 -20.791 -1.740
v -28.118 -21.062 -2.448
v -28.118 -20.521 -2.448
v -28.388 -21.229 -2.010
v -27.847 -21.229 -2.010
v -28.555 -20.791 -2.281
v -27.680 -20.791 -2.281
v -28.118 -20.791 -1.496
v -27.959 -20.375 -1.753
v -28.277 -20.375 -1.753
v -27.860 -20.632 -1.594
v -28.375 -20.632 -1.594
v -27.860 -20.950 -1.594
v -28.375 -20.950 -1.594
v -28.277 -21.207 -1.753
v -27.959 -21.207 -1.753
v -28.118 -20.277 -2.010
v -27.701 -20.534 -1.851
v -27.959 -20.375 -2.268
v -27.701 -20.534 -2.169
v -28.534 -20.534 -1.851
v -28.277 -20.375 -2.268
v -28.534 -20.534 -2.169
v -27.701 -21.049 -1.851
v -27.603 -20.791 -2.010
v -28.534 -21.049 -1.851
v -28.632 -20.791 -2.010
v -28.118 -20.791 -2.525
v -28.277 -21.207 -2.268
v -27.959 -21.207 -2.268
v -28.375 -20.950 -2.427
v -27.860 -20.950 -2.427
v -28.375 -20.632 -2.427
v -27.860 -20.632 -2.427
v -28.118 -21.306 -2.010
v -28.534 -21.049 -2.169
v -27.701 -21.049 -2.169
f 8989 9005 9001
f 9005 8994 9007
f 9005 9007 9001
f 9001 9007 8990
f 8989 9003 9005
f 9003 8992 9014
f 9003 9014 9005
f 9005 9014 8994
f 8989 9002 9003
f 9002 8991 9010
f 9002 9010 9003
f 9003 9010 8992
f 8989 9004 9002
f 9004 8993 9011
f 9004 9011 9002
f 9002 9011 8991
f 8989 9001 9004
f 9001 8990 9006
f 9001 9006 9004
f 9004 9006 8993
f 8990 9007 9008
f 9007 8994 9019
f 9007 9019 9008
f 9008 9019 8997
f 8994 9014 9020
f 9014 8992 9016
f 9014 9016 9020
f 9020 9016 8999
f 8992 9010 9015
f 9010 8991 9012
f 9010 9012 9015
f 9015 9012 8996
f 8991 9011 9013
f 9011 8993 9018
f 9011 9018 9013
f 9013 9018 9000
f 8993 9006 9017
f 9006 8990 9009
f 9006 9009 9017
f 9017 9009 8998
f 8996 9027 9021
f 9027 9000 9025
f 9027 9025 9021
f 9021 9025 8995
f 9000 9030 9025
f 9030 8998 9023
f 9030 9023 9025
f 9025 9023 8995
f 8998 9028 9023
f 9028 8997 9022
f 9028 9022 9023
f 9023 9022 8995
f 8997 9029 9022
f 9029 8999 9024
f 9029 9024 9022
f 9022 9024 8995
f 8999 9026 9024
f 9026 8996 9021
f 9026 9021 9024
f 9024 9021 8995
f 8991 9013 9012
f 9013 9000 9027
f 9013 9027 9012
f 9012 9027 8996
f 8993 9017 9018
f 9017 8998 9030
f 9017 9030 9018
f 9018 9030 9000
f 8990 9008 9009
f 9008 8997 9028
f 9008 9028 9009
f 9009 9028 8998
f 8994 9020 9019
f 9020 8999 9029
f 9020 9029 9019
f 9019 9029 8997
f 8992 9015 9016
f 9015 8996 9026
f 9015 9026 9016
f 9016 9026 8999
v -4.681 -28.550 -2.883
v -4.681 -29.157 -2.883
v -4.378 -28.363 -3.373
v -4.984 -28.363 -3.373
v -4.190 -28.853 -3.070
v -5.172 -28.853 -3.070
v -4.681 -29.157 -3.864
v -4.681 -28.550 -3.864
v -4.984 -29.344 -3.373
v -4.378 -29.344 -3.373
v -5.172 -28.853 -3.677
v -4.190 -28.853 -3.677
v -4.681 -28.853 -2.796
v -4.503 -28.387 -3.085
v -4.859 -28.387 -3.085
v -4.393 -28.675 -2.907
v -4.970 -28.675 -2.907
v -4.393 -29.032 -2.907
v -4.970 -29.032 -2.907
v -4.859 -29.320 -3.085
v -4.503 -29.320 -3.085
v -4.681 -28.277 -3.373
v -4.214 -28.565 -3.195
v -4.503 -28.387 -3.662
v -4.214 -28.565 -3.552
v -5.148 -28.565 -3.195
v -4.859 -28.387 -3.662
v -5.148 -28.565 -3.552
v -4.214 -29.142 -3.195
v -4.104 -28.853 -3.373
v -5.148 -29.142 -3.195
v -5.258 -28.853 -3.373
v -4.681 -28.853 -3.950
v -4.859 -29.320 -3.662
v -4.503 -29.320 -3.662
v -4.970 -29.032 -3.840
v -4.393 -29.032 -3.840
v -4.970 -28.675 -3.840
v -4.393 -28.675 -3.840
v -4.681 -29.430 -3.373
v -5.148 -29.142 -3.552
v -4.214 -29.142 -3.552
f 9031 9047 9043
f 9047 9036 9049
f 9047 9049 9043
f 9043 9049 9032
f 9031 9045 9047
f 9045 9034 9056
f 9045 9056 9047
f 9047 9056 9036
f 9031 9044 9045
f 9044 9033 9052
f 9044 9052 9045
f 9045 9052 9034
f 9031 9046 9044
f 9046 9035 9053
f 9046 9053 9044
f 9044 9053 9033
f 9031 9043 9046
f 9043 9032 9048
f 9043 9048 9046
f 9046 9048 9035
f 9032 9049 9050
f 9049 9036 9061
f 9049 9061 9050
f 9050 9061 9039
f 9036 9056 9062
f 9056 9034 9058
f 9056 9058 9062
f 9062 9058 9041
f 9034 9052 9057
f 9052 9033 9054
f 9052 9054 9057
f 9057 9054 9038
f 9033 9053 9055
f 9053 9035 9060
f 9053 9060 9055
f 9055 9060 9042
f 9035 9048 9059
f 9048 9032 9051
f 9048 9051 9059
f 9059 9051 9040
f 9038 9069 9063
f 9069 9042 9067
f 9069 9067 9063
f 9063 9067 9037
f 9042 9072 9067
f 9072 9040 9065
f 9072 9065 9067
f 9067 9065 9037
f 9040 9070 9065
f 9070 9039 9064
f 9070 9064 9065
f 9065 9064 9037
f 9039 9071 9064
f 9071 9041 9066
f 9071 9066 9064
f 9064 9066 9037
f 9041 9068 9066
f 9068 9038 9063
f 9068 9063 9066
f 9066 9063 9037
f 9033 9055 9054
f 9055 9042 9069
f 9055 9069 9054
f 9054 9069 9038
f 9035 9059 9060
f 9059 9040 9072
f 9059 9072 9060
f 9060 9072 9042
f 9032 9050 9051
f 9050 9039 9070
f 9050 9070 9051
f 9051 9070 9040
f 9036 9062 9061
f 9062 9041 9071
f 9062 9071 9061
f 9061 9071 9039
f 9034 9057 9058
f 9057 9038 9068
f 9057 9068 9058
f 9058 9068 9041
v 0.759 0.579 9.837
v 0.759 -0.192 9.837
v 1.144 0.817 9.213
v 0.373 0.817 9.213
v 1.383 0.193 9.599
v 0.135 0.193 9.599
v 0.759 -0.192 8.589
v 0.759 0.579 8.589
v 0.373 -0.431 9.213
v 1.144 -0.431 9.213
v 0.135 0.193 8.828
v 1.383 0.193 8.828
v 0.759 0.193 9.947
v 0.985 0.787 9.580
v 0.532 0.787 9.580
v 1.126 0.420 9.807
v 0.392 0.420 9.807
v 1.126 -0.034 9.807
v 0.392 -0.034 9.807
v 0.532 -0.400 9.580
v 0.985 -0.400 9.580
v 0.759 0.927 9.213
v 1.352 0.560 9.440
v 0.985 0.787 8.847
v 1.352 0.560 8.987
v 0.165 0.560 9.440
v 0.532 0.787 8.847
v 0.165 0.560 8.987
v 1.352 -0.174 9.440
v 1.492 0.193 9.213
v 0.165 -0.174 9.440
v 0.025 0.193 9.213
v 0.759 0.193 8.480
v 0.532 -0.400 8.847
v 0.985 -0.400 8.847
v 0.392 -0.034 8.620
v 1.126 -0.034 8.620
v 0.392 0.420 8.620
v 1.126 0.420 8.620
v 0.759 -0.540 9.213
v 0.165 -0.174 8.987
v 1.352 -0.174 8.987
usemtl mtl-003
f 9073 9089 9085
f 9089 9078 9091
f 9089 9091 9085
f 9085 9091 9074
f 9073 9087 9089
f 9087 9076 9098
f 9087 9098 9089
f 9089 9098 9078
f 9073 9086 9087
f 9086 9075 9094
f 9086 9094 9087
f 9087 9094 9076
f 9073 9088 9086
f 9088 9077 9095
f 9088 9095 9086
f 9086 9095 9075
f 9073 9085 9088
f 9085 9074 9090
f 9085 9090 9088
f 9088 9090 9077
f 9074 9091 9092
f 9091 9078 9103
f 9091 9103 9092
f 9092 9103 9081
f 9078 9098 9104
f 9098 9076 9100
f 9098 9100 9104
f 9104 9100 9083
f 9076 9094 9099
f 9094 9075 9096
f 9094 9096 9099
f 9099 9096 9080
f 9075 9095 9097
f 9095 9077 9102
f 9095 9102 9097
f 9097 9102 9084
f 9077 9090 9101
f 9090 9074 9093
f 9090 9093 9101
f 9101 9093 9082
f 9080 9111 9105
f 9111 9084 9109
f 9111 9109 9105
f 9105 9109 9079
f 9084 9114 9109
f 9114 9082 9107
f 9114 9107 9109
f 9109 9107 9079
f 9082 9112 9107
f 9112 9081 9106
f 9112 9106 9107
f 9107 9106 9079
f 9081 9113 9106
f 9113 9083 9108
f 9113 9108 9106
f 9106 9108 9079
f 9083 9110 9108
f 9110 9080 9105
f 9110 9105 9108
f 9108 9105 9079
f 9075 9097 9096
f 9097 9084 9111
f 9097 9111 9096
f 9096 9111 9080
f 9077 9101 9102
f 9101 9082 9114
f 9101 9114 9102
f 9102 9114 9084
f 9074 9092 9093
f 9092 9081 9112
f 9092 9112 9093
f 9093 9112 9082
f 9078 9104 9103
f 9104 9083 9113
f 9104 9113 9103
f 9103 9113 9081
f 9076 9099 9100
f 9099 9080 9110
f 9099 9110 9100
f 9100 9110 9083
v -10.942 12.423 16.623
v -10.942 11.757 16.623
v -10.609 12.629 16.084
v -11.275 12.629 16.084
v -10.403 12.090 16.417
v -11.480 12.090 16.417
v -10.942 11.757 15.546
v -10.942 12.423 15.546
v -11.275 11.552 16.084
v -10.609 11.552 16.084
v -11.480 12.090 15.751
v -10.403 12.090 15.751
v -10.942 12.090 16.718
v -10.746 12.603 16.401
v -11.137 12.603 16.401
v -10.625 12.286 16.597
v -11.258 12.286 16.597
v -10.625 11.895 16.597
v -11.258 11.895 16.597
v -11.137 11.578 16.401
v -10.746 11.578 16.401
v -10.942 12.724 16.084
v -10.429 12.407 16.280
v -10.746 12.603 15.768
v -10.429 12.407 15.889
v -11.454 12.407 16.280
v -11.137 12.603 15.768
v -11.454 12.407 15.889
v -10.429 11.774 16.280
v -10.308 12.090 16.084
v -11.454 11.774 16.280
v -11.575 12.090 16.084
v -10.942 12.090 15.451
v -11.137 11.578 15.768
v -10.746 11.578 15.768
v -11.258 11.895 15.572
v -10.625 11.895 15.572
v -11.258 12.286 15.572
v -10.625 12.286 15.572
v -10.942 11.457 16.084
v -11.454 11.774 15.889
v -10.429 11.774 15.889
f 9115 9131 9127
f 9131 9120 9133
f 9131 9133 9127
f 9127 9133 9116
f 9115 9129 9131
f 9129 9118 9140
f 9129 9140 9131
f 9131 9140 9120
f 9115 9128 9129
f 9128 9117 9136
f 9128 9136 9129
f 9129 9136 9118
f 9115 9130 9128
f 9130 9119 9137
f 9130 9137 9128
f 9128 9137 9117
f 9115 9127 9130
f 9127 9116 9132
f 9127 9132 9130
f 9130 9132 9119
f 9116 9133 9134
f 9133 9120 9145
f 9133 9145 9134
f 9134 9145 9123
f 9120 9140 9146
f 9140 9118 9142
f 9140 9142 9146
f 9146 9142 9125
f 9118 9136 9141
f 9136 9117 9138
f 9136 9138 9141
f 9141 9138 9122
f 9117 9137 9139
f 9137 9119 9144
f 9137 9144 9139
f 9139 9144 9126
f 9119 9132 9143
f 9132 9116 9135
f 9132 9135 9143
f 9143 9135 9124
f 9122 9153 9147
f 9153 9126 9151
f 9153 9151 9147
f 9147 9151 9121
f 9126 9156 9151
f 9156 9124 9149
f 9156 9149 9151
f 9151 9149 9121
f 9124 9154 9149
f 9154 9123 9148
f 9154 9148 9149
f 9149 9148 9121
f 9123 9155 9148
f 9155 9125 9150
f 9155 9150 9148
f 9148 9150 9121
f 9125 9152 9150
f 9152 9122 9147
f 9152 9147 9150
f 9150 9147 9121
f 9117 9139 9138
f 9139 9126 9153
f 9139 9153 9138
f 9138 9153 9122
f 9119 9143 9144
f 9143 9124 9156
f 9143 9156 9144
f 9144 9156 9126
f 9116 9134 9135
f 9134 9123 9154
f 9134 9154 9135
f 9135 9154 9124
f 9120 9146 9145
f 9146 9125 9155
f 9146 9155 9145
f 9145 9155 9123
f 9118 9141 9142
f 9141 9122 9152
f 9141 9152 9142
f 9142 9152 9125
v -21.404 -25.915 14.491
v -21.404 -26.581 14.491
v -21.071 -25.709 13.952
v -21.737 -25.709 13.952
v -20.866 -26.248 14.285
v -21.943 -26.248 14.285
v -21.404 -26.581 13.414
v -21.404 -25.915 13.414
v -21.737 -26.787 13.952
v -21.071 -26.787 13.952
v -21.943 -26.248 13.620
v -20.866 -26.248 13.620
v -21.404 -26.248 14.586
v -21.209 -25.735 14.269
v -21.600 -25.735 14.269
v -21.088 -26.052 14.465
v -21.721 -26.052 14.465
v -21.088 -26.444 14.465
v -21.721 -26.444 14.465
v -21.600 -26.760 14.269
v -21.209 -26.760 14.269
v -21.404 -25.615 13.952
v -20.892 -25.931 14.148
v -21.209 -25.735 13.636
v -20.892 -25.931 13.757
v -21.917 -25.931 14.148
v -21.600 -25.735 13.636
v -21.917 -25.931 13.757
v -20.892 -26.564 14.148
v -20.771 -26.248 13.952
v -21.917 -26.564 14.148
v -22.038 -26.248 13.952
v -21.404 -26.248 13.319
v -21.600 -26.760 13.636
v -21.209 -26.760 13.636
v -21.721 -26.444 13.440
v -21.088 -26.444 13.440
v -21.721 -26.052 13.440
v -21.088 -26.052 13.440
v -21.404 -26.881 13.952
v -21.917 -26.564 13.757
v -20.892 -26.564 13.757
f 9157 9173 9169
f 9173 9162 9175
f 9173 9175 9169
f 9169 9175 9158
f 9157 9171 9173
f 9171 9160 9182
f 9171 9182 9173
f 9173 9182 9162
f 9157 9170 9171
f 9170 9159 9178
f 9170 9178 9171
f 9171 9178 9160
f 9157 9172 9170
f 9172 9161 9179
f 9172 9179 9170
f 9170 9179 9159
f 9157 9169 9172
f 9169 9158 9174
f 9169 9174 9172
f 9172 9174 9161
f 9158 9175 9176
f 9175 9162 9187
f 9175 9187 9176
f 9176 9187 9165
f 9162 9182 9188
f 9182 9160 9184
f 9182 9184 9188
f 9188 9184 9167
f 9160 9178 9183
f 9178 9159 9180
f 9178 9180 9183
f 9183 9180 9164
f 9159 9179 9181
f 9179 9161 9186
f 9179 9186 9181
f 9181 9186 9168
f 9161 9174 9185
f 9174 9158 9177
f 9174 9177 9185
f 9185 9177 9166
f 9164 9195 9189
f 9195 9168 9193
f 9195 9193 9189
f 9189 9193 9163
f 9168 9198 9193
f 9198 9166 9191
f 9198 9191 9193
f 9193 9191 9163
f 9166 9196 9191
f 9196 9165 9190
f 9196 9190 9191
f 9191 9190 9163
f 9165 9197 9190
f 9197 9167 9192
f 9197 9192 9190
f 9190 9192 9163
f 9167 9194 9192
f 9194 9164 9189
f 9194 9189 9192
f 9192 9189 9163
f 9159 9181 9180
f 9181 9168 9195
f 9181 9195 9180
f 9180 9195 9164
f 9161 9185 9186
f 9185 9166 9198
f 9185 9198 9186
f 9186 9198 9168
f 9158 9176 9177
f 9176 9165 9196
f 9176 9196 9177
f 9177 9196 9166
f 9162 9188 9187
f 9188 9167 9197
f 9188 9197 9187
f 9187 9197 9165
f 9160 9183 9184
f 9183 9164 9194
f 9183 9194 9184
f 9184 9194 9167
v 6.283 12.216 31.261
v 6.283 11.550 31.261
v 6.616 12.422 30.722
v 5.950 12.422 30.722
v 6.821 11.883 31.055
v 5.744 11.883 31.055
v 6.283 11.550 30.184
v 6.283 12.216 30.184
v 5.950 11.344 30.722
v 6.616 11.344 30.722
v 5.744 11.883 30.389
v 6.821 11.883 30.389
v 6.283 11.883 31.356
v 6.478 12.395 31.039
v 6.087 12.395 31.039
v 6.599 12.079 31.235
v 5.966 12.079 31.235
v 6.599 11.687 31.235
v 5.966 11.687 31.235
v 6.087 11.371 31.039
v 6.478 11.371 31.039
v 6.283 12.516 30.722
v 6.795 12.200 30.918
v 6.478 12.395 30.406
v 6.795 12.200 30.527
v 5.770 12.200 30.918
v 6.087 12.395 30.406
v 5.770 12.200 30.527
v 6.795 11.566 30.918
v 6.916 11.883 30.722
v 5.770 11.566 30.918
v 5.649 11.883 30.722
v 6.283 11.883 30.089
v 6.087 11.371 30.406
v 6.478 11.371 30.406
v 5.966 11.687 30.210
v 6.599 11.687 30.210
v 5.966 12.079 30.210
v 6.599 12.079 30.210
v 6.283 11.250 30.722
v 5.770 11.566 30.527
v 6.795 11.566 30.527
f 9199 9215 9211
f 9215 9204 9217
f 9215 9217 9211
f 9211 9217 9200
f 9199 9213 9215
f 9213 9202 9224
f 9213 9224 9215
f 9215 9224 9204
f 9199 9212 9213
f 9212 9201 9220
f 9212 9220 9213
f 9213 9220 9202
f 9199 9214 9212
f 9214 9203 9221
f 9214 9221 9212
f 9212 9221 9201
f 9199 9211 9214
f 9211 9200 9216
f 9211 9216 9214
f 9214 9216 9203
f 9200 9217 9218
f 9217 9204 9229
f 9217 9229 9218
f 9218 9229 9207
f 9204 9224 9230
f 9224 9202 9226
f 9224 9226 9230
f 9230 9226 9209
f 9202 9220 9225
f 9220 9201 9222
f 9220 9222 9225
f 9225 9222 9206
f 9201 9221 9223
f 9221 9203 9228
f 9221 9228 9223
f 9223 9228 9210
f 9203 9216 9227
f 9216 9200 9219
f 9216 9219 9227
f 9227 9219 9208
f 9206 9237 9231
f 9237 9210 9235
f 9237 9235 9231
f 9231 9235 9205
f 9210 9240 9235
f 9240 9208 9233
f 9240 9233 9235
f 9235 9233 9205
f 9208 9238 9233
f 9238 9207 9232
f 9238 9232 9233
f 9233 9232 9205
f 9207 9239 9232
f 9239 9209 9234
f 9239 9234 9232
f 9232 9234 9205
f 9209 9236 9234
f 9236 9206 9231
f 9236 9231 9234
f 9234 9231 9205
f 9201 9223 9222
f 9223 9210 9237
f 9223 9237 9222
f 9222 9237 9206
f 9203 9227 9228
f 9227 9208 9240
f 9227 9240 9228
f 9228 9240 9210
f 9200 9218 9219
f 9218 9207 9238
f 9218 9238 9219
f 9219 9238 9208
f 9204 9230 9229
f 9230 9209 9239
f 9230 9239 9229
f 9229 9239 9207
f 9202 9225 9226
f 9225 9206 9236
f 9225 9236 9226
f 9226 9236 9209
v -7.627 -10.414 -9.895
v -7.627 -11.080 -9.895
v -7.294 -10.208 -10.433
v -7.959 -10.208 -10.433
v -7.088 -10.747 -10.100
v -8.165 -10.747 -10.100
v -7.627 -11.080 -10.972
v -7.627 -10.414 -10.972
v -7.959 -11.286 -10.433
v -7.294 -11.286 -10.433
v -8.165 -10.747 -10.766
v -7.088 -10.747 -10.766
v -7.627 -10.747 -9.800
v -7.431 -10.235 -10.117
v -7.822 -10.235 -10.117
v -7.310 -10.551 -9.921
v -7.943 -10.551 -9.921
v -7.310 -10.943 -9.921
v -7.943 -10.943 -9.921
v -7.822 -11.259 -10.117
v -7.431 -11.259 -10.117
v -7.627 -10.114 -10.433
v -7.114 -10.430 -10.238
v -7.431 -10.235 -10.750
v -7.114 -10.430 -10.629
v -8.139 -10.430 -10.238
v -7.822 -10.235 -10.750
v -8.139 -10.430 -10.629
v -7.114 -11.064 -10.238
v -6.993 -10.747 -10.433
v -8.139 -11.064 -10.238
v -8.260 -10.747 -10.433
v -7.627 -10.747 -11.067
v -7.822 -11.259 -10.750
v -7.431 -11.259 -10.750
v -7.943 -10.943 -10.946
v -7.310 -10.943 -10.946
v -7.943 -10.551 -10.946
v -7.310 -10.551 -10.946
v -7.627 -11.380 -10.433
v -8.139 -11.064 -10.629
v -7.114 -11.064 -10.629
f 9241 9257 9253
f 9257 9246 9259
f 9257 9259 9253
f 9253 9259 9242
f 9241 9255 9257
f 9255 9244 9266
f 9255 9266 9257
f 9257 9266 9246
f 9241 9254 9255
f 9254 9243 9262
f 9254 9262 9255
f 9255 9262 9244
f 9241 9256 9254
f 9256 9245 9263
f 9256 9263 9254
f 9254 9263 9243
f 9241 9253 9256
f 9253 9242 9258
f 9253 9258 9256
f 9256 9258 9245
f 9242 9259 9260
f 9259 9246 9271
f 9259 9271 9260
f 9260 9271 9249
f 9246 9266 9272
f 9266 9244 9268
f 9266 9268 9272
f 9272 9268 9251
f 9244 9262 9267
f 9262 9243 9264
f 9262 9264 9267
f 9267 9264 9248
f 9243 9263 9265
f 9263 9245 9270
f 9263 9270 9265
f 9265 9270 9252
f 9245 9258 9269
f 9258 9242 9261
f 9258 9261 9269
f 9269 9261 9250
f 9248 9279 9273
f 9279 9252 9277
f 9279 9277 9273
f 9273 9277 9247
f 9252 9282 9277
f 9282 9250 9275
f 9282 9275 9277
f 9277 9275 9247
f 9250 9280 9275
f 9280 9249 9274
f 9280 9274 9275
f 9275 9274 9247
f 9249 9281 9274
f 9281 9251 9276
f 9281 9276 9274
f 9274 9276 9247
f 9251 9278 9276
f 9278 9248 9273
f 9278 9273 9276
f 9276 9273 9247
f 9243 9265 9264
f 9265 9252 9279
f 9265 9279 9264
f 9264 9279 9248
f 9245 9269 9270
f 9269 9250 9282
f 9269 9282 9270
f 9270 9282 9252
f 9242 9260 9261
f 9260 9249 9280
f 9260 9280 9261
f 9261 9280 9250
f 9246 9272 9271
f 9272 9251 9281
f 9272 9281 9271
f 9271 9281 9249
f 9244 9267 9268
f 9267 9248 9278
f 9267 9278 9268
f 9268 9278 9251
v -10.571 0.009 16.148
v -10.571 -0.810 16.148
v -10.161 0.262 15.485
v -10.980 0.262 15.485
v -9.908 -0.400 15.895
v -11.233 -0.400 15.895
v -10.571 -0.810 14.823
v -10.571 0.009 14.823
v -10.980 -1.063 15.485
v -10.161 -1.063 15.485
v -11.233 -0.400 15.076
v -9.908 -0.400 15.076
v -10.571 -0.400 16.264
v -10.330 0.230 15.874
v -10.812 0.230 15.874
v -10.181 -0.160 16.115
v -10.960 -0.160 16.115
v -10.181 -0.641 16.115
v -10.960 -0.641 16.115
v -10.812 -1.031 15.874
v -10.330 -1.031 15.874
v -10.571 0.378 15.485
v -9.941 -0.011 15.726
v -10.330 0.230 15.096
v -9.941 -0.011 15.244
v -11.201 -0.011 15.726
v -10.812 0.230 15.096
v -11.201 -0.011 15.244
v -9.941 -0.790 15.726
v -9.792 -0.400 15.485
v -11.201 -0.790 15.726
v -11.350 -0.400 15.485
v -10.571 -0.400 14.706
v -10.812 -1.031 15.096
v -10.330 -1.031 15.096
v -10.960 -0.641 14.855
v -10.181 -0.641 14.855
v -10.960 -0.160 14.855
v -10.181 -0.160 14.855
v -10.571 -1.179 15.485
v -11.201 -0.790 15.244
v -9.941 -0.790 15.244
usemtl mtl-004
f 9283 9299 9295
f 9299 9288 9301
f 9299 9301 9295
f 9295 9301 9284
f 9283 9297 9299
f 9297 9286 9308
f 9297 9308 9299
f 9299 9308 9288
f 9283 9296 9297
f 9296 9285 9304
f 9296 9304 9297
f 9297 9304 9286
f 9283 9298 9296
f 9298 9287 9305
f 9298 9305 9296
f 9296 9305 9285
f 9283 9295 9298
f 9295 9284 9300
f 9295 9300 9298
f 9298 9300 9287
f 9284 9301 9302
f 9301 9288 9313
f 9301 9313 9302
f 9302 9313 9291
f 9288 9308 9314
f 9308 9286 9310
f 9308 9310 9314
f 9314 9310 9293
f 9286 9304 9309
f 9304 9285 9306
f 9304 9306 9309
f 9309 9306 9290
f 9285 9305 9307
f 9305 9287 9312
f 9305 9312 9307
f 9307 9312 9294
f 9287 9300 9311
f 9300 9284 9303
f 9300 9303 9311
f 9311 9303 9292
f 9290 9321 9315
f 9321 9294 9319
f 9321 9319 9315
f 9315 9319 9289
f 9294 9324 9319
f 9324 9292 9317
f 9324 9317 9319
f 9319 9317 9289
f 9292 9322 9317
f 9322 9291 9316
f 9322 9316 9317
f 9317 9316 9289
f 9291 9323 9316
f 9323 9293 9318
f 9323 9318 9316
f 9316 9318 9289
f 9293 9320 9318
f 9320 9290 9315
f 9320 9315 9318
f 9318 9315 9289
f 9285 9307 9306
f 9307 9294 9321
f 9307 9321 9306
f 9306 9321 9290
f 9287 9311 9312
f 9311 9292 9324
f 9311 9324 9312
f 9312 9324 9294
f 9284 9302 9303
f 9302 9291 9322
f 9302 9322 9303
f 9303 9322 9292
f 9288 9314 9313
f 9314 9293 9323
f 9314 9323 9313
f 9313 9323 9291
f 9286 9309 9310
f 9309 9290 9320
f 9309 9320 9310
f 9310 9320 9293
v -5.295 0.187 12.715
v -5.295 -0.616 12.715
v -4.894 0.435 12.065
v -5.697 0.435 12.065
v -4.645 -0.215 12.467
v -5.945 -0.215 12.467
v -5.295 -0.616 11.416
v -5.295 0.187 11.416
v -5.697 -0.864 12.065
v -4.894 -0.864 12.065
v -5.945 -0.215 11.664
v -4.645 -0.215 11.664
v -5.295 -0.215 12.830
v -5.059 0.404 12.448
v -5.531 0.404 12.448
v -4.913 0.022 12.684
v -5.677 0.022 12.684
v -4.913 -0.451 12.684
v -5.677 -0.451 12.684
v -5.531 -0.833 12.448
v -5.059 -0.833 12.448
v -5.295 0.549 12.065
v -4.677 0.167 12.302
v -5.059 0.404 11.683
v -4.677 0.167 11.829
v -5.913 0.167 12.302
v -5.531 0.404 11.683
v -5.913 0.167 11.829
v -4.677 -0.597 12.302
v -4.531 -0.215 12.065
v -5.913 -0.597 12.302
v -6.059 -0.215 12.065
v -5.295 -0.215 11.301
v -5.531 -0.833 11.683
v -5.059 -0.833 11.683
v -5.677 -0.451 11.447
v -4.913 -0.451 11.447
v -5.677 0.022 11.447
v -4.913 0.022 11.447
v -5.295 -0.979 12.065
v -5.913 -0.597 11.829
v -4.677 -0.597 11.829
f 9325 9341 9337
f 9341 9330 9343
f 9341 9343 9337
f 9337 9343 9326
f 9325 9339 9341
f 9339 9328 9350
f 9339 9350 9341
f 9341 9350 9330
f 9325 9338 9339
f 9338 9327 9346
f 9338 9346 9339
f 9339 9346 9328
f 9325 9340 9338
f 9340 9329 9347
f 9340 9347 9338
f 9338 9347 9327
f 9325 9337 9340
f 9337 9326 9342
f 9337 9342 9340
f 9340 9342 9329
f 9326 9343 9344
f 9343 9330 9355
f 9343 9355 9344
f 9344 9355 9333
f 9330 9350 9356
f 9350 9328 9352
f 9350 9352 9356
f 9356 9352 9335
f 9328 9346 9351
f 9346 9327 9348
f 9346 9348 9351
f 9351 9348 9332
f 9327 9347 9349
f 9347 9329 9354
f 9347 9354 9349
f 9349 9354 9336
f 9329 9342 9353
f 9342 9326 9345
f 9342 9345 9353
f 9353 9345 9334
f 9332 9363 9357
f 9363 9336 9361
f 9363 9361 9357
f 9357 9361 9331
f 9336 9366 9361
f 9366 9334 9359
f 9366 9359 9361
f 9361 9359 9331
f 9334 9364 9359
f 9364 9333 9358
f 9364 9358 9359
f 9359 9358 9331
f 9333 9365 9358
f 9365 9335 9360
f 9365 9360 9358
f 9358 9360 9331
f 9335 9362 9360
f 9362 9332 9357
f 9362 9357 9360
f 9360 9357 9331
f 9327 9349 9348
f 9349 9336 9363
f 9349 9363 9348
f 9348 9363 9332
f 9329 9353 9354
f 9353 9334 9366
f 9353 9366 9354
f 9354 9366 9336
f 9326 9344 9345
f 9344 9333 9364
f 9344 9364 9345
f 9345 9364 9334
f 9330 9356 9355
f 9356 9335 9365
f 9356 9365 9355
f 9355 9365 9333
f 9328 9351 9352
f 9351 9332 9362
f 9351 9362 9352
f 9352 9362 9335
v -24.078 0.733 26.070
v -24.078 -0.305 26.070
v -23.559 1.053 25.231
v -24.597 1.053 25.231
v -23.239 0.214 25.749
v -24.917 0.214 25.749
v -24.078 -0.305 24.391
v -24.078 0.733 24.391
v -24.597 -0.625 25.231
v -23.559 -0.625 25.231
v -24.917 0.214 24.712
v -23.239 0.214 24.712
v -24.078 0.214 26.217
v -23.773 1.012 25.724
v -24.383 1.012 25.724
v -23.585 0.519 26.029
v -24.571 0.519 26.029
v -23.585 -0.091 26.029
v -24.571 -0.091 26.029
v -24.383 -0.584 25.724
v -23.773 -0.584 25.724
v -24.078 1.201 25.231
v -23.280 0.707 25.536
v -23.773 1.012 24.737
v -23.280 0.707 24.926
v -24.876 0.707 25.536
v -24.383 1.012 24.737
v -24.876 0.707 24.926
v -23.280 -0.279 25.536
v -23.091 0.214 25.231
v -24.876 -0.279 25.536
v -25.065 0.214 25.231
v -24.078 0.214 24.244
v -24.383 -0.584 24.737
v -23.773 -0.584 24.737
v -24.571 -0.091 24.432
v -23.585 -0.091 24.432
v -24.571 0.519 24.432
v -23.585 0.519 24.432
v -24.078 -0.773 25.231
v -24.876 -0.279 24.926
v -23.280 -0.279 24.926
usemtl mtl-005
f 9367 9383 9379
f 9383 9372 9385
f 9383 9385 9379
f 9379 9385 9368
f 9367 9381 9383
f 9381 9370 9392
f 9381 9392 9383
f 9383 9392 9372
f 9367 9380 9381
f 9380 9369 9388
f 9380 9388 9381
f 9381 9388 9370
f 9367 9382 9380
f 9382 9371 9389
f 9382 9389 9380
f 9380 9389 9369
f 9367 9379 9382
f 9379 9368 9384
f 9379 9384 9382
f 9382 9384 9371
f 9368 9385 9386
f 9385 9372 9397
f 9385 9397 9386
f 9386 9397 9375
f 9372 9392 9398
f 9392 9370 9394
f 9392 9394 9398
f 9398 9394 9377
f 9370 9388 9393
f 9388 9369 9390
f 9388 9390 9393
f 9393 9390 9374
f 9369 9389 9391
f 9389 9371 9396
f 9389 9396 9391
f 9391 9396 9378
f 9371 9384 9395
f 9384 9368 9387
f 9384 9387 9395
f 9395 9387 9376
f 9374 9405 9399
f 9405 9378 9403
f 9405 9403 9399
f 9399 9403 9373
f 9378 9408 9403
f 9408 9376 9401
f 9408 9401 9403
f 9403 9401 9373
f 9376 9406 9401
f 9406 9375 9400
f 9406 9400 9401
f 9401 9400 9373
f 9375 9407 9400
f 9407 9377 9402
f 9407 9402 9400
f 9400 9402 9373
f 9377 9404 9402
f 9404 9374 9399
f 9404 9399 9402
f 9402 9399 9373
f 9369 9391 9390
f 9391 9378 9405
f 9391 9405 9390
f 9390 9405 9374
f 9371 9395 9396
f 9395 9376 9408
f 9395 9408 9396
f 9396 9408 9378
f 9368 9386 9387
f 9386 9375 9406
f 9386 9406 9387
f 9387 9406 9376
f 9372 9398 9397
f 9398 9377 9407
f 9398 9407 9397
f 9397 9407 9375
f 9370 9393 9394
f 9393 9374 9404
f 9393 9404 9394
f 9394 9404 9377
v -25.290 -22.727 15.938
v -25.290 -23.869 15.938
v -24.719 -22.374 15.014
v -25.861 -22.374 15.014
v -24.366 -23.298 15.585
v -26.214 -23.298 15.585
v -25.290 -23.869 14.090
v -25.290 -22.727 14.090
v -25.861 -24.222 15.014
v -24.719 -24.222 15.014
v -26.214 -23.298 14.443
v -24.366 -23.298 14.443
v -25.290 -23.298 16.100
v -24.954 -22.419 15.557
v -25.626 -22.419 15.557
v -24.747 -22.962 15.893
v -25.833 -22.962 15.893
v -24.747 -23.634 15.893
v -25.833 -23.634 15.893
v -25.626 -24.177 15.557
v -24.954 -24.177 15.557
v -25.290 -22.211 15.014
v -24.411 -22.755 15.349
v -24.954 -22.419 14.470
v -24.411 -22.755 14.678
v -26.169 -22.755 15.349
v -25.626 -22.419 14.470
v -26.169 -22.755 14.678
v -24.411 -23.841 15.349
v -24.204 -23.298 15.014
v -26.169 -23.841 15.349
v -26.376 -23.298 15.014
v -25.290 -23.298 13.927
v -25.626 -24.177 14.470
v -24.954 -24.177 14.470
v -25.833 -23.634 14.135
v -24.747 -23.634 14.135
v -25.833 -22.962 14.135
v -24.747 -22.962 14.135
v -25.290 -24.384 15.014
v -26.169 -23.841 14.678
v -24.411 -23.841 14.678
usemtl mtl-006
f 9409 9425 9421
f 9425 9414 9427
f 9425 9427 9421
f 9421 9427 9410
f 9409 9423 9425
f 9423 9412 9434
f 9423 9434 9425
f 9425 9434 9414
f 9409 9422 9423
f 9422 9411 9430
f 9422 9430 9423
f 9423 9430 9412
f 9409 9424 9422
f 9424 9413 9431
f 9424 9431 9422
f 9422 9431 9411
f 9409 9421 9424
f 9421 9410 9426
f 9421 9426 9424
f 9424 9426 9413
f 9410 9427 9428
f 9427 9414 9439
f 9427 9439 9428
f 9428 9439 9417
f 9414 9434 9440
f 9434 9412 9436
f 9434 9436 9440
f 9440 9436 9419
f 9412 9430 9435
f 9430 9411 9432
f 9430 9432 9435
f 9435 9432 9416
f 9411 9431 9433
f 9431 9413 9438
f 9431 9438 9433
f 9433 9438 9420
f 9413 9426 9437
f 9426 9410 9429
f 9426 9429 9437
f 9437 9429 9418
f 9416 9447 9441
f 9447 9420 9445
f 9447 9445 9441
f 9441 9445 9415
f 9420 9450 9445
f 9450 9418 9443
f 9450 9443 9445
f 9445 9443 9415
f 9418 9448 9443
f 9448 9417 9442
f 9448 9442 9443
f 9443 9442 9415
f 9417 9449 9442
f 9449 9419 9444
f 9449 9444 9442
f 9442 9444 9415
f 9419 9446 9444
f 9446 9416 9441
f 9446 9441 9444
f 9444 9441 9415
f 9411 9433 9432
f 9433 9420 9447
f 9433 9447 9432
f 9432 9447 9416
f 9413 9437 9438
f 9437 9418 9450
f 9437 9450 9438
f 9438 9450 9420
f 9410 9428 9429
f 9428 9417 9448
f 9428 9448 9429
f 9429 9448 9418
f 9414 9440 9439
f 9440 9419 9449
f 9440 9449 9439
f 9439 9449 9417
f 9412 9435 9436
f 9435 9416 9446
f 9435 9446 9436
f 9436 9446 9419
v -3.851 -0.385 17.307
v -3.851 -1.664 17.307
v -3.211 0.011 16.273
v -4.490 0.011 16.273
v -2.816 -1.024 16.912
v -4.886 -1.024 16.912
v -3.851 -1.664 15.238
v -3.851 -0.385 15.238
v -4.490 -2.059 16.273
v -3.211 -2.059 16.273
v -4.886 -1.024 15.633
v -2.816 -1.024 15.633
v -3.851 -1.024 17.489
v -3.475 -0.040 16.881
v -4.227 -0.040 16.881
v -3.243 -0.648 17.257
v -4.459 -0.648 17.257
v -3.243 -1.400 17.257
v -4.459 -1.400 17.257
v -4.227 -2.008 16.881
v -3.475 -2.008 16.881
v -3.851 0.192 16.273
v -2.867 -0.416 16.649
v -3.475 -0.040 15.664
v -2.867 -0.416 15.897
v -4.835 -0.416 16.649
v -4.227 -0.040 15.664
v -4.835 -0.416 15.897
v -2.867 -1.632 16.649
v -2.634 -1.024 16.273
v -4.835 -1.632 16.649
v -5.067 -1.024 16.273
v -3.851 -1.024 15.056
v -4.227 -2.008 15.664
v -3.475 -2.008 15.664
v -4.459 -1.400 15.289
v -3.243 -1.400 15.289
v -4.459 -0.648 15.289
v -3.243 -0.648 15.289
v -3.851 -2.240 16.273
v -4.835 -1.632 15.897
v -2.867 -1.632 15.897
usemtl mtl-007
f 9451 9467 9463
f 9467 9456 9469
f 9467 9469 9463
f 9463 9469 9452
f 9451 9465 9467
f 9465 9454 9476
f 9465 9476 9467
f 9467 9476 9456
f 9451 9464 9465
f 9464 9453 9472
f 9464 9472 9465
f 9465 9472 9454
f 9451 9466 9464
f 9466 9455 9473
f 9466 9473 9464
f 9464 9473 9453
f 9451 9463 9466
f 9463 9452 9468
f 9463 9468 9466
f 9466 9468 9455
f 9452 9469 9470
f 9469 9456 9481
f 9469 9481 9470
f 9470 9481 9459
f 9456 9476 9482
f 9476 9454 9478
f 9476 9478 9482
f 9482 9478 9461
f 9454 9472 9477
f 9472 9453 9474
f 9472 9474 9477
f 9477 9474 9458
f 9453 9473 9475
f 9473 9455 9480
f 9473 9480 9475
f 9475 9480 9462
f 9455 9468 9479
f 9468 9452 9471
f 9468 9471 9479
f 9479 9471 9460
f 9458 9489 9483
f 9489 9462 9487
f 9489 9487 9483
f 9483 9487 9457
f 9462 9492 9487
f 9492 9460 9485
f 9492 9485 9487
f 9487 9485 9457
f 9460 9490 9485
f 9490 9459 9484
f 9490 9484 9485
f 9485 9484 9457
f 9459 9491 9484
f 9491 9461 9486
f 9491 9486 9484
f 9484 9486 9457
f 9461 9488 9486
f 9488 9458 9483
f 9488 9483 9486
f 9486 9483 9457
f 9453 9475 9474
f 9475 9462 9489
f 9475 9489 9474
f 9474 9489 9458
f 9455 9479 9480
f 9479 9460 9492
f 9479 9492 9480
f 9480 9492 9462
f 9452 9470 9471
f 9470 9459 9490
f 9470 9490 9471
f 9471 9490 9460
f 9456 9482 9481
f 9482 9461 9491
f 9482 9491 9481
f 9481 9491 9459
f 9454 9477 9478
f 9477 9458 9488
f 9477 9488 9478
f 9478 9488 9461
v -1.773 -12.504 -13.718
v -1.773 -13.722 -13.718
v -1.164 -12.127 -14.704
v -2.382 -12.127 -14.704
v -0.788 -13.113 -14.095
v -2.758 -13.113 -14.095
v -1.773 -13.722 -15.689
v -1.773 -12.504 -15.689
v -2.382 -14.098 -14.704
v -1.164 -14.098 -14.704
v -2.758 -13.113 -15.312
v -0.788 -13.113 -15.312
v -1.773 -13.113 -13.545
v -1.415 -12.176 -14.124
v -2.131 -12.176 -14.124
v -1.194 -12.755 -13.766
v -2.352 -12.755 -13.766
v -1.194 -13.471 -13.766
v -2.352 -13.471 -13.766
v -2.131 -14.050 -14.124
v -1.415 -14.050 -14.124
v -1.773 -11.954 -14.704
v -0.836 -12.534 -14.346
v -1.415 -12.176 -15.283
v -0.836 -12.534 -15.061
v -2.710 -12.534 -14.346
v -2.131 -12.176 -15.283
v -2.710 -12.534 -15.061
v -0.836 -13.692 -14.346
v -0.615 -13.113 -14.704
v -2.710 -13.692 -14.346
v -2.931 -13.113 -14.704
v -1.773 -13.113 -15.862
v -2.131 -14.050 -15.283
v -1.415 -14.050 -15.283
v -2.352 -13.471 -15.641
v -1.194 -13.471 -15.641
v -2.352 -12.755 -15.641
v -1.194 -12.755 -15.641
v -1.773 -14.271 -14.704
v -2.710 -13.692 -15.061
v -0.836 -13.692 -15.061
f 9493 9509 9505
f 9509 9498 9511
f 9509 9511 9505
f 9505 9511 9494
f 9493 9507 9509
f 9507 9496 9518
f 9507 9518 9509
f 9509 9518 9498
f 9493 9506 9507
f 9506 9495 9514
f 9506 9514 9507
f 9507 9514 9496
f 9493 9508 9506
f 9508 9497 9515
f 9508 9515 9506
f 9506 9515 9495
f 9493 9505 9508
f 9505 9494 9510
f 9505 9510 9508
f 9508 9510 9497
f 9494 9511 9512
f 9511 9498 9523
f 9511 9523 9512
f 9512 9523 9501
f 9498 9518 9524
f 9518 9496 9520
f 9518 9520 9524
f 9524 9520 9503
f 9496 9514 9519
f 9514 9495 9516
f 9514 9516 9519
f 9519 9516 9500
f 9495 9515 9517
f 9515 9497 9522
f 9515 9522 9517
f 9517 9522 9504
f 9497 9510 9521
f 9510 9494 9513
f 9510 9513 9521
f 9521 9513 9502
f 9500 9531 9525
f 9531 9504 9529
f 9531 9529 9525
f 9525 9529 9499
f 9504 9534 9529
f 9534 9502 9527
f 9534 9527 9529
f 9529 9527 9499
f 9502 9532 9527
f 9532 9501 9526
f 9532 9526 9527
f 9527 9526 9499
f 9501 9533 9526
f 9533 9503 9528
f 9533 9528 9526
f 9526 9528 9499
f 9503 9530 9528
f 9530 9500 9525
f 9530 9525 9528
f 9528 9525 9499
f 9495 9517 9516
f 9517 9504 9531
f 9517 9531 9516
f 9516 9531 9500
f 9497 9521 9522
f 9521 9502 9534
f 9521 9534 9522
f 9522 9534 9504
f 9494 9512 9513
f 9512 9501 9532
f 9512 9532 9513
f 9513 9532 9502
f 9498 9524 9523
f 9524 9503 9533
f 9524 9533 9523
f 9523 9533 9501
f 9496 9519 9520
f 9519 9500 9530
f 9519 9530 9520
f 9520 9530 9503
v 4.636 1.286 11.654
v 4.636 -0.033 11.654
v 5.295 1.693 10.588
v 3.977 1.693 10.588
v 5.702 0.626 11.247
v 3.569 0.626 11.247
v 4.636 -0.033 9.522
v 4.636 1.286 9.522
v 3.977 -0.440 10.588
v 5.295 -0.440 10.588
v 3.569 0.626 9.929
v 5.702 0.626 9.929
v 4.636 0.626 11.842
v 5.023 1.641 11.215
v 4.248 1.641 11.215
v 5.263 1.014 11.602
v 4.009 1.014 11.602
v 5.263 0.239 11.602
v 4.009 0.239 11.602
v 4.248 -0.388 11.215
v 5.023 -0.388 11.215
v 4.636 1.880 10.588
v 5.650 1.253 10.975
v 5.023 1.641 9.961
v 5.650 1.253 10.201
v 3.622 1.253 10.975
v 4.248 1.641 9.961
v 3.622 1.253 10.201
v 5.650 -0.000 10.975
v 5.890 0.626 10.588
v 3.622 -0.000 10.975
v 3.382 0.626 10.588
v 4.636 0.626 9.334
v 4.248 -0.388 9.961
v 5.023 -0.388 9.961
v 4.009 0.239 9.574
v 5.263 0.239 9.574
v 4.009 1.014 9.574
v 5.263 1.014 9.574
v 4.636 -0.627 10.588
v 3.622 -0.000 10.201
v 5.650 -0.000 10.201
usemtl mtl-008
f 9535 9551 9547
f 9551 9540 9553
f 9551 9553 9547
f 9547 9553 9536
f 9535 9549 9551
f 9549 9538 9560
f 9549 9560 9551
f 9551 9560 9540
f 9535 9548 9549
f 9548 9537 9556
f 9548 9556 9549
f 9549 9556 9538
f 9535 9550 9548
f 9550 9539 9557
f 9550 9557 9548
f 9548 9557 9537
f 9535 9547 9550
f 9547 9536 9552
f 9547 9552 9550
f 9550 9552 9539
f 9536 9553 9554
f 9553 9540 9565
f 9553 9565 9554
f 9554 9565 9543
f 9540 9560 9566
f 9560 9538 9562
f 9560 9562 9566
f 9566 9562 9545
f 9538 9556 9561
f 9556 9537 9558
f 9556 9558 9561
f 9561 9558 9542
f 9537 9557 9559
f 9557 9539 9564
f 9557 9564 9559
f 9559 9564 9546
f 9539 9552 9563
f 9552 9536 9555
f 9552 9555 9563
f 9563 9555 9544
f 9542 9573 9567
f 9573 9546 9571
f 9573 9571 9567
f 9567 9571 9541
f 9546 9576 9571
f 9576 9544 9569
f 9576 9569 9571
f 9571 9569 9541
f 9544 9574 9569
f 9574 9543 9568
f 9574 9568 9569
f 9569 9568 9541
f 9543 9575 9568
f 9575 9545 9570
f 9575 9570 9568
f 9568 9570 9541
f 9545 9572 9570
f 9572 9542 9567
f 9572 9567 9570
f 9570 9567 9541
f 9537 9559 9558
f 9559 9546 9573
f 9559 9573 9558
f 9558 9573 9542
f 9539 9563 9564
f 9563 9544 9576
f 9563 9576 9564
f 9564 9576 9546
f 9536 9554 9555
f 9554 9543 9574
f 9554 9574 9555
f 9555 9574 9544
f 9540 9566 9565
f 9566 9545 9575
f 9566 9575 9565
f 9565 9575 9543
f 9538 9561 9562
f 9561 9542 9572
f 9561 9572 9562
f 9562 9572 9545
v 3.834 -14.735 -14.963
v 3.834 -16.063 -14.963
v 4.498 -14.325 -16.037
v 3.170 -14.325 -16.037
v 4.908 -15.399 -15.373
v 2.760 -15.399 -15.373
v 3.834 -16.063 -17.111
v 3.834 -14.735 -17.111
v 3.170 -16.474 -16.037
v 4.498 -16.474 -16.037
v 2.760 -15.399 -16.701
v 4.908 -15.399 -16.701
v 3.834 -15.399 -14.774
v 4.224 -14.378 -15.406
v 3.444 -14.378 -15.406
v 4.466 -15.009 -15.015
v 3.203 -15.009 -15.015
v 4.466 -15.790 -15.015
v 3.203 -15.790 -15.015
v 3.444 -16.421 -15.406
v 4.224 -16.421 -15.406
v 3.834 -14.136 -16.037
v 4.856 -14.768 -15.647
v 4.224 -14.378 -16.669
v 4.856 -14.768 -16.427
v 2.812 -14.768 -15.647
v 3.444 -14.378 -16.669
v 2.812 -14.768 -16.427
v 4.856 -16.031 -15.647
v 5.097 -15.399 -16.037
v 2.812 -16.031 -15.647
v 2.571 -15.399 -16.037
v 3.834 -15.399 -17.300
v 3.444 -16.421 -16.669
v 4.224 -16.421 -16.669
v 3.203 -15.790 -17.059
v 4.466 -15.790 -17.059
v 3.203 -15.009 -17.059
v 4.466 -15.009 -17.059
v 3.834 -16.662 -16.037
v 2.812 -16.031 -16.427
v 4.856 -16.031 -16.427
f 9577 9593 9589
f 9593 9582 9595
f 9593 9595 9589
f 9589 9595 9578
f 9577 9591 9593
f 9591 9580 9602
f 9591 9602 9593
f 9593 9602 9582
f 9577 9590 9591
f 9590 9579 9598
f 9590 9598 9591
f 9591 9598 9580
f 9577 9592 9590
f 9592 9581 9599
f 9592 9599 9590
f 9590 9599 9579
f 9577 9589 9592
f 9589 9578 9594
f 9589 9594 9592
f 9592 9594 9581
f 9578 9595 9596
f 9595 9582 9607
f 9595 9607 9596
f 9596 9607 9585
f 9582 9602 9608
f 9602 9580 9604
f 9602 9604 9608
f 9608 9604 9587
f 9580 9598 9603
f 9598 9579 9600
f 9598 9600 9603
f 9603 9600 9584
f 9579 9599 9601
f 9599 9581 9606
f 9599 9606 9601
f 9601 9606 9588
f 9581 9594 9605
f 9594 9578 9597
f 9594 9597 9605
f 9605 9597 9586
f 9584 9615 9609
f 9615 9588 9613
f 9615 9613 9609
f 9609 9613 9583
f 9588 9618 9613
f 9618 9586 9611
f 9618 9611 9613
f 9613 9611 9583
f 9586 9616 9611
f 9616 9585 9610
f 9616 9610 9611
f 9611 9610 9583
f 9585 9617 9610
f 9617 9587 9612
f 9617 9612 9610
f 9610 9612 9583
f 9587 9614 9612
f 9614 9584 9609
f 9614 9609 9612
f 9612 9609 9583
f 9579 9601 9600
f 9601 9588 9615
f 9601 9615 9600
f 9600 9615 9584
f 9581 9605 9606
f 9605 9586 9618
f 9605 9618 9606
f 9606 9618 9588
f 9578 9596 9597
f 9596 9585 9616
f 9596 9616 9597
f 9597 9616 9586
f 9582 9608 9607
f 9608 9587 9617
f 9608 9617 9607
f 9607 9617 9585
f 9580 9603 9604
f 9603 9584 9614
f 9603 9614 9604
f 9604 9614 9587
