# Map of 2Mpp groups
v 0.319 -0.029 -0.006
v -0.263 -0.029 -0.006
v 0.028 -0.029 -0.297
v 0.028 -0.029 0.285
v 0.028 0.218 -0.006
v 0.028 -0.276 -0.006
usemtl mtl-000
f 5 1 3
f 5 3 2
f 5 2 4
f 5 4 1
f 6 3 1
f 6 2 3
f 6 4 2
f 6 1 4
v 4.456 5.041 6.844
v 3.875 5.041 6.844
v 4.166 5.041 6.553
v 4.166 5.041 7.135
v 4.166 5.288 6.844
v 4.166 4.793 6.844
f 11 7 9
f 11 9 8
f 11 8 10
f 11 10 7
f 12 9 7
f 12 8 9
f 12 10 8
f 12 7 10
v 1.326 0.044 0.203
v 0.826 0.044 0.203
v 1.076 0.044 -0.047
v 1.076 0.044 0.453
v 1.076 0.257 0.203
v 1.076 -0.168 0.203
f 17 13 15
f 17 15 14
f 17 14 16
f 17 16 13
f 18 15 13
f 18 14 15
f 18 16 14
f 18 13 16
v 5.113 -2.836 4.093
v 4.531 -2.836 4.093
v 4.822 -2.836 3.802
v 4.822 -2.836 4.384
v 4.822 -2.589 4.093
v 4.822 -3.083 4.093
f 23 19 21
f 23 21 20
f 23 20 22
f 23 22 19
f 24 21 19
f 24 20 21
f 24 22 20
f 24 19 22
v 1.540 0.885 2.077
v 0.821 0.885 2.077
v 1.181 0.885 1.718
v 1.181 0.885 2.437
v 1.181 1.190 2.077
v 1.181 0.579 2.077
f 29 25 27
f 29 27 26
f 29 26 28
f 29 28 25
f 30 27 25
f 30 26 27
f 30 28 26
f 30 25 28
v 2.245 -0.011 0.427
v 1.663 -0.011 0.427
v 1.954 -0.011 0.136
v 1.954 -0.011 0.718
v 1.954 0.236 0.427
v 1.954 -0.258 0.427
f 35 31 33
f 35 33 32
f 35 32 34
f 35 34 31
f 36 33 31
f 36 32 33
f 36 34 32
f 36 31 34
v 1.336 -0.047 0.754
v 0.682 -0.047 0.754
v 1.009 -0.047 0.427
v 1.009 -0.047 1.081
v 1.009 0.231 0.754
v 1.009 -0.325 0.754
f 41 37 39
f 41 39 38
f 41 38 40
f 41 40 37
f 42 39 37
f 42 38 39
f 42 40 38
f 42 37 40
v -5.618 24.608 3.497
v -6.199 24.608 3.497
v -5.909 24.608 3.206
v -5.909 24.608 3.788
v -5.909 24.855 3.497
v -5.909 24.361 3.497
f 47 43 45
f 47 45 44
f 47 44 46
f 47 46 43
f 48 45 43
f 48 44 45
f 48 46 44
f 48 43 46
v -2.914 30.865 4.722
v -3.414 30.865 4.722
v -3.164 30.865 4.472
v -3.164 30.865 4.972
v -3.164 31.077 4.722
v -3.164 30.652 4.722
f 53 49 51
f 53 51 50
f 53 50 52
f 53 52 49
f 54 51 49
f 54 50 51
f 54 52 50
f 54 49 52
v 15.608 1.740 9.710
v 15.026 1.740 9.710
v 15.317 1.740 9.419
v 15.317 1.740 10.001
v 15.317 1.987 9.710
v 15.317 1.493 9.710
f 59 55 57
f 59 57 56
f 59 56 58
f 59 58 55
f 60 57 55
f 60 56 57
f 60 58 56
f 60 55 58
v 11.508 8.401 7.889
v 10.926 8.401 7.889
v 11.217 8.401 7.598
v 11.217 8.401 8.180
v 11.217 8.648 7.889
v 11.217 8.153 7.889
f 65 61 63
f 65 63 62
f 65 62 64
f 65 64 61
f 66 63 61
f 66 62 63
f 66 64 62
f 66 61 64
v -3.776 37.096 4.184
v -4.276 37.096 4.184
v -4.026 37.096 3.934
v -4.026 37.096 4.434
v -4.026 37.309 4.184
v -4.026 36.884 4.184
f 71 67 69
f 71 69 68
f 71 68 70
f 71 70 67
f 72 69 67
f 72 68 69
f 72 70 68
f 72 67 70
v -0.950 30.338 6.119
v -1.450 30.338 6.119
v -1.200 30.338 5.869
v -1.200 30.338 6.369
v -1.200 30.551 6.119
v -1.200 30.126 6.119
f 77 73 75
f 77 75 74
f 77 74 76
f 77 76 73
f 78 75 73
f 78 74 75
f 78 76 74
f 78 73 76
v 67.776 -15.446 8.967
v 67.194 -15.446 8.967
v 67.485 -15.446 8.676
v 67.485 -15.446 9.258
v 67.485 -15.198 8.967
v 67.485 -15.693 8.967
f 83 79 81
f 83 81 80
f 83 80 82
f 83 82 79
f 84 81 79
f 84 80 81
f 84 82 80
f 84 79 82
v 64.498 -10.784 10.300
v 63.779 -10.784 10.300
v 64.138 -10.784 9.941
v 64.138 -10.784 10.660
v 64.138 -10.479 10.300
v 64.138 -11.090 10.300
f 89 85 87
f 89 87 86
f 89 86 88
f 89 88 85
f 90 87 85
f 90 86 87
f 90 88 86
f 90 85 88
v 44.224 6.937 6.233
v 43.570 6.937 6.233
v 43.897 6.937 5.906
v 43.897 6.937 6.560
v 43.897 7.215 6.233
v 43.897 6.659 6.233
f 95 91 93
f 95 93 92
f 95 92 94
f 95 94 91
f 96 93 91
f 96 92 93
f 96 94 92
f 96 91 94
v 30.131 20.972 5.638
v 29.477 20.972 5.638
v 29.804 20.972 5.311
v 29.804 20.972 5.965
v 29.804 21.250 5.638
v 29.804 20.694 5.638
f 101 97 99
f 101 99 98
f 101 98 100
f 101 100 97
f 102 99 97
f 102 98 99
f 102 100 98
f 102 97 100
v 4.348 66.050 0.672
v 3.766 66.050 0.672
v 4.057 66.050 0.381
v 4.057 66.050 0.963
v 4.057 66.297 0.672
v 4.057 65.803 0.672
f 107 103 105
f 107 105 104
f 107 104 106
f 107 106 103
f 108 105 103
f 108 104 105
f 108 106 104
f 108 103 106
v 23.195 58.004 2.456
v 22.614 58.004 2.456
v 22.904 58.004 2.165
v 22.904 58.004 2.747
v 22.904 58.251 2.456
v 22.904 57.757 2.456
f 113 109 111
f 113 111 110
f 113 110 112
f 113 112 109
f 114 111 109
f 114 110 111
f 114 112 110
f 114 109 112
v 30.667 56.936 0.515
v 30.085 56.936 0.515
v 30.376 56.936 0.224
v 30.376 56.936 0.806
v 30.376 57.183 0.515
v 30.376 56.689 0.515
f 119 115 117
f 119 117 116
f 119 116 118
f 119 118 115
f 120 117 115
f 120 116 117
f 120 118 116
f 120 115 118
v -45.615 -50.336 12.333
v -46.115 -50.336 12.333
v -45.865 -50.336 12.083
v -45.865 -50.336 12.583
v -45.865 -50.123 12.333
v -45.865 -50.548 12.333
f 125 121 123
f 125 123 122
f 125 122 124
f 125 124 121
f 126 123 121
f 126 122 123
f 126 124 122
f 126 121 124
v -37.822 -49.804 13.631
v -38.404 -49.804 13.631
v -38.113 -49.804 13.340
v -38.113 -49.804 13.922
v -38.113 -49.557 13.631
v -38.113 -50.051 13.631
f 131 127 129
f 131 129 128
f 131 128 130
f 131 130 127
f 132 129 127
f 132 128 129
f 132 130 128
f 132 127 130
v -40.094 -35.090 12.471
v -40.594 -35.090 12.471
v -40.344 -35.090 12.221
v -40.344 -35.090 12.721
v -40.344 -34.877 12.471
v -40.344 -35.302 12.471
f 137 133 135
f 137 135 134
f 137 134 136
f 137 136 133
f 138 135 133
f 138 134 135
f 138 136 134
f 138 133 136
v -55.585 -21.309 11.751
v -56.167 -21.309 11.751
v -55.876 -21.309 11.461
v -55.876 -21.309 12.042
v -55.876 -21.062 11.751
v -55.876 -21.557 11.751
f 143 139 141
f 143 141 140
f 143 140 142
f 143 142 139
f 144 141 139
f 144 140 141
f 144 142 140
f 144 139 142
v -31.575 -19.455 7.901
v -32.228 -19.455 7.901
v -31.901 -19.455 7.574
v -31.901 -19.455 8.228
v -31.901 -19.177 7.901
v -31.901 -19.733 7.901
f 149 145 147
f 149 147 146
f 149 146 148
f 149 148 145
f 150 147 145
f 150 146 147
f 150 148 146
f 150 145 148
v -48.320 -8.449 7.007
v -48.820 -8.449 7.007
v -48.570 -8.449 6.757
v -48.570 -8.449 7.257
v -48.570 -8.236 7.007
v -48.570 -8.661 7.007
f 155 151 153
f 155 153 152
f 155 152 154
f 155 154 151
f 156 153 151
f 156 152 153
f 156 154 152
f 156 151 154
v -55.141 -2.953 6.138
v -55.641 -2.953 6.138
v -55.391 -2.953 5.888
v -55.391 -2.953 6.388
v -55.391 -2.741 6.138
v -55.391 -3.166 6.138
f 161 157 159
f 161 159 158
f 161 158 160
f 161 160 157
f 162 159 157
f 162 158 159
f 162 160 158
f 162 157 160
v -55.833 -6.960 8.038
v -56.333 -6.960 8.038
v -56.083 -6.960 7.788
v -56.083 -6.960 8.288
v -56.083 -6.747 8.038
v -56.083 -7.172 8.038
f 167 163 165
f 167 165 164
f 167 164 166
f 167 166 163
f 168 165 163
f 168 164 165
f 168 166 164
f 168 163 166
v -52.240 -2.349 7.451
v -52.740 -2.349 7.451
v -52.490 -2.349 7.201
v -52.490 -2.349 7.701
v -52.490 -2.137 7.451
v -52.490 -2.562 7.451
f 173 169 171
f 173 171 170
f 173 170 172
f 173 172 169
f 174 171 169
f 174 170 171
f 174 172 170
f 174 169 172
v -51.687 -3.748 8.577
v -52.341 -3.748 8.577
v -52.014 -3.748 8.250
v -52.014 -3.748 8.904
v -52.014 -3.470 8.577
v -52.014 -4.026 8.577
f 179 175 177
f 179 177 176
f 179 176 178
f 179 178 175
f 180 177 175
f 180 176 177
f 180 178 176
f 180 175 178
v -42.164 -0.837 6.505
v -42.664 -0.837 6.505
v -42.414 -0.837 6.255
v -42.414 -0.837 6.755
v -42.414 -0.624 6.505
v -42.414 -1.049 6.505
f 185 181 183
f 185 183 182
f 185 182 184
f 185 184 181
f 186 183 181
f 186 182 183
f 186 184 182
f 186 181 184
v -12.580 -30.558 11.424
v -13.300 -30.558 11.424
v -12.940 -30.558 11.064
v -12.940 -30.558 11.783
v -12.940 -30.252 11.424
v -12.940 -30.863 11.424
f 191 187 189
f 191 189 188
f 191 188 190
f 191 190 187
f 192 189 187
f 192 188 189
f 192 190 188
f 192 187 190
v -15.653 -26.929 9.823
v -16.153 -26.929 9.823
v -15.903 -26.929 9.573
v -15.903 -26.929 10.073
v -15.903 -26.717 9.823
v -15.903 -27.142 9.823
f 197 193 195
f 197 195 194
f 197 194 196
f 197 196 193
f 198 195 193
f 198 194 195
f 198 196 194
f 198 193 196
v -16.406 -25.553 11.453
v -16.988 -25.553 11.453
v -16.697 -25.553 11.162
v -16.697 -25.553 11.744
v -16.697 -25.306 11.453
v -16.697 -25.801 11.453
f 203 199 201
f 203 201 200
f 203 200 202
f 203 202 199
f 204 201 199
f 204 200 201
f 204 202 200
f 204 199 202
v -17.215 0.338 3.800
v -17.715 0.338 3.800
v -17.465 0.338 3.550
v -17.465 0.338 4.050
v -17.465 0.551 3.800
v -17.465 0.126 3.800
f 209 205 207
f 209 207 206
f 209 206 208
f 209 208 205
f 210 207 205
f 210 206 207
f 210 208 206
f 210 205 208
v -5.596 0.150 3.552
v -6.177 0.150 3.552
v -5.886 0.150 3.261
v -5.886 0.150 3.843
v -5.886 0.398 3.552
v -5.886 -0.097 3.552
f 215 211 213
f 215 213 212
f 215 212 214
f 215 214 211
f 216 213 211
f 216 212 213
f 216 214 212
f 216 211 214
v 10.024 2.495 -3.768
v 9.370 2.495 -3.768
v 9.697 2.495 -4.095
v 9.697 2.495 -3.441
v 9.697 2.773 -3.768
v 9.697 2.217 -3.768
f 221 217 219
f 221 219 218
f 221 218 220
f 221 220 217
f 222 219 217
f 222 218 219
f 222 220 218
f 222 217 220
v 58.734 -61.672 15.891
v 58.152 -61.672 15.891
v 58.443 -61.672 15.600
v 58.443 -61.672 16.182
v 58.443 -61.425 15.891
v 58.443 -61.919 15.891
f 227 223 225
f 227 225 224
f 227 224 226
f 227 226 223
f 228 225 223
f 228 224 225
f 228 226 224
f 228 223 226
v 73.754 -64.436 17.953
v 73.254 -64.436 17.953
v 73.504 -64.436 17.703
v 73.504 -64.436 18.203
v 73.504 -64.223 17.953
v 73.504 -64.648 17.953
f 233 229 231
f 233 231 230
f 233 230 232
f 233 232 229
f 234 231 229
f 234 230 231
f 234 232 230
f 234 229 232
v 14.425 -0.785 20.211
v 13.925 -0.785 20.211
v 14.175 -0.785 19.961
v 14.175 -0.785 20.461
v 14.175 -0.573 20.211
v 14.175 -0.998 20.211
f 239 235 237
f 239 237 236
f 239 236 238
f 239 238 235
f 240 237 235
f 240 236 237
f 240 238 236
f 240 235 238
v 13.496 -2.992 12.150
v 12.914 -2.992 12.150
v 13.205 -2.992 11.859
v 13.205 -2.992 12.441
v 13.205 -2.744 12.150
v 13.205 -3.239 12.150
f 245 241 243
f 245 243 242
f 245 242 244
f 245 244 241
f 246 243 241
f 246 242 243
f 246 244 242
f 246 241 244
v 16.894 -2.074 14.739
v 16.394 -2.074 14.739
v 16.644 -2.074 14.489
v 16.644 -2.074 14.989
v 16.644 -1.861 14.739
v 16.644 -2.286 14.739
f 251 247 249
f 251 249 248
f 251 248 250
f 251 250 247
f 252 249 247
f 252 248 249
f 252 250 248
f 252 247 250
v 2.092 2.811 12.451
v 1.511 2.811 12.451
v 1.802 2.811 12.160
v 1.802 2.811 12.741
v 1.802 3.058 12.451
v 1.802 2.564 12.451
f 257 253 255
f 257 255 254
f 257 254 256
f 257 256 253
f 258 255 253
f 258 254 255
f 258 256 254
f 258 253 256
v 12.834 1.855 10.882
v 12.334 1.855 10.882
v 12.584 1.855 10.632
v 12.584 1.855 11.132
v 12.584 2.068 10.882
v 12.584 1.643 10.882
f 263 259 261
f 263 261 260
f 263 260 262
f 263 262 259
f 264 261 259
f 264 260 261
f 264 262 260
f 264 259 262
v 24.805 0.752 16.565
v 24.305 0.752 16.565
v 24.555 0.752 16.315
v 24.555 0.752 16.815
v 24.555 0.964 16.565
v 24.555 0.539 16.565
f 269 265 267
f 269 267 266
f 269 266 268
f 269 268 265
f 270 267 265
f 270 266 267
f 270 268 266
f 270 265 268
v 16.228 0.189 17.091
v 15.728 0.189 17.091
v 15.978 0.189 16.841
v 15.978 0.189 17.341
v 15.978 0.402 17.091
v 15.978 -0.023 17.091
f 275 271 273
f 275 273 272
f 275 272 274
f 275 274 271
f 276 273 271
f 276 272 273
f 276 274 272
f 276 271 274
v 20.673 1.501 16.787
v 20.173 1.501 16.787
v 20.423 1.501 16.537
v 20.423 1.501 17.037
v 20.423 1.713 16.787
v 20.423 1.288 16.787
f 281 277 279
f 281 279 278
f 281 278 280
f 281 280 277
f 282 279 277
f 282 278 279
f 282 280 278
f 282 277 280
v -2.258 41.245 10.359
v -2.840 41.245 10.359
v -2.549 41.245 10.068
v -2.549 41.245 10.650
v -2.549 41.493 10.359
v -2.549 40.998 10.359
f 287 283 285
f 287 285 284
f 287 284 286
f 287 286 283
f 288 285 283
f 288 284 285
f 288 286 284
f 288 283 286
v 72.928 -29.459 18.625
v 72.428 -29.459 18.625
v 72.678 -29.459 18.375
v 72.678 -29.459 18.875
v 72.678 -29.246 18.625
v 72.678 -29.671 18.625
f 293 289 291
f 293 291 290
f 293 290 292
f 293 292 289
f 294 291 289
f 294 290 291
f 294 292 290
f 294 289 292
v 53.289 -9.391 21.257
v 52.635 -9.391 21.257
v 52.962 -9.391 20.930
v 52.962 -9.391 21.583
v 52.962 -9.113 21.257
v 52.962 -9.668 21.257
f 299 295 297
f 299 297 296
f 299 296 298
f 299 298 295
f 300 297 295
f 300 296 297
f 300 298 296
f 300 295 298
v 41.270 -0.207 10.880
v 40.770 -0.207 10.880
v 41.020 -0.207 10.630
v 41.020 -0.207 11.130
v 41.020 0.005 10.880
v 41.020 -0.420 10.880
f 305 301 303
f 305 303 302
f 305 302 304
f 305 304 301
f 306 303 301
f 306 302 303
f 306 304 302
f 306 301 304
v 36.837 -1.801 19.489
v 36.337 -1.801 19.489
v 36.587 -1.801 19.239
v 36.587 -1.801 19.739
v 36.587 -1.589 19.489
v 36.587 -2.014 19.489
f 311 307 309
f 311 309 308
f 311 308 310
f 311 310 307
f 312 309 307
f 312 308 309
f 312 310 308
f 312 307 310
v -7.154 55.039 13.495
v -7.654 55.039 13.495
v -7.404 55.039 13.245
v -7.404 55.039 13.745
v -7.404 55.251 13.495
v -7.404 54.826 13.495
f 317 313 315
f 317 315 314
f 317 314 316
f 317 316 313
f 318 315 313
f 318 314 315
f 318 316 314
f 318 313 316
v 100.533 -37.442 20.092
v 99.952 -37.442 20.092
v 100.242 -37.442 19.801
v 100.242 -37.442 20.383
v 100.242 -37.194 20.092
v 100.242 -37.689 20.092
f 323 319 321
f 323 321 320
f 323 320 322
f 323 322 319
f 324 321 319
f 324 320 321
f 324 322 320
f 324 319 322
v 87.087 -35.188 17.623
v 86.505 -35.188 17.623
v 86.796 -35.188 17.332
v 86.796 -35.188 17.914
v 86.796 -34.941 17.623
v 86.796 -35.436 17.623
f 329 325 327
f 329 327 326
f 329 326 328
f 329 328 325
f 330 327 325
f 330 326 327
f 330 328 326
f 330 325 328
v 61.388 -7.734 14.257
v 60.734 -7.734 14.257
v 61.061 -7.734 13.930
v 61.061 -7.734 14.584
v 61.061 -7.456 14.257
v 61.061 -8.012 14.257
f 335 331 333
f 335 333 332
f 335 332 334
f 335 334 331
f 336 333 331
f 336 332 333
f 336 334 332
f 336 331 334
v 50.692 -3.500 11.960
v 50.192 -3.500 11.960
v 50.442 -3.500 11.710
v 50.442 -3.500 12.210
v 50.442 -3.287 11.960
v 50.442 -3.712 11.960
f 341 337 339
f 341 339 338
f 341 338 340
f 341 340 337
f 342 339 337
f 342 338 339
f 342 340 338
f 342 337 340
v 52.454 -3.963 19.228
v 51.735 -3.963 19.228
v 52.095 -3.963 18.869
v 52.095 -3.963 19.588
v 52.095 -3.657 19.228
v 52.095 -4.268 19.228
f 347 343 345
f 347 345 344
f 347 344 346
f 347 346 343
f 348 345 343
f 348 344 345
f 348 346 344
f 348 343 346
v 61.278 -1.913 17.215
v 60.778 -1.913 17.215
v 61.028 -1.913 16.965
v 61.028 -1.913 17.465
v 61.028 -1.701 17.215
v 61.028 -2.126 17.215
f 353 349 351
f 353 351 350
f 353 350 352
f 353 352 349
f 354 351 349
f 354 350 351
f 354 352 350
f 354 349 352
v 57.475 0.759 13.474
v 56.975 0.759 13.474
v 57.225 0.759 13.224
v 57.225 0.759 13.724
v 57.225 0.971 13.474
v 57.225 0.546 13.474
f 359 355 357
f 359 357 356
f 359 356 358
f 359 358 355
f 360 357 355
f 360 356 357
f 360 358 356
f 360 355 358
v 4.584 57.601 7.397
v 4.002 57.601 7.397
v 4.293 57.601 7.106
v 4.293 57.601 7.688
v 4.293 57.849 7.397
v 4.293 57.354 7.397
f 365 361 363
f 365 363 362
f 365 362 364
f 365 364 361
f 366 363 361
f 366 362 363
f 366 364 362
f 366 361 364
v 4.254 56.918 8.787
v 3.600 56.918 8.787
v 3.927 56.918 8.460
v 3.927 56.918 9.114
v 3.927 57.196 8.787
v 3.927 56.640 8.787
f 371 367 369
f 371 369 368
f 371 368 370
f 371 370 367
f 372 369 367
f 372 368 369
f 372 370 368
f 372 367 370
v 2.518 68.411 3.136
v 2.018 68.411 3.136
v 2.268 68.411 2.886
v 2.268 68.411 3.386
v 2.268 68.624 3.136
v 2.268 68.199 3.136
f 377 373 375
f 377 375 374
f 377 374 376
f 377 376 373
f 378 375 373
f 378 374 375
f 378 376 374
f 378 373 376
v 2.368 64.305 6.300
v 1.649 64.305 6.300
v 2.009 64.305 5.941
v 2.009 64.305 6.660
v 2.009 64.610 6.300
v 2.009 63.999 6.300
f 383 379 381
f 383 381 380
f 383 380 382
f 383 382 379
f 384 381 379
f 384 380 381
f 384 382 380
f 384 379 382
v 63.395 -1.071 16.282
v 62.895 -1.071 16.282
v 63.145 -1.071 16.032
v 63.145 -1.071 16.532
v 63.145 -0.858 16.282
v 63.145 -1.283 16.282
f 389 385 387
f 389 387 386
f 389 386 388
f 389 388 385
f 390 387 385
f 390 386 387
f 390 388 386
f 390 385 388
v 57.691 7.824 13.726
v 57.109 7.824 13.726
v 57.400 7.824 13.435
v 57.400 7.824 14.016
v 57.400 8.072 13.726
v 57.400 7.577 13.726
f 395 391 393
f 395 393 392
f 395 392 394
f 395 394 391
f 396 393 391
f 396 392 393
f 396 394 392
f 396 391 394
v 52.693 18.762 13.693
v 52.193 18.762 13.693
v 52.443 18.762 13.443
v 52.443 18.762 13.943
v 52.443 18.975 13.693
v 52.443 18.550 13.693
f 401 397 399
f 401 399 398
f 401 398 400
f 401 400 397
f 402 399 397
f 402 398 399
f 402 400 398
f 402 397 400
v 92.963 16.929 12.937
v 92.309 16.929 12.937
v 92.636 16.929 12.610
v 92.636 16.929 13.264
v 92.636 17.207 12.937
v 92.636 16.651 12.937
f 407 403 405
f 407 405 404
f 407 404 406
f 407 406 403
f 408 405 403
f 408 404 405
f 408 406 404
f 408 403 406
v 55.506 75.866 7.625
v 55.006 75.866 7.625
v 55.256 75.866 7.375
v 55.256 75.866 7.875
v 55.256 76.078 7.625
v 55.256 75.653 7.625
f 413 409 411
f 413 411 410
f 413 410 412
f 413 412 409
f 414 411 409
f 414 410 411
f 414 412 410
f 414 409 412
v -103.227 -38.196 16.901
v -103.727 -38.196 16.901
v -103.477 -38.196 16.651
v -103.477 -38.196 17.151
v -103.477 -37.984 16.901
v -103.477 -38.409 16.901
f 419 415 417
f 419 417 416
f 419 416 418
f 419 418 415
f 420 417 415
f 420 416 417
f 420 418 416
f 420 415 418
v -58.385 -67.079 17.780
v -58.967 -67.079 17.780
v -58.676 -67.079 17.489
v -58.676 -67.079 18.071
v -58.676 -66.831 17.780
v -58.676 -67.326 17.780
f 425 421 423
f 425 423 422
f 425 422 424
f 425 424 421
f 426 423 421
f 426 422 423
f 426 424 422
f 426 421 424
v -58.981 -59.513 23.548
v -59.563 -59.513 23.548
v -59.272 -59.513 23.258
v -59.272 -59.513 23.839
v -59.272 -59.266 23.548
v -59.272 -59.761 23.548
f 431 427 429
f 431 429 428
f 431 428 430
f 431 430 427
f 432 429 427
f 432 428 429
f 432 430 428
f 432 427 430
v -58.194 -48.009 23.827
v -58.775 -48.009 23.827
v -58.485 -48.009 23.537
v -58.485 -48.009 24.118
v -58.485 -47.762 23.827
v -58.485 -48.256 23.827
f 437 433 435
f 437 435 434
f 437 434 436
f 437 436 433
f 438 435 433
f 438 434 435
f 438 436 434
f 438 433 436
v -63.441 -40.303 19.208
v -63.941 -40.303 19.208
v -63.691 -40.303 18.958
v -63.691 -40.303 19.458
v -63.691 -40.090 19.208
v -63.691 -40.515 19.208
f 443 439 441
f 443 441 440
f 443 440 442
f 443 442 439
f 444 441 439
f 444 440 441
f 444 442 440
f 444 439 442
v -63.258 -42.028 21.296
v -63.977 -42.028 21.296
v -63.617 -42.028 20.937
v -63.617 -42.028 21.656
v -63.617 -41.722 21.296
v -63.617 -42.333 21.296
f 449 445 447
f 449 447 446
f 449 446 448
f 449 448 445
f 450 447 445
f 450 446 447
f 450 448 446
f 450 445 448
v -60.278 -42.169 20.795
v -60.778 -42.169 20.795
v -60.528 -42.169 20.545
v -60.528 -42.169 21.045
v -60.528 -41.957 20.795
v -60.528 -42.382 20.795
f 455 451 453
f 455 453 452
f 455 452 454
f 455 454 451
f 456 453 451
f 456 452 453
f 456 454 452
f 456 451 454
v -74.382 -30.568 18.232
v -74.882 -30.568 18.232
v -74.632 -30.568 17.982
v -74.632 -30.568 18.482
v -74.632 -30.355 18.232
v -74.632 -30.780 18.232
f 461 457 459
f 461 459 458
f 461 458 460
f 461 460 457
f 462 459 457
f 462 458 459
f 462 460 458
f 462 457 460
v -44.370 -39.165 15.592
v -44.870 -39.165 15.592
v -44.620 -39.165 15.342
v -44.620 -39.165 15.842
v -44.620 -38.953 15.592
v -44.620 -39.378 15.592
f 467 463 465
f 467 465 464
f 467 464 466
f 467 466 463
f 468 465 463
f 468 464 465
f 468 466 464
f 468 463 466
v -46.655 -39.911 21.912
v -47.309 -39.911 21.912
v -46.982 -39.911 21.585
v -46.982 -39.911 22.239
v -46.982 -39.634 21.912
v -46.982 -40.189 21.912
f 473 469 471
f 473 471 470
f 473 470 472
f 473 472 469
f 474 471 469
f 474 470 471
f 474 472 470
f 474 469 472
v -61.073 -29.096 17.830
v -61.573 -29.096 17.830
v -61.323 -29.096 17.580
v -61.323 -29.096 18.080
v -61.323 -28.884 17.830
v -61.323 -29.309 17.830
f 479 475 477
f 479 477 476
f 479 476 478
f 479 478 475
f 480 477 475
f 480 476 477
f 480 478 476
f 480 475 478
v -61.338 -36.288 20.135
v -62.057 -36.288 20.135
v -61.698 -36.288 19.775
v -61.698 -36.288 20.494
v -61.698 -35.983 20.135
v -61.698 -36.594 20.135
f 485 481 483
f 485 483 482
f 485 482 484
f 485 484 481
f 486 483 481
f 486 482 483
f 486 484 482
f 486 481 484
v -21.363 -70.875 24.582
v -21.863 -70.875 24.582
v -21.613 -70.875 24.332
v -21.613 -70.875 24.832
v -21.613 -70.663 24.582
v -21.613 -71.088 24.582
f 491 487 489
f 491 489 488
f 491 488 490
f 491 490 487
f 492 489 487
f 492 488 489
f 492 490 488
f 492 487 490
v -37.414 -50.192 17.733
v -37.996 -50.192 17.733
v -37.705 -50.192 17.442
v -37.705 -50.192 18.024
v -37.705 -49.945 17.733
v -37.705 -50.439 17.733
f 497 493 495
f 497 495 494
f 497 494 496
f 497 496 493
f 498 495 493
f 498 494 495
f 498 496 494
f 498 493 496
v -49.844 -27.367 14.770
v -50.498 -27.367 14.770
v -50.171 -27.367 14.443
v -50.171 -27.367 15.096
v -50.171 -27.089 14.770
v -50.171 -27.645 14.770
f 503 499 501
f 503 501 500
f 503 500 502
f 503 502 499
f 504 501 499
f 504 500 501
f 504 502 500
f 504 499 502
v -52.577 -33.382 15.386
v -53.077 -33.382 15.386
v -52.827 -33.382 15.136
v -52.827 -33.382 15.636
v -52.827 -33.169 15.386
v -52.827 -33.594 15.386
f 509 505 507
f 509 507 506
f 509 506 508
f 509 508 505
f 510 507 505
f 510 506 507
f 510 508 506
f 510 505 508
v -54.521 -23.438 12.674
v -55.103 -23.438 12.674
v -54.812 -23.438 12.383
v -54.812 -23.438 12.965
v -54.812 -23.191 12.674
v -54.812 -23.685 12.674
f 515 511 513
f 515 513 512
f 515 512 514
f 515 514 511
f 516 513 511
f 516 512 513
f 516 514 512
f 516 511 514
v -67.413 -12.404 18.545
v -67.913 -12.404 18.545
v -67.663 -12.404 18.295
v -67.663 -12.404 18.795
v -67.663 -12.191 18.545
v -67.663 -12.616 18.545
f 521 517 519
f 521 519 518
f 521 518 520
f 521 520 517
f 522 519 517
f 522 518 519
f 522 520 518
f 522 517 520
v 35.015 -110.570 28.308
v 34.434 -110.570 28.308
v 34.724 -110.570 28.017
v 34.724 -110.570 28.599
v 34.724 -110.323 28.308
v 34.724 -110.817 28.308
f 527 523 525
f 527 525 524
f 527 524 526
f 527 526 523
f 528 525 523
f 528 524 525
f 528 526 524
f 528 523 526
v -18.285 -56.515 22.458
v -18.785 -56.515 22.458
v -18.535 -56.515 22.208
v -18.535 -56.515 22.708
v -18.535 -56.302 22.458
v -18.535 -56.727 22.458
f 533 529 531
f 533 531 530
f 533 530 532
f 533 532 529
f 534 531 529
f 534 530 531
f 534 532 530
f 534 529 532
v -51.470 -19.999 13.661
v -51.970 -19.999 13.661
v -51.720 -19.999 13.411
v -51.720 -19.999 13.911
v -51.720 -19.786 13.661
v -51.720 -20.211 13.661
f 539 535 537
f 539 537 536
f 539 536 538
f 539 538 535
f 540 537 535
f 540 536 537
f 540 538 536
f 540 535 538
v -10.151 -58.179 20.083
v -10.870 -58.179 20.083
v -10.510 -58.179 19.724
v -10.510 -58.179 20.443
v -10.510 -57.873 20.083
v -10.510 -58.484 20.083
f 545 541 543
f 545 543 542
f 545 542 544
f 545 544 541
f 546 543 541
f 546 542 543
f 546 544 542
f 546 541 544
v -18.029 -53.216 23.913
v -18.611 -53.216 23.913
v -18.320 -53.216 23.622
v -18.320 -53.216 24.204
v -18.320 -52.969 23.913
v -18.320 -53.463 23.913
f 551 547 549
f 551 549 548
f 551 548 550
f 551 550 547
f 552 549 547
f 552 548 549
f 552 550 548
f 552 547 550
v -28.452 -23.800 16.275
v -29.034 -23.800 16.275
v -28.743 -23.800 15.985
v -28.743 -23.800 16.566
v -28.743 -23.553 16.275
v -28.743 -24.048 16.275
f 557 553 555
f 557 555 554
f 557 554 556
f 557 556 553
f 558 555 553
f 558 554 555
f 558 556 554
f 558 553 556
v -29.445 -19.929 19.509
v -30.027 -19.929 19.509
v -29.736 -19.929 19.218
v -29.736 -19.929 19.800
v -29.736 -19.681 19.509
v -29.736 -20.176 19.509
f 563 559 561
f 563 561 560
f 563 560 562
f 563 562 559
f 564 561 559
f 564 560 561
f 564 562 560
f 564 559 562
v -24.743 -22.332 17.615
v -25.243 -22.332 17.615
v -24.993 -22.332 17.365
v -24.993 -22.332 17.865
v -24.993 -22.119 17.615
v -24.993 -22.544 17.615
f 569 565 567
f 569 567 566
f 569 566 568
f 569 568 565
f 570 567 565
f 570 566 567
f 570 568 566
f 570 565 568
v -33.172 -15.190 17.136
v -33.754 -15.190 17.136
v -33.463 -15.190 16.845
v -33.463 -15.190 17.427
v -33.463 -14.943 17.136
v -33.463 -15.437 17.136
f 575 571 573
f 575 573 572
f 575 572 574
f 575 574 571
f 576 573 571
f 576 572 573
f 576 574 572
f 576 571 574
v -35.881 -13.095 18.859
v -36.381 -13.095 18.859
v -36.131 -13.095 18.609
v -36.131 -13.095 19.109
v -36.131 -12.883 18.859
v -36.131 -13.308 18.859
f 581 577 579
f 581 579 578
f 581 578 580
f 581 580 577
f 582 579 577
f 582 578 579
f 582 580 578
f 582 577 580
v -46.617 -14.114 12.447
v -47.271 -14.114 12.447
v -46.944 -14.114 12.120
v -46.944 -14.114 12.773
v -46.944 -13.836 12.447
v -46.944 -14.392 12.447
f 587 583 585
f 587 585 584
f 587 584 586
f 587 586 583
f 588 585 583
f 588 584 585
f 588 586 584
f 588 583 586
v -42.869 -9.986 15.328
v -43.451 -9.986 15.328
v -43.160 -9.986 15.037
v -43.160 -9.986 15.618
v -43.160 -9.739 15.328
v -43.160 -10.234 15.328
f 593 589 591
f 593 591 590
f 593 590 592
f 593 592 589
f 594 591 589
f 594 590 591
f 594 592 590
f 594 589 592
v -44.416 -7.527 18.663
v -44.998 -7.527 18.663
v -44.707 -7.527 18.373
v -44.707 -7.527 18.954
v -44.707 -7.279 18.663
v -44.707 -7.774 18.663
f 599 595 597
f 599 597 596
f 599 596 598
f 599 598 595
f 600 597 595
f 600 596 597
f 600 598 596
f 600 595 598
v -49.956 -9.079 10.809
v -50.537 -9.079 10.809
v -50.247 -9.079 10.518
v -50.247 -9.079 11.100
v -50.247 -8.832 10.809
v -50.247 -9.326 10.809
f 605 601 603
f 605 603 602
f 605 602 604
f 605 604 601
f 606 603 601
f 606 602 603
f 606 604 602
f 606 601 604
v -50.068 -4.751 10.480
v -50.568 -4.751 10.480
v -50.318 -4.751 10.230
v -50.318 -4.751 10.730
v -50.318 -4.538 10.480
v -50.318 -4.963 10.480
f 611 607 609
f 611 609 608
f 611 608 610
f 611 610 607
f 612 609 607
f 612 608 609
f 612 610 608
f 612 607 610
v -48.396 -4.712 11.245
v -48.896 -4.712 11.245
v -48.646 -4.712 10.995
v -48.646 -4.712 11.495
v -48.646 -4.500 11.245
v -48.646 -4.925 11.245
f 617 613 615
f 617 615 614
f 617 614 616
f 617 616 613
f 618 615 613
f 618 614 615
f 618 616 614
f 618 613 616
v -52.345 -2.685 12.850
v -53.064 -2.685 12.850
v -52.705 -2.685 12.491
v -52.705 -2.685 13.210
v -52.705 -2.379 12.850
v -52.705 -2.990 12.850
f 623 619 621
f 623 621 620
f 623 620 622
f 623 622 619
f 624 621 619
f 624 620 621
f 624 622 620
f 624 619 622
v -96.092 32.376 15.203
v -96.592 32.376 15.203
v -96.342 32.376 14.953
v -96.342 32.376 15.453
v -96.342 32.589 15.203
v -96.342 32.164 15.203
f 629 625 627
f 629 627 626
f 629 626 628
f 629 628 625
f 630 627 625
f 630 626 627
f 630 628 626
f 630 625 628
v -14.932 -27.870 13.675
v -15.514 -27.870 13.675
v -15.223 -27.870 13.384
v -15.223 -27.870 13.965
v -15.223 -27.622 13.675
v -15.223 -28.117 13.675
f 635 631 633
f 635 633 632
f 635 632 634
f 635 634 631
f 636 633 631
f 636 632 633
f 636 634 632
f 636 631 634
v -25.014 -26.421 15.763
v -25.596 -26.421 15.763
v -25.305 -26.421 15.472
v -25.305 -26.421 16.054
v -25.305 -26.174 15.763
v -25.305 -26.668 15.763
f 641 637 639
f 641 639 638
f 641 638 640
f 641 640 637
f 642 639 637
f 642 638 639
f 642 640 638
f 642 637 640
v -29.895 -15.995 16.391
v -30.476 -15.995 16.391
v -30.185 -15.995 16.100
v -30.185 -15.995 16.682
v -30.185 -15.748 16.391
v -30.185 -16.243 16.391
f 647 643 645
f 647 645 644
f 647 644 646
f 647 646 643
f 648 645 643
f 648 644 645
f 648 646 644
f 648 643 646
v -39.507 -6.119 12.739
v -40.089 -6.119 12.739
v -39.798 -6.119 12.448
v -39.798 -6.119 13.030
v -39.798 -5.872 12.739
v -39.798 -6.366 12.739
f 653 649 651
f 653 651 650
f 653 650 652
f 653 652 649
f 654 651 649
f 654 650 651
f 654 652 650
f 654 649 652
v -36.479 -7.259 17.336
v -37.199 -7.259 17.336
v -36.839 -7.259 16.976
v -36.839 -7.259 17.695
v -36.839 -6.954 17.336
v -36.839 -7.565 17.336
f 659 655 657
f 659 657 656
f 659 656 658
f 659 658 655
f 660 657 655
f 660 656 657
f 660 658 656
f 660 655 658
v -61.642 10.920 14.164
v -62.142 10.920 14.164
v -61.892 10.920 13.914
v -61.892 10.920 14.414
v -61.892 11.132 14.164
v -61.892 10.707 14.164
f 665 661 663
f 665 663 662
f 665 662 664
f 665 664 661
f 666 663 661
f 666 662 663
f 666 664 662
f 666 661 664
v -60.332 13.616 14.869
v -60.832 13.616 14.869
v -60.582 13.616 14.619
v -60.582 13.616 15.119
v -60.582 13.829 14.869
v -60.582 13.404 14.869
f 671 667 669
f 671 669 668
f 671 668 670
f 671 670 667
f 672 669 667
f 672 668 669
f 672 670 668
f 672 667 670
v -60.053 17.468 12.981
v -60.553 17.468 12.981
v -60.303 17.468 12.731
v -60.303 17.468 13.231
v -60.303 17.680 12.981
v -60.303 17.255 12.981
f 677 673 675
f 677 675 674
f 677 674 676
f 677 676 673
f 678 675 673
f 678 674 675
f 678 676 674
f 678 673 676
v -68.174 16.425 11.069
v -68.674 16.425 11.069
v -68.424 16.425 10.819
v -68.424 16.425 11.319
v -68.424 16.637 11.069
v -68.424 16.212 11.069
f 683 679 681
f 683 681 680
f 683 680 682
f 683 682 679
f 684 681 679
f 684 680 681
f 684 682 680
f 684 679 682
v -67.120 14.928 12.644
v -67.701 14.928 12.644
v -67.411 14.928 12.353
v -67.411 14.928 12.934
v -67.411 15.175 12.644
v -67.411 14.681 12.644
f 689 685 687
f 689 687 686
f 689 686 688
f 689 688 685
f 690 687 685
f 690 686 687
f 690 688 686
f 690 685 688
v 23.217 -59.934 24.685
v 22.717 -59.934 24.685
v 22.967 -59.934 24.435
v 22.967 -59.934 24.935
v 22.967 -59.722 24.685
v 22.967 -60.147 24.685
f 695 691 693
f 695 693 692
f 695 692 694
f 695 694 691
f 696 693 691
f 696 692 693
f 696 694 692
f 696 691 694
v -10.009 -29.003 21.050
v -10.591 -29.003 21.050
v -10.300 -29.003 20.759
v -10.300 -29.003 21.341
v -10.300 -28.756 21.050
v -10.300 -29.250 21.050
f 701 697 699
f 701 699 698
f 701 698 700
f 701 700 697
f 702 699 697
f 702 698 699
f 702 700 698
f 702 697 700
v -19.602 -26.014 15.904
v -20.102 -26.014 15.904
v -19.852 -26.014 15.654
v -19.852 -26.014 16.154
v -19.852 -25.801 15.904
v -19.852 -26.226 15.904
f 707 703 705
f 707 705 704
f 707 704 706
f 707 706 703
f 708 705 703
f 708 704 705
f 708 706 704
f 708 703 706
v -12.112 -22.600 14.717
v -12.694 -22.600 14.717
v -12.403 -22.600 14.427
v -12.403 -22.600 15.008
v -12.403 -22.353 14.717
v -12.403 -22.847 14.717
f 713 709 711
f 713 711 710
f 713 710 712
f 713 712 709
f 714 711 709
f 714 710 711
f 714 712 710
f 714 709 712
v -11.891 -8.938 10.424
v -12.473 -8.938 10.424
v -12.182 -8.938 10.133
v -12.182 -8.938 10.715
v -12.182 -8.691 10.424
v -12.182 -9.185 10.424
f 719 715 717
f 719 717 716
f 719 716 718
f 719 718 715
f 720 717 715
f 720 716 717
f 720 718 716
f 720 715 718
v -22.170 -0.802 16.045
v -22.889 -0.802 16.045
v -22.530 -0.802 15.686
v -22.530 -0.802 16.405
v -22.530 -0.496 16.045
v -22.530 -1.107 16.045
f 725 721 723
f 725 723 722
f 725 722 724
f 725 724 721
f 726 723 721
f 726 722 723
f 726 724 722
f 726 721 724
v -32.517 -0.086 10.265
v -33.171 -0.086 10.265
v -32.844 -0.086 9.938
v -32.844 -0.086 10.592
v -32.844 0.192 10.265
v -32.844 -0.364 10.265
f 731 727 729
f 731 729 728
f 731 728 730
f 731 730 727
f 732 729 727
f 732 728 729
f 732 730 728
f 732 727 730
v -27.608 -2.384 16.796
v -28.108 -2.384 16.796
v -27.858 -2.384 16.546
v -27.858 -2.384 17.046
v -27.858 -2.171 16.796
v -27.858 -2.596 16.796
f 737 733 735
f 737 735 734
f 737 734 736
f 737 736 733
f 738 735 733
f 738 734 735
f 738 736 734
f 738 733 736
v -31.097 5.251 17.281
v -31.597 5.251 17.281
v -31.347 5.251 17.031
v -31.347 5.251 17.531
v -31.347 5.464 17.281
v -31.347 5.039 17.281
f 743 739 741
f 743 741 740
f 743 740 742
f 743 742 739
f 744 741 739
f 744 740 741
f 744 742 740
f 744 739 742
v -38.597 7.525 9.523
v -39.097 7.525 9.523
v -38.847 7.525 9.273
v -38.847 7.525 9.773
v -38.847 7.738 9.523
v -38.847 7.313 9.523
f 749 745 747
f 749 747 746
f 749 746 748
f 749 748 745
f 750 747 745
f 750 746 747
f 750 748 746
f 750 745 748
v -55.372 21.940 9.520
v -56.026 21.940 9.520
v -55.699 21.940 9.193
v -55.699 21.940 9.847
v -55.699 22.218 9.520
v -55.699 21.662 9.520
f 755 751 753
f 755 753 752
f 755 752 754
f 755 754 751
f 756 753 751
f 756 752 753
f 756 754 752
f 756 751 754
v -5.454 -20.120 13.898
v -5.954 -20.120 13.898
v -5.704 -20.120 13.648
v -5.704 -20.120 14.148
v -5.704 -19.908 13.898
v -5.704 -20.333 13.898
f 761 757 759
f 761 759 758
f 761 758 760
f 761 760 757
f 762 759 757
f 762 758 759
f 762 760 758
f 762 757 760
v -12.870 -0.961 14.900
v -13.370 -0.961 14.900
v -13.120 -0.961 14.650
v -13.120 -0.961 15.150
v -13.120 -0.749 14.900
v -13.120 -1.174 14.900
f 767 763 765
f 767 765 764
f 767 764 766
f 767 766 763
f 768 765 763
f 768 764 765
f 768 766 764
f 768 763 766
v -7.125 -1.775 11.555
v -7.625 -1.775 11.555
v -7.375 -1.775 11.305
v -7.375 -1.775 11.805
v -7.375 -1.563 11.555
v -7.375 -1.988 11.555
f 773 769 771
f 773 771 770
f 773 770 772
f 773 772 769
f 774 771 769
f 774 770 771
f 774 772 770
f 774 769 772
v -28.751 11.173 15.431
v -29.251 11.173 15.431
v -29.001 11.173 15.181
v -29.001 11.173 15.681
v -29.001 11.385 15.431
v -29.001 10.960 15.431
f 779 775 777
f 779 777 776
f 779 776 778
f 779 778 775
f 780 777 775
f 780 776 777
f 780 778 776
f 780 775 778
v -26.872 13.600 14.105
v -27.591 13.600 14.105
v -27.231 13.600 13.746
v -27.231 13.600 14.465
v -27.231 13.906 14.105
v -27.231 13.295 14.105
f 785 781 783
f 785 783 782
f 785 782 784
f 785 784 781
f 786 783 781
f 786 782 783
f 786 784 782
f 786 781 784
v 6.355 -21.642 17.099
v 5.701 -21.642 17.099
v 6.028 -21.642 16.772
v 6.028 -21.642 17.426
v 6.028 -21.364 17.099
v 6.028 -21.920 17.099
f 791 787 789
f 791 789 788
f 791 788 790
f 791 790 787
f 792 789 787
f 792 788 789
f 792 790 788
f 792 787 790
v -2.098 -10.804 13.961
v -2.598 -10.804 13.961
v -2.348 -10.804 13.711
v -2.348 -10.804 14.211
v -2.348 -10.591 13.961
v -2.348 -11.016 13.961
f 797 793 795
f 797 795 794
f 797 794 796
f 797 796 793
f 798 795 793
f 798 794 795
f 798 796 794
f 798 793 796
v -5.225 -7.930 19.128
v -5.879 -7.930 19.128
v -5.552 -7.930 18.801
v -5.552 -7.930 19.455
v -5.552 -7.652 19.128
v -5.552 -8.208 19.128
f 803 799 801
f 803 801 800
f 803 800 802
f 803 802 799
f 804 801 799
f 804 800 801
f 804 802 800
f 804 799 802
v -6.344 -1.113 13.595
v -6.844 -1.113 13.595
v -6.594 -1.113 13.345
v -6.594 -1.113 13.845
v -6.594 -0.901 13.595
v -6.594 -1.326 13.595
f 809 805 807
f 809 807 806
f 809 806 808
f 809 808 805
f 810 807 805
f 810 806 807
f 810 808 806
f 810 805 808
v -6.436 4.488 14.280
v -7.155 4.488 14.280
v -6.795 4.488 13.920
v -6.795 4.488 14.639
v -6.795 4.793 14.280
v -6.795 4.182 14.280
f 815 811 813
f 815 813 812
f 815 812 814
f 815 814 811
f 816 813 811
f 816 812 813
f 816 814 812
f 816 811 814
v -9.225 7.794 17.185
v -9.944 7.794 17.185
v -9.584 7.794 16.826
v -9.584 7.794 17.545
v -9.584 8.100 17.185
v -9.584 7.488 17.185
f 821 817 819
f 821 819 818
f 821 818 820
f 821 820 817
f 822 819 817
f 822 818 819
f 822 820 818
f 822 817 820
v -9.449 10.607 16.062
v -10.103 10.607 16.062
v -9.776 10.607 15.735
v -9.776 10.607 16.389
v -9.776 10.885 16.062
v -9.776 10.329 16.062
f 827 823 825
f 827 825 824
f 827 824 826
f 827 826 823
f 828 825 823
f 828 824 825
f 828 826 824
f 828 823 826
v -22.309 13.569 14.923
v -22.809 13.569 14.923
v -22.559 13.569 14.673
v -22.559 13.569 15.173
v -22.559 13.781 14.923
v -22.559 13.356 14.923
f 833 829 831
f 833 831 830
f 833 830 832
f 833 832 829
f 834 831 829
f 834 830 831
f 834 832 830
f 834 829 832
v -19.418 12.995 15.135
v -19.918 12.995 15.135
v -19.668 12.995 14.885
v -19.668 12.995 15.385
v -19.668 13.208 15.135
v -19.668 12.783 15.135
f 839 835 837
f 839 837 836
f 839 836 838
f 839 838 835
f 840 837 835
f 840 836 837
f 840 838 836
f 840 835 838
v -17.375 12.439 15.614
v -17.875 12.439 15.614
v -17.625 12.439 15.364
v -17.625 12.439 15.864
v -17.625 12.651 15.614
v -17.625 12.226 15.614
f 845 841 843
f 845 843 842
f 845 842 844
f 845 844 841
f 846 843 841
f 846 842 843
f 846 844 842
f 846 841 844
v -44.958 31.774 9.634
v -45.539 31.774 9.634
v -45.248 31.774 9.343
v -45.248 31.774 9.925
v -45.248 32.021 9.634
v -45.248 31.527 9.634
f 851 847 849
f 851 849 848
f 851 848 850
f 851 850 847
f 852 849 847
f 852 848 849
f 852 850 848
f 852 847 850
v 44.971 -48.762 19.724
v 44.471 -48.762 19.724
v 44.721 -48.762 19.474
v 44.721 -48.762 19.974
v 44.721 -48.549 19.724
v 44.721 -48.974 19.724
f 857 853 855
f 857 855 854
f 857 854 856
f 857 856 853
f 858 855 853
f 858 854 855
f 858 856 854
f 858 853 856
v 47.861 -45.415 22.531
v 47.279 -45.415 22.531
v 47.570 -45.415 22.240
v 47.570 -45.415 22.822
v 47.570 -45.168 22.531
v 47.570 -45.663 22.531
f 863 859 861
f 863 861 860
f 863 860 862
f 863 862 859
f 864 861 859
f 864 860 861
f 864 862 860
f 864 859 862
v 12.752 -20.437 18.103
v 12.252 -20.437 18.103
v 12.502 -20.437 17.853
v 12.502 -20.437 18.353
v 12.502 -20.224 18.103
v 12.502 -20.649 18.103
f 869 865 867
f 869 867 866
f 869 866 868
f 869 868 865
f 870 867 865
f 870 866 867
f 870 868 866
f 870 865 868
v 1.986 -7.653 14.543
v 1.404 -7.653 14.543
v 1.695 -7.653 14.252
v 1.695 -7.653 14.833
v 1.695 -7.406 14.543
v 1.695 -7.900 14.543
f 875 871 873
f 875 873 872
f 875 872 874
f 875 874 871
f 876 873 871
f 876 872 873
f 876 874 872
f 876 871 874
v 3.031 -8.612 16.068
v 2.311 -8.612 16.068
v 2.671 -8.612 15.708
v 2.671 -8.612 16.427
v 2.671 -8.306 16.068
v 2.671 -8.917 16.068
f 881 877 879
f 881 879 878
f 881 878 880
f 881 880 877
f 882 879 877
f 882 878 879
f 882 880 878
f 882 877 880
v 4.503 -6.815 16.601
v 3.849 -6.815 16.601
v 4.176 -6.815 16.274
v 4.176 -6.815 16.928
v 4.176 -6.537 16.601
v 4.176 -7.093 16.601
f 887 883 885
f 887 885 884
f 887 884 886
f 887 886 883
f 888 885 883
f 888 884 885
f 888 886 884
f 888 883 886
v 11.751 -9.513 17.536
v 11.251 -9.513 17.536
v 11.501 -9.513 17.286
v 11.501 -9.513 17.786
v 11.501 -9.300 17.536
v 11.501 -9.725 17.536
f 893 889 891
f 893 891 890
f 893 890 892
f 893 892 889
f 894 891 889
f 894 890 891
f 894 892 890
f 894 889 892
v 0.512 -6.291 15.022
v -0.142 -6.291 15.022
v 0.185 -6.291 14.696
v 0.185 -6.291 15.349
v 0.185 -6.013 15.022
v 0.185 -6.569 15.022
f 899 895 897
f 899 897 896
f 899 896 898
f 899 898 895
f 900 897 895
f 900 896 897
f 900 898 896
f 900 895 898
v 3.711 -5.817 17.540
v 2.992 -5.817 17.540
v 3.352 -5.817 17.180
v 3.352 -5.817 17.899
v 3.352 -5.511 17.540
v 3.352 -6.123 17.540
f 905 901 903
f 905 903 902
f 905 902 904
f 905 904 901
f 906 903 901
f 906 902 903
f 906 904 902
f 906 901 904
v -7.774 17.609 17.896
v -8.356 17.609 17.896
v -8.065 17.609 17.605
v -8.065 17.609 18.187
v -8.065 17.856 17.896
v -8.065 17.362 17.896
f 911 907 909
f 911 909 908
f 911 908 910
f 911 910 907
f 912 909 907
f 912 908 909
f 912 910 908
f 912 907 910
v -6.390 17.336 18.262
v -6.890 17.336 18.262
v -6.640 17.336 18.012
v -6.640 17.336 18.512
v -6.640 17.549 18.262
v -6.640 17.124 18.262
f 917 913 915
f 917 915 914
f 917 914 916
f 917 916 913
f 918 915 913
f 918 914 915
f 918 916 914
f 918 913 916
v -56.637 54.826 14.133
v -57.137 54.826 14.133
v -56.887 54.826 13.883
v -56.887 54.826 14.383
v -56.887 55.038 14.133
v -56.887 54.613 14.133
f 923 919 921
f 923 921 920
f 923 920 922
f 923 922 919
f 924 921 919
f 924 920 921
f 924 922 920
f 924 919 922
v -72.526 78.605 19.848
v -73.026 78.605 19.848
v -72.776 78.605 19.598
v -72.776 78.605 20.098
v -72.776 78.818 19.848
v -72.776 78.393 19.848
f 929 925 927
f 929 927 926
f 929 926 928
f 929 928 925
f 930 927 925
f 930 926 927
f 930 928 926
f 930 925 928
v -82.781 83.017 16.662
v -83.435 83.017 16.662
v -83.108 83.017 16.335
v -83.108 83.017 16.989
v -83.108 83.295 16.662
v -83.108 82.739 16.662
f 935 931 933
f 935 933 932
f 935 932 934
f 935 934 931
f 936 933 931
f 936 932 933
f 936 934 932
f 936 931 934
v 22.541 -10.860 27.646
v 22.041 -10.860 27.646
v 22.291 -10.860 27.396
v 22.291 -10.860 27.896
v 22.291 -10.648 27.646
v 22.291 -11.073 27.646
f 941 937 939
f 941 939 938
f 941 938 940
f 941 940 937
f 942 939 937
f 942 938 939
f 942 940 938
f 942 937 940
v 8.315 -3.473 25.904
v 7.661 -3.473 25.904
v 7.988 -3.473 25.577
v 7.988 -3.473 26.230
v 7.988 -3.196 25.904
v 7.988 -3.751 25.904
f 947 943 945
f 947 945 944
f 947 944 946
f 947 946 943
f 948 945 943
f 948 944 945
f 948 946 944
f 948 943 946
v 5.779 -2.464 22.364
v 5.126 -2.464 22.364
v 5.452 -2.464 22.037
v 5.452 -2.464 22.691
v 5.452 -2.186 22.364
v 5.452 -2.742 22.364
f 953 949 951
f 953 951 950
f 953 950 952
f 953 952 949
f 954 951 949
f 954 950 951
f 954 952 950
f 954 949 952
v -4.380 27.550 18.452
v -4.880 27.550 18.452
v -4.630 27.550 18.202
v -4.630 27.550 18.702
v -4.630 27.762 18.452
v -4.630 27.337 18.452
f 959 955 957
f 959 957 956
f 959 956 958
f 959 958 955
f 960 957 955
f 960 956 957
f 960 958 956
f 960 955 958
v -57.939 74.547 21.021
v -58.439 74.547 21.021
v -58.189 74.547 20.771
v -58.189 74.547 21.271
v -58.189 74.760 21.021
v -58.189 74.335 21.021
f 965 961 963
f 965 963 962
f 965 962 964
f 965 964 961
f 966 963 961
f 966 962 963
f 966 964 962
f 966 961 964
v 64.028 -39.430 32.344
v 63.309 -39.430 32.344
v 63.668 -39.430 31.984
v 63.668 -39.430 32.703
v 63.668 -39.125 32.344
v 63.668 -39.736 32.344
f 971 967 969
f 971 969 968
f 971 968 970
f 971 970 967
f 972 969 967
f 972 968 969
f 972 970 968
f 972 967 970
v 53.503 -27.175 29.785
v 53.003 -27.175 29.785
v 53.253 -27.175 29.535
v 53.253 -27.175 30.035
v 53.253 -26.963 29.785
v 53.253 -27.388 29.785
f 977 973 975
f 977 975 974
f 977 974 976
f 977 976 973
f 978 975 973
f 978 974 975
f 978 976 974
f 978 973 976
v 37.906 -12.421 22.176
v 37.324 -12.421 22.176
v 37.615 -12.421 21.885
v 37.615 -12.421 22.466
v 37.615 -12.174 22.176
v 37.615 -12.668 22.176
f 983 979 981
f 983 981 980
f 983 980 982
f 983 982 979
f 984 981 979
f 984 980 981
f 984 982 980
f 984 979 982
v 21.287 7.183 27.665
v 20.568 7.183 27.665
v 20.927 7.183 27.306
v 20.927 7.183 28.025
v 20.927 7.489 27.665
v 20.927 6.878 27.665
f 989 985 987
f 989 987 986
f 989 986 988
f 989 988 985
f 990 987 985
f 990 986 987
f 990 988 986
f 990 985 988
v 23.226 6.796 27.993
v 22.644 6.796 27.993
v 22.935 6.796 27.703
v 22.935 6.796 28.284
v 22.935 7.044 27.993
v 22.935 6.549 27.993
f 995 991 993
f 995 993 992
f 995 992 994
f 995 994 991
f 996 993 991
f 996 992 993
f 996 994 992
f 996 991 994
v 21.244 5.588 24.162
v 20.744 5.588 24.162
v 20.994 5.588 23.912
v 20.994 5.588 24.412
v 20.994 5.801 24.162
v 20.994 5.376 24.162
f 1001 997 999
f 1001 999 998
f 1001 998 1000
f 1001 1000 997
f 1002 999 997
f 1002 998 999
f 1002 1000 998
f 1002 997 1000
v 7.721 9.912 23.157
v 7.221 9.912 23.157
v 7.471 9.912 22.907
v 7.471 9.912 23.407
v 7.471 10.125 23.157
v 7.471 9.700 23.157
f 1007 1003 1005
f 1007 1005 1004
f 1007 1004 1006
f 1007 1006 1003
f 1008 1005 1003
f 1008 1004 1005
f 1008 1006 1004
f 1008 1003 1006
v 9.606 10.755 22.672
v 9.106 10.755 22.672
v 9.356 10.755 22.422
v 9.356 10.755 22.922
v 9.356 10.967 22.672
v 9.356 10.542 22.672
f 1013 1009 1011
f 1013 1011 1010
f 1013 1010 1012
f 1013 1012 1009
f 1014 1011 1009
f 1014 1010 1011
f 1014 1012 1010
f 1014 1009 1012
v -1.924 34.255 18.138
v -2.424 34.255 18.138
v -2.174 34.255 17.888
v -2.174 34.255 18.388
v -2.174 34.468 18.138
v -2.174 34.043 18.138
f 1019 1015 1017
f 1019 1017 1016
f 1019 1016 1018
f 1019 1018 1015
f 1020 1017 1015
f 1020 1016 1017
f 1020 1018 1016
f 1020 1015 1018
v -47.728 85.906 13.709
v -48.382 85.906 13.709
v -48.055 85.906 13.382
v -48.055 85.906 14.036
v -48.055 86.184 13.709
v -48.055 85.628 13.709
f 1025 1021 1023
f 1025 1023 1022
f 1025 1022 1024
f 1025 1024 1021
f 1026 1023 1021
f 1026 1022 1023
f 1026 1024 1022
f 1026 1021 1024
v -62.971 94.776 14.263
v -63.690 94.776 14.263
v -63.330 94.776 13.903
v -63.330 94.776 14.622
v -63.330 95.082 14.263
v -63.330 94.471 14.263
f 1031 1027 1029
f 1031 1029 1028
f 1031 1028 1030
f 1031 1030 1027
f 1032 1029 1027
f 1032 1028 1029
f 1032 1030 1028
f 1032 1027 1030
v 69.325 -29.877 26.186
v 68.825 -29.877 26.186
v 69.075 -29.877 25.936
v 69.075 -29.877 26.436
v 69.075 -29.664 26.186
v 69.075 -30.089 26.186
f 1037 1033 1035
f 1037 1035 1034
f 1037 1034 1036
f 1037 1036 1033
f 1038 1035 1033
f 1038 1034 1035
f 1038 1036 1034
f 1038 1033 1036
v 53.161 -10.821 27.676
v 52.661 -10.821 27.676
v 52.911 -10.821 27.426
v 52.911 -10.821 27.926
v 52.911 -10.609 27.676
v 52.911 -11.034 27.676
f 1043 1039 1041
f 1043 1041 1040
f 1043 1040 1042
f 1043 1042 1039
f 1044 1041 1039
f 1044 1040 1041
f 1044 1042 1040
f 1044 1039 1042
v 53.813 -9.704 22.933
v 53.313 -9.704 22.933
v 53.563 -9.704 22.683
v 53.563 -9.704 23.183
v 53.563 -9.491 22.933
v 53.563 -9.916 22.933
f 1049 1045 1047
f 1049 1047 1046
f 1049 1046 1048
f 1049 1048 1045
f 1050 1047 1045
f 1050 1046 1047
f 1050 1048 1046
f 1050 1045 1048
v 45.927 0.882 23.597
v 45.345 0.882 23.597
v 45.636 0.882 23.307
v 45.636 0.882 23.888
v 45.636 1.129 23.597
v 45.636 0.634 23.597
f 1055 1051 1053
f 1055 1053 1052
f 1055 1052 1054
f 1055 1054 1051
f 1056 1053 1051
f 1056 1052 1053
f 1056 1054 1052
f 1056 1051 1054
v 31.521 3.753 25.210
v 31.021 3.753 25.210
v 31.271 3.753 24.960
v 31.271 3.753 25.460
v 31.271 3.966 25.210
v 31.271 3.541 25.210
f 1061 1057 1059
f 1061 1059 1058
f 1061 1058 1060
f 1061 1060 1057
f 1062 1059 1057
f 1062 1058 1059
f 1062 1060 1058
f 1062 1057 1060
v 34.360 2.117 24.906
v 33.860 2.117 24.906
v 34.110 2.117 24.656
v 34.110 2.117 25.156
v 34.110 2.330 24.906
v 34.110 1.905 24.906
f 1067 1063 1065
f 1067 1065 1064
f 1067 1064 1066
f 1067 1066 1063
f 1068 1065 1063
f 1068 1064 1065
f 1068 1066 1064
f 1068 1063 1066
v 0.930 51.309 15.307
v 0.430 51.309 15.307
v 0.680 51.309 15.057
v 0.680 51.309 15.557
v 0.680 51.521 15.307
v 0.680 51.096 15.307
f 1073 1069 1071
f 1073 1071 1070
f 1073 1070 1072
f 1073 1072 1069
f 1074 1071 1069
f 1074 1070 1071
f 1074 1072 1070
f 1074 1069 1072
v -36.312 87.772 11.547
v -36.812 87.772 11.547
v -36.562 87.772 11.297
v -36.562 87.772 11.797
v -36.562 87.984 11.547
v -36.562 87.559 11.547
f 1079 1075 1077
f 1079 1077 1076
f 1079 1076 1078
f 1079 1078 1075
f 1080 1077 1075
f 1080 1076 1077
f 1080 1078 1076
f 1080 1075 1078
v 65.814 -8.159 24.183
v 65.314 -8.159 24.183
v 65.564 -8.159 23.933
v 65.564 -8.159 24.433
v 65.564 -7.947 24.183
v 65.564 -8.372 24.183
f 1085 1081 1083
f 1085 1083 1082
f 1085 1082 1084
f 1085 1084 1081
f 1086 1083 1081
f 1086 1082 1083
f 1086 1084 1082
f 1086 1081 1084
v 66.342 -6.324 22.276
v 65.689 -6.324 22.276
v 66.015 -6.324 21.949
v 66.015 -6.324 22.603
v 66.015 -6.046 22.276
v 66.015 -6.602 22.276
f 1091 1087 1089
f 1091 1089 1088
f 1091 1088 1090
f 1091 1090 1087
f 1092 1089 1087
f 1092 1088 1089
f 1092 1090 1088
f 1092 1087 1090
v 57.538 -0.307 20.590
v 57.038 -0.307 20.590
v 57.288 -0.307 20.340
v 57.288 -0.307 20.840
v 57.288 -0.094 20.590
v 57.288 -0.519 20.590
f 1097 1093 1095
f 1097 1095 1094
f 1097 1094 1096
f 1097 1096 1093
f 1098 1095 1093
f 1098 1094 1095
f 1098 1096 1094
f 1098 1093 1096
v 48.877 0.165 23.483
v 48.377 0.165 23.483
v 48.627 0.165 23.233
v 48.627 0.165 23.733
v 48.627 0.378 23.483
v 48.627 -0.047 23.483
f 1103 1099 1101
f 1103 1101 1100
f 1103 1100 1102
f 1103 1102 1099
f 1104 1101 1099
f 1104 1100 1101
f 1104 1102 1100
f 1104 1099 1102
v 55.739 2.967 20.192
v 55.239 2.967 20.192
v 55.489 2.967 19.942
v 55.489 2.967 20.442
v 55.489 3.180 20.192
v 55.489 2.755 20.192
f 1109 1105 1107
f 1109 1107 1106
f 1109 1106 1108
f 1109 1108 1105
f 1110 1107 1105
f 1110 1106 1107
f 1110 1108 1106
f 1110 1105 1108
v 47.813 0.112 28.094
v 47.231 0.112 28.094
v 47.522 0.112 27.803
v 47.522 0.112 28.385
v 47.522 0.359 28.094
v 47.522 -0.135 28.094
f 1115 1111 1113
f 1115 1113 1112
f 1115 1112 1114
f 1115 1114 1111
f 1116 1113 1111
f 1116 1112 1113
f 1116 1114 1112
f 1116 1111 1114
v 5.313 62.490 17.529
v 4.731 62.490 17.529
v 5.022 62.490 17.238
v 5.022 62.490 17.820
v 5.022 62.737 17.529
v 5.022 62.243 17.529
f 1121 1117 1119
f 1121 1119 1118
f 1121 1118 1120
f 1121 1120 1117
f 1122 1119 1117
f 1122 1118 1119
f 1122 1120 1118
f 1122 1117 1120
v 52.490 8.786 25.092
v 51.990 8.786 25.092
v 52.240 8.786 24.842
v 52.240 8.786 25.342
v 52.240 8.999 25.092
v 52.240 8.574 25.092
f 1127 1123 1125
f 1127 1125 1124
f 1127 1124 1126
f 1127 1126 1123
f 1128 1125 1123
f 1128 1124 1125
f 1128 1126 1124
f 1128 1123 1126
v -1.427 72.393 16.707
v -1.927 72.393 16.707
v -1.677 72.393 16.457
v -1.677 72.393 16.957
v -1.677 72.606 16.707
v -1.677 72.181 16.707
f 1133 1129 1131
f 1133 1131 1130
f 1133 1130 1132
f 1133 1132 1129
f 1134 1131 1129
f 1134 1130 1131
f 1134 1132 1130
f 1134 1129 1132
v 2.927 73.984 14.208
v 2.427 73.984 14.208
v 2.677 73.984 13.958
v 2.677 73.984 14.458
v 2.677 74.197 14.208
v 2.677 73.772 14.208
f 1139 1135 1137
f 1139 1137 1136
f 1139 1136 1138
f 1139 1138 1135
f 1140 1137 1135
f 1140 1136 1137
f 1140 1138 1136
f 1140 1135 1138
v 27.277 81.489 19.065
v 26.777 81.489 19.065
v 27.027 81.489 18.815
v 27.027 81.489 19.315
v 27.027 81.701 19.065
v 27.027 81.276 19.065
f 1145 1141 1143
f 1145 1143 1142
f 1145 1142 1144
f 1145 1144 1141
f 1146 1143 1141
f 1146 1142 1143
f 1146 1144 1142
f 1146 1141 1144
v 58.498 81.747 14.059
v 57.998 81.747 14.059
v 58.248 81.747 13.809
v 58.248 81.747 14.309
v 58.248 81.960 14.059
v 58.248 81.535 14.059
f 1151 1147 1149
f 1151 1149 1148
f 1151 1148 1150
f 1151 1150 1147
f 1152 1149 1147
f 1152 1148 1149
f 1152 1150 1148
f 1152 1147 1150
v 62.224 84.905 12.629
v 61.642 84.905 12.629
v 61.933 84.905 12.338
v 61.933 84.905 12.920
v 61.933 85.152 12.629
v 61.933 84.658 12.629
f 1157 1153 1155
f 1157 1155 1154
f 1157 1154 1156
f 1157 1156 1153
f 1158 1155 1153
f 1158 1154 1155
f 1158 1156 1154
f 1158 1153 1156
v -71.409 -64.113 31.356
v -71.909 -64.113 31.356
v -71.659 -64.113 31.106
v -71.659 -64.113 31.606
v -71.659 -63.900 31.356
v -71.659 -64.325 31.356
f 1163 1159 1161
f 1163 1161 1160
f 1163 1160 1162
f 1163 1162 1159
f 1164 1161 1159
f 1164 1160 1161
f 1164 1162 1160
f 1164 1159 1162
v -100.940 -35.549 23.993
v -101.440 -35.549 23.993
v -101.190 -35.549 23.743
v -101.190 -35.549 24.243
v -101.190 -35.337 23.993
v -101.190 -35.762 23.993
f 1169 1165 1167
f 1169 1167 1166
f 1169 1166 1168
f 1169 1168 1165
f 1170 1167 1165
f 1170 1166 1167
f 1170 1168 1166
f 1170 1165 1168
v -104.311 -35.541 25.194
v -104.811 -35.541 25.194
v -104.561 -35.541 24.944
v -104.561 -35.541 25.444
v -104.561 -35.329 25.194
v -104.561 -35.754 25.194
f 1175 1171 1173
f 1175 1173 1172
f 1175 1172 1174
f 1175 1174 1171
f 1176 1173 1171
f 1176 1172 1173
f 1176 1174 1172
f 1176 1171 1174
v -61.175 -62.681 26.396
v -61.675 -62.681 26.396
v -61.425 -62.681 26.146
v -61.425 -62.681 26.646
v -61.425 -62.468 26.396
v -61.425 -62.893 26.396
f 1181 1177 1179
f 1181 1179 1178
f 1181 1178 1180
f 1181 1180 1177
f 1182 1179 1177
f 1182 1178 1179
f 1182 1180 1178
f 1182 1177 1180
v -109.458 -8.201 23.387
v -110.112 -8.201 23.387
v -109.785 -8.201 23.060
v -109.785 -8.201 23.714
v -109.785 -7.923 23.387
v -109.785 -8.479 23.387
f 1187 1183 1185
f 1187 1185 1184
f 1187 1184 1186
f 1187 1186 1183
f 1188 1185 1183
f 1188 1184 1185
f 1188 1186 1184
f 1188 1183 1186
v -25.781 -83.279 30.815
v -26.281 -83.279 30.815
v -26.031 -83.279 30.565
v -26.031 -83.279 31.065
v -26.031 -83.067 30.815
v -26.031 -83.492 30.815
f 1193 1189 1191
f 1193 1191 1190
f 1193 1190 1192
f 1193 1192 1189
f 1194 1191 1189
f 1194 1190 1191
f 1194 1192 1190
f 1194 1189 1192
v -49.494 -37.702 23.735
v -50.148 -37.702 23.735
v -49.821 -37.702 23.408
v -49.821 -37.702 24.062
v -49.821 -37.425 23.735
v -49.821 -37.980 23.735
f 1199 1195 1197
f 1199 1197 1196
f 1199 1196 1198
f 1199 1198 1195
f 1200 1197 1195
f 1200 1196 1197
f 1200 1198 1196
f 1200 1195 1198
v -65.325 -26.307 21.859
v -65.825 -26.307 21.859
v -65.575 -26.307 21.609
v -65.575 -26.307 22.109
v -65.575 -26.095 21.859
v -65.575 -26.520 21.859
f 1205 1201 1203
f 1205 1203 1202
f 1205 1202 1204
f 1205 1204 1201
f 1206 1203 1201
f 1206 1202 1203
f 1206 1204 1202
f 1206 1201 1204
v -5.137 -79.546 36.127
v -5.719 -79.546 36.127
v -5.428 -79.546 35.836
v -5.428 -79.546 36.418
v -5.428 -79.299 36.127
v -5.428 -79.793 36.127
f 1211 1207 1209
f 1211 1209 1208
f 1211 1208 1210
f 1211 1210 1207
f 1212 1209 1207
f 1212 1208 1209
f 1212 1210 1208
f 1212 1207 1210
v -12.067 -76.150 28.404
v -12.786 -76.150 28.404
v -12.426 -76.150 28.045
v -12.426 -76.150 28.764
v -12.426 -75.844 28.404
v -12.426 -76.455 28.404
f 1217 1213 1215
f 1217 1215 1214
f 1217 1214 1216
f 1217 1216 1213
f 1218 1215 1213
f 1218 1214 1215
f 1218 1216 1214
f 1218 1213 1216
v -35.614 -36.103 26.374
v -36.195 -36.103 26.374
v -35.905 -36.103 26.083
v -35.905 -36.103 26.665
v -35.905 -35.856 26.374
v -35.905 -36.350 26.374
f 1223 1219 1221
f 1223 1221 1220
f 1223 1220 1222
f 1223 1222 1219
f 1224 1221 1219
f 1224 1220 1221
f 1224 1222 1220
f 1224 1219 1222
v -66.367 -20.394 21.291
v -66.867 -20.394 21.291
v -66.617 -20.394 21.041
v -66.617 -20.394 21.541
v -66.617 -20.181 21.291
v -66.617 -20.606 21.291
f 1229 1225 1227
f 1229 1227 1226
f 1229 1226 1228
f 1229 1228 1225
f 1230 1227 1225
f 1230 1226 1227
f 1230 1228 1226
f 1230 1225 1228
v -65.819 -11.910 20.256
v -66.319 -11.910 20.256
v -66.069 -11.910 20.006
v -66.069 -11.910 20.506
v -66.069 -11.698 20.256
v -66.069 -12.123 20.256
f 1235 1231 1233
f 1235 1233 1232
f 1235 1232 1234
f 1235 1234 1231
f 1236 1233 1231
f 1236 1232 1233
f 1236 1234 1232
f 1236 1231 1234
v -15.749 -64.246 29.993
v -16.249 -64.246 29.993
v -15.999 -64.246 29.743
v -15.999 -64.246 30.243
v -15.999 -64.034 29.993
v -15.999 -64.459 29.993
f 1241 1237 1239
f 1241 1239 1238
f 1241 1238 1240
f 1241 1240 1237
f 1242 1239 1237
f 1242 1238 1239
f 1242 1240 1238
f 1242 1237 1240
v -24.461 -53.924 31.359
v -24.961 -53.924 31.359
v -24.711 -53.924 31.109
v -24.711 -53.924 31.609
v -24.711 -53.712 31.359
v -24.711 -54.137 31.359
f 1247 1243 1245
f 1247 1245 1244
f 1247 1244 1246
f 1247 1246 1243
f 1248 1245 1243
f 1248 1244 1245
f 1248 1246 1244
f 1248 1243 1246
v -21.025 -51.831 31.831
v -21.525 -51.831 31.831
v -21.275 -51.831 31.581
v -21.275 -51.831 32.081
v -21.275 -51.619 31.831
v -21.275 -52.044 31.831
f 1253 1249 1251
f 1253 1251 1250
f 1253 1250 1252
f 1253 1252 1249
f 1254 1251 1249
f 1254 1250 1251
f 1254 1252 1250
f 1254 1249 1252
v -32.528 -29.511 24.526
v -33.028 -29.511 24.526
v -32.778 -29.511 24.276
v -32.778 -29.511 24.776
v -32.778 -29.298 24.526
v -32.778 -29.723 24.526
f 1259 1255 1257
f 1259 1257 1256
f 1259 1256 1258
f 1259 1258 1255
f 1260 1257 1255
f 1260 1256 1257
f 1260 1258 1256
f 1260 1255 1258
v -30.291 -29.721 29.251
v -30.872 -29.721 29.251
v -30.581 -29.721 28.960
v -30.581 -29.721 29.542
v -30.581 -29.474 29.251
v -30.581 -29.968 29.251
f 1265 1261 1263
f 1265 1263 1262
f 1265 1262 1264
f 1265 1264 1261
f 1266 1263 1261
f 1266 1262 1263
f 1266 1264 1262
f 1266 1261 1264
v -63.353 -13.095 20.270
v -63.853 -13.095 20.270
v -63.603 -13.095 20.020
v -63.603 -13.095 20.520
v -63.603 -12.882 20.270
v -63.603 -13.307 20.270
f 1271 1267 1269
f 1271 1269 1268
f 1271 1268 1270
f 1271 1270 1267
f 1272 1269 1267
f 1272 1268 1269
f 1272 1270 1268
f 1272 1267 1270
v -57.927 -8.827 25.594
v -58.509 -8.827 25.594
v -58.218 -8.827 25.303
v -58.218 -8.827 25.885
v -58.218 -8.580 25.594
v -58.218 -9.074 25.594
f 1277 1273 1275
f 1277 1275 1274
f 1277 1274 1276
f 1277 1276 1273
f 1278 1275 1273
f 1278 1274 1275
f 1278 1276 1274
f 1278 1273 1276
v -95.803 23.469 25.877
v -96.384 23.469 25.877
v -96.093 23.469 25.586
v -96.093 23.469 26.168
v -96.093 23.716 25.877
v -96.093 23.222 25.877
f 1283 1279 1281
f 1283 1281 1280
f 1283 1280 1282
f 1283 1282 1279
f 1284 1281 1279
f 1284 1280 1281
f 1284 1282 1280
f 1284 1279 1282
v -98.999 24.632 24.835
v -99.499 24.632 24.835
v -99.249 24.632 24.585
v -99.249 24.632 25.085
v -99.249 24.845 24.835
v -99.249 24.420 24.835
f 1289 1285 1287
f 1289 1287 1286
f 1289 1286 1288
f 1289 1288 1285
f 1290 1287 1285
f 1290 1286 1287
f 1290 1288 1286
f 1290 1285 1288
v -2.344 -59.022 29.422
v -2.844 -59.022 29.422
v -2.594 -59.022 29.172
v -2.594 -59.022 29.672
v -2.594 -58.809 29.422
v -2.594 -59.234 29.422
f 1295 1291 1293
f 1295 1293 1292
f 1295 1292 1294
f 1295 1294 1291
f 1296 1293 1291
f 1296 1292 1293
f 1296 1294 1292
f 1296 1291 1294
v -19.868 -45.742 30.172
v -20.587 -45.742 30.172
v -20.228 -45.742 29.812
v -20.228 -45.742 30.531
v -20.228 -45.437 30.172
v -20.228 -46.048 30.172
f 1301 1297 1299
f 1301 1299 1298
f 1301 1298 1300
f 1301 1300 1297
f 1302 1299 1297
f 1302 1298 1299
f 1302 1300 1298
f 1302 1297 1300
v -18.220 -44.416 28.214
v -18.720 -44.416 28.214
v -18.470 -44.416 27.964
v -18.470 -44.416 28.464
v -18.470 -44.204 28.214
v -18.470 -44.629 28.214
f 1307 1303 1305
f 1307 1305 1304
f 1307 1304 1306
f 1307 1306 1303
f 1308 1305 1303
f 1308 1304 1305
f 1308 1306 1304
f 1308 1303 1306
v -27.703 -30.882 27.691
v -28.285 -30.882 27.691
v -27.994 -30.882 27.400
v -27.994 -30.882 27.982
v -27.994 -30.635 27.691
v -27.994 -31.129 27.691
f 1313 1309 1311
f 1313 1311 1310
f 1313 1310 1312
f 1313 1312 1309
f 1314 1311 1309
f 1314 1310 1311
f 1314 1312 1310
f 1314 1309 1312
v -28.879 -30.703 29.280
v -29.532 -30.703 29.280
v -29.206 -30.703 28.953
v -29.206 -30.703 29.607
v -29.206 -30.425 29.280
v -29.206 -30.981 29.280
f 1319 1315 1317
f 1319 1317 1316
f 1319 1316 1318
f 1319 1318 1315
f 1320 1317 1315
f 1320 1316 1317
f 1320 1318 1316
f 1320 1315 1318
v -24.190 -36.126 27.474
v -24.690 -36.126 27.474
v -24.440 -36.126 27.224
v -24.440 -36.126 27.724
v -24.440 -35.913 27.474
v -24.440 -36.338 27.474
f 1325 1321 1323
f 1325 1323 1322
f 1325 1322 1324
f 1325 1324 1321
f 1326 1323 1321
f 1326 1322 1323
f 1326 1324 1322
f 1326 1321 1324
v -30.531 -24.944 20.872
v -31.031 -24.944 20.872
v -30.781 -24.944 20.622
v -30.781 -24.944 21.122
v -30.781 -24.731 20.872
v -30.781 -25.156 20.872
f 1331 1327 1329
f 1331 1329 1328
f 1331 1328 1330
f 1331 1330 1327
f 1332 1329 1327
f 1332 1328 1329
f 1332 1330 1328
f 1332 1327 1330
v -29.210 -27.728 22.264
v -29.710 -27.728 22.264
v -29.460 -27.728 22.014
v -29.460 -27.728 22.514
v -29.460 -27.515 22.264
v -29.460 -27.940 22.264
f 1337 1333 1335
f 1337 1335 1334
f 1337 1334 1336
f 1337 1336 1333
f 1338 1335 1333
f 1338 1334 1335
f 1338 1336 1334
f 1338 1333 1336
v -43.294 -16.857 25.075
v -43.794 -16.857 25.075
v -43.544 -16.857 24.825
v -43.544 -16.857 25.325
v -43.544 -16.644 25.075
v -43.544 -17.069 25.075
f 1343 1339 1341
f 1343 1341 1340
f 1343 1340 1342
f 1343 1342 1339
f 1344 1341 1339
f 1344 1340 1341
f 1344 1342 1340
f 1344 1339 1342
v -51.115 -10.468 24.853
v -51.615 -10.468 24.853
v -51.365 -10.468 24.603
v -51.365 -10.468 25.103
v -51.365 -10.256 24.853
v -51.365 -10.681 24.853
f 1349 1345 1347
f 1349 1347 1346
f 1349 1346 1348
f 1349 1348 1345
f 1350 1347 1345
f 1350 1346 1347
f 1350 1348 1346
f 1350 1345 1348
v -40.632 -4.860 20.804
v -41.214 -4.860 20.804
v -40.923 -4.860 20.513
v -40.923 -4.860 21.095
v -40.923 -4.612 20.804
v -40.923 -5.107 20.804
f 1355 1351 1353
f 1355 1353 1352
f 1355 1352 1354
f 1355 1354 1351
f 1356 1353 1351
f 1356 1352 1353
f 1356 1354 1352
f 1356 1351 1354
v -52.039 -1.062 26.712
v -52.539 -1.062 26.712
v -52.289 -1.062 26.462
v -52.289 -1.062 26.962
v -52.289 -0.849 26.712
v -52.289 -1.274 26.712
f 1361 1357 1359
f 1361 1359 1358
f 1361 1358 1360
f 1361 1360 1357
f 1362 1359 1357
f 1362 1358 1359
f 1362 1360 1358
f 1362 1357 1360
v -79.890 19.281 25.763
v -80.472 19.281 25.763
v -80.181 19.281 25.472
v -80.181 19.281 26.054
v -80.181 19.528 25.763
v -80.181 19.034 25.763
f 1367 1363 1365
f 1367 1365 1364
f 1367 1364 1366
f 1367 1366 1363
f 1368 1365 1363
f 1368 1364 1365
f 1368 1366 1364
f 1368 1363 1366
v -94.642 34.618 16.086
v -95.361 34.618 16.086
v -95.001 34.618 15.726
v -95.001 34.618 16.445
v -95.001 34.924 16.086
v -95.001 34.313 16.086
f 1373 1369 1371
f 1373 1371 1370
f 1373 1370 1372
f 1373 1372 1369
f 1374 1371 1369
f 1374 1370 1371
f 1374 1372 1370
f 1374 1369 1372
v -95.217 28.546 22.926
v -95.717 28.546 22.926
v -95.467 28.546 22.676
v -95.467 28.546 23.176
v -95.467 28.758 22.926
v -95.467 28.333 22.926
f 1379 1375 1377
f 1379 1377 1376
f 1379 1376 1378
f 1379 1378 1375
f 1380 1377 1375
f 1380 1376 1377
f 1380 1378 1376
f 1380 1375 1378
v 44.111 -99.657 31.631
v 43.611 -99.657 31.631
v 43.861 -99.657 31.381
v 43.861 -99.657 31.881
v 43.861 -99.445 31.631
v 43.861 -99.870 31.631
f 1385 1381 1383
f 1385 1383 1382
f 1385 1382 1384
f 1385 1384 1381
f 1386 1383 1381
f 1386 1382 1383
f 1386 1384 1382
f 1386 1381 1384
v 2.936 -54.884 26.400
v 2.282 -54.884 26.400
v 2.609 -54.884 26.073
v 2.609 -54.884 26.727
v 2.609 -54.606 26.400
v 2.609 -55.162 26.400
f 1391 1387 1389
f 1391 1389 1388
f 1391 1388 1390
f 1391 1390 1387
f 1392 1389 1387
f 1392 1388 1389
f 1392 1390 1388
f 1392 1387 1390
v -2.533 -52.046 27.820
v -3.114 -52.046 27.820
v -2.824 -52.046 27.530
v -2.824 -52.046 28.111
v -2.824 -51.798 27.820
v -2.824 -52.293 27.820
f 1397 1393 1395
f 1397 1395 1394
f 1397 1394 1396
f 1397 1396 1393
f 1398 1395 1393
f 1398 1394 1395
f 1398 1396 1394
f 1398 1393 1396
v -12.503 -39.165 26.492
v -13.003 -39.165 26.492
v -12.753 -39.165 26.242
v -12.753 -39.165 26.742
v -12.753 -38.952 26.492
v -12.753 -39.377 26.492
f 1403 1399 1401
f 1403 1401 1400
f 1403 1400 1402
f 1403 1402 1399
f 1404 1401 1399
f 1404 1400 1401
f 1404 1402 1400
f 1404 1399 1402
v -29.086 -30.634 30.726
v -29.668 -30.634 30.726
v -29.377 -30.634 30.435
v -29.377 -30.634 31.016
v -29.377 -30.386 30.726
v -29.377 -30.881 30.726
f 1409 1405 1407
f 1409 1407 1406
f 1409 1406 1408
f 1409 1408 1405
f 1410 1407 1405
f 1410 1406 1407
f 1410 1408 1406
f 1410 1405 1408
v -31.861 -10.070 19.094
v -32.442 -10.070 19.094
v -32.151 -10.070 18.803
v -32.151 -10.070 19.385
v -32.151 -9.823 19.094
v -32.151 -10.317 19.094
f 1415 1411 1413
f 1415 1413 1412
f 1415 1412 1414
f 1415 1414 1411
f 1416 1413 1411
f 1416 1412 1413
f 1416 1414 1412
f 1416 1411 1414
v -38.737 -9.308 21.139
v -39.237 -9.308 21.139
v -38.987 -9.308 20.889
v -38.987 -9.308 21.389
v -38.987 -9.095 21.139
v -38.987 -9.520 21.139
f 1421 1417 1419
f 1421 1419 1418
f 1421 1418 1420
f 1421 1420 1417
f 1422 1419 1417
f 1422 1418 1419
f 1422 1420 1418
f 1422 1417 1420
v -38.502 -3.390 20.563
v -39.002 -3.390 20.563
v -38.752 -3.390 20.313
v -38.752 -3.390 20.813
v -38.752 -3.177 20.563
v -38.752 -3.602 20.563
f 1427 1423 1425
f 1427 1425 1424
f 1427 1424 1426
f 1427 1426 1423
f 1428 1425 1423
f 1428 1424 1425
f 1428 1426 1424
f 1428 1423 1426
v -43.126 -2.175 25.675
v -43.626 -2.175 25.675
v -43.376 -2.175 25.425
v -43.376 -2.175 25.925
v -43.376 -1.962 25.675
v -43.376 -2.387 25.675
f 1433 1429 1431
f 1433 1431 1430
f 1433 1430 1432
f 1433 1432 1429
f 1434 1431 1429
f 1434 1430 1431
f 1434 1432 1430
f 1434 1429 1432
v -49.922 6.679 22.379
v -50.576 6.679 22.379
v -50.249 6.679 22.052
v -50.249 6.679 22.706
v -50.249 6.957 22.379
v -50.249 6.402 22.379
f 1439 1435 1437
f 1439 1437 1436
f 1439 1436 1438
f 1439 1438 1435
f 1440 1437 1435
f 1440 1436 1437
f 1440 1438 1436
f 1440 1435 1438
v -52.645 13.727 18.644
v -53.145 13.727 18.644
v -52.895 13.727 18.394
v -52.895 13.727 18.894
v -52.895 13.939 18.644
v -52.895 13.514 18.644
f 1445 1441 1443
f 1445 1443 1442
f 1445 1442 1444
f 1445 1444 1441
f 1446 1443 1441
f 1446 1442 1443
f 1446 1444 1442
f 1446 1441 1444
v -87.395 34.044 20.107
v -87.895 34.044 20.107
v -87.645 34.044 19.857
v -87.645 34.044 20.357
v -87.645 34.256 20.107
v -87.645 33.831 20.107
f 1451 1447 1449
f 1451 1449 1448
f 1451 1448 1450
f 1451 1450 1447
f 1452 1449 1447
f 1452 1448 1449
f 1452 1450 1448
f 1452 1447 1450
v -94.291 47.024 21.371
v -94.873 47.024 21.371
v -94.582 47.024 21.080
v -94.582 47.024 21.662
v -94.582 47.272 21.371
v -94.582 46.777 21.371
f 1457 1453 1455
f 1457 1455 1454
f 1457 1454 1456
f 1457 1456 1453
f 1458 1455 1453
f 1458 1454 1455
f 1458 1456 1454
f 1458 1453 1456
v 19.304 -52.205 28.494
v 18.804 -52.205 28.494
v 19.054 -52.205 28.244
v 19.054 -52.205 28.744
v 19.054 -51.992 28.494
v 19.054 -52.417 28.494
f 1463 1459 1461
f 1463 1461 1460
f 1463 1460 1462
f 1463 1462 1459
f 1464 1461 1459
f 1464 1460 1461
f 1464 1462 1460
f 1464 1459 1462
v 1.662 -42.341 30.955
v 0.943 -42.341 30.955
v 1.302 -42.341 30.595
v 1.302 -42.341 31.314
v 1.302 -42.035 30.955
v 1.302 -42.646 30.955
f 1469 1465 1467
f 1469 1467 1466
f 1469 1466 1468
f 1469 1468 1465
f 1470 1467 1465
f 1470 1466 1467
f 1470 1468 1466
f 1470 1465 1468
v -11.911 -8.129 19.371
v -12.411 -8.129 19.371
v -12.161 -8.129 19.121
v -12.161 -8.129 19.621
v -12.161 -7.916 19.371
v -12.161 -8.341 19.371
f 1475 1471 1473
f 1475 1473 1472
f 1475 1472 1474
f 1475 1474 1471
f 1476 1473 1471
f 1476 1472 1473
f 1476 1474 1472
f 1476 1471 1474
v -11.212 -10.372 19.676
v -11.794 -10.372 19.676
v -11.503 -10.372 19.385
v -11.503 -10.372 19.967
v -11.503 -10.125 19.676
v -11.503 -10.619 19.676
f 1481 1477 1479
f 1481 1479 1478
f 1481 1478 1480
f 1481 1480 1477
f 1482 1479 1477
f 1482 1478 1479
f 1482 1480 1478
f 1482 1477 1480
v -27.274 -0.779 26.246
v -27.928 -0.779 26.246
v -27.601 -0.779 25.919
v -27.601 -0.779 26.573
v -27.601 -0.501 26.246
v -27.601 -1.057 26.246
f 1487 1483 1485
f 1487 1485 1484
f 1487 1484 1486
f 1487 1486 1483
f 1488 1485 1483
f 1488 1484 1485
f 1488 1486 1484
f 1488 1483 1486
v -43.182 11.642 24.124
v -43.682 11.642 24.124
v -43.432 11.642 23.874
v -43.432 11.642 24.374
v -43.432 11.854 24.124
v -43.432 11.429 24.124
f 1493 1489 1491
f 1493 1491 1490
f 1493 1490 1492
f 1493 1492 1489
f 1494 1491 1489
f 1494 1490 1491
f 1494 1492 1490
f 1494 1489 1492
v -38.646 13.699 23.835
v -39.146 13.699 23.835
v -38.896 13.699 23.585
v -38.896 13.699 24.085
v -38.896 13.911 23.835
v -38.896 13.486 23.835
f 1499 1495 1497
f 1499 1497 1496
f 1499 1496 1498
f 1499 1498 1495
f 1500 1497 1495
f 1500 1496 1497
f 1500 1498 1496
f 1500 1495 1498
v -93.818 51.404 21.554
v -94.318 51.404 21.554
v -94.068 51.404 21.304
v -94.068 51.404 21.804
v -94.068 51.616 21.554
v -94.068 51.191 21.554
f 1505 1501 1503
f 1505 1503 1502
f 1505 1502 1504
f 1505 1504 1501
f 1506 1503 1501
f 1506 1502 1503
f 1506 1504 1502
f 1506 1501 1504
v -89.825 54.651 22.919
v -90.325 54.651 22.919
v -90.075 54.651 22.669
v -90.075 54.651 23.169
v -90.075 54.863 22.919
v -90.075 54.438 22.919
f 1511 1507 1509
f 1511 1509 1508
f 1511 1508 1510
f 1511 1510 1507
f 1512 1509 1507
f 1512 1508 1509
f 1512 1510 1508
f 1512 1507 1510
v 24.197 -51.936 34.080
v 23.543 -51.936 34.080
v 23.870 -51.936 33.753
v 23.870 -51.936 34.407
v 23.870 -51.658 34.080
v 23.870 -52.214 34.080
f 1517 1513 1515
f 1517 1515 1514
f 1517 1514 1516
f 1517 1516 1513
f 1518 1515 1513
f 1518 1514 1515
f 1518 1516 1514
f 1518 1513 1516
v -9.746 -7.588 19.143
v -10.246 -7.588 19.143
v -9.996 -7.588 18.893
v -9.996 -7.588 19.393
v -9.996 -7.376 19.143
v -9.996 -7.801 19.143
f 1523 1519 1521
f 1523 1521 1520
f 1523 1520 1522
f 1523 1522 1519
f 1524 1521 1519
f 1524 1520 1521
f 1524 1522 1520
f 1524 1519 1522
v -9.550 -1.036 20.036
v -10.050 -1.036 20.036
v -9.800 -1.036 19.786
v -9.800 -1.036 20.286
v -9.800 -0.824 20.036
v -9.800 -1.249 20.036
f 1529 1525 1527
f 1529 1527 1526
f 1529 1526 1528
f 1529 1528 1525
f 1530 1527 1525
f 1530 1526 1527
f 1530 1528 1526
f 1530 1525 1528
v -9.386 -1.568 22.281
v -10.040 -1.568 22.281
v -9.713 -1.568 21.954
v -9.713 -1.568 22.608
v -9.713 -1.290 22.281
v -9.713 -1.846 22.281
f 1535 1531 1533
f 1535 1533 1532
f 1535 1532 1534
f 1535 1534 1531
f 1536 1533 1531
f 1536 1532 1533
f 1536 1534 1532
f 1536 1531 1534
v -5.802 -3.333 16.235
v -6.302 -3.333 16.235
v -6.052 -3.333 15.985
v -6.052 -3.333 16.485
v -6.052 -3.120 16.235
v -6.052 -3.545 16.235
f 1541 1537 1539
f 1541 1539 1538
f 1541 1538 1540
f 1541 1540 1537
f 1542 1539 1537
f 1542 1538 1539
f 1542 1540 1538
f 1542 1537 1540
v -21.876 1.588 27.310
v -22.530 1.588 27.310
v -22.203 1.588 26.983
v -22.203 1.588 27.637
v -22.203 1.866 27.310
v -22.203 1.310 27.310
f 1547 1543 1545
f 1547 1545 1544
f 1547 1544 1546
f 1547 1546 1543
f 1548 1545 1543
f 1548 1544 1545
f 1548 1546 1544
f 1548 1543 1546
v -27.442 12.664 20.378
v -28.096 12.664 20.378
v -27.769 12.664 20.051
v -27.769 12.664 20.705
v -27.769 12.942 20.378
v -27.769 12.386 20.378
f 1553 1549 1551
f 1553 1551 1550
f 1553 1550 1552
f 1553 1552 1549
f 1554 1551 1549
f 1554 1550 1551
f 1554 1552 1550
f 1554 1549 1552
v -21.911 10.504 17.040
v -22.411 10.504 17.040
v -22.161 10.504 16.790
v -22.161 10.504 17.290
v -22.161 10.717 17.040
v -22.161 10.292 17.040
f 1559 1555 1557
f 1559 1557 1556
f 1559 1556 1558
f 1559 1558 1555
f 1560 1557 1555
f 1560 1556 1557
f 1560 1558 1556
f 1560 1555 1558
v -36.028 14.448 23.501
v -36.528 14.448 23.501
v -36.278 14.448 23.251
v -36.278 14.448 23.751
v -36.278 14.661 23.501
v -36.278 14.236 23.501
f 1565 1561 1563
f 1565 1563 1562
f 1565 1562 1564
f 1565 1564 1561
f 1566 1563 1561
f 1566 1562 1563
f 1566 1564 1562
f 1566 1561 1564
v 30.348 -46.693 32.830
v 29.695 -46.693 32.830
v 30.022 -46.693 32.503
v 30.022 -46.693 33.157
v 30.022 -46.415 32.830
v 30.022 -46.971 32.830
f 1571 1567 1569
f 1571 1569 1568
f 1571 1568 1570
f 1571 1570 1567
f 1572 1569 1567
f 1572 1568 1569
f 1572 1570 1568
f 1572 1567 1570
v 23.327 -40.999 31.991
v 22.608 -40.999 31.991
v 22.968 -40.999 31.631
v 22.968 -40.999 32.350
v 22.968 -40.694 31.991
v 22.968 -41.305 31.991
f 1577 1573 1575
f 1577 1575 1574
f 1577 1574 1576
f 1577 1576 1573
f 1578 1575 1573
f 1578 1574 1575
f 1578 1576 1574
f 1578 1573 1576
v 25.245 -40.105 31.007
v 24.745 -40.105 31.007
v 24.995 -40.105 30.757
v 24.995 -40.105 31.257
v 24.995 -39.892 31.007
v 24.995 -40.317 31.007
f 1583 1579 1581
f 1583 1581 1580
f 1583 1580 1582
f 1583 1582 1579
f 1584 1581 1579
f 1584 1580 1581
f 1584 1582 1580
f 1584 1579 1582
v 33.345 -39.955 29.919
v 32.845 -39.955 29.919
v 33.095 -39.955 29.669
v 33.095 -39.955 30.169
v 33.095 -39.743 29.919
v 33.095 -40.168 29.919
f 1589 1585 1587
f 1589 1587 1586
f 1589 1586 1588
f 1589 1588 1585
f 1590 1587 1585
f 1590 1586 1587
f 1590 1588 1586
f 1590 1585 1588
v 18.730 -35.470 26.713
v 18.230 -35.470 26.713
v 18.480 -35.470 26.463
v 18.480 -35.470 26.963
v 18.480 -35.257 26.713
v 18.480 -35.682 26.713
f 1595 1591 1593
f 1595 1593 1592
f 1595 1592 1594
f 1595 1594 1591
f 1596 1593 1591
f 1596 1592 1593
f 1596 1594 1592
f 1596 1591 1594
v 12.906 -23.026 26.535
v 12.324 -23.026 26.535
v 12.615 -23.026 26.244
v 12.615 -23.026 26.826
v 12.615 -22.778 26.535
v 12.615 -23.273 26.535
f 1601 1597 1599
f 1601 1599 1598
f 1601 1598 1600
f 1601 1600 1597
f 1602 1599 1597
f 1602 1598 1599
f 1602 1600 1598
f 1602 1597 1600
v 1.220 -20.508 20.503
v 0.638 -20.508 20.503
v 0.929 -20.508 20.212
v 0.929 -20.508 20.794
v 0.929 -20.260 20.503
v 0.929 -20.755 20.503
f 1607 1603 1605
f 1607 1605 1604
f 1607 1604 1606
f 1607 1606 1603
f 1608 1605 1603
f 1608 1604 1605
f 1608 1606 1604
f 1608 1603 1606
v -3.215 -7.629 18.137
v -3.797 -7.629 18.137
v -3.506 -7.629 17.846
v -3.506 -7.629 18.428
v -3.506 -7.382 18.137
v -3.506 -7.877 18.137
f 1613 1609 1611
f 1613 1611 1610
f 1613 1610 1612
f 1613 1612 1609
f 1614 1611 1609
f 1614 1610 1611
f 1614 1612 1610
f 1614 1609 1612
v -2.061 -7.628 18.909
v -2.561 -7.628 18.909
v -2.311 -7.628 18.659
v -2.311 -7.628 19.159
v -2.311 -7.416 18.909
v -2.311 -7.841 18.909
f 1619 1615 1617
f 1619 1617 1616
f 1619 1616 1618
f 1619 1618 1615
f 1620 1617 1615
f 1620 1616 1617
f 1620 1618 1616
f 1620 1615 1618
v -12.132 10.469 18.122
v -12.786 10.469 18.122
v -12.459 10.469 17.795
v -12.459 10.469 18.449
v -12.459 10.747 18.122
v -12.459 10.191 18.122
f 1625 1621 1623
f 1625 1623 1622
f 1625 1622 1624
f 1625 1624 1621
f 1626 1623 1621
f 1626 1622 1623
f 1626 1624 1622
f 1626 1621 1624
v -9.981 9.117 17.951
v -10.562 9.117 17.951
v -10.272 9.117 17.660
v -10.272 9.117 18.242
v -10.272 9.365 17.951
v -10.272 8.870 17.951
f 1631 1627 1629
f 1631 1629 1628
f 1631 1628 1630
f 1631 1630 1627
f 1632 1629 1627
f 1632 1628 1629
f 1632 1630 1628
f 1632 1627 1630
v -21.002 15.447 16.531
v -21.502 15.447 16.531
v -21.252 15.447 16.281
v -21.252 15.447 16.781
v -21.252 15.660 16.531
v -21.252 15.235 16.531
f 1637 1633 1635
f 1637 1635 1634
f 1637 1634 1636
f 1637 1636 1633
f 1638 1635 1633
f 1638 1634 1635
f 1638 1636 1634
f 1638 1633 1636
v -26.406 16.229 21.921
v -26.906 16.229 21.921
v -26.656 16.229 21.671
v -26.656 16.229 22.171
v -26.656 16.441 21.921
v -26.656 16.016 21.921
f 1643 1639 1641
f 1643 1641 1640
f 1643 1640 1642
f 1643 1642 1639
f 1644 1641 1639
f 1644 1640 1641
f 1644 1642 1640
f 1644 1639 1642
v 38.144 -43.045 29.227
v 37.562 -43.045 29.227
v 37.853 -43.045 28.936
v 37.853 -43.045 29.518
v 37.853 -42.798 29.227
v 37.853 -43.292 29.227
f 1649 1645 1647
f 1649 1647 1646
f 1649 1646 1648
f 1649 1648 1645
f 1650 1647 1645
f 1650 1646 1647
f 1650 1648 1646
f 1650 1645 1648
v 35.148 -35.707 24.868
v 34.567 -35.707 24.868
v 34.857 -35.707 24.577
v 34.857 -35.707 25.159
v 34.857 -35.460 24.868
v 34.857 -35.954 24.868
f 1655 1651 1653
f 1655 1653 1652
f 1655 1652 1654
f 1655 1654 1651
f 1656 1653 1651
f 1656 1652 1653
f 1656 1654 1652
f 1656 1651 1654
v 34.038 -32.980 25.779
v 33.538 -32.980 25.779
v 33.788 -32.980 25.529
v 33.788 -32.980 26.029
v 33.788 -32.768 25.779
v 33.788 -33.193 25.779
f 1661 1657 1659
f 1661 1659 1658
f 1661 1658 1660
f 1661 1660 1657
f 1662 1659 1657
f 1662 1658 1659
f 1662 1660 1658
f 1662 1657 1660
v 35.490 -30.315 28.067
v 34.990 -30.315 28.067
v 35.240 -30.315 27.817
v 35.240 -30.315 28.317
v 35.240 -30.102 28.067
v 35.240 -30.527 28.067
f 1667 1663 1665
f 1667 1665 1664
f 1667 1664 1666
f 1667 1666 1663
f 1668 1665 1663
f 1668 1664 1665
f 1668 1666 1664
f 1668 1663 1666
v 34.018 -28.449 29.389
v 33.518 -28.449 29.389
v 33.768 -28.449 29.139
v 33.768 -28.449 29.639
v 33.768 -28.237 29.389
v 33.768 -28.662 29.389
f 1673 1669 1671
f 1673 1671 1670
f 1673 1670 1672
f 1673 1672 1669
f 1674 1671 1669
f 1674 1670 1671
f 1674 1672 1670
f 1674 1669 1672
v 12.914 -13.874 20.764
v 12.414 -13.874 20.764
v 12.664 -13.874 20.514
v 12.664 -13.874 21.014
v 12.664 -13.662 20.764
v 12.664 -14.087 20.764
f 1679 1675 1677
f 1679 1677 1676
f 1679 1676 1678
f 1679 1678 1675
f 1680 1677 1675
f 1680 1676 1677
f 1680 1678 1676
f 1680 1675 1678
v 1.912 -2.975 24.476
v 1.412 -2.975 24.476
v 1.662 -2.975 24.226
v 1.662 -2.975 24.726
v 1.662 -2.762 24.476
v 1.662 -3.187 24.476
f 1685 1681 1683
f 1685 1683 1682
f 1685 1682 1684
f 1685 1684 1681
f 1686 1683 1681
f 1686 1682 1683
f 1686 1684 1682
f 1686 1681 1684
v -8.348 13.000 27.019
v -8.848 13.000 27.019
v -8.598 13.000 26.769
v -8.598 13.000 27.269
v -8.598 13.212 27.019
v -8.598 12.787 27.019
f 1691 1687 1689
f 1691 1689 1688
f 1691 1688 1690
f 1691 1690 1687
f 1692 1689 1687
f 1692 1688 1689
f 1692 1690 1688
f 1692 1687 1690
v -23.519 34.794 31.337
v -24.173 34.794 31.337
v -23.846 34.794 31.010
v -23.846 34.794 31.664
v -23.846 35.072 31.337
v -23.846 34.516 31.337
f 1697 1693 1695
f 1697 1695 1694
f 1697 1694 1696
f 1697 1696 1693
f 1698 1695 1693
f 1698 1694 1695
f 1698 1696 1694
f 1698 1693 1696
v -68.041 74.920 23.406
v -68.541 74.920 23.406
v -68.291 74.920 23.156
v -68.291 74.920 23.656
v -68.291 75.133 23.406
v -68.291 74.708 23.406
f 1703 1699 1701
f 1703 1701 1700
f 1703 1700 1702
f 1703 1702 1699
f 1704 1701 1699
f 1704 1700 1701
f 1704 1702 1700
f 1704 1699 1702
v -74.100 79.581 28.928
v -74.682 79.581 28.928
v -74.391 79.581 28.637
v -74.391 79.581 29.219
v -74.391 79.828 28.928
v -74.391 79.334 28.928
f 1709 1705 1707
f 1709 1707 1706
f 1709 1706 1708
f 1709 1708 1705
f 1710 1707 1705
f 1710 1706 1707
f 1710 1708 1706
f 1710 1705 1708
v -71.658 81.307 26.212
v -72.312 81.307 26.212
v -71.985 81.307 25.885
v -71.985 81.307 26.539
v -71.985 81.585 26.212
v -71.985 81.029 26.212
f 1715 1711 1713
f 1715 1713 1712
f 1715 1712 1714
f 1715 1714 1711
f 1716 1713 1711
f 1716 1712 1713
f 1716 1714 1712
f 1716 1711 1714
v -77.397 82.310 25.388
v -78.116 82.310 25.388
v -77.756 82.310 25.029
v -77.756 82.310 25.748
v -77.756 82.616 25.388
v -77.756 82.004 25.388
f 1721 1717 1719
f 1721 1719 1718
f 1721 1718 1720
f 1721 1720 1717
f 1722 1719 1717
f 1722 1718 1719
f 1722 1720 1718
f 1722 1717 1720
v -72.953 80.979 28.450
v -73.453 80.979 28.450
v -73.203 80.979 28.200
v -73.203 80.979 28.700
v -73.203 81.192 28.450
v -73.203 80.767 28.450
f 1727 1723 1725
f 1727 1725 1724
f 1727 1724 1726
f 1727 1726 1723
f 1728 1725 1723
f 1728 1724 1725
f 1728 1726 1724
f 1728 1723 1726
v 68.868 -58.514 37.478
v 68.368 -58.514 37.478
v 68.618 -58.514 37.228
v 68.618 -58.514 37.728
v 68.618 -58.302 37.478
v 68.618 -58.727 37.478
f 1733 1729 1731
f 1733 1731 1730
f 1733 1730 1732
f 1733 1732 1729
f 1734 1731 1729
f 1734 1730 1731
f 1734 1732 1730
f 1734 1729 1732
v 6.285 16.710 40.898
v 5.566 16.710 40.898
v 5.925 16.710 40.538
v 5.925 16.710 41.257
v 5.925 17.015 40.898
v 5.925 16.404 40.898
f 1739 1735 1737
f 1739 1737 1736
f 1739 1736 1738
f 1739 1738 1735
f 1740 1737 1735
f 1740 1736 1737
f 1740 1738 1736
f 1740 1735 1738
v -44.130 62.357 25.532
v -44.784 62.357 25.532
v -44.457 62.357 25.205
v -44.457 62.357 25.859
v -44.457 62.635 25.532
v -44.457 62.079 25.532
f 1745 1741 1743
f 1745 1743 1742
f 1745 1742 1744
f 1745 1744 1741
f 1746 1743 1741
f 1746 1742 1743
f 1746 1744 1742
f 1746 1741 1744
v -57.090 76.561 22.707
v -57.744 76.561 22.707
v -57.417 76.561 22.380
v -57.417 76.561 23.034
v -57.417 76.839 22.707
v -57.417 76.283 22.707
f 1751 1747 1749
f 1751 1749 1748
f 1751 1748 1750
f 1751 1750 1747
f 1752 1749 1747
f 1752 1748 1749
f 1752 1750 1748
f 1752 1747 1750
v -55.429 76.876 24.109
v -56.011 76.876 24.109
v -55.720 76.876 23.818
v -55.720 76.876 24.400
v -55.720 77.124 24.109
v -55.720 76.629 24.109
f 1757 1753 1755
f 1757 1755 1754
f 1757 1754 1756
f 1757 1756 1753
f 1758 1755 1753
f 1758 1754 1755
f 1758 1756 1754
f 1758 1753 1756
v 61.750 -37.544 34.069
v 61.169 -37.544 34.069
v 61.459 -37.544 33.778
v 61.459 -37.544 34.360
v 61.459 -37.296 34.069
v 61.459 -37.791 34.069
f 1763 1759 1761
f 1763 1761 1760
f 1763 1760 1762
f 1763 1762 1759
f 1764 1761 1759
f 1764 1760 1761
f 1764 1762 1760
f 1764 1759 1762
v 62.366 -33.753 38.667
v 61.647 -33.753 38.667
v 62.006 -33.753 38.308
v 62.006 -33.753 39.027
v 62.006 -33.447 38.667
v 62.006 -34.058 38.667
f 1769 1765 1767
f 1769 1767 1766
f 1769 1766 1768
f 1769 1768 1765
f 1770 1767 1765
f 1770 1766 1767
f 1770 1768 1766
f 1770 1765 1768
v 36.634 -16.143 37.157
v 36.134 -16.143 37.157
v 36.384 -16.143 36.907
v 36.384 -16.143 37.407
v 36.384 -15.930 37.157
v 36.384 -16.355 37.157
f 1775 1771 1773
f 1775 1773 1772
f 1775 1772 1774
f 1775 1774 1771
f 1776 1773 1771
f 1776 1772 1773
f 1776 1774 1772
f 1776 1771 1774
v 27.060 -4.126 30.097
v 26.406 -4.126 30.097
v 26.733 -4.126 29.770
v 26.733 -4.126 30.424
v 26.733 -3.848 30.097
v 26.733 -4.404 30.097
f 1781 1777 1779
f 1781 1779 1778
f 1781 1778 1780
f 1781 1780 1777
f 1782 1779 1777
f 1782 1778 1779
f 1782 1780 1778
f 1782 1777 1780
v 26.727 3.555 37.376
v 26.145 3.555 37.376
v 26.436 3.555 37.085
v 26.436 3.555 37.667
v 26.436 3.802 37.376
v 26.436 3.307 37.376
f 1787 1783 1785
f 1787 1785 1784
f 1787 1784 1786
f 1787 1786 1783
f 1788 1785 1783
f 1788 1784 1785
f 1788 1786 1784
f 1788 1783 1786
v 28.685 3.889 37.234
v 28.103 3.889 37.234
v 28.394 3.889 36.943
v 28.394 3.889 37.525
v 28.394 4.137 37.234
v 28.394 3.642 37.234
f 1793 1789 1791
f 1793 1791 1790
f 1793 1790 1792
f 1793 1792 1789
f 1794 1791 1789
f 1794 1790 1791
f 1794 1792 1790
f 1794 1789 1792
v 30.620 3.684 37.252
v 30.038 3.684 37.252
v 30.329 3.684 36.961
v 30.329 3.684 37.543
v 30.329 3.931 37.252
v 30.329 3.436 37.252
f 1799 1795 1797
f 1799 1797 1796
f 1799 1796 1798
f 1799 1798 1795
f 1800 1797 1795
f 1800 1796 1797
f 1800 1798 1796
f 1800 1795 1798
v 32.608 -0.372 32.577
v 32.108 -0.372 32.577
v 32.358 -0.372 32.327
v 32.358 -0.372 32.827
v 32.358 -0.159 32.577
v 32.358 -0.584 32.577
f 1805 1801 1803
f 1805 1803 1802
f 1805 1802 1804
f 1805 1804 1801
f 1806 1803 1801
f 1806 1802 1803
f 1806 1804 1802
f 1806 1801 1804
v 10.579 10.224 31.413
v 9.925 10.224 31.413
v 10.252 10.224 31.086
v 10.252 10.224 31.740
v 10.252 10.502 31.413
v 10.252 9.946 31.413
f 1811 1807 1809
f 1811 1809 1808
f 1811 1808 1810
f 1811 1810 1807
f 1812 1809 1807
f 1812 1808 1809
f 1812 1810 1808
f 1812 1807 1810
v -53.981 88.937 24.932
v -54.481 88.937 24.932
v -54.231 88.937 24.682
v -54.231 88.937 25.182
v -54.231 89.150 24.932
v -54.231 88.725 24.932
f 1817 1813 1815
f 1817 1815 1814
f 1817 1814 1816
f 1817 1816 1813
f 1818 1815 1813
f 1818 1814 1815
f 1818 1816 1814
f 1818 1813 1816
v -54.291 92.901 25.860
v -54.873 92.901 25.860
v -54.582 92.901 25.569
v -54.582 92.901 26.151
v -54.582 93.148 25.860
v -54.582 92.654 25.860
f 1823 1819 1821
f 1823 1821 1820
f 1823 1820 1822
f 1823 1822 1819
f 1824 1821 1819
f 1824 1820 1821
f 1824 1822 1820
f 1824 1819 1822
v -62.384 98.176 27.442
v -62.884 98.176 27.442
v -62.634 98.176 27.192
v -62.634 98.176 27.692
v -62.634 98.389 27.442
v -62.634 97.964 27.442
f 1829 1825 1827
f 1829 1827 1826
f 1829 1826 1828
f 1829 1828 1825
f 1830 1827 1825
f 1830 1826 1827
f 1830 1828 1826
f 1830 1825 1828
v 46.024 -5.554 32.187
v 45.524 -5.554 32.187
v 45.774 -5.554 31.937
v 45.774 -5.554 32.437
v 45.774 -5.342 32.187
v 45.774 -5.767 32.187
f 1835 1831 1833
f 1835 1833 1832
f 1835 1832 1834
f 1835 1834 1831
f 1836 1833 1831
f 1836 1832 1833
f 1836 1834 1832
f 1836 1831 1834
v 22.446 12.820 31.859
v 21.946 12.820 31.859
v 22.196 12.820 31.609
v 22.196 12.820 32.109
v 22.196 13.032 31.859
v 22.196 12.607 31.859
f 1841 1837 1839
f 1841 1839 1838
f 1841 1838 1840
f 1841 1840 1837
f 1842 1839 1837
f 1842 1838 1839
f 1842 1840 1838
f 1842 1837 1840
v -27.899 83.003 28.684
v -28.480 83.003 28.684
v -28.190 83.003 28.393
v -28.190 83.003 28.975
v -28.190 83.250 28.684
v -28.190 82.756 28.684
f 1847 1843 1845
f 1847 1845 1844
f 1847 1844 1846
f 1847 1846 1843
f 1848 1845 1843
f 1848 1844 1845
f 1848 1846 1844
f 1848 1843 1846
v -47.431 100.191 25.542
v -48.013 100.191 25.542
v -47.722 100.191 25.251
v -47.722 100.191 25.833
v -47.722 100.438 25.542
v -47.722 99.943 25.542
f 1853 1849 1851
f 1853 1851 1850
f 1853 1850 1852
f 1853 1852 1849
f 1854 1851 1849
f 1854 1850 1851
f 1854 1852 1850
f 1854 1849 1852
v -10.592 77.194 26.741
v -11.092 77.194 26.741
v -10.842 77.194 26.491
v -10.842 77.194 26.991
v -10.842 77.407 26.741
v -10.842 76.982 26.741
f 1859 1855 1857
f 1859 1857 1856
f 1859 1856 1858
f 1859 1858 1855
f 1860 1857 1855
f 1860 1856 1857
f 1860 1858 1856
f 1860 1855 1858
v -26.300 85.254 23.484
v -26.800 85.254 23.484
v -26.550 85.254 23.234
v -26.550 85.254 23.734
v -26.550 85.466 23.484
v -26.550 85.041 23.484
f 1865 1861 1863
f 1865 1863 1862
f 1865 1862 1864
f 1865 1864 1861
f 1866 1863 1861
f 1866 1862 1863
f 1866 1864 1862
f 1866 1861 1864
v -27.210 84.962 26.733
v -27.710 84.962 26.733
v -27.460 84.962 26.483
v -27.460 84.962 26.983
v -27.460 85.174 26.733
v -27.460 84.749 26.733
f 1871 1867 1869
f 1871 1869 1868
f 1871 1868 1870
f 1871 1870 1867
f 1872 1869 1867
f 1872 1868 1869
f 1872 1870 1868
f 1872 1867 1870
v -25.360 81.718 28.533
v -26.014 81.718 28.533
v -25.687 81.718 28.206
v -25.687 81.718 28.860
v -25.687 81.996 28.533
v -25.687 81.441 28.533
f 1877 1873 1875
f 1877 1875 1874
f 1877 1874 1876
f 1877 1876 1873
f 1878 1875 1873
f 1878 1874 1875
f 1878 1876 1874
f 1878 1873 1876
v -48.178 104.077 24.789
v -48.678 104.077 24.789
v -48.428 104.077 24.539
v -48.428 104.077 25.039
v -48.428 104.289 24.789
v -48.428 103.864 24.789
f 1883 1879 1881
f 1883 1881 1880
f 1883 1880 1882
f 1883 1882 1879
f 1884 1881 1879
f 1884 1880 1881
f 1884 1882 1880
f 1884 1879 1882
v 64.174 -0.546 35.474
v 63.674 -0.546 35.474
v 63.924 -0.546 35.224
v 63.924 -0.546 35.724
v 63.924 -0.333 35.474
v 63.924 -0.758 35.474
f 1889 1885 1887
f 1889 1887 1886
f 1889 1886 1888
f 1889 1888 1885
f 1890 1887 1885
f 1890 1886 1887
f 1890 1888 1886
f 1890 1885 1888
v -2.698 81.768 24.881
v -3.198 81.768 24.881
v -2.948 81.768 24.631
v -2.948 81.768 25.131
v -2.948 81.980 24.881
v -2.948 81.555 24.881
f 1895 1891 1893
f 1895 1893 1892
f 1895 1892 1894
f 1895 1894 1891
f 1896 1893 1891
f 1896 1892 1893
f 1896 1894 1892
f 1896 1891 1894
v -15.927 87.968 25.374
v -16.427 87.968 25.374
v -16.177 87.968 25.124
v -16.177 87.968 25.624
v -16.177 88.181 25.374
v -16.177 87.756 25.374
f 1901 1897 1899
f 1901 1899 1898
f 1901 1898 1900
f 1901 1900 1897
f 1902 1899 1897
f 1902 1898 1899
f 1902 1900 1898
f 1902 1897 1900
v 10.083 85.320 27.644
v 9.502 85.320 27.644
v 9.792 85.320 27.353
v 9.792 85.320 27.935
v 9.792 85.567 27.644
v 9.792 85.072 27.644
f 1907 1903 1905
f 1907 1905 1904
f 1907 1904 1906
f 1907 1906 1903
f 1908 1905 1903
f 1908 1904 1905
f 1908 1906 1904
f 1908 1903 1906
v 42.406 77.972 27.690
v 41.906 77.972 27.690
v 42.156 77.972 27.440
v 42.156 77.972 27.940
v 42.156 78.185 27.690
v 42.156 77.760 27.690
f 1913 1909 1911
f 1913 1911 1910
f 1913 1910 1912
f 1913 1912 1909
f 1914 1911 1909
f 1914 1910 1911
f 1914 1912 1910
f 1914 1909 1912
v 23.959 90.193 20.544
v 23.459 90.193 20.544
v 23.709 90.193 20.294
v 23.709 90.193 20.794
v 23.709 90.405 20.544
v 23.709 89.980 20.544
f 1919 1915 1917
f 1919 1917 1916
f 1919 1916 1918
f 1919 1918 1915
f 1920 1917 1915
f 1920 1916 1917
f 1920 1918 1916
f 1920 1915 1918
v 62.880 75.373 21.879
v 62.380 75.373 21.879
v 62.630 75.373 21.629
v 62.630 75.373 22.129
v 62.630 75.586 21.879
v 62.630 75.161 21.879
f 1925 1921 1923
f 1925 1923 1922
f 1925 1922 1924
f 1925 1924 1921
f 1926 1923 1921
f 1926 1922 1923
f 1926 1924 1922
f 1926 1921 1924
v 35.214 101.868 25.822
v 34.714 101.868 25.822
v 34.964 101.868 25.572
v 34.964 101.868 26.072
v 34.964 102.080 25.822
v 34.964 101.655 25.822
f 1931 1927 1929
f 1931 1929 1928
f 1931 1928 1930
f 1931 1930 1927
f 1932 1929 1927
f 1932 1928 1929
f 1932 1930 1928
f 1932 1927 1930
v -74.080 -83.527 42.886
v -74.580 -83.527 42.886
v -74.330 -83.527 42.636
v -74.330 -83.527 43.136
v -74.330 -83.314 42.886
v -74.330 -83.739 42.886
f 1937 1933 1935
f 1937 1935 1934
f 1937 1934 1936
f 1937 1936 1933
f 1938 1935 1933
f 1938 1934 1935
f 1938 1936 1934
f 1938 1933 1936
v -103.999 -29.411 33.524
v -104.580 -29.411 33.524
v -104.290 -29.411 33.233
v -104.290 -29.411 33.815
v -104.290 -29.164 33.524
v -104.290 -29.658 33.524
f 1943 1939 1941
f 1943 1941 1940
f 1943 1940 1942
f 1943 1942 1939
f 1944 1941 1939
f 1944 1940 1941
f 1944 1942 1940
f 1944 1939 1942
v -78.487 -20.283 31.865
v -78.987 -20.283 31.865
v -78.737 -20.283 31.615
v -78.737 -20.283 32.115
v -78.737 -20.070 31.865
v -78.737 -20.495 31.865
f 1949 1945 1947
f 1949 1947 1946
f 1949 1946 1948
f 1949 1948 1945
f 1950 1947 1945
f 1950 1946 1947
f 1950 1948 1946
f 1950 1945 1948
v -35.825 -35.845 33.268
v -36.406 -35.845 33.268
v -36.116 -35.845 32.978
v -36.116 -35.845 33.559
v -36.116 -35.597 33.268
v -36.116 -36.092 33.268
f 1955 1951 1953
f 1955 1953 1952
f 1955 1952 1954
f 1955 1954 1951
f 1956 1953 1951
f 1956 1952 1953
f 1956 1954 1952
f 1956 1951 1954
v -11.706 -66.956 42.430
v -12.206 -66.956 42.430
v -11.956 -66.956 42.180
v -11.956 -66.956 42.680
v -11.956 -66.743 42.430
v -11.956 -67.168 42.430
f 1961 1957 1959
f 1961 1959 1958
f 1961 1958 1960
f 1961 1960 1957
f 1962 1959 1957
f 1962 1958 1959
f 1962 1960 1958
f 1962 1957 1960
v -19.699 -57.718 43.014
v -20.418 -57.718 43.014
v -20.059 -57.718 42.654
v -20.059 -57.718 43.374
v -20.059 -57.413 43.014
v -20.059 -58.024 43.014
f 1967 1963 1965
f 1967 1965 1964
f 1967 1964 1966
f 1967 1966 1963
f 1968 1965 1963
f 1968 1964 1965
f 1968 1966 1964
f 1968 1963 1966
v -32.213 -28.494 30.308
v -32.713 -28.494 30.308
v -32.463 -28.494 30.058
v -32.463 -28.494 30.558
v -32.463 -28.282 30.308
v -32.463 -28.707 30.308
f 1973 1969 1971
f 1973 1971 1970
f 1973 1970 1972
f 1973 1972 1969
f 1974 1971 1969
f 1974 1970 1971
f 1974 1972 1970
f 1974 1969 1972
v -30.018 -29.826 32.971
v -30.600 -29.826 32.971
v -30.309 -29.826 32.680
v -30.309 -29.826 33.262
v -30.309 -29.579 32.971
v -30.309 -30.074 32.971
f 1979 1975 1977
f 1979 1977 1976
f 1979 1976 1978
f 1979 1978 1975
f 1980 1977 1975
f 1980 1976 1977
f 1980 1978 1976
f 1980 1975 1978
v -56.990 -9.171 30.858
v -57.490 -9.171 30.858
v -57.240 -9.171 30.608
v -57.240 -9.171 31.108
v -57.240 -8.958 30.858
v -57.240 -9.383 30.858
f 1985 1981 1983
f 1985 1983 1982
f 1985 1982 1984
f 1985 1984 1981
f 1986 1983 1981
f 1986 1982 1983
f 1986 1984 1982
f 1986 1981 1984
v -58.698 -8.205 38.664
v -59.198 -8.205 38.664
v -58.948 -8.205 38.414
v -58.948 -8.205 38.914
v -58.948 -7.993 38.664
v -58.948 -8.418 38.664
f 1991 1987 1989
f 1991 1989 1988
f 1991 1988 1990
f 1991 1990 1987
f 1992 1989 1987
f 1992 1988 1989
f 1992 1990 1988
f 1992 1987 1990
v -95.866 22.969 31.135
v -96.585 22.969 31.135
v -96.225 22.969 30.776
v -96.225 22.969 31.495
v -96.225 23.275 31.135
v -96.225 22.664 31.135
f 1997 1993 1995
f 1997 1995 1994
f 1997 1994 1996
f 1997 1996 1993
f 1998 1995 1993
f 1998 1994 1995
f 1998 1996 1994
f 1998 1993 1996
v -4.304 -54.525 42.932
v -4.804 -54.525 42.932
v -4.554 -54.525 42.682
v -4.554 -54.525 43.182
v -4.554 -54.313 42.932
v -4.554 -54.738 42.932
f 2003 1999 2001
f 2003 2001 2000
f 2003 2000 2002
f 2003 2002 1999
f 2004 2001 1999
f 2004 2000 2001
f 2004 2002 2000
f 2004 1999 2002
v -11.346 -45.792 40.305
v -11.846 -45.792 40.305
v -11.596 -45.792 40.055
v -11.596 -45.792 40.555
v -11.596 -45.580 40.305
v -11.596 -46.005 40.305
f 2009 2005 2007
f 2009 2007 2006
f 2009 2006 2008
f 2009 2008 2005
f 2010 2007 2005
f 2010 2006 2007
f 2010 2008 2006
f 2010 2005 2008
v -28.222 -25.429 33.425
v -28.722 -25.429 33.425
v -28.472 -25.429 33.175
v -28.472 -25.429 33.675
v -28.472 -25.216 33.425
v -28.472 -25.641 33.425
f 2015 2011 2013
f 2015 2013 2012
f 2015 2012 2014
f 2015 2014 2011
f 2016 2013 2011
f 2016 2012 2013
f 2016 2014 2012
f 2016 2011 2014
v -52.750 -3.747 31.953
v -53.250 -3.747 31.953
v -53.000 -3.747 31.703
v -53.000 -3.747 32.203
v -53.000 -3.534 31.953
v -53.000 -3.959 31.953
f 2021 2017 2019
f 2021 2019 2018
f 2021 2018 2020
f 2021 2020 2017
f 2022 2019 2017
f 2022 2018 2019
f 2022 2020 2018
f 2022 2017 2020
v 49.786 -93.150 44.059
v 49.204 -93.150 44.059
v 49.495 -93.150 43.768
v 49.495 -93.150 44.350
v 49.495 -92.903 44.059
v 49.495 -93.398 44.059
f 2027 2023 2025
f 2027 2025 2024
f 2027 2024 2026
f 2027 2026 2023
f 2028 2025 2023
f 2028 2024 2025
f 2028 2026 2024
f 2028 2023 2026
v -13.459 -42.076 37.323
v -13.959 -42.076 37.323
v -13.709 -42.076 37.073
v -13.709 -42.076 37.573
v -13.709 -41.863 37.323
v -13.709 -42.288 37.323
f 2033 2029 2031
f 2033 2031 2030
f 2033 2030 2032
f 2033 2032 2029
f 2034 2031 2029
f 2034 2030 2031
f 2034 2032 2030
f 2034 2029 2032
v -26.778 -29.771 30.541
v -27.278 -29.771 30.541
v -27.028 -29.771 30.291
v -27.028 -29.771 30.791
v -27.028 -29.558 30.541
v -27.028 -29.983 30.541
f 2039 2035 2037
f 2039 2037 2036
f 2039 2036 2038
f 2039 2038 2035
f 2040 2037 2035
f 2040 2036 2037
f 2040 2038 2036
f 2040 2035 2038
v -50.428 2.270 36.600
v -51.082 2.270 36.600
v -50.755 2.270 36.274
v -50.755 2.270 36.927
v -50.755 2.548 36.600
v -50.755 1.993 36.600
f 2045 2041 2043
f 2045 2043 2042
f 2045 2042 2044
f 2045 2044 2041
f 2046 2043 2041
f 2046 2042 2043
f 2046 2044 2042
f 2046 2041 2044
v -75.261 26.265 30.750
v -75.915 26.265 30.750
v -75.588 26.265 30.423
v -75.588 26.265 31.077
v -75.588 26.543 30.750
v -75.588 25.987 30.750
f 2051 2047 2049
f 2051 2049 2048
f 2051 2048 2050
f 2051 2050 2047
f 2052 2049 2047
f 2052 2048 2049
f 2052 2050 2048
f 2052 2047 2050
v -70.376 30.503 27.188
v -70.958 30.503 27.188
v -70.667 30.503 26.897
v -70.667 30.503 27.479
v -70.667 30.750 27.188
v -70.667 30.256 27.188
f 2057 2053 2055
f 2057 2055 2054
f 2057 2054 2056
f 2057 2056 2053
f 2058 2055 2053
f 2058 2054 2055
f 2058 2056 2054
f 2058 2053 2056
v -89.765 46.008 24.855
v -90.346 46.008 24.855
v -90.055 46.008 24.564
v -90.055 46.008 25.145
v -90.055 46.256 24.855
v -90.055 45.761 24.855
f 2063 2059 2061
f 2063 2061 2060
f 2063 2060 2062
f 2063 2062 2059
f 2064 2061 2059
f 2064 2060 2061
f 2064 2062 2060
f 2064 2059 2062
v 10.409 -41.834 35.837
v 9.909 -41.834 35.837
v 10.159 -41.834 35.587
v 10.159 -41.834 36.087
v 10.159 -41.621 35.837
v 10.159 -42.046 35.837
f 2069 2065 2067
f 2069 2067 2066
f 2069 2066 2068
f 2069 2068 2065
f 2070 2067 2065
f 2070 2066 2067
f 2070 2068 2066
f 2070 2065 2068
v -23.337 -1.545 27.696
v -23.919 -1.545 27.696
v -23.628 -1.545 27.405
v -23.628 -1.545 27.987
v -23.628 -1.297 27.696
v -23.628 -1.792 27.696
f 2075 2071 2073
f 2075 2073 2072
f 2075 2072 2074
f 2075 2074 2071
f 2076 2073 2071
f 2076 2072 2073
f 2076 2074 2072
f 2076 2071 2074
v -25.647 1.713 30.480
v -26.300 1.713 30.480
v -25.973 1.713 30.153
v -25.973 1.713 30.807
v -25.973 1.991 30.480
v -25.973 1.435 30.480
f 2081 2077 2079
f 2081 2079 2078
f 2081 2078 2080
f 2081 2080 2077
f 2082 2079 2077
f 2082 2078 2079
f 2082 2080 2078
f 2082 2077 2080
v -18.632 -2.823 26.394
v -19.132 -2.823 26.394
v -18.882 -2.823 26.144
v -18.882 -2.823 26.644
v -18.882 -2.611 26.394
v -18.882 -3.036 26.394
f 2087 2083 2085
f 2087 2085 2084
f 2087 2084 2086
f 2087 2086 2083
f 2088 2085 2083
f 2088 2084 2085
f 2088 2086 2084
f 2088 2083 2086
v -21.397 -6.201 33.836
v -21.897 -6.201 33.836
v -21.647 -6.201 33.586
v -21.647 -6.201 34.086
v -21.647 -5.988 33.836
v -21.647 -6.413 33.836
f 2093 2089 2091
f 2093 2091 2090
f 2093 2090 2092
f 2093 2092 2089
f 2094 2091 2089
f 2094 2090 2091
f 2094 2092 2090
f 2094 2089 2092
v -21.303 -3.167 34.157
v -21.885 -3.167 34.157
v -21.594 -3.167 33.866
v -21.594 -3.167 34.448
v -21.594 -2.920 34.157
v -21.594 -3.415 34.157
f 2099 2095 2097
f 2099 2097 2096
f 2099 2096 2098
f 2099 2098 2095
f 2100 2097 2095
f 2100 2096 2097
f 2100 2098 2096
f 2100 2095 2098
v -44.451 19.360 30.836
v -45.105 19.360 30.836
v -44.778 19.360 30.509
v -44.778 19.360 31.163
v -44.778 19.638 30.836
v -44.778 19.082 30.836
f 2105 2101 2103
f 2105 2103 2102
f 2105 2102 2104
f 2105 2104 2101
f 2106 2103 2101
f 2106 2102 2103
f 2106 2104 2102
f 2106 2101 2104
v 19.283 -44.807 38.438
v 18.783 -44.807 38.438
v 19.033 -44.807 38.188
v 19.033 -44.807 38.688
v 19.033 -44.594 38.438
v 19.033 -45.019 38.438
f 2111 2107 2109
f 2111 2109 2108
f 2111 2108 2110
f 2111 2110 2107
f 2112 2109 2107
f 2112 2108 2109
f 2112 2110 2108
f 2112 2107 2110
v 14.136 -39.574 39.880
v 13.554 -39.574 39.880
v 13.845 -39.574 39.589
v 13.845 -39.574 40.170
v 13.845 -39.326 39.880
v 13.845 -39.821 39.880
f 2117 2113 2115
f 2117 2115 2114
f 2117 2114 2116
f 2117 2116 2113
f 2118 2115 2113
f 2118 2114 2115
f 2118 2116 2114
f 2118 2113 2116
v 11.776 -32.767 32.864
v 11.195 -32.767 32.864
v 11.486 -32.767 32.573
v 11.486 -32.767 33.155
v 11.486 -32.519 32.864
v 11.486 -33.014 32.864
f 2123 2119 2121
f 2123 2121 2120
f 2123 2120 2122
f 2123 2122 2119
f 2124 2121 2119
f 2124 2120 2121
f 2124 2122 2120
f 2124 2119 2122
v 1.332 -28.060 32.402
v 0.832 -28.060 32.402
v 1.082 -28.060 32.152
v 1.082 -28.060 32.652
v 1.082 -27.848 32.402
v 1.082 -28.273 32.402
f 2129 2125 2127
f 2129 2127 2126
f 2129 2126 2128
f 2129 2128 2125
f 2130 2127 2125
f 2130 2126 2127
f 2130 2128 2126
f 2130 2125 2128
v 1.444 -22.051 31.729
v 0.944 -22.051 31.729
v 1.194 -22.051 31.479
v 1.194 -22.051 31.979
v 1.194 -21.839 31.729
v 1.194 -22.264 31.729
f 2135 2131 2133
f 2135 2133 2132
f 2135 2132 2134
f 2135 2134 2131
f 2136 2133 2131
f 2136 2132 2133
f 2136 2134 2132
f 2136 2131 2134
v -0.327 -19.377 36.531
v -0.827 -19.377 36.531
v -0.577 -19.377 36.281
v -0.577 -19.377 36.781
v -0.577 -19.164 36.531
v -0.577 -19.589 36.531
f 2141 2137 2139
f 2141 2139 2138
f 2141 2138 2140
f 2141 2140 2137
f 2142 2139 2137
f 2142 2138 2139
f 2142 2140 2138
f 2142 2137 2140
v -16.940 -2.928 29.140
v -17.440 -2.928 29.140
v -17.190 -2.928 28.890
v -17.190 -2.928 29.390
v -17.190 -2.715 29.140
v -17.190 -3.140 29.140
f 2147 2143 2145
f 2147 2145 2144
f 2147 2144 2146
f 2147 2146 2143
f 2148 2145 2143
f 2148 2144 2145
f 2148 2146 2144
f 2148 2143 2146
v -11.378 1.408 34.476
v -11.878 1.408 34.476
v -11.628 1.408 34.226
v -11.628 1.408 34.726
v -11.628 1.621 34.476
v -11.628 1.196 34.476
f 2153 2149 2151
f 2153 2151 2150
f 2153 2150 2152
f 2153 2152 2149
f 2154 2151 2149
f 2154 2150 2151
f 2154 2152 2150
f 2154 2149 2152
v -22.050 7.538 28.386
v -22.550 7.538 28.386
v -22.300 7.538 28.136
v -22.300 7.538 28.636
v -22.300 7.750 28.386
v -22.300 7.325 28.386
f 2159 2155 2157
f 2159 2157 2156
f 2159 2156 2158
f 2159 2158 2155
f 2160 2157 2155
f 2160 2156 2157
f 2160 2158 2156
f 2160 2155 2158
v -21.999 10.211 29.488
v -22.653 10.211 29.488
v -22.326 10.211 29.161
v -22.326 10.211 29.815
v -22.326 10.489 29.488
v -22.326 9.933 29.488
f 2165 2161 2163
f 2165 2163 2162
f 2165 2162 2164
f 2165 2164 2161
f 2166 2163 2161
f 2166 2162 2163
f 2166 2164 2162
f 2166 2161 2164
v -60.739 36.151 33.556
v -61.239 36.151 33.556
v -60.989 36.151 33.306
v -60.989 36.151 33.806
v -60.989 36.364 33.556
v -60.989 35.939 33.556
f 2171 2167 2169
f 2171 2169 2168
f 2171 2168 2170
f 2171 2170 2167
f 2172 2169 2167
f 2172 2168 2169
f 2172 2170 2168
f 2172 2167 2170
v -80.355 71.661 24.505
v -80.855 71.661 24.505
v -80.605 71.661 24.255
v -80.605 71.661 24.755
v -80.605 71.873 24.505
v -80.605 71.448 24.505
f 2177 2173 2175
f 2177 2175 2174
f 2177 2174 2176
f 2177 2176 2173
f 2178 2175 2173
f 2178 2174 2175
f 2178 2176 2174
f 2178 2173 2176
v 7.053 -4.685 34.617
v 6.553 -4.685 34.617
v 6.803 -4.685 34.367
v 6.803 -4.685 34.867
v 6.803 -4.473 34.617
v 6.803 -4.898 34.617
f 2183 2179 2181
f 2183 2181 2180
f 2183 2180 2182
f 2183 2182 2179
f 2184 2181 2179
f 2184 2180 2181
f 2184 2182 2180
f 2184 2179 2182
v 1.955 -0.094 33.079
v 1.455 -0.094 33.079
v 1.705 -0.094 32.829
v 1.705 -0.094 33.329
v 1.705 0.118 33.079
v 1.705 -0.307 33.079
f 2189 2185 2187
f 2189 2187 2186
f 2189 2186 2188
f 2189 2188 2185
f 2190 2187 2185
f 2190 2186 2187
f 2190 2188 2186
f 2190 2185 2188
v 4.166 20.177 40.159
v 3.584 20.177 40.159
v 3.875 20.177 39.868
v 3.875 20.177 40.450
v 3.875 20.425 40.159
v 3.875 19.930 40.159
f 2195 2191 2193
f 2195 2193 2192
f 2195 2192 2194
f 2195 2194 2191
f 2196 2193 2191
f 2196 2192 2193
f 2196 2194 2192
f 2196 2191 2194
v 5.022 18.704 38.529
v 4.303 18.704 38.529
v 4.662 18.704 38.170
v 4.662 18.704 38.889
v 4.662 19.010 38.529
v 4.662 18.399 38.529
f 2201 2197 2199
f 2201 2199 2198
f 2201 2198 2200
f 2201 2200 2197
f 2202 2199 2197
f 2202 2198 2199
f 2202 2200 2198
f 2202 2197 2200
v 7.173 17.121 44.401
v 6.591 17.121 44.401
v 6.882 17.121 44.110
v 6.882 17.121 44.692
v 6.882 17.368 44.401
v 6.882 16.874 44.401
f 2207 2203 2205
f 2207 2205 2204
f 2207 2204 2206
f 2207 2206 2203
f 2208 2205 2203
f 2208 2204 2205
f 2208 2206 2204
f 2208 2203 2206
v -9.806 38.934 36.492
v -10.306 38.934 36.492
v -10.056 38.934 36.242
v -10.056 38.934 36.742
v -10.056 39.146 36.492
v -10.056 38.721 36.492
f 2213 2209 2211
f 2213 2211 2210
f 2213 2210 2212
f 2213 2212 2209
f 2214 2211 2209
f 2214 2210 2211
f 2214 2212 2210
f 2214 2209 2212
v -32.144 55.962 41.757
v -32.644 55.962 41.757
v -32.394 55.962 41.507
v -32.394 55.962 42.007
v -32.394 56.174 41.757
v -32.394 55.749 41.757
f 2219 2215 2217
f 2219 2217 2216
f 2219 2216 2218
f 2219 2218 2215
f 2220 2217 2215
f 2220 2216 2217
f 2220 2218 2216
f 2220 2215 2218
v -68.306 82.242 36.732
v -68.888 82.242 36.732
v -68.597 82.242 36.441
v -68.597 82.242 37.023
v -68.597 82.489 36.732
v -68.597 81.995 36.732
f 2225 2221 2223
f 2225 2223 2222
f 2225 2222 2224
f 2225 2224 2221
f 2226 2223 2221
f 2226 2222 2223
f 2226 2224 2222
f 2226 2221 2224
v 65.253 -37.398 47.569
v 64.753 -37.398 47.569
v 65.003 -37.398 47.319
v 65.003 -37.398 47.819
v 65.003 -37.186 47.569
v 65.003 -37.611 47.569
f 2231 2227 2229
f 2231 2229 2228
f 2231 2228 2230
f 2231 2230 2227
f 2232 2229 2227
f 2232 2228 2229
f 2232 2230 2228
f 2232 2227 2230
v 66.538 -36.380 45.474
v 65.884 -36.380 45.474
v 66.211 -36.380 45.147
v 66.211 -36.380 45.801
v 66.211 -36.102 45.474
v 66.211 -36.658 45.474
f 2237 2233 2235
f 2237 2235 2234
f 2237 2234 2236
f 2237 2236 2233
f 2238 2235 2233
f 2238 2234 2235
f 2238 2236 2234
f 2238 2233 2236
v 55.006 -25.201 44.559
v 54.506 -25.201 44.559
v 54.756 -25.201 44.309
v 54.756 -25.201 44.809
v 54.756 -24.989 44.559
v 54.756 -25.414 44.559
f 2243 2239 2241
f 2243 2241 2240
f 2243 2240 2242
f 2243 2242 2239
f 2244 2241 2239
f 2244 2240 2241
f 2244 2242 2240
f 2244 2239 2242
v 43.302 -20.451 48.268
v 42.720 -20.451 48.268
v 43.011 -20.451 47.977
v 43.011 -20.451 48.559
v 43.011 -20.203 48.268
v 43.011 -20.698 48.268
f 2249 2245 2247
f 2249 2247 2246
f 2249 2246 2248
f 2249 2248 2245
f 2250 2247 2245
f 2250 2246 2247
f 2250 2248 2246
f 2250 2245 2248
v 45.960 -20.999 47.256
v 45.240 -20.999 47.256
v 45.600 -20.999 46.896
v 45.600 -20.999 47.616
v 45.600 -20.693 47.256
v 45.600 -21.304 47.256
f 2255 2251 2253
f 2255 2253 2252
f 2255 2252 2254
f 2255 2254 2251
f 2256 2253 2251
f 2256 2252 2253
f 2256 2254 2252
f 2256 2251 2254
v 49.252 -22.154 43.779
v 48.670 -22.154 43.779
v 48.961 -22.154 43.488
v 48.961 -22.154 44.070
v 48.961 -21.907 43.779
v 48.961 -22.401 43.779
f 2261 2257 2259
f 2261 2259 2258
f 2261 2258 2260
f 2261 2260 2257
f 2262 2259 2257
f 2262 2258 2259
f 2262 2260 2258
f 2262 2257 2260
v 18.297 25.822 36.306
v 17.797 25.822 36.306
v 18.047 25.822 36.056
v 18.047 25.822 36.556
v 18.047 26.034 36.306
v 18.047 25.609 36.306
f 2267 2263 2265
f 2267 2265 2264
f 2267 2264 2266
f 2267 2266 2263
f 2268 2265 2263
f 2268 2264 2265
f 2268 2266 2264
f 2268 2263 2266
v -6.080 48.054 36.311
v -6.580 48.054 36.311
v -6.330 48.054 36.061
v -6.330 48.054 36.561
v -6.330 48.266 36.311
v -6.330 47.841 36.311
f 2273 2269 2271
f 2273 2271 2270
f 2273 2270 2272
f 2273 2272 2269
f 2274 2271 2269
f 2274 2270 2271
f 2274 2272 2270
f 2274 2269 2272
v -20.566 50.732 38.831
v -21.148 50.732 38.831
v -20.857 50.732 38.540
v -20.857 50.732 39.121
v -20.857 50.980 38.831
v -20.857 50.485 38.831
f 2279 2275 2277
f 2279 2277 2276
f 2279 2276 2278
f 2279 2278 2275
f 2280 2277 2275
f 2280 2276 2277
f 2280 2278 2276
f 2280 2275 2278
v -15.455 47.949 38.603
v -16.109 47.949 38.603
v -15.782 47.949 38.276
v -15.782 47.949 38.930
v -15.782 48.226 38.603
v -15.782 47.671 38.603
f 2285 2281 2283
f 2285 2283 2282
f 2285 2282 2284
f 2285 2284 2281
f 2286 2283 2281
f 2286 2282 2283
f 2286 2284 2282
f 2286 2281 2284
v -14.995 49.474 42.697
v -15.649 49.474 42.697
v -15.322 49.474 42.370
v -15.322 49.474 43.024
v -15.322 49.752 42.697
v -15.322 49.196 42.697
f 2291 2287 2289
f 2291 2289 2288
f 2291 2288 2290
f 2291 2290 2287
f 2292 2289 2287
f 2292 2288 2289
f 2292 2290 2288
f 2292 2287 2290
v -45.736 73.982 30.500
v -46.317 73.982 30.500
v -46.027 73.982 30.209
v -46.027 73.982 30.790
v -46.027 74.230 30.500
v -46.027 73.735 30.500
f 2297 2293 2295
f 2297 2295 2294
f 2297 2294 2296
f 2297 2296 2293
f 2298 2295 2293
f 2298 2294 2295
f 2298 2296 2294
f 2298 2293 2296
v -60.040 96.726 32.550
v -60.540 96.726 32.550
v -60.290 96.726 32.300
v -60.290 96.726 32.800
v -60.290 96.939 32.550
v -60.290 96.514 32.550
f 2303 2299 2301
f 2303 2301 2300
f 2303 2300 2302
f 2303 2302 2299
f 2304 2301 2299
f 2304 2300 2301
f 2304 2302 2300
f 2304 2299 2302
v -61.369 94.780 34.578
v -61.869 94.780 34.578
v -61.619 94.780 34.328
v -61.619 94.780 34.828
v -61.619 94.992 34.578
v -61.619 94.567 34.578
f 2309 2305 2307
f 2309 2307 2306
f 2309 2306 2308
f 2309 2308 2305
f 2310 2307 2305
f 2310 2306 2307
f 2310 2308 2306
f 2310 2305 2308
v 63.864 -19.795 44.102
v 63.210 -19.795 44.102
v 63.537 -19.795 43.775
v 63.537 -19.795 44.429
v 63.537 -19.517 44.102
v 63.537 -20.073 44.102
f 2315 2311 2313
f 2315 2313 2312
f 2315 2312 2314
f 2315 2314 2311
f 2316 2313 2311
f 2316 2312 2313
f 2316 2314 2312
f 2316 2311 2314
v 46.605 -0.415 39.802
v 46.023 -0.415 39.802
v 46.314 -0.415 39.511
v 46.314 -0.415 40.093
v 46.314 -0.168 39.802
v 46.314 -0.663 39.802
f 2321 2317 2319
f 2321 2319 2318
f 2321 2318 2320
f 2321 2320 2317
f 2322 2319 2317
f 2322 2318 2319
f 2322 2320 2318
f 2322 2317 2320
v 18.816 29.320 43.985
v 18.234 29.320 43.985
v 18.525 29.320 43.694
v 18.525 29.320 44.276
v 18.525 29.568 43.985
v 18.525 29.073 43.985
f 2327 2323 2325
f 2327 2325 2324
f 2327 2324 2326
f 2327 2326 2323
f 2328 2325 2323
f 2328 2324 2325
f 2328 2326 2324
f 2328 2323 2326
v 77.380 -13.828 45.564
v 76.880 -13.828 45.564
v 77.130 -13.828 45.314
v 77.130 -13.828 45.814
v 77.130 -13.615 45.564
v 77.130 -14.040 45.564
f 2333 2329 2331
f 2333 2331 2330
f 2333 2330 2332
f 2333 2332 2329
f 2334 2331 2329
f 2334 2330 2331
f 2334 2332 2330
f 2334 2329 2332
v 35.901 47.698 42.243
v 35.247 47.698 42.243
v 35.574 47.698 41.916
v 35.574 47.698 42.570
v 35.574 47.975 42.243
v 35.574 47.420 42.243
f 2339 2335 2337
f 2339 2337 2336
f 2339 2336 2338
f 2339 2338 2335
f 2340 2337 2335
f 2340 2336 2337
f 2340 2338 2336
f 2340 2335 2338
v 38.478 49.152 39.488
v 37.896 49.152 39.488
v 38.187 49.152 39.197
v 38.187 49.152 39.779
v 38.187 49.400 39.488
v 38.187 48.905 39.488
f 2345 2341 2343
f 2345 2343 2342
f 2345 2342 2344
f 2345 2344 2341
f 2346 2343 2341
f 2346 2342 2343
f 2346 2344 2342
f 2346 2341 2344
v 42.364 74.256 40.002
v 41.864 74.256 40.002
v 42.114 74.256 39.752
v 42.114 74.256 40.252
v 42.114 74.468 40.002
v 42.114 74.043 40.002
f 2351 2347 2349
f 2351 2349 2348
f 2351 2348 2350
f 2351 2350 2347
f 2352 2349 2347
f 2352 2348 2349
f 2352 2350 2348
f 2352 2347 2350
v 63.777 57.896 35.407
v 63.277 57.896 35.407
v 63.527 57.896 35.157
v 63.527 57.896 35.657
v 63.527 58.109 35.407
v 63.527 57.684 35.407
f 2357 2353 2355
f 2357 2355 2354
f 2357 2354 2356
f 2357 2356 2353
f 2358 2355 2353
f 2358 2354 2355
f 2358 2356 2354
f 2358 2353 2356
v -92.586 1.416 39.451
v -93.167 1.416 39.451
v -92.876 1.416 39.160
v -92.876 1.416 39.742
v -92.876 1.664 39.451
v -92.876 1.169 39.451
f 2363 2359 2361
f 2363 2361 2360
f 2363 2360 2362
f 2363 2362 2359
f 2364 2361 2359
f 2364 2360 2361
f 2364 2362 2360
f 2364 2359 2362
v -14.668 -67.315 50.238
v -15.387 -67.315 50.238
v -15.027 -67.315 49.878
v -15.027 -67.315 50.597
v -15.027 -67.010 50.238
v -15.027 -67.621 50.238
f 2369 2365 2367
f 2369 2367 2366
f 2369 2366 2368
f 2369 2368 2365
f 2370 2367 2365
f 2370 2366 2367
f 2370 2368 2366
f 2370 2365 2368
v -69.593 -15.738 41.747
v -70.093 -15.738 41.747
v -69.843 -15.738 41.497
v -69.843 -15.738 41.997
v -69.843 -15.526 41.747
v -69.843 -15.951 41.747
f 2375 2371 2373
f 2375 2373 2372
f 2375 2372 2374
f 2375 2374 2371
f 2376 2373 2371
f 2376 2372 2373
f 2376 2374 2372
f 2376 2371 2374
v -94.821 16.011 39.701
v -95.403 16.011 39.701
v -95.112 16.011 39.410
v -95.112 16.011 39.992
v -95.112 16.258 39.701
v -95.112 15.764 39.701
f 2381 2377 2379
f 2381 2379 2378
f 2381 2378 2380
f 2381 2380 2377
f 2382 2379 2377
f 2382 2378 2379
f 2382 2380 2378
f 2382 2377 2380
v -20.473 -58.434 47.108
v -21.055 -58.434 47.108
v -20.764 -58.434 46.817
v -20.764 -58.434 47.398
v -20.764 -58.187 47.108
v -20.764 -58.681 47.108
f 2387 2383 2385
f 2387 2385 2384
f 2387 2384 2386
f 2387 2386 2383
f 2388 2385 2383
f 2388 2384 2385
f 2388 2386 2384
f 2388 2383 2386
v -21.266 -56.714 49.324
v -21.848 -56.714 49.324
v -21.557 -56.714 49.033
v -21.557 -56.714 49.614
v -21.557 -56.466 49.324
v -21.557 -56.961 49.324
f 2393 2389 2391
f 2393 2391 2390
f 2393 2390 2392
f 2393 2392 2389
f 2394 2391 2389
f 2394 2390 2391
f 2394 2392 2390
f 2394 2389 2392
v -60.098 -7.054 42.768
v -60.598 -7.054 42.768
v -60.348 -7.054 42.518
v -60.348 -7.054 43.018
v -60.348 -6.842 42.768
v -60.348 -7.267 42.768
f 2399 2395 2397
f 2399 2397 2396
f 2399 2396 2398
f 2399 2398 2395
f 2400 2397 2395
f 2400 2396 2397
f 2400 2398 2396
f 2400 2395 2398
v -3.556 -55.172 45.308
v -4.056 -55.172 45.308
v -3.806 -55.172 45.058
v -3.806 -55.172 45.558
v -3.806 -54.960 45.308
v -3.806 -55.385 45.308
f 2405 2401 2403
f 2405 2403 2402
f 2405 2402 2404
f 2405 2404 2401
f 2406 2403 2401
f 2406 2402 2403
f 2406 2404 2402
f 2406 2401 2404
v -29.063 -32.089 40.987
v -29.563 -32.089 40.987
v -29.313 -32.089 40.737
v -29.313 -32.089 41.237
v -29.313 -31.876 40.987
v -29.313 -32.301 40.987
f 2411 2407 2409
f 2411 2409 2408
f 2411 2408 2410
f 2411 2410 2407
f 2412 2409 2407
f 2412 2408 2409
f 2412 2410 2408
f 2412 2407 2410
v -28.300 -31.856 42.190
v -28.800 -31.856 42.190
v -28.550 -31.856 41.940
v -28.550 -31.856 42.440
v -28.550 -31.643 42.190
v -28.550 -32.068 42.190
f 2417 2413 2415
f 2417 2415 2414
f 2417 2414 2416
f 2417 2416 2413
f 2418 2415 2413
f 2418 2414 2415
f 2418 2416 2414
f 2418 2413 2416
v -28.861 -31.318 43.739
v -29.580 -31.318 43.739
v -29.220 -31.318 43.380
v -29.220 -31.318 44.099
v -29.220 -31.012 43.739
v -29.220 -31.624 43.739
f 2423 2419 2421
f 2423 2421 2420
f 2423 2420 2422
f 2423 2422 2419
f 2424 2421 2419
f 2424 2420 2421
f 2424 2422 2420
f 2424 2419 2422
v -49.767 -7.590 38.458
v -50.267 -7.590 38.458
v -50.017 -7.590 38.208
v -50.017 -7.590 38.708
v -50.017 -7.378 38.458
v -50.017 -7.803 38.458
f 2429 2425 2427
f 2429 2427 2426
f 2429 2426 2428
f 2429 2428 2425
f 2430 2427 2425
f 2430 2426 2427
f 2430 2428 2426
f 2430 2425 2428
v -52.139 2.188 39.947
v -52.639 2.188 39.947
v -52.389 2.188 39.697
v -52.389 2.188 40.197
v -52.389 2.400 39.947
v -52.389 1.975 39.947
f 2435 2431 2433
f 2435 2433 2432
f 2435 2432 2434
f 2435 2434 2431
f 2436 2433 2431
f 2436 2432 2433
f 2436 2434 2432
f 2436 2431 2434
v -75.781 20.551 40.378
v -76.281 20.551 40.378
v -76.031 20.551 40.128
v -76.031 20.551 40.628
v -76.031 20.763 40.378
v -76.031 20.338 40.378
f 2441 2437 2439
f 2441 2439 2438
f 2441 2438 2440
f 2441 2440 2437
f 2442 2439 2437
f 2442 2438 2439
f 2442 2440 2438
f 2442 2437 2440
v -80.118 18.120 44.834
v -80.618 18.120 44.834
v -80.368 18.120 44.584
v -80.368 18.120 45.084
v -80.368 18.332 44.834
v -80.368 17.907 44.834
f 2447 2443 2445
f 2447 2445 2444
f 2447 2444 2446
f 2447 2446 2443
f 2448 2445 2443
f 2448 2444 2445
f 2448 2446 2444
f 2448 2443 2446
v 48.328 -93.753 48.983
v 47.828 -93.753 48.983
v 48.078 -93.753 48.733
v 48.078 -93.753 49.233
v 48.078 -93.541 48.983
v 48.078 -93.966 48.983
f 2453 2449 2451
f 2453 2451 2450
f 2453 2450 2452
f 2453 2452 2449
f 2454 2451 2449
f 2454 2450 2451
f 2454 2452 2450
f 2454 2449 2452
v -32.957 -4.542 39.308
v -33.457 -4.542 39.308
v -33.207 -4.542 39.058
v -33.207 -4.542 39.558
v -33.207 -4.330 39.308
v -33.207 -4.755 39.308
f 2459 2455 2457
f 2459 2457 2456
f 2459 2456 2458
f 2459 2458 2455
f 2460 2457 2455
f 2460 2456 2457
f 2460 2458 2456
f 2460 2455 2458
v 26.059 -64.894 48.570
v 25.477 -64.894 48.570
v 25.768 -64.894 48.279
v 25.768 -64.894 48.861
v 25.768 -64.647 48.570
v 25.768 -65.142 48.570
f 2465 2461 2463
f 2465 2463 2462
f 2465 2462 2464
f 2465 2464 2461
f 2466 2463 2461
f 2466 2462 2463
f 2466 2464 2462
f 2466 2461 2464
v -4.555 -35.593 42.500
v -5.055 -35.593 42.500
v -4.805 -35.593 42.250
v -4.805 -35.593 42.750
v -4.805 -35.381 42.500
v -4.805 -35.806 42.500
f 2471 2467 2469
f 2471 2469 2468
f 2471 2468 2470
f 2471 2470 2467
f 2472 2469 2467
f 2472 2468 2469
f 2472 2470 2468
f 2472 2467 2470
v -25.761 -0.422 38.746
v -26.415 -0.422 38.746
v -26.088 -0.422 38.419
v -26.088 -0.422 39.073
v -26.088 -0.144 38.746
v -26.088 -0.700 38.746
f 2477 2473 2475
f 2477 2475 2474
f 2477 2474 2476
f 2477 2476 2473
f 2478 2475 2473
f 2478 2474 2475
f 2478 2476 2474
f 2478 2473 2476
v -21.616 0.209 36.195
v -22.116 0.209 36.195
v -21.866 0.209 35.945
v -21.866 0.209 36.445
v -21.866 0.421 36.195
v -21.866 -0.004 36.195
f 2483 2479 2481
f 2483 2481 2480
f 2483 2480 2482
f 2483 2482 2479
f 2484 2481 2479
f 2484 2480 2481
f 2484 2482 2480
f 2484 2479 2482
v -73.803 44.943 39.928
v -74.303 44.943 39.928
v -74.053 44.943 39.678
v -74.053 44.943 40.178
v -74.053 45.156 39.928
v -74.053 44.731 39.928
f 2489 2485 2487
f 2489 2487 2486
f 2489 2486 2488
f 2489 2488 2485
f 2490 2487 2485
f 2490 2486 2487
f 2490 2488 2486
f 2490 2485 2488
v 55.790 -76.989 54.560
v 55.290 -76.989 54.560
v 55.540 -76.989 54.310
v 55.540 -76.989 54.810
v 55.540 -76.776 54.560
v 55.540 -77.201 54.560
f 2495 2491 2493
f 2495 2493 2492
f 2495 2492 2494
f 2495 2494 2491
f 2496 2493 2491
f 2496 2492 2493
f 2496 2494 2492
f 2496 2491 2494
v 45.593 -63.974 47.458
v 44.874 -63.974 47.458
v 45.234 -63.974 47.099
v 45.234 -63.974 47.818
v 45.234 -63.669 47.458
v 45.234 -64.280 47.458
f 2501 2497 2499
f 2501 2499 2498
f 2501 2498 2500
f 2501 2500 2497
f 2502 2499 2497
f 2502 2498 2499
f 2502 2500 2498
f 2502 2497 2500
v 29.237 -53.833 44.727
v 28.518 -53.833 44.727
v 28.877 -53.833 44.368
v 28.877 -53.833 45.087
v 28.877 -53.527 44.727
v 28.877 -54.138 44.727
f 2507 2503 2505
f 2507 2505 2504
f 2507 2504 2506
f 2507 2506 2503
f 2508 2505 2503
f 2508 2504 2505
f 2508 2506 2504
f 2508 2503 2506
v 36.161 -55.805 47.300
v 35.661 -55.805 47.300
v 35.911 -55.805 47.050
v 35.911 -55.805 47.550
v 35.911 -55.593 47.300
v 35.911 -56.018 47.300
f 2513 2509 2511
f 2513 2511 2510
f 2513 2510 2512
f 2513 2512 2509
f 2514 2511 2509
f 2514 2510 2511
f 2514 2512 2510
f 2514 2509 2512
v -27.418 7.508 46.857
v -27.918 7.508 46.857
v -27.668 7.508 46.607
v -27.668 7.508 47.107
v -27.668 7.720 46.857
v -27.668 7.295 46.857
f 2519 2515 2517
f 2519 2517 2516
f 2519 2516 2518
f 2519 2518 2515
f 2520 2517 2515
f 2520 2516 2517
f 2520 2518 2516
f 2520 2515 2518
v -24.912 7.766 43.307
v -25.412 7.766 43.307
v -25.162 7.766 43.057
v -25.162 7.766 43.557
v -25.162 7.978 43.307
v -25.162 7.553 43.307
f 2525 2521 2523
f 2525 2523 2522
f 2525 2522 2524
f 2525 2524 2521
f 2526 2523 2521
f 2526 2522 2523
f 2526 2524 2522
f 2526 2521 2524
v 60.841 -74.783 55.485
v 60.341 -74.783 55.485
v 60.591 -74.783 55.235
v 60.591 -74.783 55.735
v 60.591 -74.570 55.485
v 60.591 -74.995 55.485
f 2531 2527 2529
f 2531 2529 2528
f 2531 2528 2530
f 2531 2530 2527
f 2532 2529 2527
f 2532 2528 2529
f 2532 2530 2528
f 2532 2527 2530
v -3.987 -9.585 43.329
v -4.706 -9.585 43.329
v -4.346 -9.585 42.970
v -4.346 -9.585 43.689
v -4.346 -9.280 43.329
v -4.346 -9.891 43.329
f 2537 2533 2535
f 2537 2535 2534
f 2537 2534 2536
f 2537 2536 2533
f 2538 2535 2533
f 2538 2534 2535
f 2538 2536 2534
f 2538 2533 2536
v 6.243 -4.515 36.175
v 5.743 -4.515 36.175
v 5.993 -4.515 35.925
v 5.993 -4.515 36.425
v 5.993 -4.303 36.175
v 5.993 -4.728 36.175
f 2543 2539 2541
f 2543 2541 2540
f 2543 2540 2542
f 2543 2542 2539
f 2544 2541 2539
f 2544 2540 2541
f 2544 2542 2540
f 2544 2539 2542
v -69.592 83.067 42.534
v -70.311 83.067 42.534
v -69.952 83.067 42.175
v -69.952 83.067 42.894
v -69.952 83.373 42.534
v -69.952 82.762 42.534
f 2549 2545 2547
f 2549 2547 2546
f 2549 2546 2548
f 2549 2548 2545
f 2550 2547 2545
f 2550 2546 2547
f 2550 2548 2546
f 2550 2545 2548
v 35.959 -24.649 57.911
v 35.377 -24.649 57.911
v 35.668 -24.649 57.620
v 35.668 -24.649 58.202
v 35.668 -24.402 57.911
v 35.668 -24.897 57.911
f 2555 2551 2553
f 2555 2553 2552
f 2555 2552 2554
f 2555 2554 2551
f 2556 2553 2551
f 2556 2552 2553
f 2556 2554 2552
f 2556 2551 2554
v 9.304 17.435 52.865
v 8.804 17.435 52.865
v 9.054 17.435 52.615
v 9.054 17.435 53.115
v 9.054 17.648 52.865
v 9.054 17.223 52.865
f 2561 2557 2559
f 2561 2559 2558
f 2561 2558 2560
f 2561 2560 2557
f 2562 2559 2557
f 2562 2558 2559
f 2562 2560 2558
f 2562 2557 2560
v -1.136 26.672 50.232
v -1.636 26.672 50.232
v -1.386 26.672 49.982
v -1.386 26.672 50.482
v -1.386 26.884 50.232
v -1.386 26.459 50.232
f 2567 2563 2565
f 2567 2565 2564
f 2567 2564 2566
f 2567 2566 2563
f 2568 2565 2563
f 2568 2564 2565
f 2568 2566 2564
f 2568 2563 2566
v -66.214 81.584 42.975
v -66.867 81.584 42.975
v -66.541 81.584 42.648
v -66.541 81.584 43.302
v -66.541 81.862 42.975
v -66.541 81.306 42.975
f 2573 2569 2571
f 2573 2571 2570
f 2573 2570 2572
f 2573 2572 2569
f 2574 2571 2569
f 2574 2570 2571
f 2574 2572 2570
f 2574 2569 2572
v -72.525 85.860 40.738
v -73.025 85.860 40.738
v -72.775 85.860 40.488
v -72.775 85.860 40.988
v -72.775 86.072 40.738
v -72.775 85.647 40.738
f 2579 2575 2577
f 2579 2577 2576
f 2579 2576 2578
f 2579 2578 2575
f 2580 2577 2575
f 2580 2576 2577
f 2580 2578 2576
f 2580 2575 2578
v -45.323 81.334 41.732
v -45.905 81.334 41.732
v -45.614 81.334 41.442
v -45.614 81.334 42.023
v -45.614 81.582 41.732
v -45.614 81.087 41.732
f 2585 2581 2583
f 2585 2583 2582
f 2585 2582 2584
f 2585 2584 2581
f 2586 2583 2581
f 2586 2582 2583
f 2586 2584 2582
f 2586 2581 2584
v 78.777 -30.813 55.343
v 78.277 -30.813 55.343
v 78.527 -30.813 55.093
v 78.527 -30.813 55.593
v 78.527 -30.601 55.343
v 78.527 -31.026 55.343
f 2591 2587 2589
f 2591 2589 2588
f 2591 2588 2590
f 2591 2590 2587
f 2592 2589 2587
f 2592 2588 2589
f 2592 2590 2588
f 2592 2587 2590
v 31.598 10.976 54.157
v 30.944 10.976 54.157
v 31.271 10.976 53.830
v 31.271 10.976 54.484
v 31.271 11.254 54.157
v 31.271 10.698 54.157
f 2597 2593 2595
f 2597 2595 2594
f 2597 2594 2596
f 2597 2596 2593
f 2598 2595 2593
f 2598 2594 2595
f 2598 2596 2594
f 2598 2593 2596
v 32.205 9.838 51.477
v 31.552 9.838 51.477
v 31.878 9.838 51.150
v 31.878 9.838 51.804
v 31.878 10.116 51.477
v 31.878 9.561 51.477
f 2603 2599 2601
f 2603 2601 2600
f 2603 2600 2602
f 2603 2602 2599
f 2604 2601 2599
f 2604 2600 2601
f 2604 2602 2600
f 2604 2599 2602
v 70.791 -3.079 60.111
v 70.137 -3.079 60.111
v 70.464 -3.079 59.784
v 70.464 -3.079 60.438
v 70.464 -2.801 60.111
v 70.464 -3.357 60.111
f 2609 2605 2607
f 2609 2607 2606
f 2609 2606 2608
f 2609 2608 2605
f 2610 2607 2605
f 2610 2606 2607
f 2610 2608 2606
f 2610 2605 2608
v 71.062 33.030 45.484
v 70.562 33.030 45.484
v 70.812 33.030 45.234
v 70.812 33.030 45.734
v 70.812 33.242 45.484
v 70.812 32.817 45.484
f 2615 2611 2613
f 2615 2613 2612
f 2615 2612 2614
f 2615 2614 2611
f 2616 2613 2611
f 2616 2612 2613
f 2616 2614 2612
f 2616 2611 2614
v 73.874 56.326 46.662
v 73.374 56.326 46.662
v 73.624 56.326 46.412
v 73.624 56.326 46.912
v 73.624 56.538 46.662
v 73.624 56.113 46.662
f 2621 2617 2619
f 2621 2619 2618
f 2621 2618 2620
f 2621 2620 2617
f 2622 2619 2617
f 2622 2618 2619
f 2622 2620 2618
f 2622 2617 2620
v 71.176 63.182 50.402
v 70.522 63.182 50.402
v 70.849 63.182 50.075
v 70.849 63.182 50.729
v 70.849 63.460 50.402
v 70.849 62.904 50.402
f 2627 2623 2625
f 2627 2625 2624
f 2627 2624 2626
f 2627 2626 2623
f 2628 2625 2623
f 2628 2624 2625
f 2628 2626 2624
f 2628 2623 2626
v 67.149 76.798 44.604
v 66.567 76.798 44.604
v 66.858 76.798 44.313
v 66.858 76.798 44.895
v 66.858 77.045 44.604
v 66.858 76.551 44.604
f 2633 2629 2631
f 2633 2631 2630
f 2633 2630 2632
f 2633 2632 2629
f 2634 2631 2629
f 2634 2630 2631
f 2634 2632 2630
f 2634 2629 2632
v -52.119 -88.018 58.604
v -52.619 -88.018 58.604
v -52.369 -88.018 58.354
v -52.369 -88.018 58.854
v -52.369 -87.805 58.604
v -52.369 -88.230 58.604
f 2639 2635 2637
f 2639 2637 2636
f 2639 2636 2638
f 2639 2638 2635
f 2640 2637 2635
f 2640 2636 2637
f 2640 2638 2636
f 2640 2635 2638
v -88.407 -43.660 58.696
v -88.989 -43.660 58.696
v -88.698 -43.660 58.405
v -88.698 -43.660 58.987
v -88.698 -43.413 58.696
v -88.698 -43.908 58.696
f 2645 2641 2643
f 2645 2643 2642
f 2645 2642 2644
f 2645 2644 2641
f 2646 2643 2641
f 2646 2642 2643
f 2646 2644 2642
f 2646 2641 2644
v -86.404 -40.438 58.404
v -87.058 -40.438 58.404
v -86.731 -40.438 58.077
v -86.731 -40.438 58.731
v -86.731 -40.161 58.404
v -86.731 -40.716 58.404
f 2651 2647 2649
f 2651 2649 2648
f 2651 2648 2650
f 2651 2650 2647
f 2652 2649 2647
f 2652 2648 2649
f 2652 2650 2648
f 2652 2647 2650
v -87.530 -39.567 59.996
v -88.112 -39.567 59.996
v -87.821 -39.567 59.705
v -87.821 -39.567 60.287
v -87.821 -39.320 59.996
v -87.821 -39.815 59.996
f 2657 2653 2655
f 2657 2655 2654
f 2657 2654 2656
f 2657 2656 2653
f 2658 2655 2653
f 2658 2654 2655
f 2658 2656 2654
f 2658 2653 2656
v -51.661 -81.778 57.741
v -52.161 -81.778 57.741
v -51.911 -81.778 57.491
v -51.911 -81.778 57.991
v -51.911 -81.566 57.741
v -51.911 -81.991 57.741
f 2663 2659 2661
f 2663 2661 2660
f 2663 2660 2662
f 2663 2662 2659
f 2664 2661 2659
f 2664 2660 2661
f 2664 2662 2660
f 2664 2659 2662
v -84.014 -40.201 59.069
v -84.514 -40.201 59.069
v -84.264 -40.201 58.819
v -84.264 -40.201 59.319
v -84.264 -39.988 59.069
v -84.264 -40.413 59.069
f 2669 2665 2667
f 2669 2667 2666
f 2669 2666 2668
f 2669 2668 2665
f 2670 2667 2665
f 2670 2666 2667
f 2670 2668 2666
f 2670 2665 2668
v -95.394 -29.242 56.681
v -95.894 -29.242 56.681
v -95.644 -29.242 56.431
v -95.644 -29.242 56.931
v -95.644 -29.029 56.681
v -95.644 -29.454 56.681
f 2675 2671 2673
f 2675 2673 2672
f 2675 2672 2674
f 2675 2674 2671
f 2676 2673 2671
f 2676 2672 2673
f 2676 2674 2672
f 2676 2671 2674
v -94.770 -7.239 49.349
v -95.270 -7.239 49.349
v -95.020 -7.239 49.099
v -95.020 -7.239 49.599
v -95.020 -7.027 49.349
v -95.020 -7.452 49.349
f 2681 2677 2679
f 2681 2679 2678
f 2681 2678 2680
f 2681 2680 2677
f 2682 2679 2677
f 2682 2678 2679
f 2682 2680 2678
f 2682 2677 2680
v -96.242 -6.768 52.090
v -96.961 -6.768 52.090
v -96.601 -6.768 51.731
v -96.601 -6.768 52.450
v -96.601 -6.462 52.090
v -96.601 -7.073 52.090
f 2687 2683 2685
f 2687 2685 2684
f 2687 2684 2686
f 2687 2686 2683
f 2688 2685 2683
f 2688 2684 2685
f 2688 2686 2684
f 2688 2683 2686
v -88.064 0.172 49.242
v -88.646 0.172 49.242
v -88.355 0.172 48.951
v -88.355 0.172 49.533
v -88.355 0.420 49.242
v -88.355 -0.075 49.242
f 2693 2689 2691
f 2693 2691 2690
f 2693 2690 2692
f 2693 2692 2689
f 2694 2691 2689
f 2694 2690 2691
f 2694 2692 2690
f 2694 2689 2692
v 2.631 -87.033 65.603
v 2.049 -87.033 65.603
v 2.340 -87.033 65.312
v 2.340 -87.033 65.894
v 2.340 -86.786 65.603
v 2.340 -87.280 65.603
f 2699 2695 2697
f 2699 2697 2696
f 2699 2696 2698
f 2699 2698 2695
f 2700 2697 2695
f 2700 2696 2697
f 2700 2698 2696
f 2700 2695 2698
v -16.036 -71.872 59.683
v -16.755 -71.872 59.683
v -16.396 -71.872 59.323
v -16.396 -71.872 60.042
v -16.396 -71.566 59.683
v -16.396 -72.177 59.683
f 2705 2701 2703
f 2705 2703 2702
f 2705 2702 2704
f 2705 2704 2701
f 2706 2703 2701
f 2706 2702 2703
f 2706 2704 2702
f 2706 2701 2704
v -16.259 -68.246 58.402
v -16.912 -68.246 58.402
v -16.586 -68.246 58.075
v -16.586 -68.246 58.729
v -16.586 -67.968 58.402
v -16.586 -68.524 58.402
f 2711 2707 2709
f 2711 2709 2708
f 2711 2708 2710
f 2711 2710 2707
f 2712 2709 2707
f 2712 2708 2709
f 2712 2710 2708
f 2712 2707 2710
v -20.997 -61.772 57.419
v -21.497 -61.772 57.419
v -21.247 -61.772 57.169
v -21.247 -61.772 57.669
v -21.247 -61.560 57.419
v -21.247 -61.985 57.419
f 2717 2713 2715
f 2717 2715 2714
f 2717 2714 2716
f 2717 2716 2713
f 2718 2715 2713
f 2718 2714 2715
f 2718 2716 2714
f 2718 2713 2716
v -19.199 -62.554 55.847
v -19.699 -62.554 55.847
v -19.449 -62.554 55.597
v -19.449 -62.554 56.097
v -19.449 -62.342 55.847
v -19.449 -62.767 55.847
f 2723 2719 2721
f 2723 2721 2720
f 2723 2720 2722
f 2723 2722 2719
f 2724 2721 2719
f 2724 2720 2721
f 2724 2722 2720
f 2724 2719 2722
v -40.978 -49.442 54.407
v -41.478 -49.442 54.407
v -41.228 -49.442 54.157
v -41.228 -49.442 54.657
v -41.228 -49.229 54.407
v -41.228 -49.654 54.407
f 2729 2725 2727
f 2729 2727 2726
f 2729 2726 2728
f 2729 2728 2725
f 2730 2727 2725
f 2730 2726 2727
f 2730 2728 2726
f 2730 2725 2728
v -41.204 -46.460 55.320
v -41.858 -46.460 55.320
v -41.531 -46.460 54.993
v -41.531 -46.460 55.647
v -41.531 -46.182 55.320
v -41.531 -46.738 55.320
f 2735 2731 2733
f 2735 2733 2732
f 2735 2732 2734
f 2735 2734 2731
f 2736 2733 2731
f 2736 2732 2733
f 2736 2734 2732
f 2736 2731 2734
v -37.208 -30.793 54.504
v -37.789 -30.793 54.504
v -37.498 -30.793 54.213
v -37.498 -30.793 54.794
v -37.498 -30.546 54.504
v -37.498 -31.041 54.504
f 2741 2737 2739
f 2741 2739 2738
f 2741 2738 2740
f 2741 2740 2737
f 2742 2739 2737
f 2742 2738 2739
f 2742 2740 2738
f 2742 2737 2740
v -86.812 10.174 47.504
v -87.312 10.174 47.504
v -87.062 10.174 47.254
v -87.062 10.174 47.754
v -87.062 10.386 47.504
v -87.062 9.961 47.504
f 2747 2743 2745
f 2747 2745 2744
f 2747 2744 2746
f 2747 2746 2743
f 2748 2745 2743
f 2748 2744 2745
f 2748 2746 2744
f 2748 2743 2746
v -34.651 -26.043 50.031
v -35.151 -26.043 50.031
v -34.901 -26.043 49.781
v -34.901 -26.043 50.281
v -34.901 -25.831 50.031
v -34.901 -26.256 50.031
f 2753 2749 2751
f 2753 2751 2750
f 2753 2750 2752
f 2753 2752 2749
f 2754 2751 2749
f 2754 2750 2751
f 2754 2752 2750
f 2754 2749 2752
v -36.073 -23.874 52.711
v -36.655 -23.874 52.711
v -36.364 -23.874 52.420
v -36.364 -23.874 53.002
v -36.364 -23.626 52.711
v -36.364 -24.121 52.711
f 2759 2755 2757
f 2759 2757 2756
f 2759 2756 2758
f 2759 2758 2755
f 2760 2757 2755
f 2760 2756 2757
f 2760 2758 2756
f 2760 2755 2758
v -35.295 -28.663 56.226
v -35.877 -28.663 56.226
v -35.586 -28.663 55.935
v -35.586 -28.663 56.517
v -35.586 -28.416 56.226
v -35.586 -28.911 56.226
f 2765 2761 2763
f 2765 2763 2762
f 2765 2762 2764
f 2765 2764 2761
f 2766 2763 2761
f 2766 2762 2763
f 2766 2764 2762
f 2766 2761 2764
v -75.179 6.971 56.476
v -75.833 6.971 56.476
v -75.506 6.971 56.149
v -75.506 6.971 56.803
v -75.506 7.249 56.476
v -75.506 6.693 56.476
f 2771 2767 2769
f 2771 2769 2768
f 2771 2768 2770
f 2771 2770 2767
f 2772 2769 2767
f 2772 2768 2769
f 2772 2770 2768
f 2772 2767 2770
v -81.508 6.399 47.524
v -82.161 6.399 47.524
v -81.835 6.399 47.197
v -81.835 6.399 47.851
v -81.835 6.677 47.524
v -81.835 6.121 47.524
f 2777 2773 2775
f 2777 2775 2774
f 2777 2774 2776
f 2777 2776 2773
f 2778 2775 2773
f 2778 2774 2775
f 2778 2776 2774
f 2778 2773 2776
v -71.778 12.130 48.845
v -72.497 12.130 48.845
v -72.137 12.130 48.486
v -72.137 12.130 49.205
v -72.137 12.436 48.845
v -72.137 11.824 48.845
f 2783 2779 2781
f 2783 2781 2780
f 2783 2780 2782
f 2783 2782 2779
f 2784 2781 2779
f 2784 2780 2781
f 2784 2782 2780
f 2784 2779 2782
v -83.054 12.215 46.124
v -83.773 12.215 46.124
v -83.413 12.215 45.765
v -83.413 12.215 46.484
v -83.413 12.520 46.124
v -83.413 11.909 46.124
f 2789 2785 2787
f 2789 2787 2786
f 2789 2786 2788
f 2789 2788 2785
f 2790 2787 2785
f 2790 2786 2787
f 2790 2788 2786
f 2790 2785 2788
v -82.329 14.853 46.648
v -82.829 14.853 46.648
v -82.579 14.853 46.398
v -82.579 14.853 46.898
v -82.579 15.066 46.648
v -82.579 14.641 46.648
f 2795 2791 2793
f 2795 2793 2792
f 2795 2792 2794
f 2795 2794 2791
f 2796 2793 2791
f 2796 2792 2793
f 2796 2794 2792
f 2796 2791 2794
v -91.951 16.033 53.588
v -92.533 16.033 53.588
v -92.242 16.033 53.297
v -92.242 16.033 53.879
v -92.242 16.281 53.588
v -92.242 15.786 53.588
f 2801 2797 2799
f 2801 2799 2798
f 2801 2798 2800
f 2801 2800 2797
f 2802 2799 2797
f 2802 2798 2799
f 2802 2800 2798
f 2802 2797 2800
v -90.432 19.741 54.333
v -91.014 19.741 54.333
v -90.723 19.741 54.042
v -90.723 19.741 54.624
v -90.723 19.988 54.333
v -90.723 19.493 54.333
f 2807 2803 2805
f 2807 2805 2804
f 2807 2804 2806
f 2807 2806 2803
f 2808 2805 2803
f 2808 2804 2805
f 2808 2806 2804
f 2808 2803 2806
v 37.322 -97.065 58.484
v 36.740 -97.065 58.484
v 37.031 -97.065 58.193
v 37.031 -97.065 58.774
v 37.031 -96.818 58.484
v 37.031 -97.312 58.484
f 2813 2809 2811
f 2813 2811 2810
f 2813 2810 2812
f 2813 2812 2809
f 2814 2811 2809
f 2814 2810 2811
f 2814 2812 2810
f 2814 2809 2812
v -6.141 -56.467 58.773
v -6.641 -56.467 58.773
v -6.391 -56.467 58.523
v -6.391 -56.467 59.023
v -6.391 -56.255 58.773
v -6.391 -56.680 58.773
f 2819 2815 2817
f 2819 2817 2816
f 2819 2816 2818
f 2819 2818 2815
f 2820 2817 2815
f 2820 2816 2817
f 2820 2818 2816
f 2820 2815 2818
v -17.960 -44.661 57.507
v -18.460 -44.661 57.507
v -18.210 -44.661 57.257
v -18.210 -44.661 57.757
v -18.210 -44.448 57.507
v -18.210 -44.873 57.507
f 2825 2821 2823
f 2825 2823 2822
f 2825 2822 2824
f 2825 2824 2821
f 2826 2823 2821
f 2826 2822 2823
f 2826 2824 2822
f 2826 2821 2824
v -16.884 -52.509 60.958
v -17.384 -52.509 60.958
v -17.134 -52.509 60.708
v -17.134 -52.509 61.208
v -17.134 -52.297 60.958
v -17.134 -52.722 60.958
f 2831 2827 2829
f 2831 2829 2828
f 2831 2828 2830
f 2831 2830 2827
f 2832 2829 2827
f 2832 2828 2829
f 2832 2830 2828
f 2832 2827 2830
v -52.223 1.737 48.264
v -52.723 1.737 48.264
v -52.473 1.737 48.014
v -52.473 1.737 48.514
v -52.473 1.949 48.264
v -52.473 1.524 48.264
f 2837 2833 2835
f 2837 2835 2834
f 2837 2834 2836
f 2837 2836 2833
f 2838 2835 2833
f 2838 2834 2835
f 2838 2836 2834
f 2838 2833 2836
v -61.934 6.569 46.396
v -62.434 6.569 46.396
v -62.184 6.569 46.146
v -62.184 6.569 46.646
v -62.184 6.782 46.396
v -62.184 6.357 46.396
f 2843 2839 2841
f 2843 2841 2840
f 2843 2840 2842
f 2843 2842 2839
f 2844 2841 2839
f 2844 2840 2841
f 2844 2842 2840
f 2844 2839 2842
v -71.595 13.644 48.604
v -72.095 13.644 48.604
v -71.845 13.644 48.354
v -71.845 13.644 48.854
v -71.845 13.857 48.604
v -71.845 13.432 48.604
f 2849 2845 2847
f 2849 2847 2846
f 2849 2846 2848
f 2849 2848 2845
f 2850 2847 2845
f 2850 2846 2847
f 2850 2848 2846
f 2850 2845 2848
v 0.678 -47.061 55.948
v 0.024 -47.061 55.948
v 0.351 -47.061 55.621
v 0.351 -47.061 56.275
v 0.351 -46.783 55.948
v 0.351 -47.339 55.948
f 2855 2851 2853
f 2855 2853 2852
f 2855 2852 2854
f 2855 2854 2851
f 2856 2853 2851
f 2856 2852 2853
f 2856 2854 2852
f 2856 2851 2854
v 0.811 -44.915 58.117
v 0.311 -44.915 58.117
v 0.561 -44.915 57.867
v 0.561 -44.915 58.367
v 0.561 -44.702 58.117
v 0.561 -45.127 58.117
f 2861 2857 2859
f 2861 2859 2858
f 2861 2858 2860
f 2861 2860 2857
f 2862 2859 2857
f 2862 2858 2859
f 2862 2860 2858
f 2862 2857 2860
v -84.930 39.236 52.728
v -85.430 39.236 52.728
v -85.180 39.236 52.478
v -85.180 39.236 52.978
v -85.180 39.449 52.728
v -85.180 39.024 52.728
f 2867 2863 2865
f 2867 2865 2864
f 2867 2864 2866
f 2867 2866 2863
f 2868 2865 2863
f 2868 2864 2865
f 2868 2866 2864
f 2868 2863 2866
v -20.823 -5.000 55.102
v -21.323 -5.000 55.102
v -21.073 -5.000 54.852
v -21.073 -5.000 55.352
v -21.073 -4.788 55.102
v -21.073 -5.213 55.102
f 2873 2869 2871
f 2873 2871 2870
f 2873 2870 2872
f 2873 2872 2869
f 2874 2871 2869
f 2874 2870 2871
f 2874 2872 2870
f 2874 2869 2872
v -46.907 14.499 46.319
v -47.407 14.499 46.319
v -47.157 14.499 46.069
v -47.157 14.499 46.569
v -47.157 14.711 46.319
v -47.157 14.286 46.319
f 2879 2875 2877
f 2879 2877 2876
f 2879 2876 2878
f 2879 2878 2875
f 2880 2877 2875
f 2880 2876 2877
f 2880 2878 2876
f 2880 2875 2878
v -73.651 47.207 44.087
v -74.151 47.207 44.087
v -73.901 47.207 43.837
v -73.901 47.207 44.337
v -73.901 47.420 44.087
v -73.901 46.995 44.087
f 2885 2881 2883
f 2885 2883 2882
f 2885 2882 2884
f 2885 2884 2881
f 2886 2883 2881
f 2886 2882 2883
f 2886 2884 2882
f 2886 2881 2884
v -70.952 44.225 46.067
v -71.452 44.225 46.067
v -71.202 44.225 45.817
v -71.202 44.225 46.317
v -71.202 44.438 46.067
v -71.202 44.013 46.067
f 2891 2887 2889
f 2891 2889 2888
f 2891 2888 2890
f 2891 2890 2887
f 2892 2889 2887
f 2892 2888 2889
f 2892 2890 2888
f 2892 2887 2890
v 54.076 -78.214 57.802
v 53.494 -78.214 57.802
v 53.785 -78.214 57.512
v 53.785 -78.214 58.093
v 53.785 -77.967 57.802
v 53.785 -78.461 57.802
f 2897 2893 2895
f 2897 2895 2894
f 2897 2894 2896
f 2897 2896 2893
f 2898 2895 2893
f 2898 2894 2895
f 2898 2896 2894
f 2898 2893 2896
v 28.525 -51.387 58.261
v 28.025 -51.387 58.261
v 28.275 -51.387 58.011
v 28.275 -51.387 58.511
v 28.275 -51.175 58.261
v 28.275 -51.600 58.261
f 2903 2899 2901
f 2903 2901 2900
f 2903 2900 2902
f 2903 2902 2899
f 2904 2901 2899
f 2904 2900 2901
f 2904 2902 2900
f 2904 2899 2902
v -27.711 15.867 53.365
v -28.211 15.867 53.365
v -27.961 15.867 53.115
v -27.961 15.867 53.615
v -27.961 16.080 53.365
v -27.961 15.655 53.365
f 2909 2905 2907
f 2909 2907 2906
f 2909 2906 2908
f 2909 2908 2905
f 2910 2907 2905
f 2910 2906 2907
f 2910 2908 2906
f 2910 2905 2908
v -71.077 55.911 44.764
v -71.659 55.911 44.764
v -71.368 55.911 44.473
v -71.368 55.911 45.055
v -71.368 56.158 44.764
v -71.368 55.664 44.764
f 2915 2911 2913
f 2915 2913 2912
f 2915 2912 2914
f 2915 2914 2911
f 2916 2913 2911
f 2916 2912 2913
f 2916 2914 2912
f 2916 2911 2914
v -4.576 -8.690 48.858
v -5.158 -8.690 48.858
v -4.867 -8.690 48.567
v -4.867 -8.690 49.149
v -4.867 -8.442 48.858
v -4.867 -8.937 48.858
f 2921 2917 2919
f 2921 2919 2918
f 2921 2918 2920
f 2921 2920 2917
f 2922 2919 2917
f 2922 2918 2919
f 2922 2920 2918
f 2922 2917 2920
v -23.431 17.054 51.385
v -24.012 17.054 51.385
v -23.721 17.054 51.094
v -23.721 17.054 51.676
v -23.721 17.302 51.385
v -23.721 16.807 51.385
f 2927 2923 2925
f 2927 2925 2924
f 2927 2924 2926
f 2927 2926 2923
f 2928 2925 2923
f 2928 2924 2925
f 2928 2926 2924
f 2928 2923 2926
v -68.125 58.020 49.300
v -68.778 58.020 49.300
v -68.452 58.020 48.973
v -68.452 58.020 49.627
v -68.452 58.298 49.300
v -68.452 57.742 49.300
f 2933 2929 2931
f 2933 2931 2930
f 2933 2930 2932
f 2933 2932 2929
f 2934 2931 2929
f 2934 2930 2931
f 2934 2932 2930
f 2934 2929 2932
v 2.771 -8.202 49.163
v 2.189 -8.202 49.163
v 2.480 -8.202 48.872
v 2.480 -8.202 49.454
v 2.480 -7.955 49.163
v 2.480 -8.449 49.163
f 2939 2935 2937
f 2939 2937 2936
f 2939 2936 2938
f 2939 2938 2935
f 2940 2937 2935
f 2940 2936 2937
f 2940 2938 2936
f 2940 2935 2938
v 2.925 -5.955 50.306
v 2.344 -5.955 50.306
v 2.634 -5.955 50.015
v 2.634 -5.955 50.597
v 2.634 -5.708 50.306
v 2.634 -6.202 50.306
f 2945 2941 2943
f 2945 2943 2942
f 2945 2942 2944
f 2945 2944 2941
f 2946 2943 2941
f 2946 2942 2943
f 2946 2944 2942
f 2946 2941 2944
v 3.754 -3.877 46.905
v 3.172 -3.877 46.905
v 3.463 -3.877 46.614
v 3.463 -3.877 47.196
v 3.463 -3.629 46.905
v 3.463 -4.124 46.905
f 2951 2947 2949
f 2951 2949 2948
f 2951 2948 2950
f 2951 2950 2947
f 2952 2949 2947
f 2952 2948 2949
f 2952 2950 2948
f 2952 2947 2950
v -15.847 24.679 56.540
v -16.429 24.679 56.540
v -16.138 24.679 56.249
v -16.138 24.679 56.831
v -16.138 24.926 56.540
v -16.138 24.431 56.540
f 2957 2953 2955
f 2957 2955 2954
f 2957 2954 2956
f 2957 2956 2953
f 2958 2955 2953
f 2958 2954 2955
f 2958 2956 2954
f 2958 2953 2956
v -14.005 24.871 59.355
v -14.658 24.871 59.355
v -14.332 24.871 59.028
v -14.332 24.871 59.682
v -14.332 25.149 59.355
v -14.332 24.593 59.355
f 2963 2959 2961
f 2963 2961 2960
f 2963 2960 2962
f 2963 2962 2959
f 2964 2961 2959
f 2964 2960 2961
f 2964 2962 2960
f 2964 2959 2962
v -10.806 26.382 59.950
v -11.306 26.382 59.950
v -11.056 26.382 59.700
v -11.056 26.382 60.200
v -11.056 26.594 59.950
v -11.056 26.169 59.950
f 2969 2965 2967
f 2969 2967 2966
f 2969 2966 2968
f 2969 2968 2965
f 2970 2967 2965
f 2970 2966 2967
f 2970 2968 2966
f 2970 2965 2968
v -19.931 31.548 60.787
v -20.431 31.548 60.787
v -20.181 31.548 60.537
v -20.181 31.548 61.037
v -20.181 31.760 60.787
v -20.181 31.335 60.787
f 2975 2971 2973
f 2975 2973 2972
f 2975 2972 2974
f 2975 2974 2971
f 2976 2973 2971
f 2976 2972 2973
f 2976 2974 2972
f 2976 2971 2974
v -53.044 59.351 56.624
v -53.544 59.351 56.624
v -53.294 59.351 56.374
v -53.294 59.351 56.874
v -53.294 59.564 56.624
v -53.294 59.139 56.624
f 2981 2977 2979
f 2981 2979 2978
f 2981 2978 2980
f 2981 2980 2977
f 2982 2979 2977
f 2982 2978 2979
f 2982 2980 2978
f 2982 2977 2980
v -67.097 70.001 52.143
v -67.816 70.001 52.143
v -67.457 70.001 51.783
v -67.457 70.001 52.502
v -67.457 70.306 52.143
v -67.457 69.695 52.143
f 2987 2983 2985
f 2987 2985 2984
f 2987 2984 2986
f 2987 2986 2983
f 2988 2985 2983
f 2988 2984 2985
f 2988 2986 2984
f 2988 2983 2986
v -64.689 68.064 54.382
v -65.271 68.064 54.382
v -64.980 68.064 54.091
v -64.980 68.064 54.673
v -64.980 68.311 54.382
v -64.980 67.816 54.382
f 2993 2989 2991
f 2993 2991 2990
f 2993 2990 2992
f 2993 2992 2989
f 2994 2991 2989
f 2994 2990 2991
f 2994 2992 2990
f 2994 2989 2992
v 2.488 19.145 61.344
v 1.988 19.145 61.344
v 2.238 19.145 61.094
v 2.238 19.145 61.594
v 2.238 19.358 61.344
v 2.238 18.933 61.344
f 2999 2995 2997
f 2999 2997 2996
f 2999 2996 2998
f 2999 2998 2995
f 3000 2997 2995
f 3000 2996 2997
f 3000 2998 2996
f 3000 2995 2998
v 4.440 20.482 56.462
v 3.858 20.482 56.462
v 4.149 20.482 56.171
v 4.149 20.482 56.753
v 4.149 20.729 56.462
v 4.149 20.235 56.462
f 3005 3001 3003
f 3005 3003 3002
f 3005 3002 3004
f 3005 3004 3001
f 3006 3003 3001
f 3006 3002 3003
f 3006 3004 3002
f 3006 3001 3004
v -4.052 26.318 55.182
v -4.552 26.318 55.182
v -4.302 26.318 54.932
v -4.302 26.318 55.432
v -4.302 26.530 55.182
v -4.302 26.105 55.182
f 3011 3007 3009
f 3011 3009 3008
f 3011 3008 3010
f 3011 3010 3007
f 3012 3009 3007
f 3012 3008 3009
f 3012 3010 3008
f 3012 3007 3010
v 2.687 22.651 55.299
v 2.187 22.651 55.299
v 2.437 22.651 55.049
v 2.437 22.651 55.549
v 2.437 22.863 55.299
v 2.437 22.438 55.299
f 3017 3013 3015
f 3017 3015 3014
f 3017 3014 3016
f 3017 3016 3013
f 3018 3015 3013
f 3018 3014 3015
f 3018 3016 3014
f 3018 3013 3016
v -8.721 32.709 62.110
v -9.221 32.709 62.110
v -8.971 32.709 61.860
v -8.971 32.709 62.360
v -8.971 32.922 62.110
v -8.971 32.497 62.110
f 3023 3019 3021
f 3023 3021 3020
f 3023 3020 3022
f 3023 3022 3019
f 3024 3021 3019
f 3024 3020 3021
f 3024 3022 3020
f 3024 3019 3022
v -8.670 42.862 61.227
v -9.252 42.862 61.227
v -8.961 42.862 60.936
v -8.961 42.862 61.518
v -8.961 43.109 61.227
v -8.961 42.614 61.227
f 3029 3025 3027
f 3029 3027 3026
f 3029 3026 3028
f 3029 3028 3025
f 3030 3027 3025
f 3030 3026 3027
f 3030 3028 3026
f 3030 3025 3028
v 77.695 -29.413 65.337
v 77.195 -29.413 65.337
v 77.445 -29.413 65.087
v 77.445 -29.413 65.587
v 77.445 -29.200 65.337
v 77.445 -29.625 65.337
f 3035 3031 3033
f 3035 3033 3032
f 3035 3032 3034
f 3035 3034 3031
f 3036 3033 3031
f 3036 3032 3033
f 3036 3034 3032
f 3036 3031 3034
v 74.148 -27.746 67.335
v 73.494 -27.746 67.335
v 73.821 -27.746 67.008
v 73.821 -27.746 67.662
v 73.821 -27.468 67.335
v 73.821 -28.024 67.335
f 3041 3037 3039
f 3041 3039 3038
f 3041 3038 3040
f 3041 3040 3037
f 3042 3039 3037
f 3042 3038 3039
f 3042 3040 3038
f 3042 3037 3040
v 79.558 -28.877 63.354
v 79.058 -28.877 63.354
v 79.308 -28.877 63.104
v 79.308 -28.877 63.604
v 79.308 -28.665 63.354
v 79.308 -29.090 63.354
f 3047 3043 3045
f 3047 3045 3044
f 3047 3044 3046
f 3047 3046 3043
f 3048 3045 3043
f 3048 3044 3045
f 3048 3046 3044
f 3048 3043 3046
v 30.699 13.118 57.995
v 29.980 13.118 57.995
v 30.340 13.118 57.636
v 30.340 13.118 58.355
v 30.340 13.423 57.995
v 30.340 12.812 57.995
f 3053 3049 3051
f 3053 3051 3050
f 3053 3050 3052
f 3053 3052 3049
f 3054 3051 3049
f 3054 3050 3051
f 3054 3052 3050
f 3054 3049 3052
v 23.547 20.046 54.791
v 23.047 20.046 54.791
v 23.297 20.046 54.541
v 23.297 20.046 55.041
v 23.297 20.259 54.791
v 23.297 19.834 54.791
f 3059 3055 3057
f 3059 3057 3056
f 3059 3056 3058
f 3059 3058 3055
f 3060 3057 3055
f 3060 3056 3057
f 3060 3058 3056
f 3060 3055 3058
v 87.465 -30.807 65.844
v 86.883 -30.807 65.844
v 87.174 -30.807 65.553
v 87.174 -30.807 66.135
v 87.174 -30.560 65.844
v 87.174 -31.054 65.844
f 3065 3061 3063
f 3065 3063 3062
f 3065 3062 3064
f 3065 3064 3061
f 3066 3063 3061
f 3066 3062 3063
f 3066 3064 3062
f 3066 3061 3064
v 21.083 43.498 59.461
v 20.583 43.498 59.461
v 20.833 43.498 59.211
v 20.833 43.498 59.711
v 20.833 43.710 59.461
v 20.833 43.285 59.461
f 3071 3067 3069
f 3071 3069 3068
f 3071 3068 3070
f 3071 3070 3067
f 3072 3069 3067
f 3072 3068 3069
f 3072 3070 3068
f 3072 3067 3070
v 69.943 3.531 59.638
v 69.443 3.531 59.638
v 69.693 3.531 59.388
v 69.693 3.531 59.888
v 69.693 3.744 59.638
v 69.693 3.319 59.638
f 3077 3073 3075
f 3077 3075 3074
f 3077 3074 3076
f 3077 3076 3073
f 3078 3075 3073
f 3078 3074 3075
f 3078 3076 3074
f 3078 3073 3076
v 28.727 55.620 55.748
v 28.227 55.620 55.748
v 28.477 55.620 55.498
v 28.477 55.620 55.998
v 28.477 55.833 55.748
v 28.477 55.408 55.748
f 3083 3079 3081
f 3083 3081 3080
f 3083 3080 3082
f 3083 3082 3079
f 3084 3081 3079
f 3084 3080 3081
f 3084 3082 3080
f 3084 3079 3082
v 68.364 12.777 61.771
v 67.864 12.777 61.771
v 68.114 12.777 61.521
v 68.114 12.777 62.021
v 68.114 12.989 61.771
v 68.114 12.564 61.771
f 3089 3085 3087
f 3089 3087 3086
f 3089 3086 3088
f 3089 3088 3085
f 3090 3087 3085
f 3090 3086 3087
f 3090 3088 3086
f 3090 3085 3088
v 57.302 42.592 57.811
v 56.802 42.592 57.811
v 57.052 42.592 57.561
v 57.052 42.592 58.061
v 57.052 42.805 57.811
v 57.052 42.380 57.811
f 3095 3091 3093
f 3095 3093 3092
f 3095 3092 3094
f 3095 3094 3091
f 3096 3093 3091
f 3096 3092 3093
f 3096 3094 3092
f 3096 3091 3094
v 34.091 76.669 53.471
v 33.591 76.669 53.471
v 33.841 76.669 53.221
v 33.841 76.669 53.721
v 33.841 76.882 53.471
v 33.841 76.457 53.471
f 3101 3097 3099
f 3101 3099 3098
f 3101 3098 3100
f 3101 3100 3097
f 3102 3099 3097
f 3102 3098 3099
f 3102 3100 3098
f 3102 3097 3100
v 69.146 46.412 60.034
v 68.646 46.412 60.034
v 68.896 46.412 59.784
v 68.896 46.412 60.284
v 68.896 46.624 60.034
v 68.896 46.199 60.034
f 3107 3103 3105
f 3107 3105 3104
f 3107 3104 3106
f 3107 3106 3103
f 3108 3105 3103
f 3108 3104 3105
f 3108 3106 3104
f 3108 3103 3106
v 31.746 92.694 56.512
v 31.165 92.694 56.512
v 31.456 92.694 56.221
v 31.456 92.694 56.802
v 31.456 92.941 56.512
v 31.456 92.447 56.512
f 3113 3109 3111
f 3113 3111 3110
f 3113 3110 3112
f 3113 3112 3109
f 3114 3111 3109
f 3114 3110 3111
f 3114 3112 3110
f 3114 3109 3112
v 34.140 92.767 55.404
v 33.486 92.767 55.404
v 33.813 92.767 55.077
v 33.813 92.767 55.731
v 33.813 93.044 55.404
v 33.813 92.489 55.404
f 3119 3115 3117
f 3119 3117 3116
f 3119 3116 3118
f 3119 3118 3115
f 3120 3117 3115
f 3120 3116 3117
f 3120 3118 3116
f 3120 3115 3118
v 61.957 58.916 56.486
v 61.303 58.916 56.486
v 61.630 58.916 56.159
v 61.630 58.916 56.813
v 61.630 59.194 56.486
v 61.630 58.638 56.486
f 3125 3121 3123
f 3125 3123 3122
f 3125 3122 3124
f 3125 3124 3121
f 3126 3123 3121
f 3126 3122 3123
f 3126 3124 3122
f 3126 3121 3124
v 66.390 51.581 59.852
v 65.890 51.581 59.852
v 66.140 51.581 59.602
v 66.140 51.581 60.102
v 66.140 51.794 59.852
v 66.140 51.369 59.852
f 3131 3127 3129
f 3131 3129 3128
f 3131 3128 3130
f 3131 3130 3127
f 3132 3129 3127
f 3132 3128 3129
f 3132 3130 3128
f 3132 3127 3130
v 60.781 78.979 54.739
v 60.199 78.979 54.739
v 60.490 78.979 54.448
v 60.490 78.979 55.030
v 60.490 79.227 54.739
v 60.490 78.732 54.739
f 3137 3133 3135
f 3137 3135 3134
f 3137 3134 3136
f 3137 3136 3133
f 3138 3135 3133
f 3138 3134 3135
f 3138 3136 3134
f 3138 3133 3136
v 60.427 88.265 52.493
v 59.927 88.265 52.493
v 60.177 88.265 52.243
v 60.177 88.265 52.743
v 60.177 88.478 52.493
v 60.177 88.053 52.493
f 3143 3139 3141
f 3143 3141 3140
f 3143 3140 3142
f 3143 3142 3139
f 3144 3141 3139
f 3144 3140 3141
f 3144 3142 3140
f 3144 3139 3142
v -50.487 -71.805 69.325
v -51.141 -71.805 69.325
v -50.814 -71.805 68.998
v -50.814 -71.805 69.652
v -50.814 -71.527 69.325
v -50.814 -72.083 69.325
f 3149 3145 3147
f 3149 3147 3146
f 3149 3146 3148
f 3149 3148 3145
f 3150 3147 3145
f 3150 3146 3147
f 3150 3148 3146
f 3150 3145 3148
v -82.074 -35.562 61.767
v -82.574 -35.562 61.767
v -82.324 -35.562 61.517
v -82.324 -35.562 62.017
v -82.324 -35.350 61.767
v -82.324 -35.775 61.767
f 3155 3151 3153
f 3155 3153 3152
f 3155 3152 3154
f 3155 3154 3151
f 3156 3153 3151
f 3156 3152 3153
f 3156 3154 3152
f 3156 3151 3154
v -93.599 -28.453 61.341
v -94.099 -28.453 61.341
v -93.849 -28.453 61.091
v -93.849 -28.453 61.591
v -93.849 -28.241 61.341
v -93.849 -28.666 61.341
f 3161 3157 3159
f 3161 3159 3158
f 3161 3158 3160
f 3161 3160 3157
f 3162 3159 3157
f 3162 3158 3159
f 3162 3160 3158
f 3162 3157 3160
v -51.443 -61.732 72.642
v -52.096 -61.732 72.642
v -51.769 -61.732 72.315
v -51.769 -61.732 72.969
v -51.769 -61.454 72.642
v -51.769 -62.009 72.642
f 3167 3163 3165
f 3167 3165 3164
f 3167 3164 3166
f 3167 3166 3163
f 3168 3165 3163
f 3168 3164 3165
f 3168 3166 3164
f 3168 3163 3166
v -75.512 -30.819 61.176
v -76.231 -30.819 61.176
v -75.871 -30.819 60.816
v -75.871 -30.819 61.535
v -75.871 -30.514 61.176
v -75.871 -31.125 61.176
f 3173 3169 3171
f 3173 3171 3170
f 3173 3170 3172
f 3173 3172 3169
f 3174 3171 3169
f 3174 3170 3171
f 3174 3172 3170
f 3174 3169 3172
v -102.868 -7.355 59.076
v -103.368 -7.355 59.076
v -103.118 -7.355 58.826
v -103.118 -7.355 59.326
v -103.118 -7.143 59.076
v -103.118 -7.568 59.076
f 3179 3175 3177
f 3179 3177 3176
f 3179 3176 3178
f 3179 3178 3175
f 3180 3177 3175
f 3180 3176 3177
f 3180 3178 3176
f 3180 3175 3178
v -103.102 -5.638 60.594
v -103.683 -5.638 60.594
v -103.393 -5.638 60.303
v -103.393 -5.638 60.885
v -103.393 -5.391 60.594
v -103.393 -5.885 60.594
f 3185 3181 3183
f 3185 3183 3182
f 3185 3182 3184
f 3185 3184 3181
f 3186 3183 3181
f 3186 3182 3183
f 3186 3184 3182
f 3186 3181 3184
v -58.496 -30.241 66.282
v -58.996 -30.241 66.282
v -58.746 -30.241 66.032
v -58.746 -30.241 66.532
v -58.746 -30.028 66.282
v -58.746 -30.453 66.282
f 3191 3187 3189
f 3191 3189 3188
f 3191 3188 3190
f 3191 3190 3187
f 3192 3189 3187
f 3192 3188 3189
f 3192 3190 3188
f 3192 3187 3190
v -53.541 -32.278 66.312
v -54.195 -32.278 66.312
v -53.868 -32.278 65.985
v -53.868 -32.278 66.639
v -53.868 -32.000 66.312
v -53.868 -32.556 66.312
f 3197 3193 3195
f 3197 3195 3194
f 3197 3194 3196
f 3197 3196 3193
f 3198 3195 3193
f 3198 3194 3195
f 3198 3196 3194
f 3198 3193 3196
v -52.220 -34.505 65.156
v -52.720 -34.505 65.156
v -52.470 -34.505 64.906
v -52.470 -34.505 65.406
v -52.470 -34.293 65.156
v -52.470 -34.718 65.156
f 3203 3199 3201
f 3203 3201 3200
f 3203 3200 3202
f 3203 3202 3199
f 3204 3201 3199
f 3204 3200 3201
f 3204 3202 3200
f 3204 3199 3202
v -75.659 -21.092 62.313
v -76.240 -21.092 62.313
v -75.950 -21.092 62.022
v -75.950 -21.092 62.604
v -75.950 -20.845 62.313
v -75.950 -21.340 62.313
f 3209 3205 3207
f 3209 3207 3206
f 3209 3206 3208
f 3209 3208 3205
f 3210 3207 3205
f 3210 3206 3207
f 3210 3208 3206
f 3210 3205 3208
v -71.841 -3.612 63.976
v -72.341 -3.612 63.976
v -72.091 -3.612 63.726
v -72.091 -3.612 64.226
v -72.091 -3.399 63.976
v -72.091 -3.824 63.976
f 3215 3211 3213
f 3215 3213 3212
f 3215 3212 3214
f 3215 3214 3211
f 3216 3213 3211
f 3216 3212 3213
f 3216 3214 3212
f 3216 3211 3214
v -85.651 2.561 64.446
v -86.233 2.561 64.446
v -85.942 2.561 64.155
v -85.942 2.561 64.737
v -85.942 2.808 64.446
v -85.942 2.313 64.446
f 3221 3217 3219
f 3221 3219 3218
f 3221 3218 3220
f 3221 3220 3217
f 3222 3219 3217
f 3222 3218 3219
f 3222 3220 3218
f 3222 3217 3220
v -83.207 4.038 65.583
v -83.707 4.038 65.583
v -83.457 4.038 65.333
v -83.457 4.038 65.833
v -83.457 4.250 65.583
v -83.457 3.825 65.583
f 3227 3223 3225
f 3227 3225 3224
f 3227 3224 3226
f 3227 3226 3223
f 3228 3225 3223
f 3228 3224 3225
f 3228 3226 3224
f 3228 3223 3226
v -100.370 16.044 55.561
v -100.870 16.044 55.561
v -100.620 16.044 55.311
v -100.620 16.044 55.811
v -100.620 16.257 55.561
v -100.620 15.832 55.561
f 3233 3229 3231
f 3233 3231 3230
f 3233 3230 3232
f 3233 3232 3229
f 3234 3231 3229
f 3234 3230 3231
f 3234 3232 3230
f 3234 3229 3232
v -4.406 -74.993 65.405
v -4.906 -74.993 65.405
v -4.656 -74.993 65.155
v -4.656 -74.993 65.655
v -4.656 -74.780 65.405
v -4.656 -75.205 65.405
f 3239 3235 3237
f 3239 3237 3236
f 3239 3236 3238
f 3239 3238 3235
f 3240 3237 3235
f 3240 3236 3237
f 3240 3238 3236
f 3240 3235 3238
v -6.064 -68.024 66.054
v -6.564 -68.024 66.054
v -6.314 -68.024 65.804
v -6.314 -68.024 66.304
v -6.314 -67.811 66.054
v -6.314 -68.236 66.054
f 3245 3241 3243
f 3245 3243 3242
f 3245 3242 3244
f 3245 3244 3241
f 3246 3243 3241
f 3246 3242 3243
f 3246 3244 3242
f 3246 3241 3244
v -11.379 -58.323 70.104
v -11.879 -58.323 70.104
v -11.629 -58.323 69.854
v -11.629 -58.323 70.354
v -11.629 -58.110 70.104
v -11.629 -58.535 70.104
f 3251 3247 3249
f 3251 3249 3248
f 3251 3248 3250
f 3251 3250 3247
f 3252 3249 3247
f 3252 3248 3249
f 3252 3250 3248
f 3252 3247 3250
v -34.465 -22.237 66.851
v -35.184 -22.237 66.851
v -34.825 -22.237 66.491
v -34.825 -22.237 67.210
v -34.825 -21.931 66.851
v -34.825 -22.542 66.851
f 3257 3253 3255
f 3257 3255 3254
f 3257 3254 3256
f 3257 3256 3253
f 3258 3255 3253
f 3258 3254 3255
f 3258 3256 3254
f 3258 3253 3256
v -41.515 -23.091 60.933
v -42.015 -23.091 60.933
v -41.765 -23.091 60.683
v -41.765 -23.091 61.183
v -41.765 -22.879 60.933
v -41.765 -23.304 60.933
f 3263 3259 3261
f 3263 3261 3260
f 3263 3260 3262
f 3263 3262 3259
f 3264 3261 3259
f 3264 3260 3261
f 3264 3262 3260
f 3264 3259 3262
v -62.534 -7.098 58.805
v -63.034 -7.098 58.805
v -62.784 -7.098 58.555
v -62.784 -7.098 59.055
v -62.784 -6.886 58.805
v -62.784 -7.311 58.805
f 3269 3265 3267
f 3269 3267 3266
f 3269 3266 3268
f 3269 3268 3265
f 3270 3267 3265
f 3270 3266 3267
f 3270 3268 3266
f 3270 3265 3268
v -76.083 4.178 64.487
v -76.583 4.178 64.487
v -76.333 4.178 64.237
v -76.333 4.178 64.737
v -76.333 4.391 64.487
v -76.333 3.966 64.487
f 3275 3271 3273
f 3275 3273 3272
f 3275 3272 3274
f 3275 3274 3271
f 3276 3273 3271
f 3276 3272 3273
f 3276 3274 3272
f 3276 3271 3274
v -39.567 -10.763 61.373
v -40.067 -10.763 61.373
v -39.817 -10.763 61.123
v -39.817 -10.763 61.623
v -39.817 -10.550 61.373
v -39.817 -10.975 61.373
f 3281 3277 3279
f 3281 3279 3278
f 3281 3278 3280
f 3281 3280 3277
f 3282 3279 3277
f 3282 3278 3279
f 3282 3280 3278
f 3282 3277 3280
v -38.619 -11.645 62.669
v -39.119 -11.645 62.669
v -38.869 -11.645 62.419
v -38.869 -11.645 62.919
v -38.869 -11.432 62.669
v -38.869 -11.857 62.669
f 3287 3283 3285
f 3287 3285 3284
f 3287 3284 3286
f 3287 3286 3283
f 3288 3285 3283
f 3288 3284 3285
f 3288 3286 3284
f 3288 3283 3286
v -46.063 -8.528 65.285
v -46.645 -8.528 65.285
v -46.354 -8.528 64.994
v -46.354 -8.528 65.576
v -46.354 -8.281 65.285
v -46.354 -8.775 65.285
f 3293 3289 3291
f 3293 3291 3290
f 3293 3290 3292
f 3293 3292 3289
f 3294 3291 3289
f 3294 3290 3291
f 3294 3292 3290
f 3294 3289 3292
v -56.264 5.667 57.539
v -56.918 5.667 57.539
v -56.591 5.667 57.213
v -56.591 5.667 57.866
v -56.591 5.945 57.539
v -56.591 5.389 57.539
f 3299 3295 3297
f 3299 3297 3296
f 3299 3296 3298
f 3299 3298 3295
f 3300 3297 3295
f 3300 3296 3297
f 3300 3298 3296
f 3300 3295 3298
v 5.847 -57.737 67.252
v 5.193 -57.737 67.252
v 5.520 -57.737 66.925
v 5.520 -57.737 67.579
v 5.520 -57.459 67.252
v 5.520 -58.015 67.252
f 3305 3301 3303
f 3305 3303 3302
f 3305 3302 3304
f 3305 3304 3301
f 3306 3303 3301
f 3306 3302 3303
f 3306 3304 3302
f 3306 3301 3304
v -48.805 4.076 56.804
v -49.305 4.076 56.804
v -49.055 4.076 56.554
v -49.055 4.076 57.054
v -49.055 4.289 56.804
v -49.055 3.864 56.804
f 3311 3307 3309
f 3311 3309 3308
f 3311 3308 3310
f 3311 3310 3307
f 3312 3309 3307
f 3312 3308 3309
f 3312 3310 3308
f 3312 3307 3310
v 48.705 -78.435 66.983
v 48.205 -78.435 66.983
v 48.455 -78.435 66.733
v 48.455 -78.435 67.233
v 48.455 -78.222 66.983
v 48.455 -78.647 66.983
f 3317 3313 3315
f 3317 3315 3314
f 3317 3314 3316
f 3317 3316 3313
f 3318 3315 3313
f 3318 3314 3315
f 3318 3316 3314
f 3318 3313 3316
v 45.833 -78.518 74.127
v 45.179 -78.518 74.127
v 45.506 -78.518 73.800
v 45.506 -78.518 74.453
v 45.506 -78.240 74.127
v 45.506 -78.796 74.127
f 3323 3319 3321
f 3323 3321 3320
f 3323 3320 3322
f 3323 3322 3319
f 3324 3321 3319
f 3324 3320 3321
f 3324 3322 3320
f 3324 3319 3322
v 0.967 -39.101 65.757
v 0.385 -39.101 65.757
v 0.676 -39.101 65.466
v 0.676 -39.101 66.048
v 0.676 -38.854 65.757
v 0.676 -39.348 65.757
f 3329 3325 3327
f 3329 3327 3326
f 3329 3326 3328
f 3329 3328 3325
f 3330 3327 3325
f 3330 3326 3327
f 3330 3328 3326
f 3330 3325 3328
v -71.442 39.612 54.798
v -71.942 39.612 54.798
v -71.692 39.612 54.548
v -71.692 39.612 55.048
v -71.692 39.825 54.798
v -71.692 39.400 54.798
f 3335 3331 3333
f 3335 3333 3332
f 3335 3332 3334
f 3335 3334 3331
f 3336 3333 3331
f 3336 3332 3333
f 3336 3334 3332
f 3336 3331 3334
v -71.196 43.557 55.553
v -71.696 43.557 55.553
v -71.446 43.557 55.303
v -71.446 43.557 55.803
v -71.446 43.769 55.553
v -71.446 43.344 55.553
f 3341 3337 3339
f 3341 3339 3338
f 3341 3338 3340
f 3341 3340 3337
f 3342 3339 3337
f 3342 3338 3339
f 3342 3340 3338
f 3342 3337 3340
v -70.738 47.053 56.354
v -71.320 47.053 56.354
v -71.029 47.053 56.063
v -71.029 47.053 56.644
v -71.029 47.300 56.354
v -71.029 46.806 56.354
f 3347 3343 3345
f 3347 3345 3344
f 3347 3344 3346
f 3347 3346 3343
f 3348 3345 3343
f 3348 3344 3345
f 3348 3346 3344
f 3348 3343 3346
v -71.026 47.210 54.291
v -71.680 47.210 54.291
v -71.353 47.210 53.964
v -71.353 47.210 54.618
v -71.353 47.488 54.291
v -71.353 46.932 54.291
f 3353 3349 3351
f 3353 3351 3350
f 3353 3350 3352
f 3353 3352 3349
f 3354 3351 3349
f 3354 3350 3351
f 3354 3352 3350
f 3354 3349 3352
v -69.204 49.418 52.938
v -69.785 49.418 52.938
v -69.495 49.418 52.647
v -69.495 49.418 53.229
v -69.495 49.665 52.938
v -69.495 49.171 52.938
f 3359 3355 3357
f 3359 3357 3356
f 3359 3356 3358
f 3359 3358 3355
f 3360 3357 3355
f 3360 3356 3357
f 3360 3358 3356
f 3360 3355 3358
v -70.753 49.855 57.745
v -71.335 49.855 57.745
v -71.044 49.855 57.454
v -71.044 49.855 58.036
v -71.044 50.103 57.745
v -71.044 49.608 57.745
f 3365 3361 3363
f 3365 3363 3362
f 3365 3362 3364
f 3365 3364 3361
f 3366 3363 3361
f 3366 3362 3363
f 3366 3364 3362
f 3366 3361 3364
v -68.625 48.976 59.409
v -69.279 48.976 59.409
v -68.952 48.976 59.082
v -68.952 48.976 59.736
v -68.952 49.254 59.409
v -68.952 48.698 59.409
f 3371 3367 3369
f 3371 3369 3368
f 3371 3368 3370
f 3371 3370 3367
f 3372 3369 3367
f 3372 3368 3369
f 3372 3370 3368
f 3372 3367 3370
v -66.313 53.107 57.731
v -66.894 53.107 57.731
v -66.603 53.107 57.441
v -66.603 53.107 58.022
v -66.603 53.354 57.731
v -66.603 52.859 57.731
f 3377 3373 3375
f 3377 3375 3374
f 3377 3374 3376
f 3377 3376 3373
f 3378 3375 3373
f 3378 3374 3375
f 3378 3376 3374
f 3378 3373 3376
v 53.512 -53.458 70.783
v 52.859 -53.458 70.783
v 53.186 -53.458 70.456
v 53.186 -53.458 71.110
v 53.186 -53.180 70.783
v 53.186 -53.736 70.783
f 3383 3379 3381
f 3383 3381 3380
f 3383 3380 3382
f 3383 3382 3379
f 3384 3381 3379
f 3384 3380 3381
f 3384 3382 3380
f 3384 3379 3382
v 37.380 -50.739 71.148
v 36.798 -50.739 71.148
v 37.089 -50.739 70.857
v 37.089 -50.739 71.439
v 37.089 -50.492 71.148
v 37.089 -50.986 71.148
f 3389 3385 3387
f 3389 3387 3386
f 3389 3386 3388
f 3389 3388 3385
f 3390 3387 3385
f 3390 3386 3387
f 3390 3388 3386
f 3390 3385 3388
v 0.447 -15.569 56.837
v -0.053 -15.569 56.837
v 0.197 -15.569 56.587
v 0.197 -15.569 57.087
v 0.197 -15.357 56.837
v 0.197 -15.782 56.837
f 3395 3391 3393
f 3395 3393 3392
f 3395 3392 3394
f 3395 3394 3391
f 3396 3393 3391
f 3396 3392 3393
f 3396 3394 3392
f 3396 3391 3394
v -23.918 20.414 57.205
v -24.418 20.414 57.205
v -24.168 20.414 56.955
v -24.168 20.414 57.455
v -24.168 20.626 57.205
v -24.168 20.201 57.205
f 3401 3397 3399
f 3401 3399 3398
f 3401 3398 3400
f 3401 3400 3397
f 3402 3399 3397
f 3402 3398 3399
f 3402 3400 3398
f 3402 3397 3400
v -60.817 55.444 52.820
v -61.536 55.444 52.820
v -61.177 55.444 52.461
v -61.177 55.444 53.180
v -61.177 55.750 52.820
v -61.177 55.139 52.820
f 3407 3403 3405
f 3407 3405 3404
f 3407 3404 3406
f 3407 3406 3403
f 3408 3405 3403
f 3408 3404 3405
f 3408 3406 3404
f 3408 3403 3406
v 57.944 -49.280 65.646
v 57.290 -49.280 65.646
v 57.617 -49.280 65.319
v 57.617 -49.280 65.973
v 57.617 -49.002 65.646
v 57.617 -49.558 65.646
f 3413 3409 3411
f 3413 3411 3410
f 3413 3410 3412
f 3413 3412 3409
f 3414 3411 3409
f 3414 3410 3411
f 3414 3412 3410
f 3414 3409 3412
v 0.709 9.601 65.435
v -0.010 9.601 65.435
v 0.349 9.601 65.076
v 0.349 9.601 65.795
v 0.349 9.907 65.435
v 0.349 9.296 65.435
f 3419 3415 3417
f 3419 3417 3416
f 3419 3416 3418
f 3419 3418 3415
f 3420 3417 3415
f 3420 3416 3417
f 3420 3418 3416
f 3420 3415 3418
v 3.707 16.496 65.700
v 2.988 16.496 65.700
v 3.348 16.496 65.341
v 3.348 16.496 66.060
v 3.348 16.801 65.700
v 3.348 16.190 65.700
f 3425 3421 3423
f 3425 3423 3422
f 3425 3422 3424
f 3425 3424 3421
f 3426 3423 3421
f 3426 3422 3423
f 3426 3424 3422
f 3426 3421 3424
v -14.570 27.378 64.585
v -15.224 27.378 64.585
v -14.897 27.378 64.258
v -14.897 27.378 64.912
v -14.897 27.656 64.585
v -14.897 27.100 64.585
f 3431 3427 3429
f 3431 3429 3428
f 3431 3428 3430
f 3431 3430 3427
f 3432 3429 3427
f 3432 3428 3429
f 3432 3430 3428
f 3432 3427 3430
v -16.374 32.088 68.582
v -16.874 32.088 68.582
v -16.624 32.088 68.332
v -16.624 32.088 68.832
v -16.624 32.300 68.582
v -16.624 31.875 68.582
f 3437 3433 3435
f 3437 3435 3434
f 3437 3434 3436
f 3437 3436 3433
f 3438 3435 3433
f 3438 3434 3435
f 3438 3436 3434
f 3438 3433 3436
v 68.857 -41.422 79.645
v 68.357 -41.422 79.645
v 68.607 -41.422 79.395
v 68.607 -41.422 79.895
v 68.607 -41.209 79.645
v 68.607 -41.634 79.645
f 3443 3439 3441
f 3443 3441 3440
f 3443 3440 3442
f 3443 3442 3439
f 3444 3441 3439
f 3444 3440 3441
f 3444 3442 3440
f 3444 3439 3442
v 5.479 22.343 63.385
v 4.979 22.343 63.385
v 5.229 22.343 63.135
v 5.229 22.343 63.635
v 5.229 22.556 63.385
v 5.229 22.131 63.385
f 3449 3445 3447
f 3449 3447 3446
f 3449 3446 3448
f 3449 3448 3445
f 3450 3447 3445
f 3450 3446 3447
f 3450 3448 3446
f 3450 3445 3448
v 9.942 19.913 72.530
v 9.223 19.913 72.530
v 9.583 19.913 72.170
v 9.583 19.913 72.889
v 9.583 20.219 72.530
v 9.583 19.608 72.530
f 3455 3451 3453
f 3455 3453 3452
f 3455 3452 3454
f 3455 3454 3451
f 3456 3453 3451
f 3456 3452 3453
f 3456 3454 3452
f 3456 3451 3454
v -6.060 30.158 64.114
v -6.642 30.158 64.114
v -6.351 30.158 63.823
v -6.351 30.158 64.405
v -6.351 30.406 64.114
v -6.351 29.911 64.114
f 3461 3457 3459
f 3461 3459 3458
f 3461 3458 3460
f 3461 3460 3457
f 3462 3459 3457
f 3462 3458 3459
f 3462 3460 3458
f 3462 3457 3460
v -19.592 49.114 68.080
v -20.092 49.114 68.080
v -19.842 49.114 67.830
v -19.842 49.114 68.330
v -19.842 49.327 68.080
v -19.842 48.902 68.080
f 3467 3463 3465
f 3467 3465 3464
f 3467 3464 3466
f 3467 3466 3463
f 3468 3465 3463
f 3468 3464 3465
f 3468 3466 3464
f 3468 3463 3466
v -26.986 51.435 69.018
v -27.705 51.435 69.018
v -27.345 51.435 68.659
v -27.345 51.435 69.378
v -27.345 51.740 69.018
v -27.345 51.129 69.018
f 3473 3469 3471
f 3473 3471 3470
f 3473 3470 3472
f 3473 3472 3469
f 3474 3471 3469
f 3474 3470 3471
f 3474 3472 3470
f 3474 3469 3472
v 59.858 -29.051 79.837
v 59.205 -29.051 79.837
v 59.531 -29.051 79.510
v 59.531 -29.051 80.164
v 59.531 -28.773 79.837
v 59.531 -29.329 79.837
f 3479 3475 3477
f 3479 3477 3476
f 3479 3476 3478
f 3479 3478 3475
f 3480 3477 3475
f 3480 3476 3477
f 3480 3478 3476
f 3480 3475 3478
v 66.033 -29.706 78.948
v 65.451 -29.706 78.948
v 65.742 -29.706 78.657
v 65.742 -29.706 79.239
v 65.742 -29.459 78.948
v 65.742 -29.954 78.948
f 3485 3481 3483
f 3485 3483 3482
f 3485 3482 3484
f 3485 3484 3481
f 3486 3483 3481
f 3486 3482 3483
f 3486 3484 3482
f 3486 3481 3484
v 36.373 -10.851 78.632
v 35.719 -10.851 78.632
v 36.046 -10.851 78.305
v 36.046 -10.851 78.959
v 36.046 -10.573 78.632
v 36.046 -11.129 78.632
f 3491 3487 3489
f 3491 3489 3488
f 3491 3488 3490
f 3491 3490 3487
f 3492 3489 3487
f 3492 3488 3489
f 3492 3490 3488
f 3492 3487 3490
v 8.341 12.952 64.251
v 7.841 12.952 64.251
v 8.091 12.952 64.001
v 8.091 12.952 64.501
v 8.091 13.165 64.251
v 8.091 12.740 64.251
f 3497 3493 3495
f 3497 3495 3494
f 3497 3494 3496
f 3497 3496 3493
f 3498 3495 3493
f 3498 3494 3495
f 3498 3496 3494
f 3498 3493 3496
v -16.636 51.277 68.329
v -17.136 51.277 68.329
v -16.886 51.277 68.079
v -16.886 51.277 68.579
v -16.886 51.489 68.329
v -16.886 51.064 68.329
f 3503 3499 3501
f 3503 3501 3500
f 3503 3500 3502
f 3503 3502 3499
f 3504 3501 3499
f 3504 3500 3501
f 3504 3502 3500
f 3504 3499 3502
v -24.197 59.062 69.331
v -24.697 59.062 69.331
v -24.447 59.062 69.081
v -24.447 59.062 69.581
v -24.447 59.274 69.331
v -24.447 58.849 69.331
f 3509 3505 3507
f 3509 3507 3506
f 3509 3506 3508
f 3509 3508 3505
f 3510 3507 3505
f 3510 3506 3507
f 3510 3508 3506
f 3510 3505 3508
v 68.110 -27.109 74.501
v 67.610 -27.109 74.501
v 67.860 -27.109 74.251
v 67.860 -27.109 74.751
v 67.860 -26.896 74.501
v 67.860 -27.321 74.501
f 3515 3511 3513
f 3515 3513 3512
f 3515 3512 3514
f 3515 3514 3511
f 3516 3513 3511
f 3516 3512 3513
f 3516 3514 3512
f 3516 3511 3514
v 39.366 5.460 67.484
v 38.866 5.460 67.484
v 39.116 5.460 67.234
v 39.116 5.460 67.734
v 39.116 5.672 67.484
v 39.116 5.247 67.484
f 3521 3517 3519
f 3521 3519 3518
f 3521 3518 3520
f 3521 3520 3517
f 3522 3519 3517
f 3522 3518 3519
f 3522 3520 3518
f 3522 3517 3520
v 14.588 35.966 62.991
v 14.006 35.966 62.991
v 14.297 35.966 62.700
v 14.297 35.966 63.282
v 14.297 36.214 62.991
v 14.297 35.719 62.991
f 3527 3523 3525
f 3527 3525 3524
f 3527 3524 3526
f 3527 3526 3523
f 3528 3525 3523
f 3528 3524 3525
f 3528 3526 3524
f 3528 3523 3526
v -9.580 66.026 67.106
v -10.162 66.026 67.106
v -9.871 66.026 66.815
v -9.871 66.026 67.397
v -9.871 66.273 67.106
v -9.871 65.778 67.106
f 3533 3529 3531
f 3533 3531 3530
f 3533 3530 3532
f 3533 3532 3529
f 3534 3531 3529
f 3534 3530 3531
f 3534 3532 3530
f 3534 3529 3532
v 78.723 -14.100 69.877
v 78.141 -14.100 69.877
v 78.432 -14.100 69.586
v 78.432 -14.100 70.167
v 78.432 -13.853 69.877
v 78.432 -14.348 69.877
f 3539 3535 3537
f 3539 3537 3536
f 3539 3536 3538
f 3539 3538 3535
f 3540 3537 3535
f 3540 3536 3537
f 3540 3538 3536
f 3540 3535 3538
v 75.978 -11.303 71.510
v 75.478 -11.303 71.510
v 75.728 -11.303 71.260
v 75.728 -11.303 71.760
v 75.728 -11.090 71.510
v 75.728 -11.515 71.510
f 3545 3541 3543
f 3545 3543 3542
f 3545 3542 3544
f 3545 3544 3541
f 3546 3543 3541
f 3546 3542 3543
f 3546 3544 3542
f 3546 3541 3544
v 30.170 93.252 58.832
v 29.670 93.252 58.832
v 29.920 93.252 58.582
v 29.920 93.252 59.082
v 29.920 93.464 58.832
v 29.920 93.039 58.832
f 3551 3547 3549
f 3551 3549 3548
f 3551 3548 3550
f 3551 3550 3547
f 3552 3549 3547
f 3552 3548 3549
f 3552 3550 3548
f 3552 3547 3550
v -72.961 -44.210 71.807
v -73.543 -44.210 71.807
v -73.252 -44.210 71.516
v -73.252 -44.210 72.098
v -73.252 -43.963 71.807
v -73.252 -44.457 71.807
f 3557 3553 3555
f 3557 3555 3554
f 3557 3554 3556
f 3557 3556 3553
f 3558 3555 3553
f 3558 3554 3555
f 3558 3556 3554
f 3558 3553 3556
v -48.293 -72.473 81.864
v -48.946 -72.473 81.864
v -48.619 -72.473 81.537
v -48.619 -72.473 82.191
v -48.619 -72.195 81.864
v -48.619 -72.751 81.864
f 3563 3559 3561
f 3563 3561 3560
f 3563 3560 3562
f 3563 3562 3559
f 3564 3561 3559
f 3564 3560 3561
f 3564 3562 3560
f 3564 3559 3562
v -51.620 -50.626 76.094
v -52.201 -50.626 76.094
v -51.910 -50.626 75.803
v -51.910 -50.626 76.385
v -51.910 -50.379 76.094
v -51.910 -50.873 76.094
f 3569 3565 3567
f 3569 3567 3566
f 3569 3566 3568
f 3569 3568 3565
f 3570 3567 3565
f 3570 3566 3567
f 3570 3568 3566
f 3570 3565 3568
v -49.259 -51.329 78.664
v -49.759 -51.329 78.664
v -49.509 -51.329 78.414
v -49.509 -51.329 78.914
v -49.509 -51.116 78.664
v -49.509 -51.541 78.664
f 3575 3571 3573
f 3575 3573 3572
f 3575 3572 3574
f 3575 3574 3571
f 3576 3573 3571
f 3576 3572 3573
f 3576 3574 3572
f 3576 3571 3574
v -41.818 -35.754 73.772
v -42.471 -35.754 73.772
v -42.145 -35.754 73.445
v -42.145 -35.754 74.099
v -42.145 -35.476 73.772
v -42.145 -36.031 73.772
f 3581 3577 3579
f 3581 3579 3578
f 3581 3578 3580
f 3581 3580 3577
f 3582 3579 3577
f 3582 3578 3579
f 3582 3580 3578
f 3582 3577 3580
v -29.209 -45.272 72.247
v -29.709 -45.272 72.247
v -29.459 -45.272 71.997
v -29.459 -45.272 72.497
v -29.459 -45.059 72.247
v -29.459 -45.484 72.247
f 3587 3583 3585
f 3587 3585 3584
f 3587 3584 3586
f 3587 3586 3583
f 3588 3585 3583
f 3588 3584 3585
f 3588 3586 3584
f 3588 3583 3586
v -71.193 2.985 65.280
v -71.693 2.985 65.280
v -71.443 2.985 65.030
v -71.443 2.985 65.530
v -71.443 3.197 65.280
v -71.443 2.772 65.280
f 3593 3589 3591
f 3593 3591 3590
f 3593 3590 3592
f 3593 3592 3589
f 3594 3591 3589
f 3594 3590 3591
f 3594 3592 3590
f 3594 3589 3592
v 21.998 -80.515 85.642
v 21.416 -80.515 85.642
v 21.707 -80.515 85.351
v 21.707 -80.515 85.933
v 21.707 -80.268 85.642
v 21.707 -80.762 85.642
f 3599 3595 3597
f 3599 3597 3596
f 3599 3596 3598
f 3599 3598 3595
f 3600 3597 3595
f 3600 3596 3597
f 3600 3598 3596
f 3600 3595 3598
v 26.986 -82.414 80.908
v 26.267 -82.414 80.908
v 26.626 -82.414 80.548
v 26.626 -82.414 81.267
v 26.626 -82.108 80.908
v 26.626 -82.720 80.908
f 3605 3601 3603
f 3605 3603 3602
f 3605 3602 3604
f 3605 3604 3601
f 3606 3603 3601
f 3606 3602 3603
f 3606 3604 3602
f 3606 3601 3604
v -33.746 -19.625 69.105
v -34.328 -19.625 69.105
v -34.037 -19.625 68.814
v -34.037 -19.625 69.396
v -34.037 -19.378 69.105
v -34.037 -19.872 69.105
f 3611 3607 3609
f 3611 3609 3608
f 3611 3608 3610
f 3611 3610 3607
f 3612 3609 3607
f 3612 3608 3609
f 3612 3610 3608
f 3612 3607 3610
v -34.027 -18.009 71.469
v -34.609 -18.009 71.469
v -34.318 -18.009 71.178
v -34.318 -18.009 71.760
v -34.318 -17.762 71.469
v -34.318 -18.256 71.469
f 3617 3613 3615
f 3617 3615 3614
f 3617 3614 3616
f 3617 3616 3613
f 3618 3615 3613
f 3618 3614 3615
f 3618 3616 3614
f 3618 3613 3616
v -32.285 -19.763 71.385
v -32.939 -19.763 71.385
v -32.612 -19.763 71.058
v -32.612 -19.763 71.712
v -32.612 -19.485 71.385
v -32.612 -20.041 71.385
f 3623 3619 3621
f 3623 3621 3620
f 3623 3620 3622
f 3623 3622 3619
f 3624 3621 3619
f 3624 3620 3621
f 3624 3622 3620
f 3624 3619 3622
v -30.436 -14.908 73.782
v -30.936 -14.908 73.782
v -30.686 -14.908 73.532
v -30.686 -14.908 74.032
v -30.686 -14.695 73.782
v -30.686 -15.120 73.782
f 3629 3625 3627
f 3629 3627 3626
f 3629 3626 3628
f 3629 3628 3625
f 3630 3627 3625
f 3630 3626 3627
f 3630 3628 3626
f 3630 3625 3628
v -52.229 -4.579 67.546
v -52.948 -4.579 67.546
v -52.589 -4.579 67.186
v -52.589 -4.579 67.905
v -52.589 -4.273 67.546
v -52.589 -4.884 67.546
f 3635 3631 3633
f 3635 3633 3632
f 3635 3632 3634
f 3635 3634 3631
f 3636 3633 3631
f 3636 3632 3633
f 3636 3634 3632
f 3636 3631 3634
v -52.053 -1.681 71.855
v -52.553 -1.681 71.855
v -52.303 -1.681 71.605
v -52.303 -1.681 72.105
v -52.303 -1.468 71.855
v -52.303 -1.893 71.855
f 3641 3637 3639
f 3641 3639 3638
f 3641 3638 3640
f 3641 3640 3637
f 3642 3639 3637
f 3642 3638 3639
f 3642 3640 3638
f 3642 3637 3640
v -58.352 1.907 68.294
v -59.071 1.907 68.294
v -58.712 1.907 67.935
v -58.712 1.907 68.654
v -58.712 2.213 68.294
v -58.712 1.602 68.294
f 3647 3643 3645
f 3647 3645 3644
f 3647 3644 3646
f 3647 3646 3643
f 3648 3645 3643
f 3648 3644 3645
f 3648 3646 3644
f 3648 3643 3646
v -59.940 8.278 67.489
v -60.440 8.278 67.489
v -60.190 8.278 67.239
v -60.190 8.278 67.739
v -60.190 8.491 67.489
v -60.190 8.066 67.489
f 3653 3649 3651
f 3653 3651 3650
f 3653 3650 3652
f 3653 3652 3649
f 3654 3651 3649
f 3654 3650 3651
f 3654 3652 3650
f 3654 3649 3652
v -59.602 11.354 71.964
v -60.321 11.354 71.964
v -59.962 11.354 71.604
v -59.962 11.354 72.323
v -59.962 11.659 71.964
v -59.962 11.048 71.964
f 3659 3655 3657
f 3659 3657 3656
f 3659 3656 3658
f 3659 3658 3655
f 3660 3657 3655
f 3660 3656 3657
f 3660 3658 3656
f 3660 3655 3658
v -61.190 8.799 64.054
v -61.690 8.799 64.054
v -61.440 8.799 63.804
v -61.440 8.799 64.304
v -61.440 9.012 64.054
v -61.440 8.587 64.054
f 3665 3661 3663
f 3665 3663 3662
f 3665 3662 3664
f 3665 3664 3661
f 3666 3663 3661
f 3666 3662 3663
f 3666 3664 3662
f 3666 3661 3664
v 31.337 -70.078 81.612
v 30.837 -70.078 81.612
v 31.087 -70.078 81.362
v 31.087 -70.078 81.862
v 31.087 -69.866 81.612
v 31.087 -70.291 81.612
f 3671 3667 3669
f 3671 3669 3668
f 3671 3668 3670
f 3671 3670 3667
f 3672 3669 3667
f 3672 3668 3669
f 3672 3670 3668
f 3672 3667 3670
v -9.796 -36.268 71.649
v -10.296 -36.268 71.649
v -10.046 -36.268 71.399
v -10.046 -36.268 71.899
v -10.046 -36.055 71.649
v -10.046 -36.480 71.649
f 3677 3673 3675
f 3677 3675 3674
f 3677 3674 3676
f 3677 3676 3673
f 3678 3675 3673
f 3678 3674 3675
f 3678 3676 3674
f 3678 3673 3676
v -21.634 -22.867 74.098
v -22.134 -22.867 74.098
v -21.884 -22.867 73.848
v -21.884 -22.867 74.348
v -21.884 -22.655 74.098
v -21.884 -23.080 74.098
f 3683 3679 3681
f 3683 3681 3680
f 3683 3680 3682
f 3683 3682 3679
f 3684 3681 3679
f 3684 3680 3681
f 3684 3682 3680
f 3684 3679 3682
v -24.824 -15.110 72.224
v -25.324 -15.110 72.224
v -25.074 -15.110 71.974
v -25.074 -15.110 72.474
v -25.074 -14.897 72.224
v -25.074 -15.322 72.224
f 3689 3685 3687
f 3689 3687 3686
f 3689 3686 3688
f 3689 3688 3685
f 3690 3687 3685
f 3690 3686 3687
f 3690 3688 3686
f 3690 3685 3688
v 26.863 -64.109 80.726
v 26.363 -64.109 80.726
v 26.613 -64.109 80.476
v 26.613 -64.109 80.976
v 26.613 -63.897 80.726
v 26.613 -64.322 80.726
f 3695 3691 3693
f 3695 3693 3692
f 3695 3692 3694
f 3695 3694 3691
f 3696 3693 3691
f 3696 3692 3693
f 3696 3694 3692
f 3696 3691 3694
v 21.505 -59.197 81.652
v 21.005 -59.197 81.652
v 21.255 -59.197 81.402
v 21.255 -59.197 81.902
v 21.255 -58.984 81.652
v 21.255 -59.409 81.652
f 3701 3697 3699
f 3701 3699 3698
f 3701 3698 3700
f 3701 3700 3697
f 3702 3699 3697
f 3702 3698 3699
f 3702 3700 3698
f 3702 3697 3700
v 15.931 -55.835 81.792
v 15.349 -55.835 81.792
v 15.640 -55.835 81.501
v 15.640 -55.835 82.083
v 15.640 -55.588 81.792
v 15.640 -56.083 81.792
f 3707 3703 3705
f 3707 3705 3704
f 3707 3704 3706
f 3707 3706 3703
f 3708 3705 3703
f 3708 3704 3705
f 3708 3706 3704
f 3708 3703 3706
v 4.165 -36.572 76.326
v 3.665 -36.572 76.326
v 3.915 -36.572 76.076
v 3.915 -36.572 76.576
v 3.915 -36.360 76.326
v 3.915 -36.785 76.326
f 3713 3709 3711
f 3713 3711 3710
f 3713 3710 3712
f 3713 3712 3709
f 3714 3711 3709
f 3714 3710 3711
f 3714 3712 3710
f 3714 3709 3712
v -44.695 12.230 73.017
v -45.277 12.230 73.017
v -44.986 12.230 72.726
v -44.986 12.230 73.308
v -44.986 12.477 73.017
v -44.986 11.983 73.017
f 3719 3715 3717
f 3719 3717 3716
f 3719 3716 3718
f 3719 3718 3715
f 3720 3717 3715
f 3720 3716 3717
f 3720 3718 3716
f 3720 3715 3718
v -53.636 31.073 71.700
v -54.218 31.073 71.700
v -53.927 31.073 71.409
v -53.927 31.073 71.991
v -53.927 31.320 71.700
v -53.927 30.825 71.700
f 3725 3721 3723
f 3725 3723 3722
f 3725 3722 3724
f 3725 3724 3721
f 3726 3723 3721
f 3726 3722 3723
f 3726 3724 3722
f 3726 3721 3724
v 35.922 -62.027 81.728
v 35.203 -62.027 81.728
v 35.563 -62.027 81.369
v 35.563 -62.027 82.088
v 35.563 -61.722 81.728
v 35.563 -62.333 81.728
f 3731 3727 3729
f 3731 3729 3728
f 3731 3728 3730
f 3731 3730 3727
f 3732 3729 3727
f 3732 3728 3729
f 3732 3730 3728
f 3732 3727 3730
v 14.648 -36.876 75.884
v 14.148 -36.876 75.884
v 14.398 -36.876 75.634
v 14.398 -36.876 76.134
v 14.398 -36.664 75.884
v 14.398 -37.089 75.884
f 3737 3733 3735
f 3737 3735 3734
f 3737 3734 3736
f 3737 3736 3733
f 3738 3735 3733
f 3738 3734 3735
f 3738 3736 3734
f 3738 3733 3736
v 16.787 -36.407 75.722
v 16.133 -36.407 75.722
v 16.460 -36.407 75.395
v 16.460 -36.407 76.049
v 16.460 -36.129 75.722
v 16.460 -36.685 75.722
f 3743 3739 3741
f 3743 3741 3740
f 3743 3740 3742
f 3743 3742 3739
f 3744 3741 3739
f 3744 3740 3741
f 3744 3742 3740
f 3744 3739 3742
v 15.367 -32.396 75.172
v 14.786 -32.396 75.172
v 15.077 -32.396 74.881
v 15.077 -32.396 75.463
v 15.077 -32.149 75.172
v 15.077 -32.644 75.172
f 3749 3745 3747
f 3749 3747 3746
f 3749 3746 3748
f 3749 3748 3745
f 3750 3747 3745
f 3750 3746 3747
f 3750 3748 3746
f 3750 3745 3748
v 7.941 -30.107 73.109
v 7.441 -30.107 73.109
v 7.691 -30.107 72.859
v 7.691 -30.107 73.359
v 7.691 -29.894 73.109
v 7.691 -30.319 73.109
f 3755 3751 3753
f 3755 3753 3752
f 3755 3752 3754
f 3755 3754 3751
f 3756 3753 3751
f 3756 3752 3753
f 3756 3754 3752
f 3756 3751 3754
v -62.087 47.535 69.858
v -62.669 47.535 69.858
v -62.378 47.535 69.567
v -62.378 47.535 70.149
v -62.378 47.782 69.858
v -62.378 47.288 69.858
f 3761 3757 3759
f 3761 3759 3758
f 3761 3758 3760
f 3761 3760 3757
f 3762 3759 3757
f 3762 3758 3759
f 3762 3760 3758
f 3762 3757 3760
v 34.155 -43.284 74.530
v 33.655 -43.284 74.530
v 33.905 -43.284 74.280
v 33.905 -43.284 74.780
v 33.905 -43.072 74.530
v 33.905 -43.497 74.530
f 3767 3763 3765
f 3767 3765 3764
f 3767 3764 3766
f 3767 3766 3763
f 3768 3765 3763
f 3768 3764 3765
f 3768 3766 3764
f 3768 3763 3766
v 38.921 -38.802 75.361
v 38.202 -38.802 75.361
v 38.562 -38.802 75.002
v 38.562 -38.802 75.721
v 38.562 -38.497 75.361
v 38.562 -39.108 75.361
f 3773 3769 3771
f 3773 3771 3770
f 3773 3770 3772
f 3773 3772 3769
f 3774 3771 3769
f 3774 3770 3771
f 3774 3772 3770
f 3774 3769 3772
v 24.905 -39.216 73.059
v 24.405 -39.216 73.059
v 24.655 -39.216 72.809
v 24.655 -39.216 73.309
v 24.655 -39.004 73.059
v 24.655 -39.429 73.059
f 3779 3775 3777
f 3779 3777 3776
f 3779 3776 3778
f 3779 3778 3775
f 3780 3777 3775
f 3780 3776 3777
f 3780 3778 3776
f 3780 3775 3778
v 24.832 -35.363 73.805
v 24.332 -35.363 73.805
v 24.582 -35.363 73.555
v 24.582 -35.363 74.055
v 24.582 -35.151 73.805
v 24.582 -35.576 73.805
f 3785 3781 3783
f 3785 3783 3782
f 3785 3782 3784
f 3785 3784 3781
f 3786 3783 3781
f 3786 3782 3783
f 3786 3784 3782
f 3786 3781 3784
v 19.656 -33.827 77.559
v 19.002 -33.827 77.559
v 19.329 -33.827 77.232
v 19.329 -33.827 77.886
v 19.329 -33.549 77.559
v 19.329 -34.105 77.559
f 3791 3787 3789
f 3791 3789 3788
f 3791 3788 3790
f 3791 3790 3787
f 3792 3789 3787
f 3792 3788 3789
f 3792 3790 3788
f 3792 3787 3790
v -62.783 64.085 63.403
v -63.283 64.085 63.403
v -63.033 64.085 63.153
v -63.033 64.085 63.653
v -63.033 64.297 63.403
v -63.033 63.872 63.403
f 3797 3793 3795
f 3797 3795 3794
f 3797 3794 3796
f 3797 3796 3793
f 3798 3795 3793
f 3798 3794 3795
f 3798 3796 3794
f 3798 3793 3796
v 66.703 -54.437 82.403
v 66.121 -54.437 82.403
v 66.412 -54.437 82.113
v 66.412 -54.437 82.694
v 66.412 -54.190 82.403
v 66.412 -54.684 82.403
f 3803 3799 3801
f 3803 3801 3800
f 3803 3800 3802
f 3803 3802 3799
f 3804 3801 3799
f 3804 3800 3801
f 3804 3802 3800
f 3804 3799 3802
v 59.864 -47.221 79.885
v 59.282 -47.221 79.885
v 59.573 -47.221 79.594
v 59.573 -47.221 80.176
v 59.573 -46.974 79.885
v 59.573 -47.468 79.885
f 3809 3805 3807
f 3809 3807 3806
f 3809 3806 3808
f 3809 3808 3805
f 3810 3807 3805
f 3810 3806 3807
f 3810 3808 3806
f 3810 3805 3808
v 38.082 -32.722 78.812
v 37.500 -32.722 78.812
v 37.791 -32.722 78.521
v 37.791 -32.722 79.103
v 37.791 -32.474 78.812
v 37.791 -32.969 78.812
f 3815 3811 3813
f 3815 3813 3812
f 3815 3812 3814
f 3815 3814 3811
f 3816 3813 3811
f 3816 3812 3813
f 3816 3814 3812
f 3816 3811 3814
v -0.036 4.491 65.585
v -0.618 4.491 65.585
v -0.327 4.491 65.294
v -0.327 4.491 65.876
v -0.327 4.738 65.585
v -0.327 4.243 65.585
f 3821 3817 3819
f 3821 3819 3818
f 3821 3818 3820
f 3821 3820 3817
f 3822 3819 3817
f 3822 3818 3819
f 3822 3820 3818
f 3822 3817 3820
v 3.644 16.852 75.775
v 3.062 16.852 75.775
v 3.353 16.852 75.484
v 3.353 16.852 76.066
v 3.353 17.099 75.775
v 3.353 16.604 75.775
f 3827 3823 3825
f 3827 3825 3824
f 3827 3824 3826
f 3827 3826 3823
f 3828 3825 3823
f 3828 3824 3825
f 3828 3826 3824
f 3828 3823 3826
v -59.163 65.640 70.558
v -59.744 65.640 70.558
v -59.453 65.640 70.267
v -59.453 65.640 70.849
v -59.453 65.887 70.558
v -59.453 65.392 70.558
f 3833 3829 3831
f 3833 3831 3830
f 3833 3830 3832
f 3833 3832 3829
f 3834 3831 3829
f 3834 3830 3831
f 3834 3832 3830
f 3834 3829 3832
v -59.855 66.383 73.261
v -60.509 66.383 73.261
v -60.182 66.383 72.934
v -60.182 66.383 73.588
v -60.182 66.661 73.261
v -60.182 66.105 73.261
f 3839 3835 3837
f 3839 3837 3836
f 3839 3836 3838
f 3839 3838 3835
f 3840 3837 3835
f 3840 3836 3837
f 3840 3838 3836
f 3840 3835 3838
v -55.730 62.990 80.025
v -56.312 62.990 80.025
v -56.021 62.990 79.734
v -56.021 62.990 80.316
v -56.021 63.237 80.025
v -56.021 62.742 80.025
f 3845 3841 3843
f 3845 3843 3842
f 3845 3842 3844
f 3845 3844 3841
f 3846 3843 3841
f 3846 3842 3843
f 3846 3844 3842
f 3846 3841 3844
v -60.721 67.920 69.147
v -61.221 67.920 69.147
v -60.971 67.920 68.897
v -60.971 67.920 69.397
v -60.971 68.132 69.147
v -60.971 67.707 69.147
f 3851 3847 3849
f 3851 3849 3848
f 3851 3848 3850
f 3851 3850 3847
f 3852 3849 3847
f 3852 3848 3849
f 3852 3850 3848
f 3852 3847 3850
v 57.277 -36.538 80.254
v 56.777 -36.538 80.254
v 57.027 -36.538 80.004
v 57.027 -36.538 80.504
v 57.027 -36.326 80.254
v 57.027 -36.751 80.254
f 3857 3853 3855
f 3857 3855 3854
f 3857 3854 3856
f 3857 3856 3853
f 3858 3855 3853
f 3858 3854 3855
f 3858 3856 3854
f 3858 3853 3856
v 61.618 -34.613 84.831
v 61.118 -34.613 84.831
v 61.368 -34.613 84.581
v 61.368 -34.613 85.081
v 61.368 -34.401 84.831
v 61.368 -34.826 84.831
f 3863 3859 3861
f 3863 3861 3860
f 3863 3860 3862
f 3863 3862 3859
f 3864 3861 3859
f 3864 3860 3861
f 3864 3862 3860
f 3864 3859 3862
v 50.850 -24.703 81.774
v 50.196 -24.703 81.774
v 50.523 -24.703 81.447
v 50.523 -24.703 82.101
v 50.523 -24.425 81.774
v 50.523 -24.981 81.774
f 3869 3865 3867
f 3869 3867 3866
f 3869 3866 3868
f 3869 3868 3865
f 3870 3867 3865
f 3870 3866 3867
f 3870 3868 3866
f 3870 3865 3868
v 42.428 -24.248 81.745
v 41.847 -24.248 81.745
v 42.137 -24.248 81.454
v 42.137 -24.248 82.036
v 42.137 -24.001 81.745
v 42.137 -24.495 81.745
f 3875 3871 3873
f 3875 3873 3872
f 3875 3872 3874
f 3875 3874 3871
f 3876 3873 3871
f 3876 3872 3873
f 3876 3874 3872
f 3876 3871 3874
v 18.106 0.059 83.538
v 17.606 0.059 83.538
v 17.856 0.059 83.288
v 17.856 0.059 83.788
v 17.856 0.271 83.538
v 17.856 -0.154 83.538
f 3881 3877 3879
f 3881 3879 3878
f 3881 3878 3880
f 3881 3880 3877
f 3882 3879 3877
f 3882 3878 3879
f 3882 3880 3878
f 3882 3877 3880
v 73.716 -35.812 86.268
v 73.216 -35.812 86.268
v 73.466 -35.812 86.018
v 73.466 -35.812 86.518
v 73.466 -35.600 86.268
v 73.466 -36.025 86.268
f 3887 3883 3885
f 3887 3885 3884
f 3887 3884 3886
f 3887 3886 3883
f 3888 3885 3883
f 3888 3884 3885
f 3888 3886 3884
f 3888 3883 3886
v 67.251 -32.424 82.860
v 66.751 -32.424 82.860
v 67.001 -32.424 82.610
v 67.001 -32.424 83.110
v 67.001 -32.212 82.860
v 67.001 -32.637 82.860
f 3893 3889 3891
f 3893 3891 3890
f 3893 3890 3892
f 3893 3892 3889
f 3894 3891 3889
f 3894 3890 3891
f 3894 3892 3890
f 3894 3889 3892
v 38.459 -11.189 79.541
v 37.877 -11.189 79.541
v 38.168 -11.189 79.251
v 38.168 -11.189 79.832
v 38.168 -10.942 79.541
v 38.168 -11.437 79.541
f 3899 3895 3897
f 3899 3897 3896
f 3899 3896 3898
f 3899 3898 3895
f 3900 3897 3895
f 3900 3896 3897
f 3900 3898 3896
f 3900 3895 3898
v 41.557 -11.329 79.735
v 40.976 -11.329 79.735
v 41.267 -11.329 79.444
v 41.267 -11.329 80.026
v 41.267 -11.082 79.735
v 41.267 -11.577 79.735
f 3905 3901 3903
f 3905 3903 3902
f 3905 3902 3904
f 3905 3904 3901
f 3906 3903 3901
f 3906 3902 3903
f 3906 3904 3902
f 3906 3901 3904
v 18.982 8.987 81.291
v 18.482 8.987 81.291
v 18.732 8.987 81.041
v 18.732 8.987 81.541
v 18.732 9.199 81.291
v 18.732 8.774 81.291
f 3911 3907 3909
f 3911 3909 3908
f 3911 3908 3910
f 3911 3910 3907
f 3912 3909 3907
f 3912 3908 3909
f 3912 3910 3908
f 3912 3907 3910
v 13.896 25.633 77.059
v 13.314 25.633 77.059
v 13.605 25.633 76.768
v 13.605 25.633 77.350
v 13.605 25.880 77.059
v 13.605 25.386 77.059
f 3917 3913 3915
f 3917 3915 3914
f 3917 3914 3916
f 3917 3916 3913
f 3918 3915 3913
f 3918 3914 3915
f 3918 3916 3914
f 3918 3913 3916
v 52.284 -10.259 88.248
v 51.784 -10.259 88.248
v 52.034 -10.259 87.998
v 52.034 -10.259 88.498
v 52.034 -10.047 88.248
v 52.034 -10.472 88.248
f 3923 3919 3921
f 3923 3921 3920
f 3923 3920 3922
f 3923 3922 3919
f 3924 3921 3919
f 3924 3920 3921
f 3924 3922 3920
f 3924 3919 3922
v 52.766 -9.803 85.311
v 52.266 -9.803 85.311
v 52.516 -9.803 85.061
v 52.516 -9.803 85.561
v 52.516 -9.591 85.311
v 52.516 -10.016 85.311
f 3929 3925 3927
f 3929 3927 3926
f 3929 3926 3928
f 3929 3928 3925
f 3930 3927 3925
f 3930 3926 3927
f 3930 3928 3926
f 3930 3925 3928
v 64.864 -9.511 82.784
v 64.210 -9.511 82.784
v 64.537 -9.511 82.457
v 64.537 -9.511 83.111
v 64.537 -9.234 82.784
v 64.537 -9.789 82.784
f 3935 3931 3933
f 3935 3933 3932
f 3935 3932 3934
f 3935 3934 3931
f 3936 3933 3931
f 3936 3932 3933
f 3936 3934 3932
f 3936 3931 3934
v 20.754 88.422 71.324
v 20.254 88.422 71.324
v 20.504 88.422 71.074
v 20.504 88.422 71.574
v 20.504 88.635 71.324
v 20.504 88.210 71.324
f 3941 3937 3939
f 3941 3939 3938
f 3941 3938 3940
f 3941 3940 3937
f 3942 3939 3937
f 3942 3938 3939
f 3942 3940 3938
f 3942 3937 3940
v -47.526 -59.288 82.056
v -48.108 -59.288 82.056
v -47.817 -59.288 81.766
v -47.817 -59.288 82.347
v -47.817 -59.041 82.056
v -47.817 -59.535 82.056
f 3947 3943 3945
f 3947 3945 3944
f 3947 3944 3946
f 3947 3946 3943
f 3948 3945 3943
f 3948 3944 3945
f 3948 3946 3944
f 3948 3943 3946
v -80.162 -17.751 80.017
v -80.743 -17.751 80.017
v -80.453 -17.751 79.726
v -80.453 -17.751 80.308
v -80.453 -17.504 80.017
v -80.453 -17.998 80.017
f 3953 3949 3951
f 3953 3951 3950
f 3953 3950 3952
f 3953 3952 3949
f 3954 3951 3949
f 3954 3950 3951
f 3954 3952 3950
f 3954 3949 3952
v -46.594 -57.039 85.431
v -47.248 -57.039 85.431
v -46.921 -57.039 85.104
v -46.921 -57.039 85.758
v -46.921 -56.762 85.431
v -46.921 -57.317 85.431
f 3959 3955 3957
f 3959 3957 3956
f 3959 3956 3958
f 3959 3958 3955
f 3960 3957 3955
f 3960 3956 3957
f 3960 3958 3956
f 3960 3955 3958
v -46.530 -49.373 81.997
v -47.030 -49.373 81.997
v -46.780 -49.373 81.747
v -46.780 -49.373 82.247
v -46.780 -49.160 81.997
v -46.780 -49.585 81.997
f 3965 3961 3963
f 3965 3963 3962
f 3965 3962 3964
f 3965 3964 3961
f 3966 3963 3961
f 3966 3962 3963
f 3966 3964 3962
f 3966 3961 3964
v -39.171 -41.843 86.187
v -39.753 -41.843 86.187
v -39.462 -41.843 85.896
v -39.462 -41.843 86.478
v -39.462 -41.596 86.187
v -39.462 -42.091 86.187
f 3971 3967 3969
f 3971 3969 3968
f 3971 3968 3970
f 3971 3970 3967
f 3972 3969 3967
f 3972 3968 3969
f 3972 3970 3968
f 3972 3967 3970
v -36.454 -43.641 85.164
v -37.036 -43.641 85.164
v -36.745 -43.641 84.873
v -36.745 -43.641 85.455
v -36.745 -43.394 85.164
v -36.745 -43.888 85.164
f 3977 3973 3975
f 3977 3975 3974
f 3977 3974 3976
f 3977 3976 3973
f 3978 3975 3973
f 3978 3974 3975
f 3978 3976 3974
f 3978 3973 3976
v 12.205 -80.084 85.439
v 11.705 -80.084 85.439
v 11.955 -80.084 85.189
v 11.955 -80.084 85.689
v 11.955 -79.872 85.439
v 11.955 -80.297 85.439
f 3983 3979 3981
f 3983 3981 3980
f 3983 3980 3982
f 3983 3982 3979
f 3984 3981 3979
f 3984 3980 3981
f 3984 3982 3980
f 3984 3979 3982
v -47.578 -7.455 78.951
v -48.160 -7.455 78.951
v -47.869 -7.455 78.660
v -47.869 -7.455 79.242
v -47.869 -7.207 78.951
v -47.869 -7.702 78.951
f 3989 3985 3987
f 3989 3987 3986
f 3989 3986 3988
f 3989 3988 3985
f 3990 3987 3985
f 3990 3986 3987
f 3990 3988 3986
f 3990 3985 3988
v -71.121 3.290 74.590
v -71.621 3.290 74.590
v -71.371 3.290 74.340
v -71.371 3.290 74.840
v -71.371 3.503 74.590
v -71.371 3.078 74.590
f 3995 3991 3993
f 3995 3993 3992
f 3995 3992 3994
f 3995 3994 3991
f 3996 3993 3991
f 3996 3992 3993
f 3996 3994 3992
f 3996 3991 3994
v 24.382 -77.604 87.257
v 23.662 -77.604 87.257
v 24.022 -77.604 86.897
v 24.022 -77.604 87.616
v 24.022 -77.299 87.257
v 24.022 -77.910 87.257
f 4001 3997 3999
f 4001 3999 3998
f 4001 3998 4000
f 4001 4000 3997
f 4002 3999 3997
f 4002 3998 3999
f 4002 4000 3998
f 4002 3997 4000
v 17.448 -70.620 88.019
v 16.948 -70.620 88.019
v 17.198 -70.620 87.769
v 17.198 -70.620 88.269
v 17.198 -70.408 88.019
v 17.198 -70.833 88.019
f 4007 4003 4005
f 4007 4005 4004
f 4007 4004 4006
f 4007 4006 4003
f 4008 4005 4003
f 4008 4004 4005
f 4008 4006 4004
f 4008 4003 4006
v -31.540 -18.884 76.064
v -32.040 -18.884 76.064
v -31.790 -18.884 75.814
v -31.790 -18.884 76.314
v -31.790 -18.671 76.064
v -31.790 -19.096 76.064
f 4013 4009 4011
f 4013 4011 4010
f 4013 4010 4012
f 4013 4012 4009
f 4014 4011 4009
f 4014 4010 4011
f 4014 4012 4010
f 4014 4009 4012
v -26.391 -17.018 80.557
v -27.045 -17.018 80.557
v -26.718 -17.018 80.230
v -26.718 -17.018 80.884
v -26.718 -16.741 80.557
v -26.718 -17.296 80.557
f 4019 4015 4017
f 4019 4017 4016
f 4019 4016 4018
f 4019 4018 4015
f 4020 4017 4015
f 4020 4016 4017
f 4020 4018 4016
f 4020 4015 4018
v -46.233 -9.014 83.472
v -46.815 -9.014 83.472
v -46.524 -9.014 83.181
v -46.524 -9.014 83.763
v -46.524 -8.767 83.472
v -46.524 -9.262 83.472
f 4025 4021 4023
f 4025 4023 4022
f 4025 4022 4024
f 4025 4024 4021
f 4026 4023 4021
f 4026 4022 4023
f 4026 4024 4022
f 4026 4021 4024
v -52.609 2.724 76.749
v -53.263 2.724 76.749
v -52.936 2.724 76.422
v -52.936 2.724 77.076
v -52.936 3.002 76.749
v -52.936 2.446 76.749
f 4031 4027 4029
f 4031 4029 4028
f 4031 4028 4030
f 4031 4030 4027
f 4032 4029 4027
f 4032 4028 4029
f 4032 4030 4028
f 4032 4027 4030
v -61.982 6.370 75.969
v -62.482 6.370 75.969
v -62.232 6.370 75.719
v -62.232 6.370 76.219
v -62.232 6.582 75.969
v -62.232 6.157 75.969
f 4037 4033 4035
f 4037 4035 4034
f 4037 4034 4036
f 4037 4036 4033
f 4038 4035 4033
f 4038 4034 4035
f 4038 4036 4034
f 4038 4033 4036
v -64.265 18.525 75.012
v -64.847 18.525 75.012
v -64.556 18.525 74.721
v -64.556 18.525 75.303
v -64.556 18.773 75.012
v -64.556 18.278 75.012
f 4043 4039 4041
f 4043 4041 4040
f 4043 4040 4042
f 4043 4042 4039
f 4044 4041 4039
f 4044 4040 4041
f 4044 4042 4040
f 4044 4039 4042
v -8.501 -38.154 79.059
v -9.001 -38.154 79.059
v -8.751 -38.154 78.809
v -8.751 -38.154 79.309
v -8.751 -37.941 79.059
v -8.751 -38.366 79.059
f 4049 4045 4047
f 4049 4047 4046
f 4049 4046 4048
f 4049 4048 4045
f 4050 4047 4045
f 4050 4046 4047
f 4050 4048 4046
f 4050 4045 4048
v -15.594 -26.422 80.424
v -16.248 -26.422 80.424
v -15.921 -26.422 80.097
v -15.921 -26.422 80.751
v -15.921 -26.144 80.424
v -15.921 -26.700 80.424
f 4055 4051 4053
f 4055 4053 4052
f 4055 4052 4054
f 4055 4054 4051
f 4056 4053 4051
f 4056 4052 4053
f 4056 4054 4052
f 4056 4051 4054
v 33.352 -65.448 85.529
v 32.770 -65.448 85.529
v 33.061 -65.448 85.238
v 33.061 -65.448 85.820
v 33.061 -65.201 85.529
v 33.061 -65.696 85.529
f 4061 4057 4059
f 4061 4059 4058
f 4061 4058 4060
f 4061 4060 4057
f 4062 4059 4057
f 4062 4058 4059
f 4062 4060 4058
f 4062 4057 4060
v 17.080 -54.725 83.943
v 16.498 -54.725 83.943
v 16.789 -54.725 83.652
v 16.789 -54.725 84.234
v 16.789 -54.477 83.943
v 16.789 -54.972 83.943
f 4067 4063 4065
f 4067 4065 4064
f 4067 4064 4066
f 4067 4066 4063
f 4068 4065 4063
f 4068 4064 4065
f 4068 4066 4064
f 4068 4063 4066
v 20.783 -55.853 82.194
v 20.202 -55.853 82.194
v 20.493 -55.853 81.903
v 20.493 -55.853 82.485
v 20.493 -55.606 82.194
v 20.493 -56.100 82.194
f 4073 4069 4071
f 4073 4071 4070
f 4073 4070 4072
f 4073 4072 4069
f 4074 4071 4069
f 4074 4070 4071
f 4074 4072 4070
f 4074 4069 4072
v 25.386 -58.069 81.255
v 24.886 -58.069 81.255
v 25.136 -58.069 81.005
v 25.136 -58.069 81.505
v 25.136 -57.857 81.255
v 25.136 -58.282 81.255
f 4079 4075 4077
f 4079 4077 4076
f 4079 4076 4078
f 4079 4078 4075
f 4080 4077 4075
f 4080 4076 4077
f 4080 4078 4076
f 4080 4075 4078
v -2.347 -25.842 80.489
v -2.847 -25.842 80.489
v -2.597 -25.842 80.239
v -2.597 -25.842 80.739
v -2.597 -25.629 80.489
v -2.597 -26.054 80.489
f 4085 4081 4083
f 4085 4083 4082
f 4085 4082 4084
f 4085 4084 4081
f 4086 4083 4081
f 4086 4082 4083
f 4086 4084 4082
f 4086 4081 4084
v -21.466 -19.222 77.944
v -21.966 -19.222 77.944
v -21.716 -19.222 77.694
v -21.716 -19.222 78.194
v -21.716 -19.010 77.944
v -21.716 -19.435 77.944
f 4091 4087 4089
f 4091 4089 4088
f 4091 4088 4090
f 4091 4090 4087
f 4092 4089 4087
f 4092 4088 4089
f 4092 4090 4088
f 4092 4087 4090
v -18.307 -22.389 83.178
v -18.888 -22.389 83.178
v -18.598 -22.389 82.887
v -18.598 -22.389 83.469
v -18.598 -22.142 83.178
v -18.598 -22.636 83.178
f 4097 4093 4095
f 4097 4095 4094
f 4097 4094 4096
f 4097 4096 4093
f 4098 4095 4093
f 4098 4094 4095
f 4098 4096 4094
f 4098 4093 4096
v -15.384 -15.969 83.102
v -15.884 -15.969 83.102
v -15.634 -15.969 82.852
v -15.634 -15.969 83.352
v -15.634 -15.757 83.102
v -15.634 -16.182 83.102
f 4103 4099 4101
f 4103 4101 4100
f 4103 4100 4102
f 4103 4102 4099
f 4104 4101 4099
f 4104 4100 4101
f 4104 4102 4100
f 4104 4099 4102
v -33.791 10.045 77.669
v -34.373 10.045 77.669
v -34.082 10.045 77.378
v -34.082 10.045 77.960
v -34.082 10.293 77.669
v -34.082 9.798 77.669
f 4109 4105 4107
f 4109 4107 4106
f 4109 4106 4108
f 4109 4108 4105
f 4110 4107 4105
f 4110 4106 4107
f 4110 4108 4106
f 4110 4105 4108
v -43.665 12.582 74.559
v -44.319 12.582 74.559
v -43.992 12.582 74.232
v -43.992 12.582 74.886
v -43.992 12.860 74.559
v -43.992 12.304 74.559
f 4115 4111 4113
f 4115 4113 4112
f 4115 4112 4114
f 4115 4114 4111
f 4116 4113 4111
f 4116 4112 4113
f 4116 4114 4112
f 4116 4111 4114
v -43.277 17.079 79.066
v -43.859 17.079 79.066
v -43.568 17.079 78.775
v -43.568 17.079 79.357
v -43.568 17.326 79.066
v -43.568 16.832 79.066
f 4121 4117 4119
f 4121 4119 4118
f 4121 4118 4120
f 4121 4120 4117
f 4122 4119 4117
f 4122 4118 4119
f 4122 4120 4118
f 4122 4117 4120
v -49.733 23.539 80.768
v -50.314 23.539 80.768
v -50.023 23.539 80.477
v -50.023 23.539 81.059
v -50.023 23.786 80.768
v -50.023 23.292 80.768
f 4127 4123 4125
f 4127 4125 4124
f 4127 4124 4126
f 4127 4126 4123
f 4128 4125 4123
f 4128 4124 4125
f 4128 4126 4124
f 4128 4123 4126
v 39.199 -63.150 84.739
v 38.699 -63.150 84.739
v 38.949 -63.150 84.489
v 38.949 -63.150 84.989
v 38.949 -62.937 84.739
v 38.949 -63.362 84.739
f 4133 4129 4131
f 4133 4131 4130
f 4133 4130 4132
f 4133 4132 4129
f 4134 4131 4129
f 4134 4130 4131
f 4134 4132 4130
f 4134 4129 4132
v 6.942 -26.975 86.459
v 6.223 -26.975 86.459
v 6.582 -26.975 86.099
v 6.582 -26.975 86.818
v 6.582 -26.670 86.459
v 6.582 -27.281 86.459
f 4139 4135 4137
f 4139 4137 4136
f 4139 4136 4138
f 4139 4138 4135
f 4140 4137 4135
f 4140 4136 4137
f 4140 4138 4136
f 4140 4135 4138
v 9.375 -26.920 80.237
v 8.875 -26.920 80.237
v 9.125 -26.920 79.987
v 9.125 -26.920 80.487
v 9.125 -26.708 80.237
v 9.125 -27.133 80.237
f 4145 4141 4143
f 4145 4143 4142
f 4145 4142 4144
f 4145 4144 4141
f 4146 4143 4141
f 4146 4142 4143
f 4146 4144 4142
f 4146 4141 4144
v 0.192 -19.631 82.786
v -0.462 -19.631 82.786
v -0.135 -19.631 82.460
v -0.135 -19.631 83.113
v -0.135 -19.353 82.786
v -0.135 -19.909 82.786
f 4151 4147 4149
f 4151 4149 4148
f 4151 4148 4150
f 4151 4150 4147
f 4152 4149 4147
f 4152 4148 4149
f 4152 4150 4148
f 4152 4147 4150
v -9.494 -15.568 83.278
v -10.147 -15.568 83.278
v -9.821 -15.568 82.951
v -9.821 -15.568 83.605
v -9.821 -15.290 83.278
v -9.821 -15.845 83.278
f 4157 4153 4155
f 4157 4155 4154
f 4157 4154 4156
f 4157 4156 4153
f 4158 4155 4153
f 4158 4154 4155
f 4158 4156 4154
f 4158 4153 4156
v -6.157 -19.171 83.901
v -6.657 -19.171 83.901
v -6.407 -19.171 83.651
v -6.407 -19.171 84.151
v -6.407 -18.958 83.901
v -6.407 -19.383 83.901
f 4163 4159 4161
f 4163 4161 4160
f 4163 4160 4162
f 4163 4162 4159
f 4164 4161 4159
f 4164 4160 4161
f 4164 4162 4160
f 4164 4159 4162
v 13.780 -26.930 81.102
v 13.280 -26.930 81.102
v 13.530 -26.930 80.852
v 13.530 -26.930 81.352
v 13.530 -26.717 81.102
v 13.530 -27.142 81.102
f 4169 4165 4167
f 4169 4167 4166
f 4169 4166 4168
f 4169 4168 4165
f 4170 4167 4165
f 4170 4166 4167
f 4170 4168 4166
f 4170 4165 4168
v 53.871 -48.688 86.790
v 53.371 -48.688 86.790
v 53.621 -48.688 86.540
v 53.621 -48.688 87.040
v 53.621 -48.476 86.790
v 53.621 -48.901 86.790
f 4175 4171 4173
f 4175 4173 4172
f 4175 4172 4174
f 4175 4174 4171
f 4176 4173 4171
f 4176 4172 4173
f 4176 4174 4172
f 4176 4171 4174
v 57.763 -46.111 87.139
v 57.263 -46.111 87.139
v 57.513 -46.111 86.889
v 57.513 -46.111 87.389
v 57.513 -45.899 87.139
v 57.513 -46.324 87.139
f 4181 4177 4179
f 4181 4179 4178
f 4181 4178 4180
f 4181 4180 4177
f 4182 4179 4177
f 4182 4178 4179
f 4182 4180 4178
f 4182 4177 4180
v -0.644 16.434 83.824
v -1.144 16.434 83.824
v -0.894 16.434 83.574
v -0.894 16.434 84.074
v -0.894 16.647 83.824
v -0.894 16.222 83.824
f 4187 4183 4185
f 4187 4185 4184
f 4187 4184 4186
f 4187 4186 4183
f 4188 4185 4183
f 4188 4184 4185
f 4188 4186 4184
f 4188 4183 4186
v -0.279 15.508 91.266
v -0.779 15.508 91.266
v -0.529 15.508 91.016
v -0.529 15.508 91.516
v -0.529 15.721 91.266
v -0.529 15.296 91.266
f 4193 4189 4191
f 4193 4191 4190
f 4193 4190 4192
f 4193 4192 4189
f 4194 4191 4189
f 4194 4190 4191
f 4194 4192 4190
f 4194 4189 4192
v -19.960 27.918 84.665
v -20.460 27.918 84.665
v -20.210 27.918 84.415
v -20.210 27.918 84.915
v -20.210 28.131 84.665
v -20.210 27.706 84.665
f 4199 4195 4197
f 4199 4197 4196
f 4199 4196 4198
f 4199 4198 4195
f 4200 4197 4195
f 4200 4196 4197
f 4200 4198 4196
f 4200 4195 4198
v -18.792 29.573 82.899
v -19.446 29.573 82.899
v -19.119 29.573 82.572
v -19.119 29.573 83.226
v -19.119 29.851 82.899
v -19.119 29.295 82.899
f 4205 4201 4203
f 4205 4203 4202
f 4205 4202 4204
f 4205 4204 4201
f 4206 4203 4201
f 4206 4202 4203
f 4206 4204 4202
f 4206 4201 4204
v -50.178 57.518 86.686
v -50.831 57.518 86.686
v -50.504 57.518 86.359
v -50.504 57.518 87.013
v -50.504 57.796 86.686
v -50.504 57.240 86.686
f 4211 4207 4209
f 4211 4209 4208
f 4211 4208 4210
f 4211 4210 4207
f 4212 4209 4207
f 4212 4208 4209
f 4212 4210 4208
f 4212 4207 4210
v -48.616 55.871 86.578
v -49.116 55.871 86.578
v -48.866 55.871 86.328
v -48.866 55.871 86.828
v -48.866 56.084 86.578
v -48.866 55.659 86.578
f 4217 4213 4215
f 4217 4215 4214
f 4217 4214 4216
f 4217 4216 4213
f 4218 4215 4213
f 4218 4214 4215
f 4218 4216 4214
f 4218 4213 4216
v 42.997 -19.095 94.018
v 42.415 -19.095 94.018
v 42.706 -19.095 93.728
v 42.706 -19.095 94.309
v 42.706 -18.848 94.018
v 42.706 -19.342 94.018
f 4223 4219 4221
f 4223 4221 4220
f 4223 4220 4222
f 4223 4222 4219
f 4224 4221 4219
f 4224 4220 4221
f 4224 4222 4220
f 4224 4219 4222
v 43.354 -20.971 88.714
v 42.854 -20.971 88.714
v 43.104 -20.971 88.464
v 43.104 -20.971 88.964
v 43.104 -20.759 88.714
v 43.104 -21.184 88.714
f 4229 4225 4227
f 4229 4227 4226
f 4229 4226 4228
f 4229 4228 4225
f 4230 4227 4225
f 4230 4226 4227
f 4230 4228 4226
f 4230 4225 4228
v 44.306 -19.461 92.809
v 43.806 -19.461 92.809
v 44.056 -19.461 92.559
v 44.056 -19.461 93.059
v 44.056 -19.249 92.809
v 44.056 -19.674 92.809
f 4235 4231 4233
f 4235 4233 4232
f 4235 4232 4234
f 4235 4234 4231
f 4236 4233 4231
f 4236 4232 4233
f 4236 4234 4232
f 4236 4231 4234
v 17.760 -5.358 85.850
v 17.260 -5.358 85.850
v 17.510 -5.358 85.600
v 17.510 -5.358 86.100
v 17.510 -5.146 85.850
v 17.510 -5.571 85.850
f 4241 4237 4239
f 4241 4239 4238
f 4241 4238 4240
f 4241 4240 4237
f 4242 4239 4237
f 4242 4238 4239
f 4242 4240 4238
f 4242 4237 4240
v 20.897 1.871 86.274
v 20.243 1.871 86.274
v 20.570 1.871 85.947
v 20.570 1.871 86.601
v 20.570 2.149 86.274
v 20.570 1.593 86.274
f 4247 4243 4245
f 4247 4245 4244
f 4247 4244 4246
f 4247 4246 4243
f 4248 4245 4243
f 4248 4244 4245
f 4248 4246 4244
f 4248 4243 4246
v 11.657 0.153 88.238
v 11.157 0.153 88.238
v 11.407 0.153 87.988
v 11.407 0.153 88.488
v 11.407 0.366 88.238
v 11.407 -0.059 88.238
f 4253 4249 4251
f 4253 4251 4250
f 4253 4250 4252
f 4253 4252 4249
f 4254 4251 4249
f 4254 4250 4251
f 4254 4252 4250
f 4254 4249 4252
v 3.590 22.515 89.960
v 3.090 22.515 89.960
v 3.340 22.515 89.710
v 3.340 22.515 90.210
v 3.340 22.727 89.960
v 3.340 22.302 89.960
f 4259 4255 4257
f 4259 4257 4256
f 4259 4256 4258
f 4259 4258 4255
f 4260 4257 4255
f 4260 4256 4257
f 4260 4258 4256
f 4260 4255 4258
v 43.562 -11.258 92.213
v 42.909 -11.258 92.213
v 43.235 -11.258 91.886
v 43.235 -11.258 92.540
v 43.235 -10.980 92.213
v 43.235 -11.536 92.213
f 4265 4261 4263
f 4265 4263 4262
f 4265 4262 4264
f 4265 4264 4261
f 4266 4263 4261
f 4266 4262 4263
f 4266 4264 4262
f 4266 4261 4264
v 22.937 2.796 90.500
v 22.437 2.796 90.500
v 22.687 2.796 90.250
v 22.687 2.796 90.750
v 22.687 3.008 90.500
v 22.687 2.583 90.500
f 4271 4267 4269
f 4271 4269 4268
f 4271 4268 4270
f 4271 4270 4267
f 4272 4269 4267
f 4272 4268 4269
f 4272 4270 4268
f 4272 4267 4270
v 24.759 3.302 89.097
v 24.259 3.302 89.097
v 24.509 3.302 88.847
v 24.509 3.302 89.347
v 24.509 3.515 89.097
v 24.509 3.090 89.097
f 4277 4273 4275
f 4277 4275 4274
f 4277 4274 4276
f 4277 4276 4273
f 4278 4275 4273
f 4278 4274 4275
f 4278 4276 4274
f 4278 4273 4276
v 29.215 7.200 92.294
v 28.715 7.200 92.294
v 28.965 7.200 92.044
v 28.965 7.200 92.544
v 28.965 7.413 92.294
v 28.965 6.988 92.294
f 4283 4279 4281
f 4283 4281 4280
f 4283 4280 4282
f 4283 4282 4279
f 4284 4281 4279
f 4284 4280 4281
f 4284 4282 4280
f 4284 4279 4282
v 52.305 -2.411 96.476
v 51.723 -2.411 96.476
v 52.014 -2.411 96.185
v 52.014 -2.411 96.766
v 52.014 -2.164 96.476
v 52.014 -2.658 96.476
f 4289 4285 4287
f 4289 4287 4286
f 4289 4286 4288
f 4289 4288 4285
f 4290 4287 4285
f 4290 4286 4287
f 4290 4288 4286
f 4290 4285 4288
v 42.096 3.783 86.519
v 41.515 3.783 86.519
v 41.805 3.783 86.228
v 41.805 3.783 86.810
v 41.805 4.031 86.519
v 41.805 3.536 86.519
f 4295 4291 4293
f 4295 4293 4292
f 4295 4292 4294
f 4295 4294 4291
f 4296 4293 4291
f 4296 4292 4293
f 4296 4294 4292
f 4296 4291 4294
v 35.812 8.883 91.743
v 35.158 8.883 91.743
v 35.485 8.883 91.416
v 35.485 8.883 92.070
v 35.485 9.161 91.743
v 35.485 8.605 91.743
f 4301 4297 4299
f 4301 4299 4298
f 4301 4298 4300
f 4301 4300 4297
f 4302 4299 4297
f 4302 4298 4299
f 4302 4300 4298
f 4302 4297 4300
v 33.216 22.362 92.335
v 32.634 22.362 92.335
v 32.925 22.362 92.044
v 32.925 22.362 92.626
v 32.925 22.609 92.335
v 32.925 22.115 92.335
f 4307 4303 4305
f 4307 4305 4304
f 4307 4304 4306
f 4307 4306 4303
f 4308 4305 4303
f 4308 4304 4305
f 4308 4306 4304
f 4308 4303 4306
v 39.545 26.927 91.014
v 39.045 26.927 91.014
v 39.295 26.927 90.764
v 39.295 26.927 91.264
v 39.295 27.140 91.014
v 39.295 26.715 91.014
f 4313 4309 4311
f 4313 4311 4310
f 4313 4310 4312
f 4313 4312 4309
f 4314 4311 4309
f 4314 4310 4311
f 4314 4312 4310
f 4314 4309 4312
v 62.236 30.019 89.397
v 61.582 30.019 89.397
v 61.909 30.019 89.070
v 61.909 30.019 89.724
v 61.909 30.297 89.397
v 61.909 29.742 89.397
f 4319 4315 4317
f 4319 4317 4316
f 4319 4316 4318
f 4319 4318 4315
f 4320 4317 4315
f 4320 4316 4317
f 4320 4318 4316
f 4320 4315 4318
v 35.904 57.726 85.430
v 35.322 57.726 85.430
v 35.613 57.726 85.139
v 35.613 57.726 85.721
v 35.613 57.973 85.430
v 35.613 57.479 85.430
f 4325 4321 4323
f 4325 4323 4322
f 4325 4322 4324
f 4325 4324 4321
f 4326 4323 4321
f 4326 4322 4323
f 4326 4324 4322
f 4326 4321 4324
v -45.411 -31.879 96.110
v -46.130 -31.879 96.110
v -45.770 -31.879 95.751
v -45.770 -31.879 96.470
v -45.770 -31.574 96.110
v -45.770 -32.185 96.110
f 4331 4327 4329
f 4331 4329 4328
f 4331 4328 4330
f 4331 4330 4327
f 4332 4329 4327
f 4332 4328 4329
f 4332 4330 4328
f 4332 4327 4330
v -50.607 -25.904 94.461
v -51.189 -25.904 94.461
v -50.898 -25.904 94.170
v -50.898 -25.904 94.752
v -50.898 -25.657 94.461
v -50.898 -26.151 94.461
f 4337 4333 4335
f 4337 4335 4334
f 4337 4334 4336
f 4337 4336 4333
f 4338 4335 4333
f 4338 4334 4335
f 4338 4336 4334
f 4338 4333 4336
v -16.766 -59.933 99.246
v -17.420 -59.933 99.246
v -17.093 -59.933 98.919
v -17.093 -59.933 99.573
v -17.093 -59.655 99.246
v -17.093 -60.211 99.246
f 4343 4339 4341
f 4343 4341 4340
f 4343 4340 4342
f 4343 4342 4339
f 4344 4341 4339
f 4344 4340 4341
f 4344 4342 4340
f 4344 4339 4342
v -16.087 -54.761 98.135
v -16.587 -54.761 98.135
v -16.337 -54.761 97.885
v -16.337 -54.761 98.385
v -16.337 -54.549 98.135
v -16.337 -54.974 98.135
f 4349 4345 4347
f 4349 4347 4346
f 4349 4346 4348
f 4349 4348 4345
f 4350 4347 4345
f 4350 4346 4347
f 4350 4348 4346
f 4350 4345 4348
v -21.948 -44.159 91.961
v -22.667 -44.159 91.961
v -22.307 -44.159 91.602
v -22.307 -44.159 92.321
v -22.307 -43.853 91.961
v -22.307 -44.465 91.961
f 4355 4351 4353
f 4355 4353 4352
f 4355 4352 4354
f 4355 4354 4351
f 4356 4353 4351
f 4356 4352 4353
f 4356 4354 4352
f 4356 4351 4354
v -30.529 -38.564 87.909
v -31.111 -38.564 87.909
v -30.820 -38.564 87.618
v -30.820 -38.564 88.200
v -30.820 -38.317 87.909
v -30.820 -38.811 87.909
f 4361 4357 4359
f 4361 4359 4358
f 4361 4358 4360
f 4361 4360 4357
f 4362 4359 4357
f 4362 4358 4359
f 4362 4360 4358
f 4362 4357 4360
v -34.043 -40.462 88.134
v -34.624 -40.462 88.134
v -34.333 -40.462 87.843
v -34.333 -40.462 88.425
v -34.333 -40.215 88.134
v -34.333 -40.709 88.134
f 4367 4363 4365
f 4367 4365 4364
f 4367 4364 4366
f 4367 4366 4363
f 4368 4365 4363
f 4368 4364 4365
f 4368 4366 4364
f 4368 4363 4366
v -34.584 -19.965 89.998
v -35.084 -19.965 89.998
v -34.834 -19.965 89.748
v -34.834 -19.965 90.248
v -34.834 -19.752 89.998
v -34.834 -20.177 89.998
f 4373 4369 4371
f 4373 4371 4370
f 4373 4370 4372
f 4373 4372 4369
f 4374 4371 4369
f 4374 4370 4371
f 4374 4372 4370
f 4374 4369 4372
v -55.224 -12.775 87.796
v -55.806 -12.775 87.796
v -55.515 -12.775 87.505
v -55.515 -12.775 88.087
v -55.515 -12.528 87.796
v -55.515 -13.022 87.796
f 4379 4375 4377
f 4379 4377 4376
f 4379 4376 4378
f 4379 4378 4375
f 4380 4377 4375
f 4380 4376 4377
f 4380 4378 4376
f 4380 4375 4378
v -52.026 -13.630 88.467
v -52.526 -13.630 88.467
v -52.276 -13.630 88.217
v -52.276 -13.630 88.717
v -52.276 -13.417 88.467
v -52.276 -13.842 88.467
f 4385 4381 4383
f 4385 4383 4382
f 4385 4382 4384
f 4385 4384 4381
f 4386 4383 4381
f 4386 4382 4383
f 4386 4384 4382
f 4386 4381 4384
v 12.273 -69.365 94.204
v 11.773 -69.365 94.204
v 12.023 -69.365 93.954
v 12.023 -69.365 94.454
v 12.023 -69.153 94.204
v 12.023 -69.578 94.204
f 4391 4387 4389
f 4391 4389 4388
f 4391 4388 4390
f 4391 4390 4387
f 4392 4389 4387
f 4392 4388 4389
f 4392 4390 4388
f 4392 4387 4390
v -38.540 -9.510 86.302
v -39.040 -9.510 86.302
v -38.790 -9.510 86.052
v -38.790 -9.510 86.552
v -38.790 -9.298 86.302
v -38.790 -9.723 86.302
f 4397 4393 4395
f 4397 4395 4394
f 4397 4394 4396
f 4397 4396 4393
f 4398 4395 4393
f 4398 4394 4395
f 4398 4396 4394
f 4398 4393 4396
v -39.927 -6.209 86.165
v -40.427 -6.209 86.165
v -40.177 -6.209 85.915
v -40.177 -6.209 86.415
v -40.177 -5.997 86.165
v -40.177 -6.422 86.165
f 4403 4399 4401
f 4403 4401 4400
f 4403 4400 4402
f 4403 4402 4399
f 4404 4401 4399
f 4404 4400 4401
f 4404 4402 4400
f 4404 4399 4402
v 9.740 -58.212 91.729
v 9.240 -58.212 91.729
v 9.490 -58.212 91.479
v 9.490 -58.212 91.979
v 9.490 -58.000 91.729
v 9.490 -58.425 91.729
f 4409 4405 4407
f 4409 4407 4406
f 4409 4406 4408
f 4409 4408 4405
f 4410 4407 4405
f 4410 4406 4407
f 4410 4408 4406
f 4410 4405 4408
v 8.182 -57.342 97.493
v 7.682 -57.342 97.493
v 7.932 -57.342 97.243
v 7.932 -57.342 97.743
v 7.932 -57.129 97.493
v 7.932 -57.554 97.493
f 4415 4411 4413
f 4415 4413 4412
f 4415 4412 4414
f 4415 4414 4411
f 4416 4413 4411
f 4416 4412 4413
f 4416 4414 4412
f 4416 4411 4414
v 8.403 -52.703 95.443
v 7.821 -52.703 95.443
v 8.112 -52.703 95.152
v 8.112 -52.703 95.734
v 8.112 -52.455 95.443
v 8.112 -52.950 95.443
f 4421 4417 4419
f 4421 4419 4418
f 4421 4418 4420
f 4421 4420 4417
f 4422 4419 4417
f 4422 4418 4419
f 4422 4420 4418
f 4422 4417 4420
v 9.565 -48.933 96.706
v 9.065 -48.933 96.706
v 9.315 -48.933 96.456
v 9.315 -48.933 96.956
v 9.315 -48.720 96.706
v 9.315 -49.145 96.706
f 4427 4423 4425
f 4427 4425 4424
f 4427 4424 4426
f 4427 4426 4423
f 4428 4425 4423
f 4428 4424 4425
f 4428 4426 4424
f 4428 4423 4426
v -59.153 27.056 81.877
v -59.653 27.056 81.877
v -59.403 27.056 81.627
v -59.403 27.056 82.127
v -59.403 27.268 81.877
v -59.403 26.843 81.877
f 4433 4429 4431
f 4433 4431 4430
f 4433 4430 4432
f 4433 4432 4429
f 4434 4431 4429
f 4434 4430 4431
f 4434 4432 4430
f 4434 4429 4432
v 9.550 -40.348 94.236
v 9.050 -40.348 94.236
v 9.300 -40.348 93.986
v 9.300 -40.348 94.486
v 9.300 -40.135 94.236
v 9.300 -40.560 94.236
f 4439 4435 4437
f 4439 4437 4436
f 4439 4436 4438
f 4439 4438 4435
f 4440 4437 4435
f 4440 4436 4437
f 4440 4438 4436
f 4440 4435 4438
v -19.574 -14.589 91.458
v -20.074 -14.589 91.458
v -19.824 -14.589 91.208
v -19.824 -14.589 91.708
v -19.824 -14.377 91.458
v -19.824 -14.802 91.458
f 4445 4441 4443
f 4445 4443 4442
f 4445 4442 4444
f 4445 4444 4441
f 4446 4443 4441
f 4446 4442 4443
f 4446 4444 4442
f 4446 4441 4444
v -35.290 11.937 88.823
v -35.790 11.937 88.823
v -35.540 11.937 88.573
v -35.540 11.937 89.073
v -35.540 12.149 88.823
v -35.540 11.724 88.823
f 4451 4447 4449
f 4451 4449 4448
f 4451 4448 4450
f 4451 4450 4447
f 4452 4449 4447
f 4452 4448 4449
f 4452 4450 4448
f 4452 4447 4450
v -35.270 14.067 86.994
v -35.770 14.067 86.994
v -35.520 14.067 86.744
v -35.520 14.067 87.244
v -35.520 14.280 86.994
v -35.520 13.855 86.994
f 4457 4453 4455
f 4457 4455 4454
f 4457 4454 4456
f 4457 4456 4453
f 4458 4455 4453
f 4458 4454 4455
f 4458 4456 4454
f 4458 4453 4456
v -43.986 24.034 82.731
v -44.568 24.034 82.731
v -44.277 24.034 82.440
v -44.277 24.034 83.022
v -44.277 24.281 82.731
v -44.277 23.786 82.731
f 4463 4459 4461
f 4463 4461 4460
f 4463 4460 4462
f 4463 4462 4459
f 4464 4461 4459
f 4464 4460 4461
f 4464 4462 4460
f 4464 4459 4462
v -41.410 22.570 83.835
v -41.991 22.570 83.835
v -41.701 22.570 83.544
v -41.701 22.570 84.126
v -41.701 22.817 83.835
v -41.701 22.323 83.835
f 4469 4465 4467
f 4469 4467 4466
f 4469 4466 4468
f 4469 4468 4465
f 4470 4467 4465
f 4470 4466 4467
f 4470 4468 4466
f 4470 4465 4468
v -40.261 21.021 83.796
v -40.915 21.021 83.796
v -40.588 21.021 83.469
v -40.588 21.021 84.123
v -40.588 21.299 83.796
v -40.588 20.743 83.796
f 4475 4471 4473
f 4475 4473 4472
f 4475 4472 4474
f 4475 4474 4471
f 4476 4473 4471
f 4476 4472 4473
f 4476 4474 4472
f 4476 4471 4474
v 1.390 -17.367 94.562
v 0.890 -17.367 94.562
v 1.140 -17.367 94.312
v 1.140 -17.367 94.812
v 1.140 -17.154 94.562
v 1.140 -17.579 94.562
f 4481 4477 4479
f 4481 4479 4478
f 4481 4478 4480
f 4481 4480 4477
f 4482 4479 4477
f 4482 4478 4479
f 4482 4480 4478
f 4482 4477 4480
v 5.836 -21.611 92.597
v 5.254 -21.611 92.597
v 5.545 -21.611 92.306
v 5.545 -21.611 92.888
v 5.545 -21.363 92.597
v 5.545 -21.858 92.597
f 4487 4483 4485
f 4487 4485 4484
f 4487 4484 4486
f 4487 4486 4483
f 4488 4485 4483
f 4488 4484 4485
f 4488 4486 4484
f 4488 4483 4486
v -1.672 -18.918 87.940
v -2.172 -18.918 87.940
v -1.922 -18.918 87.690
v -1.922 -18.918 88.190
v -1.922 -18.706 87.940
v -1.922 -19.131 87.940
f 4493 4489 4491
f 4493 4491 4490
f 4493 4490 4492
f 4493 4492 4489
f 4494 4491 4489
f 4494 4490 4491
f 4494 4492 4490
f 4494 4489 4492
v -14.484 -13.335 94.558
v -15.066 -13.335 94.558
v -14.775 -13.335 94.267
v -14.775 -13.335 94.849
v -14.775 -13.088 94.558
v -14.775 -13.582 94.558
f 4499 4495 4497
f 4499 4497 4496
f 4499 4496 4498
f 4499 4498 4495
f 4500 4497 4495
f 4500 4496 4497
f 4500 4498 4496
f 4500 4495 4498
v -12.957 -6.885 92.230
v -13.457 -6.885 92.230
v -13.207 -6.885 91.980
v -13.207 -6.885 92.480
v -13.207 -6.672 92.230
v -13.207 -7.097 92.230
f 4505 4501 4503
f 4505 4503 4502
f 4505 4502 4504
f 4505 4504 4501
f 4506 4503 4501
f 4506 4502 4503
f 4506 4504 4502
f 4506 4501 4504
v -10.444 -9.904 91.319
v -11.026 -9.904 91.319
v -10.735 -9.904 91.028
v -10.735 -9.904 91.610
v -10.735 -9.657 91.319
v -10.735 -10.151 91.319
f 4511 4507 4509
f 4511 4509 4508
f 4511 4508 4510
f 4511 4510 4507
f 4512 4509 4507
f 4512 4508 4509
f 4512 4510 4508
f 4512 4507 4510
v -8.708 -11.968 92.269
v -9.362 -11.968 92.269
v -9.035 -11.968 91.942
v -9.035 -11.968 92.596
v -9.035 -11.690 92.269
v -9.035 -12.246 92.269
f 4517 4513 4515
f 4517 4515 4514
f 4517 4514 4516
f 4517 4516 4513
f 4518 4515 4513
f 4518 4514 4515
f 4518 4516 4514
f 4518 4513 4516
v -11.620 4.862 91.212
v -12.120 4.862 91.212
v -11.870 4.862 90.962
v -11.870 4.862 91.462
v -11.870 5.075 91.212
v -11.870 4.650 91.212
f 4523 4519 4521
f 4523 4521 4520
f 4523 4520 4522
f 4523 4522 4519
f 4524 4521 4519
f 4524 4520 4521
f 4524 4522 4520
f 4524 4519 4522
v -35.174 18.639 83.988
v -35.827 18.639 83.988
v -35.500 18.639 83.661
v -35.500 18.639 84.315
v -35.500 18.917 83.988
v -35.500 18.361 83.988
f 4529 4525 4527
f 4529 4527 4526
f 4529 4526 4528
f 4529 4528 4525
f 4530 4527 4525
f 4530 4526 4527
f 4530 4528 4526
f 4530 4525 4528
v -30.926 19.395 87.742
v -31.645 19.395 87.742
v -31.285 19.395 87.383
v -31.285 19.395 88.102
v -31.285 19.701 87.742
v -31.285 19.090 87.742
f 4535 4531 4533
f 4535 4533 4532
f 4535 4532 4534
f 4535 4534 4531
f 4536 4533 4531
f 4536 4532 4533
f 4536 4534 4532
f 4536 4531 4534
v -37.164 28.782 85.945
v -37.664 28.782 85.945
v -37.414 28.782 85.695
v -37.414 28.782 86.195
v -37.414 28.994 85.945
v -37.414 28.569 85.945
f 4541 4537 4539
f 4541 4539 4538
f 4541 4538 4540
f 4541 4540 4537
f 4542 4539 4537
f 4542 4538 4539
f 4542 4540 4538
f 4542 4537 4540
v -49.051 36.496 84.629
v -49.551 36.496 84.629
v -49.301 36.496 84.379
v -49.301 36.496 84.879
v -49.301 36.708 84.629
v -49.301 36.283 84.629
f 4547 4543 4545
f 4547 4545 4544
f 4547 4544 4546
f 4547 4546 4543
f 4548 4545 4543
f 4548 4544 4545
f 4548 4546 4544
f 4548 4543 4546
v -47.952 36.398 87.631
v -48.606 36.398 87.631
v -48.279 36.398 87.304
v -48.279 36.398 87.958
v -48.279 36.676 87.631
v -48.279 36.121 87.631
f 4553 4549 4551
f 4553 4551 4550
f 4553 4550 4552
f 4553 4552 4549
f 4554 4551 4549
f 4554 4550 4551
f 4554 4552 4550
f 4554 4549 4552
v 40.270 -47.564 92.061
v 39.770 -47.564 92.061
v 40.020 -47.564 91.811
v 40.020 -47.564 92.311
v 40.020 -47.352 92.061
v 40.020 -47.777 92.061
f 4559 4555 4557
f 4559 4557 4556
f 4559 4556 4558
f 4559 4558 4555
f 4560 4557 4555
f 4560 4556 4557
f 4560 4558 4556
f 4560 4555 4558
v 5.805 -15.032 91.706
v 5.305 -15.032 91.706
v 5.555 -15.032 91.456
v 5.555 -15.032 91.956
v 5.555 -14.820 91.706
v 5.555 -15.245 91.706
f 4565 4561 4563
f 4565 4563 4562
f 4565 4562 4564
f 4565 4564 4561
f 4566 4563 4561
f 4566 4562 4563
f 4566 4564 4562
f 4566 4561 4564
v 11.363 -16.543 93.339
v 10.781 -16.543 93.339
v 11.072 -16.543 93.048
v 11.072 -16.543 93.630
v 11.072 -16.296 93.339
v 11.072 -16.791 93.339
f 4571 4567 4569
f 4571 4569 4568
f 4571 4568 4570
f 4571 4570 4567
f 4572 4569 4567
f 4572 4568 4569
f 4572 4570 4568
f 4572 4567 4570
v 1.338 -11.884 91.444
v 0.756 -11.884 91.444
v 1.047 -11.884 91.153
v 1.047 -11.884 91.735
v 1.047 -11.637 91.444
v 1.047 -12.132 91.444
f 4577 4573 4575
f 4577 4575 4574
f 4577 4574 4576
f 4577 4576 4573
f 4578 4575 4573
f 4578 4574 4575
f 4578 4576 4574
f 4578 4573 4576
v -0.834 -5.777 91.894
v -1.334 -5.777 91.894
v -1.084 -5.777 91.644
v -1.084 -5.777 92.144
v -1.084 -5.565 91.894
v -1.084 -5.990 91.894
f 4583 4579 4581
f 4583 4581 4580
f 4583 4580 4582
f 4583 4582 4579
f 4584 4581 4579
f 4584 4580 4581
f 4584 4582 4580
f 4584 4579 4582
v -0.988 9.453 84.974
v -1.488 9.453 84.974
v -1.238 9.453 84.724
v -1.238 9.453 85.224
v -1.238 9.665 84.974
v -1.238 9.240 84.974
f 4589 4585 4587
f 4589 4587 4586
f 4589 4586 4588
f 4589 4588 4585
f 4590 4587 4585
f 4590 4586 4587
f 4590 4588 4586
f 4590 4585 4588
v -17.555 14.983 91.872
v -18.137 14.983 91.872
v -17.846 14.983 91.581
v -17.846 14.983 92.163
v -17.846 15.230 91.872
v -17.846 14.736 91.872
f 4595 4591 4593
f 4595 4593 4592
f 4595 4592 4594
f 4595 4594 4591
f 4596 4593 4591
f 4596 4592 4593
f 4596 4594 4592
f 4596 4591 4594
v -12.008 16.995 90.260
v -12.662 16.995 90.260
v -12.335 16.995 89.934
v -12.335 16.995 90.587
v -12.335 17.273 90.260
v -12.335 16.718 90.260
f 4601 4597 4599
f 4601 4599 4598
f 4601 4598 4600
f 4601 4600 4597
f 4602 4599 4597
f 4602 4598 4599
f 4602 4600 4598
f 4602 4597 4600
v -24.514 21.458 88.601
v -25.014 21.458 88.601
v -24.764 21.458 88.351
v -24.764 21.458 88.851
v -24.764 21.670 88.601
v -24.764 21.245 88.601
f 4607 4603 4605
f 4607 4605 4604
f 4607 4604 4606
f 4607 4606 4603
f 4608 4605 4603
f 4608 4604 4605
f 4608 4606 4604
f 4608 4603 4606
v -25.452 28.668 88.770
v -26.105 28.668 88.770
v -25.778 28.668 88.443
v -25.778 28.668 89.097
v -25.778 28.946 88.770
v -25.778 28.391 88.770
f 4613 4609 4611
f 4613 4611 4610
f 4613 4610 4612
f 4613 4612 4609
f 4614 4611 4609
f 4614 4610 4611
f 4614 4612 4610
f 4614 4609 4612
v -37.704 32.654 84.547
v -38.204 32.654 84.547
v -37.954 32.654 84.297
v -37.954 32.654 84.797
v -37.954 32.867 84.547
v -37.954 32.442 84.547
f 4619 4615 4617
f 4619 4617 4616
f 4619 4616 4618
f 4619 4618 4615
f 4620 4617 4615
f 4620 4616 4617
f 4620 4618 4616
f 4620 4615 4618
v -34.142 32.859 85.619
v -34.724 32.859 85.619
v -34.433 32.859 85.328
v -34.433 32.859 85.910
v -34.433 33.106 85.619
v -34.433 32.612 85.619
f 4625 4621 4623
f 4625 4623 4622
f 4625 4622 4624
f 4625 4624 4621
f 4626 4623 4621
f 4626 4622 4623
f 4626 4624 4622
f 4626 4621 4624
v -33.983 39.214 88.801
v -34.637 39.214 88.801
v -34.310 39.214 88.474
v -34.310 39.214 89.128
v -34.310 39.492 88.801
v -34.310 38.936 88.801
f 4631 4627 4629
f 4631 4629 4628
f 4631 4628 4630
f 4631 4630 4627
f 4632 4629 4627
f 4632 4628 4629
f 4632 4630 4628
f 4632 4627 4630
v -30.911 34.121 90.318
v -31.411 34.121 90.318
v -31.161 34.121 90.068
v -31.161 34.121 90.568
v -31.161 34.333 90.318
v -31.161 33.908 90.318
f 4637 4633 4635
f 4637 4635 4634
f 4637 4634 4636
f 4637 4636 4633
f 4638 4635 4633
f 4638 4634 4635
f 4638 4636 4634
f 4638 4633 4636
v -54.303 49.184 92.357
v -55.022 49.184 92.357
v -54.663 49.184 91.998
v -54.663 49.184 92.717
v -54.663 49.489 92.357
v -54.663 48.878 92.357
f 4643 4639 4641
f 4643 4641 4640
f 4643 4640 4642
f 4643 4642 4639
f 4644 4641 4639
f 4644 4640 4641
f 4644 4642 4640
f 4644 4639 4642
v -48.545 50.482 85.385
v -49.127 50.482 85.385
v -48.836 50.482 85.094
v -48.836 50.482 85.675
v -48.836 50.729 85.385
v -48.836 50.234 85.385
f 4649 4645 4647
f 4649 4647 4646
f 4649 4646 4648
f 4649 4648 4645
f 4650 4647 4645
f 4650 4646 4647
f 4650 4648 4646
f 4650 4645 4648
v 32.912 -24.781 90.260
v 32.258 -24.781 90.260
v 32.585 -24.781 89.933
v 32.585 -24.781 90.587
v 32.585 -24.503 90.260
v 32.585 -25.059 90.260
f 4655 4651 4653
f 4655 4653 4652
f 4655 4652 4654
f 4655 4654 4651
f 4656 4653 4651
f 4656 4652 4653
f 4656 4654 4652
f 4656 4651 4654
v 35.391 -23.903 96.688
v 34.891 -23.903 96.688
v 35.141 -23.903 96.438
v 35.141 -23.903 96.938
v 35.141 -23.690 96.688
v 35.141 -24.115 96.688
f 4661 4657 4659
f 4661 4659 4658
f 4661 4658 4660
f 4661 4660 4657
f 4662 4659 4657
f 4662 4658 4659
f 4662 4660 4658
f 4662 4657 4660
v 37.830 -24.473 96.605
v 37.330 -24.473 96.605
v 37.580 -24.473 96.355
v 37.580 -24.473 96.855
v 37.580 -24.260 96.605
v 37.580 -24.685 96.605
f 4667 4663 4665
f 4667 4665 4664
f 4667 4664 4666
f 4667 4666 4663
f 4668 4665 4663
f 4668 4664 4665
f 4668 4666 4664
f 4668 4663 4666
v 11.094 -10.403 92.833
v 10.594 -10.403 92.833
v 10.844 -10.403 92.583
v 10.844 -10.403 93.083
v 10.844 -10.191 92.833
v 10.844 -10.616 92.833
f 4673 4669 4671
f 4673 4671 4670
f 4673 4670 4672
f 4673 4672 4669
f 4674 4671 4669
f 4674 4670 4671
f 4674 4672 4670
f 4674 4669 4672
v 0.754 7.118 89.675
v 0.254 7.118 89.675
v 0.504 7.118 89.425
v 0.504 7.118 89.925
v 0.504 7.331 89.675
v 0.504 6.906 89.675
f 4679 4675 4677
f 4679 4677 4676
f 4679 4676 4678
f 4679 4678 4675
f 4680 4677 4675
f 4680 4676 4677
f 4680 4678 4676
f 4680 4675 4678
v -5.478 16.275 95.509
v -5.978 16.275 95.509
v -5.728 16.275 95.259
v -5.728 16.275 95.759
v -5.728 16.487 95.509
v -5.728 16.062 95.509
f 4685 4681 4683
f 4685 4683 4682
f 4685 4682 4684
f 4685 4684 4681
f 4686 4683 4681
f 4686 4682 4683
f 4686 4684 4682
f 4686 4681 4684
v 2.789 18.981 96.586
v 2.289 18.981 96.586
v 2.539 18.981 96.336
v 2.539 18.981 96.836
v 2.539 19.194 96.586
v 2.539 18.769 96.586
f 4691 4687 4689
f 4691 4689 4688
f 4691 4688 4690
f 4691 4690 4687
f 4692 4689 4687
f 4692 4688 4689
f 4692 4690 4688
f 4692 4687 4690
v -3.173 23.068 94.702
v -3.827 23.068 94.702
v -3.500 23.068 94.375
v -3.500 23.068 95.029
v -3.500 23.346 94.702
v -3.500 22.790 94.702
f 4697 4693 4695
f 4697 4695 4694
f 4697 4694 4696
f 4697 4696 4693
f 4698 4695 4693
f 4698 4694 4695
f 4698 4696 4694
f 4698 4693 4696
v -25.449 34.858 96.344
v -25.949 34.858 96.344
v -25.699 34.858 96.094
v -25.699 34.858 96.594
v -25.699 35.070 96.344
v -25.699 34.645 96.344
f 4703 4699 4701
f 4703 4701 4700
f 4703 4700 4702
f 4703 4702 4699
f 4704 4701 4699
f 4704 4700 4701
f 4704 4702 4700
f 4704 4699 4702
v 52.142 -25.865 102.195
v 51.560 -25.865 102.195
v 51.851 -25.865 101.905
v 51.851 -25.865 102.486
v 51.851 -25.618 102.195
v 51.851 -26.112 102.195
f 4709 4705 4707
f 4709 4707 4706
f 4709 4706 4708
f 4709 4708 4705
f 4710 4707 4705
f 4710 4706 4707
f 4710 4708 4706
f 4710 4705 4708
v 13.757 -0.647 98.917
v 13.038 -0.647 98.917
v 13.397 -0.647 98.557
v 13.397 -0.647 99.276
v 13.397 -0.341 98.917
v 13.397 -0.952 98.917
f 4715 4711 4713
f 4715 4713 4712
f 4715 4712 4714
f 4715 4714 4711
f 4716 4713 4711
f 4716 4712 4713
f 4716 4714 4712
f 4716 4711 4714
v 1.054 11.642 104.240
v 0.472 11.642 104.240
v 0.763 11.642 103.949
v 0.763 11.642 104.530
v 0.763 11.889 104.240
v 0.763 11.394 104.240
f 4721 4717 4719
f 4721 4719 4718
f 4721 4718 4720
f 4721 4720 4717
f 4722 4719 4717
f 4722 4718 4719
f 4722 4720 4718
f 4722 4717 4720
v 9.421 8.057 95.428
v 8.921 8.057 95.428
v 9.171 8.057 95.178
v 9.171 8.057 95.678
v 9.171 8.269 95.428
v 9.171 7.844 95.428
f 4727 4723 4725
f 4727 4725 4724
f 4727 4724 4726
f 4727 4726 4723
f 4728 4725 4723
f 4728 4724 4725
f 4728 4726 4724
f 4728 4723 4726
v 8.078 13.338 93.205
v 7.578 13.338 93.205
v 7.828 13.338 92.955
v 7.828 13.338 93.455
v 7.828 13.551 93.205
v 7.828 13.126 93.205
f 4733 4729 4731
f 4733 4731 4730
f 4733 4730 4732
f 4733 4732 4729
f 4734 4731 4729
f 4734 4730 4731
f 4734 4732 4730
f 4734 4729 4732
v 4.838 23.183 95.860
v 4.184 23.183 95.860
v 4.511 23.183 95.533
v 4.511 23.183 96.186
v 4.511 23.461 95.860
v 4.511 22.905 95.860
f 4739 4735 4737
f 4739 4737 4736
f 4739 4736 4738
f 4739 4738 4735
f 4740 4737 4735
f 4740 4736 4737
f 4740 4738 4736
f 4740 4735 4738
v 4.391 26.640 96.326
v 3.891 26.640 96.326
v 4.141 26.640 96.076
v 4.141 26.640 96.576
v 4.141 26.853 96.326
v 4.141 26.428 96.326
f 4745 4741 4743
f 4745 4743 4742
f 4745 4742 4744
f 4745 4744 4741
f 4746 4743 4741
f 4746 4742 4743
f 4746 4744 4742
f 4746 4741 4744
v 5.882 26.054 98.101
v 5.382 26.054 98.101
v 5.632 26.054 97.851
v 5.632 26.054 98.351
v 5.632 26.266 98.101
v 5.632 25.841 98.101
f 4751 4747 4749
f 4751 4749 4748
f 4751 4748 4750
f 4751 4750 4747
f 4752 4749 4747
f 4752 4748 4749
f 4752 4750 4748
f 4752 4747 4750
v 52.984 -15.158 104.498
v 52.484 -15.158 104.498
v 52.734 -15.158 104.248
v 52.734 -15.158 104.748
v 52.734 -14.945 104.498
v 52.734 -15.370 104.498
f 4757 4753 4755
f 4757 4755 4754
f 4757 4754 4756
f 4757 4756 4753
f 4758 4755 4753
f 4758 4754 4755
f 4758 4756 4754
f 4758 4753 4756
v 54.006 -15.031 100.561
v 53.506 -15.031 100.561
v 53.756 -15.031 100.311
v 53.756 -15.031 100.811
v 53.756 -14.819 100.561
v 53.756 -15.244 100.561
f 4763 4759 4761
f 4763 4761 4760
f 4763 4760 4762
f 4763 4762 4759
f 4764 4761 4759
f 4764 4760 4761
f 4764 4762 4760
f 4764 4759 4762
v 23.708 14.602 95.612
v 23.054 14.602 95.612
v 23.381 14.602 95.285
v 23.381 14.602 95.939
v 23.381 14.880 95.612
v 23.381 14.324 95.612
f 4769 4765 4767
f 4769 4767 4766
f 4769 4766 4768
f 4769 4768 4765
f 4770 4767 4765
f 4770 4766 4767
f 4770 4768 4766
f 4770 4765 4768
v 9.929 32.433 95.262
v 9.429 32.433 95.262
v 9.679 32.433 95.012
v 9.679 32.433 95.512
v 9.679 32.646 95.262
v 9.679 32.221 95.262
f 4775 4771 4773
f 4775 4773 4772
f 4775 4772 4774
f 4775 4774 4771
f 4776 4773 4771
f 4776 4772 4773
f 4776 4774 4772
f 4776 4771 4774
v 13.603 36.220 93.317
v 13.103 36.220 93.317
v 13.353 36.220 93.067
v 13.353 36.220 93.567
v 13.353 36.432 93.317
v 13.353 36.007 93.317
f 4781 4777 4779
f 4781 4779 4778
f 4781 4778 4780
f 4781 4780 4777
f 4782 4779 4777
f 4782 4778 4779
f 4782 4780 4778
f 4782 4777 4780
v 51.002 0.392 97.350
v 50.421 0.392 97.350
v 50.712 0.392 97.059
v 50.712 0.392 97.641
v 50.712 0.639 97.350
v 50.712 0.145 97.350
f 4787 4783 4785
f 4787 4785 4784
f 4787 4784 4786
f 4787 4786 4783
f 4788 4785 4783
f 4788 4784 4785
f 4788 4786 4784
f 4788 4783 4786
v 18.064 50.963 90.792
v 17.564 50.963 90.792
v 17.814 50.963 90.542
v 17.814 50.963 91.042
v 17.814 51.176 90.792
v 17.814 50.751 90.792
f 4793 4789 4791
f 4793 4791 4790
f 4793 4790 4792
f 4793 4792 4789
f 4794 4791 4789
f 4794 4790 4791
f 4794 4792 4790
f 4794 4789 4792
v 16.869 63.406 96.584
v 16.369 63.406 96.584
v 16.619 63.406 96.334
v 16.619 63.406 96.834
v 16.619 63.619 96.584
v 16.619 63.194 96.584
f 4799 4795 4797
f 4799 4797 4796
f 4799 4796 4798
f 4799 4798 4795
f 4800 4797 4795
f 4800 4796 4797
f 4800 4798 4796
f 4800 4795 4798
v 55.851 29.520 95.272
v 55.351 29.520 95.272
v 55.601 29.520 95.022
v 55.601 29.520 95.522
v 55.601 29.732 95.272
v 55.601 29.307 95.272
f 4805 4801 4803
f 4805 4803 4802
f 4805 4802 4804
f 4805 4804 4801
f 4806 4803 4801
f 4806 4802 4803
f 4806 4804 4802
f 4806 4801 4804
v 57.719 29.288 94.810
v 57.219 29.288 94.810
v 57.469 29.288 94.560
v 57.469 29.288 95.060
v 57.469 29.500 94.810
v 57.469 29.075 94.810
f 4811 4807 4809
f 4811 4809 4808
f 4811 4808 4810
f 4811 4810 4807
f 4812 4809 4807
f 4812 4808 4809
f 4812 4810 4808
f 4812 4807 4810
v 53.289 28.818 100.696
v 52.707 28.818 100.696
v 52.998 28.818 100.405
v 52.998 28.818 100.987
v 52.998 29.065 100.696
v 52.998 28.571 100.696
f 4817 4813 4815
f 4817 4815 4814
f 4817 4814 4816
f 4817 4816 4813
f 4818 4815 4813
f 4818 4814 4815
f 4818 4816 4814
f 4818 4813 4816
v -25.731 -8.768 104.323
v -26.313 -8.768 104.323
v -26.022 -8.768 104.032
v -26.022 -8.768 104.614
v -26.022 -8.521 104.323
v -26.022 -9.016 104.323
f 4823 4819 4821
f 4823 4821 4820
f 4823 4820 4822
f 4823 4822 4819
f 4824 4821 4819
f 4824 4820 4821
f 4824 4822 4820
f 4824 4819 4822
v -21.438 -9.360 103.002
v -22.157 -9.360 103.002
v -21.797 -9.360 102.643
v -21.797 -9.360 103.362
v -21.797 -9.054 103.002
v -21.797 -9.665 103.002
f 4829 4825 4827
f 4829 4827 4826
f 4829 4826 4828
f 4829 4828 4825
f 4830 4827 4825
f 4830 4826 4827
f 4830 4828 4826
f 4830 4825 4828
v 1.427 -32.687 102.655
v 0.927 -32.687 102.655
v 1.177 -32.687 102.405
v 1.177 -32.687 102.905
v 1.177 -32.474 102.655
v 1.177 -32.899 102.655
f 4835 4831 4833
f 4835 4833 4832
f 4835 4832 4834
f 4835 4834 4831
f 4836 4833 4831
f 4836 4832 4833
f 4836 4834 4832
f 4836 4831 4834
v -27.875 1.380 95.425
v -28.375 1.380 95.425
v -28.125 1.380 95.175
v -28.125 1.380 95.675
v -28.125 1.593 95.425
v -28.125 1.168 95.425
f 4841 4837 4839
f 4841 4839 4838
f 4841 4838 4840
f 4841 4840 4837
f 4842 4839 4837
f 4842 4838 4839
f 4842 4840 4838
f 4842 4837 4840
v -29.514 5.824 94.298
v -30.014 5.824 94.298
v -29.764 5.824 94.048
v -29.764 5.824 94.548
v -29.764 6.037 94.298
v -29.764 5.612 94.298
f 4847 4843 4845
f 4847 4845 4844
f 4847 4844 4846
f 4847 4846 4843
f 4848 4845 4843
f 4848 4844 4845
f 4848 4846 4844
f 4848 4843 4846
v -62.092 34.676 95.692
v -62.592 34.676 95.692
v -62.342 34.676 95.442
v -62.342 34.676 95.942
v -62.342 34.888 95.692
v -62.342 34.463 95.692
f 4853 4849 4851
f 4853 4851 4850
f 4853 4850 4852
f 4853 4852 4849
f 4854 4851 4849
f 4854 4850 4851
f 4854 4852 4850
f 4854 4849 4852
v 9.833 -25.470 102.543
v 9.113 -25.470 102.543
v 9.473 -25.470 102.183
v 9.473 -25.470 102.902
v 9.473 -25.164 102.543
v 9.473 -25.775 102.543
f 4859 4855 4857
f 4859 4857 4856
f 4859 4856 4858
f 4859 4858 4855
f 4860 4857 4855
f 4860 4856 4857
f 4860 4858 4856
f 4860 4855 4858
v -1.752 -21.357 103.792
v -2.334 -21.357 103.792
v -2.043 -21.357 103.501
v -2.043 -21.357 104.083
v -2.043 -21.109 103.792
v -2.043 -21.604 103.792
f 4865 4861 4863
f 4865 4863 4862
f 4865 4862 4864
f 4865 4864 4861
f 4866 4863 4861
f 4866 4862 4863
f 4866 4864 4862
f 4866 4861 4864
v -2.994 -13.086 103.121
v -3.576 -13.086 103.121
v -3.285 -13.086 102.830
v -3.285 -13.086 103.412
v -3.285 -12.838 103.121
v -3.285 -13.333 103.121
f 4871 4867 4869
f 4871 4869 4868
f 4871 4868 4870
f 4871 4870 4867
f 4872 4869 4867
f 4872 4868 4869
f 4872 4870 4868
f 4872 4867 4870
v -17.874 -9.658 103.021
v -18.456 -9.658 103.021
v -18.165 -9.658 102.730
v -18.165 -9.658 103.312
v -18.165 -9.411 103.021
v -18.165 -9.906 103.021
f 4877 4873 4875
f 4877 4875 4874
f 4877 4874 4876
f 4877 4876 4873
f 4878 4875 4873
f 4878 4874 4875
f 4878 4876 4874
f 4878 4873 4876
v -10.260 -8.769 95.863
v -10.760 -8.769 95.863
v -10.510 -8.769 95.613
v -10.510 -8.769 96.113
v -10.510 -8.556 95.863
v -10.510 -8.981 95.863
f 4883 4879 4881
f 4883 4881 4880
f 4883 4880 4882
f 4883 4882 4879
f 4884 4881 4879
f 4884 4880 4881
f 4884 4882 4880
f 4884 4879 4882
v -8.705 -9.076 103.695
v -9.287 -9.076 103.695
v -8.996 -9.076 103.404
v -8.996 -9.076 103.986
v -8.996 -8.829 103.695
v -8.996 -9.324 103.695
f 4889 4885 4887
f 4889 4887 4886
f 4889 4886 4888
f 4889 4888 4885
f 4890 4887 4885
f 4890 4886 4887
f 4890 4888 4886
f 4890 4885 4888
v -26.754 14.757 98.801
v -27.336 14.757 98.801
v -27.045 14.757 98.510
v -27.045 14.757 99.092
v -27.045 15.004 98.801
v -27.045 14.510 98.801
f 4895 4891 4893
f 4895 4893 4892
f 4895 4892 4894
f 4895 4894 4891
f 4896 4893 4891
f 4896 4892 4893
f 4896 4894 4892
f 4896 4891 4894
v -49.292 50.891 92.839
v -49.792 50.891 92.839
v -49.542 50.891 92.589
v -49.542 50.891 93.089
v -49.542 51.104 92.839
v -49.542 50.679 92.839
f 4901 4897 4899
f 4901 4899 4898
f 4901 4898 4900
f 4901 4900 4897
f 4902 4899 4897
f 4902 4898 4899
f 4902 4900 4898
f 4902 4897 4900
v 28.063 -18.825 104.873
v 27.482 -18.825 104.873
v 27.773 -18.825 104.582
v 27.773 -18.825 105.164
v 27.773 -18.578 104.873
v 27.773 -19.073 104.873
f 4907 4903 4905
f 4907 4905 4904
f 4907 4904 4906
f 4907 4906 4903
f 4908 4905 4903
f 4908 4904 4905
f 4908 4906 4904
f 4908 4903 4906
v 27.666 -16.799 97.290
v 27.166 -16.799 97.290
v 27.416 -16.799 97.040
v 27.416 -16.799 97.540
v 27.416 -16.586 97.290
v 27.416 -17.011 97.290
f 4913 4909 4911
f 4913 4911 4910
f 4913 4910 4912
f 4913 4912 4909
f 4914 4911 4909
f 4914 4910 4911
f 4914 4912 4910
f 4914 4909 4912
v 2.528 2.188 98.744
v 2.028 2.188 98.744
v 2.278 2.188 98.494
v 2.278 2.188 98.994
v 2.278 2.401 98.744
v 2.278 1.976 98.744
f 4919 4915 4917
f 4919 4917 4916
f 4919 4916 4918
f 4919 4918 4915
f 4920 4917 4915
f 4920 4916 4917
f 4920 4918 4916
f 4920 4915 4918
v 1.773 7.297 98.980
v 1.273 7.297 98.980
v 1.523 7.297 98.730
v 1.523 7.297 99.230
v 1.523 7.509 98.980
v 1.523 7.084 98.980
f 4925 4921 4923
f 4925 4923 4922
f 4925 4922 4924
f 4925 4924 4921
f 4926 4923 4921
f 4926 4922 4923
f 4926 4924 4922
f 4926 4921 4924
v -5.172 28.453 101.154
v -5.672 28.453 101.154
v -5.422 28.453 100.904
v -5.422 28.453 101.404
v -5.422 28.665 101.154
v -5.422 28.240 101.154
f 4931 4927 4929
f 4931 4929 4928
f 4931 4928 4930
f 4931 4930 4927
f 4932 4929 4927
f 4932 4928 4929
f 4932 4930 4928
f 4932 4927 4930
v -17.147 31.990 104.865
v -17.729 31.990 104.865
v -17.438 31.990 104.574
v -17.438 31.990 105.156
v -17.438 32.237 104.865
v -17.438 31.743 104.865
f 4937 4933 4935
f 4937 4935 4934
f 4937 4934 4936
f 4937 4936 4933
f 4938 4935 4933
f 4938 4934 4935
f 4938 4936 4934
f 4938 4933 4936
v -14.234 33.614 106.627
v -14.815 33.614 106.627
v -14.524 33.614 106.336
v -14.524 33.614 106.918
v -14.524 33.861 106.627
v -14.524 33.367 106.627
f 4943 4939 4941
f 4943 4941 4940
f 4943 4940 4942
f 4943 4942 4939
f 4944 4941 4939
f 4944 4940 4941
f 4944 4942 4940
f 4944 4939 4942
v -9.222 32.427 106.985
v -9.722 32.427 106.985
v -9.472 32.427 106.735
v -9.472 32.427 107.235
v -9.472 32.640 106.985
v -9.472 32.215 106.985
f 4949 4945 4947
f 4949 4947 4946
f 4949 4946 4948
f 4949 4948 4945
f 4950 4947 4945
f 4950 4946 4947
f 4950 4948 4946
f 4950 4945 4948
v -2.193 30.339 105.335
v -2.693 30.339 105.335
v -2.443 30.339 105.085
v -2.443 30.339 105.585
v -2.443 30.551 105.335
v -2.443 30.126 105.335
f 4955 4951 4953
f 4955 4953 4952
f 4955 4952 4954
f 4955 4954 4951
f 4956 4953 4951
f 4956 4952 4953
f 4956 4954 4952
f 4956 4951 4954
v 28.262 18.179 106.934
v 27.762 18.179 106.934
v 28.012 18.179 106.684
v 28.012 18.179 107.184
v 28.012 18.392 106.934
v 28.012 17.967 106.934
f 4961 4957 4959
f 4961 4959 4958
f 4961 4958 4960
f 4961 4960 4957
f 4962 4959 4957
f 4962 4958 4959
f 4962 4960 4958
f 4962 4957 4960
v 10.181 50.813 103.575
v 9.681 50.813 103.575
v 9.931 50.813 103.325
v 9.931 50.813 103.825
v 9.931 51.025 103.575
v 9.931 50.600 103.575
f 4967 4963 4965
f 4967 4965 4964
f 4967 4964 4966
f 4967 4966 4963
f 4968 4965 4963
f 4968 4964 4965
f 4968 4966 4964
f 4968 4963 4966
v 11.549 47.305 103.150
v 11.049 47.305 103.150
v 11.299 47.305 102.900
v 11.299 47.305 103.400
v 11.299 47.518 103.150
v 11.299 47.093 103.150
f 4973 4969 4971
f 4973 4971 4970
f 4973 4970 4972
f 4973 4972 4969
f 4974 4971 4969
f 4974 4970 4971
f 4974 4972 4970
f 4974 4969 4972
v 41.151 25.086 108.148
v 40.497 25.086 108.148
v 40.824 25.086 107.821
v 40.824 25.086 108.475
v 40.824 25.364 108.148
v 40.824 24.808 108.148
f 4979 4975 4977
f 4979 4977 4976
f 4979 4976 4978
f 4979 4978 4975
f 4980 4977 4975
f 4980 4976 4977
f 4980 4978 4976
f 4980 4975 4978
v 27.695 30.814 105.005
v 27.195 30.814 105.005
v 27.445 30.814 104.755
v 27.445 30.814 105.255
v 27.445 31.027 105.005
v 27.445 30.602 105.005
f 4985 4981 4983
f 4985 4983 4982
f 4985 4982 4984
f 4985 4984 4981
f 4986 4983 4981
f 4986 4982 4983
f 4986 4984 4982
f 4986 4981 4984
v 12.291 52.719 102.438
v 11.791 52.719 102.438
v 12.041 52.719 102.188
v 12.041 52.719 102.688
v 12.041 52.932 102.438
v 12.041 52.507 102.438
f 4991 4987 4989
f 4991 4989 4988
f 4991 4988 4990
f 4991 4990 4987
f 4992 4989 4987
f 4992 4988 4989
f 4992 4990 4988
f 4992 4987 4990
v 10.039 57.760 102.793
v 9.539 57.760 102.793
v 9.789 57.760 102.543
v 9.789 57.760 103.043
v 9.789 57.972 102.793
v 9.789 57.547 102.793
f 4997 4993 4995
f 4997 4995 4994
f 4997 4994 4996
f 4997 4996 4993
f 4998 4995 4993
f 4998 4994 4995
f 4998 4996 4994
f 4998 4993 4996
v 12.595 55.439 103.182
v 12.095 55.439 103.182
v 12.345 55.439 102.932
v 12.345 55.439 103.432
v 12.345 55.651 103.182
v 12.345 55.226 103.182
f 5003 4999 5001
f 5003 5001 5000
f 5003 5000 5002
f 5003 5002 4999
f 5004 5001 4999
f 5004 5000 5001
f 5004 5002 5000
f 5004 4999 5002
v 4.779 61.561 99.942
v 4.197 61.561 99.942
v 4.488 61.561 99.651
v 4.488 61.561 100.233
v 4.488 61.808 99.942
v 4.488 61.314 99.942
f 5009 5005 5007
f 5009 5007 5006
f 5009 5006 5008
f 5009 5008 5005
f 5010 5007 5005
f 5010 5006 5007
f 5010 5008 5006
f 5010 5005 5008
v 13.131 -26.279 108.955
v 12.477 -26.279 108.955
v 12.804 -26.279 108.628
v 12.804 -26.279 109.282
v 12.804 -26.001 108.955
v 12.804 -26.557 108.955
f 5015 5011 5013
f 5015 5013 5012
f 5015 5012 5014
f 5015 5014 5011
f 5016 5013 5011
f 5016 5012 5013
f 5016 5014 5012
f 5016 5011 5014
v -2.247 -16.380 106.553
v -2.901 -16.380 106.553
v -2.574 -16.380 106.226
v -2.574 -16.380 106.880
v -2.574 -16.102 106.553
v -2.574 -16.658 106.553
f 5021 5017 5019
f 5021 5019 5018
f 5021 5018 5020
f 5021 5020 5017
f 5022 5019 5017
f 5022 5018 5019
f 5022 5020 5018
f 5022 5017 5020
v -1.133 -15.237 105.458
v -1.633 -15.237 105.458
v -1.383 -15.237 105.208
v -1.383 -15.237 105.708
v -1.383 -15.024 105.458
v -1.383 -15.449 105.458
f 5027 5023 5025
f 5027 5025 5024
f 5027 5024 5026
f 5027 5026 5023
f 5028 5025 5023
f 5028 5024 5025
f 5028 5026 5024
f 5028 5023 5026
v 0.512 -13.984 108.720
v 0.012 -13.984 108.720
v 0.262 -13.984 108.470
v 0.262 -13.984 108.970
v 0.262 -13.771 108.720
v 0.262 -14.196 108.720
f 5033 5029 5031
f 5033 5031 5030
f 5033 5030 5032
f 5033 5032 5029
f 5034 5031 5029
f 5034 5030 5031
f 5034 5032 5030
f 5034 5029 5032
v 14.973 -26.652 108.508
v 14.473 -26.652 108.508
v 14.723 -26.652 108.258
v 14.723 -26.652 108.758
v 14.723 -26.439 108.508
v 14.723 -26.864 108.508
f 5039 5035 5037
f 5039 5037 5036
f 5039 5036 5038
f 5039 5038 5035
f 5040 5037 5035
f 5040 5036 5037
f 5040 5038 5036
f 5040 5035 5038
v 9.412 -8.792 113.390
v 8.831 -8.792 113.390
v 9.122 -8.792 113.099
v 9.122 -8.792 113.681
v 9.122 -8.545 113.390
v 9.122 -9.039 113.390
f 5045 5041 5043
f 5045 5043 5042
f 5045 5042 5044
f 5045 5044 5041
f 5046 5043 5041
f 5046 5042 5043
f 5046 5044 5042
f 5046 5041 5044
v -21.457 26.359 106.084
v -22.039 26.359 106.084
v -21.748 26.359 105.793
v -21.748 26.359 106.375
v -21.748 26.606 106.084
v -21.748 26.112 106.084
f 5051 5047 5049
f 5051 5049 5048
f 5051 5048 5050
f 5051 5050 5047
f 5052 5049 5047
f 5052 5048 5049
f 5052 5050 5048
f 5052 5047 5050
v -20.992 29.638 101.745
v -21.492 29.638 101.745
v -21.242 29.638 101.495
v -21.242 29.638 101.995
v -21.242 29.851 101.745
v -21.242 29.426 101.745
f 5057 5053 5055
f 5057 5055 5054
f 5057 5054 5056
f 5057 5056 5053
f 5058 5055 5053
f 5058 5054 5055
f 5058 5056 5054
f 5058 5053 5056
v -32.756 39.810 100.180
v -33.256 39.810 100.180
v -33.006 39.810 99.930
v -33.006 39.810 100.430
v -33.006 40.023 100.180
v -33.006 39.598 100.180
f 5063 5059 5061
f 5063 5061 5060
f 5063 5060 5062
f 5063 5062 5059
f 5064 5061 5059
f 5064 5060 5061
f 5064 5062 5060
f 5064 5059 5062
v -5.756 33.411 111.848
v -6.410 33.411 111.848
v -6.083 33.411 111.522
v -6.083 33.411 112.175
v -6.083 33.689 111.848
v -6.083 33.133 111.848
f 5069 5065 5067
f 5069 5067 5066
f 5069 5066 5068
f 5069 5068 5065
f 5070 5067 5065
f 5070 5066 5067
f 5070 5068 5066
f 5070 5065 5068
v 16.749 20.022 111.119
v 16.095 20.022 111.119
v 16.422 20.022 110.792
v 16.422 20.022 111.445
v 16.422 20.300 111.119
v 16.422 19.744 111.119
f 5075 5071 5073
f 5075 5073 5072
f 5075 5072 5074
f 5075 5074 5071
f 5076 5073 5071
f 5076 5072 5073
f 5076 5074 5072
f 5076 5071 5074
v 9.942 -12.956 118.006
v 9.442 -12.956 118.006
v 9.692 -12.956 117.756
v 9.692 -12.956 118.256
v 9.692 -12.744 118.006
v 9.692 -13.169 118.006
f 5081 5077 5079
f 5081 5079 5078
f 5081 5078 5080
f 5081 5080 5077
f 5082 5079 5077
f 5082 5078 5079
f 5082 5080 5078
f 5082 5077 5080
v -15.682 7.553 -117.048
v -16.401 7.553 -117.048
v -16.041 7.553 -117.408
v -16.041 7.553 -116.689
v -16.041 7.859 -117.048
v -16.041 7.248 -117.048
f 5087 5083 5085
f 5087 5085 5084
f 5087 5084 5086
f 5087 5086 5083
f 5088 5085 5083
f 5088 5084 5085
f 5088 5086 5084
f 5088 5083 5086
v -11.854 5.047 -110.666
v -12.573 5.047 -110.666
v -12.213 5.047 -111.025
v -12.213 5.047 -110.306
v -12.213 5.353 -110.666
v -12.213 4.742 -110.666
f 5093 5089 5091
f 5093 5091 5090
f 5093 5090 5092
f 5093 5092 5089
f 5094 5091 5089
f 5094 5090 5091
f 5094 5092 5090
f 5094 5089 5092
v 6.271 -1.341 -110.376
v 5.771 -1.341 -110.376
v 6.021 -1.341 -110.626
v 6.021 -1.341 -110.126
v 6.021 -1.128 -110.376
v 6.021 -1.553 -110.376
f 5099 5095 5097
f 5099 5097 5096
f 5099 5096 5098
f 5099 5098 5095
f 5100 5097 5095
f 5100 5096 5097
f 5100 5098 5096
f 5100 5095 5098
v -6.705 8.254 -113.125
v -7.359 8.254 -113.125
v -7.032 8.254 -113.452
v -7.032 8.254 -112.798
v -7.032 8.531 -113.125
v -7.032 7.976 -113.125
f 5105 5101 5103
f 5105 5103 5102
f 5105 5102 5104
f 5105 5104 5101
f 5106 5103 5101
f 5106 5102 5103
f 5106 5104 5102
f 5106 5101 5104
v -12.351 20.793 -114.413
v -12.932 20.793 -114.413
v -12.642 20.793 -114.704
v -12.642 20.793 -114.122
v -12.642 21.041 -114.413
v -12.642 20.546 -114.413
f 5111 5107 5109
f 5111 5109 5108
f 5111 5108 5110
f 5111 5110 5107
f 5112 5109 5107
f 5112 5108 5109
f 5112 5110 5108
f 5112 5107 5110
v -22.770 28.639 -111.692
v -23.352 28.639 -111.692
v -23.061 28.639 -111.983
v -23.061 28.639 -111.401
v -23.061 28.887 -111.692
v -23.061 28.392 -111.692
f 5117 5113 5115
f 5117 5115 5114
f 5117 5114 5116
f 5117 5116 5113
f 5118 5115 5113
f 5118 5114 5115
f 5118 5116 5114
f 5118 5113 5116
v -45.568 -20.539 -106.010
v -46.287 -20.539 -106.010
v -45.928 -20.539 -106.369
v -45.928 -20.539 -105.650
v -45.928 -20.233 -106.010
v -45.928 -20.845 -106.010
f 5123 5119 5121
f 5123 5121 5120
f 5123 5120 5122
f 5123 5122 5119
f 5124 5121 5119
f 5124 5120 5121
f 5124 5122 5120
f 5124 5119 5122
v -38.403 -23.472 -108.091
v -39.123 -23.472 -108.091
v -38.763 -23.472 -108.450
v -38.763 -23.472 -107.731
v -38.763 -23.166 -108.091
v -38.763 -23.778 -108.091
f 5129 5125 5127
f 5129 5127 5126
f 5129 5126 5128
f 5129 5128 5125
f 5130 5127 5125
f 5130 5126 5127
f 5130 5128 5126
f 5130 5125 5128
v -9.961 -38.112 -104.640
v -10.542 -38.112 -104.640
v -10.251 -38.112 -104.931
v -10.251 -38.112 -104.349
v -10.251 -37.865 -104.640
v -10.251 -38.359 -104.640
f 5135 5131 5133
f 5135 5133 5132
f 5135 5132 5134
f 5135 5134 5131
f 5136 5133 5131
f 5136 5132 5133
f 5136 5134 5132
f 5136 5131 5134
v -25.263 -1.335 -115.599
v -25.845 -1.335 -115.599
v -25.554 -1.335 -115.890
v -25.554 -1.335 -115.308
v -25.554 -1.087 -115.599
v -25.554 -1.582 -115.599
f 5141 5137 5139
f 5141 5139 5138
f 5141 5138 5140
f 5141 5140 5137
f 5142 5139 5137
f 5142 5138 5139
f 5142 5140 5138
f 5142 5137 5140
v -22.676 1.011 -115.963
v -23.395 1.011 -115.963
v -23.036 1.011 -116.322
v -23.036 1.011 -115.603
v -23.036 1.317 -115.963
v -23.036 0.705 -115.963
f 5147 5143 5145
f 5147 5145 5144
f 5147 5144 5146
f 5147 5146 5143
f 5148 5145 5143
f 5148 5144 5145
f 5148 5146 5144
f 5148 5143 5146
v -29.122 28.488 -111.379
v -29.622 28.488 -111.379
v -29.372 28.488 -111.629
v -29.372 28.488 -111.129
v -29.372 28.700 -111.379
v -29.372 28.275 -111.379
f 5153 5149 5151
f 5153 5151 5150
f 5153 5150 5152
f 5153 5152 5149
f 5154 5151 5149
f 5154 5150 5151
f 5154 5152 5150
f 5154 5149 5152
v -39.268 30.444 -107.677
v -39.768 30.444 -107.677
v -39.518 30.444 -107.927
v -39.518 30.444 -107.427
v -39.518 30.656 -107.677
v -39.518 30.231 -107.677
f 5159 5155 5157
f 5159 5157 5156
f 5159 5156 5158
f 5159 5158 5155
f 5160 5157 5155
f 5160 5156 5157
f 5160 5158 5156
f 5160 5155 5158
v -37.333 35.145 -103.186
v -37.986 35.145 -103.186
v -37.660 35.145 -103.513
v -37.660 35.145 -102.859
v -37.660 35.423 -103.186
v -37.660 34.867 -103.186
f 5165 5161 5163
f 5165 5163 5162
f 5165 5162 5164
f 5165 5164 5161
f 5166 5163 5161
f 5166 5162 5163
f 5166 5164 5162
f 5166 5161 5164
v 1.702 4.111 -104.760
v 1.048 4.111 -104.760
v 1.375 4.111 -105.087
v 1.375 4.111 -104.433
v 1.375 4.389 -104.760
v 1.375 3.833 -104.760
f 5171 5167 5169
f 5171 5169 5168
f 5171 5168 5170
f 5171 5170 5167
f 5172 5169 5167
f 5172 5168 5169
f 5172 5170 5168
f 5172 5167 5170
v 4.073 3.299 -102.742
v 3.419 3.299 -102.742
v 3.746 3.299 -103.069
v 3.746 3.299 -102.415
v 3.746 3.577 -102.742
v 3.746 3.021 -102.742
f 5177 5173 5175
f 5177 5175 5174
f 5177 5174 5176
f 5177 5176 5173
f 5178 5175 5173
f 5178 5174 5175
f 5178 5176 5174
f 5178 5173 5176
v 53.554 -35.368 -97.029
v 53.054 -35.368 -97.029
v 53.304 -35.368 -97.279
v 53.304 -35.368 -96.779
v 53.304 -35.156 -97.029
v 53.304 -35.581 -97.029
f 5183 5179 5181
f 5183 5181 5180
f 5183 5180 5182
f 5183 5182 5179
f 5184 5181 5179
f 5184 5180 5181
f 5184 5182 5180
f 5184 5179 5182
v -1.279 19.808 -106.561
v -1.860 19.808 -106.561
v -1.570 19.808 -106.851
v -1.570 19.808 -106.270
v -1.570 20.055 -106.561
v -1.570 19.561 -106.561
f 5189 5185 5187
f 5189 5187 5186
f 5189 5186 5188
f 5189 5188 5185
f 5190 5187 5185
f 5190 5186 5187
f 5190 5188 5186
f 5190 5185 5188
v 1.841 21.923 -105.208
v 1.341 21.923 -105.208
v 1.591 21.923 -105.458
v 1.591 21.923 -104.958
v 1.591 22.136 -105.208
v 1.591 21.711 -105.208
f 5195 5191 5193
f 5195 5193 5192
f 5195 5192 5194
f 5195 5194 5191
f 5196 5193 5191
f 5196 5192 5193
f 5196 5194 5192
f 5196 5191 5194
v -9.841 30.659 -105.874
v -10.341 30.659 -105.874
v -10.091 30.659 -106.124
v -10.091 30.659 -105.624
v -10.091 30.872 -105.874
v -10.091 30.447 -105.874
f 5201 5197 5199
f 5201 5199 5198
f 5201 5198 5200
f 5201 5200 5197
f 5202 5199 5197
f 5202 5198 5199
f 5202 5200 5198
f 5202 5197 5200
v 25.142 2.607 -107.115
v 24.642 2.607 -107.115
v 24.892 2.607 -107.365
v 24.892 2.607 -106.865
v 24.892 2.820 -107.115
v 24.892 2.395 -107.115
f 5207 5203 5205
f 5207 5205 5204
f 5207 5204 5206
f 5207 5206 5203
f 5208 5205 5203
f 5208 5204 5205
f 5208 5206 5204
f 5208 5203 5206
v 33.200 5.366 -102.825
v 32.618 5.366 -102.825
v 32.909 5.366 -103.116
v 32.909 5.366 -102.534
v 32.909 5.613 -102.825
v 32.909 5.119 -102.825
f 5213 5209 5211
f 5213 5211 5210
f 5213 5210 5212
f 5213 5212 5209
f 5214 5211 5209
f 5214 5210 5211
f 5214 5212 5210
f 5214 5209 5212
v 28.483 26.583 -105.700
v 27.983 26.583 -105.700
v 28.233 26.583 -105.950
v 28.233 26.583 -105.450
v 28.233 26.796 -105.700
v 28.233 26.371 -105.700
f 5219 5215 5217
f 5219 5217 5216
f 5219 5216 5218
f 5219 5218 5215
f 5220 5217 5215
f 5220 5216 5217
f 5220 5218 5216
f 5220 5215 5218
v 32.848 14.212 -102.456
v 32.348 14.212 -102.456
v 32.598 14.212 -102.706
v 32.598 14.212 -102.206
v 32.598 14.425 -102.456
v 32.598 14.000 -102.456
f 5225 5221 5223
f 5225 5223 5222
f 5225 5222 5224
f 5225 5224 5221
f 5226 5223 5221
f 5226 5222 5223
f 5226 5224 5222
f 5226 5221 5224
v -58.876 -48.044 -92.422
v -59.458 -48.044 -92.422
v -59.167 -48.044 -92.713
v -59.167 -48.044 -92.131
v -59.167 -47.796 -92.422
v -59.167 -48.291 -92.422
f 5231 5227 5229
f 5231 5229 5228
f 5231 5228 5230
f 5231 5230 5227
f 5232 5229 5227
f 5232 5228 5229
f 5232 5230 5228
f 5232 5227 5230
v -62.838 -33.112 -94.309
v -63.419 -33.112 -94.309
v -63.129 -33.112 -94.600
v -63.129 -33.112 -94.018
v -63.129 -32.864 -94.309
v -63.129 -33.359 -94.309
f 5237 5233 5235
f 5237 5235 5234
f 5237 5234 5236
f 5237 5236 5233
f 5238 5235 5233
f 5238 5234 5235
f 5238 5236 5234
f 5238 5233 5236
v -43.993 -22.005 -95.493
v -44.493 -22.005 -95.493
v -44.243 -22.005 -95.743
v -44.243 -22.005 -95.243
v -44.243 -21.793 -95.493
v -44.243 -22.218 -95.493
f 5243 5239 5241
f 5243 5241 5240
f 5243 5240 5242
f 5243 5242 5239
f 5244 5241 5239
f 5244 5240 5241
f 5244 5242 5240
f 5244 5239 5242
v -40.917 -25.056 -94.903
v -41.417 -25.056 -94.903
v -41.167 -25.056 -95.153
v -41.167 -25.056 -94.653
v -41.167 -24.844 -94.903
v -41.167 -25.269 -94.903
f 5249 5245 5247
f 5249 5247 5246
f 5249 5246 5248
f 5249 5248 5245
f 5250 5247 5245
f 5250 5246 5247
f 5250 5248 5246
f 5250 5245 5248
v -52.997 -19.005 -93.609
v -53.716 -19.005 -93.609
v -53.356 -19.005 -93.969
v -53.356 -19.005 -93.250
v -53.356 -18.699 -93.609
v -53.356 -19.310 -93.609
f 5255 5251 5253
f 5255 5253 5252
f 5255 5252 5254
f 5255 5254 5251
f 5256 5253 5251
f 5256 5252 5253
f 5256 5254 5252
f 5256 5251 5254
v -18.153 -8.171 -97.434
v -18.807 -8.171 -97.434
v -18.480 -8.171 -97.761
v -18.480 -8.171 -97.107
v -18.480 -7.894 -97.434
v -18.480 -8.449 -97.434
f 5261 5257 5259
f 5261 5259 5258
f 5261 5258 5260
f 5261 5260 5257
f 5262 5259 5257
f 5262 5258 5259
f 5262 5260 5258
f 5262 5257 5260
v 41.280 -71.940 -86.838
v 40.626 -71.940 -86.838
v 40.953 -71.940 -87.165
v 40.953 -71.940 -86.511
v 40.953 -71.663 -86.838
v 40.953 -72.218 -86.838
f 5267 5263 5265
f 5267 5265 5264
f 5267 5264 5266
f 5267 5266 5263
f 5268 5265 5263
f 5268 5264 5265
f 5268 5266 5264
f 5268 5263 5266
v 32.289 -60.702 -94.777
v 31.635 -60.702 -94.777
v 31.962 -60.702 -95.104
v 31.962 -60.702 -94.450
v 31.962 -60.425 -94.777
v 31.962 -60.980 -94.777
f 5273 5269 5271
f 5273 5271 5270
f 5273 5270 5272
f 5273 5272 5269
f 5274 5271 5269
f 5274 5270 5271
f 5274 5272 5270
f 5274 5269 5272
v -15.873 -3.495 -102.739
v -16.373 -3.495 -102.739
v -16.123 -3.495 -102.989
v -16.123 -3.495 -102.489
v -16.123 -3.283 -102.739
v -16.123 -3.708 -102.739
f 5279 5275 5277
f 5279 5277 5276
f 5279 5276 5278
f 5279 5278 5275
f 5280 5277 5275
f 5280 5276 5277
f 5280 5278 5276
f 5280 5275 5278
v -15.475 0.360 -105.735
v -16.057 0.360 -105.735
v -15.766 0.360 -106.025
v -15.766 0.360 -105.444
v -15.766 0.608 -105.735
v -15.766 0.113 -105.735
f 5285 5281 5283
f 5285 5283 5282
f 5285 5282 5284
f 5285 5284 5281
f 5286 5283 5281
f 5286 5282 5283
f 5286 5284 5282
f 5286 5281 5284
v -13.506 -1.396 -103.602
v -14.006 -1.396 -103.602
v -13.756 -1.396 -103.852
v -13.756 -1.396 -103.352
v -13.756 -1.184 -103.602
v -13.756 -1.609 -103.602
f 5291 5287 5289
f 5291 5289 5288
f 5291 5288 5290
f 5291 5290 5287
f 5292 5289 5287
f 5292 5288 5289
f 5292 5290 5288
f 5292 5287 5290
v 42.734 -56.951 -96.125
v 42.234 -56.951 -96.125
v 42.484 -56.951 -96.375
v 42.484 -56.951 -95.875
v 42.484 -56.739 -96.125
v 42.484 -57.164 -96.125
f 5297 5293 5295
f 5297 5295 5294
f 5297 5294 5296
f 5297 5296 5293
f 5298 5295 5293
f 5298 5294 5295
f 5298 5296 5294
f 5298 5293 5296
v 4.976 -5.652 -92.460
v 4.476 -5.652 -92.460
v 4.726 -5.652 -92.710
v 4.726 -5.652 -92.210
v 4.726 -5.440 -92.460
v 4.726 -5.865 -92.460
f 5303 5299 5301
f 5303 5301 5300
f 5303 5300 5302
f 5303 5302 5299
f 5304 5301 5299
f 5304 5300 5301
f 5304 5302 5300
f 5304 5299 5302
v -12.474 17.463 -98.802
v -12.974 17.463 -98.802
v -12.724 17.463 -99.052
v -12.724 17.463 -98.552
v -12.724 17.675 -98.802
v -12.724 17.250 -98.802
f 5309 5305 5307
f 5309 5307 5306
f 5309 5306 5308
f 5309 5308 5305
f 5310 5307 5305
f 5310 5306 5307
f 5310 5308 5306
f 5310 5305 5308
v -30.365 41.072 -101.873
v -30.865 41.072 -101.873
v -30.615 41.072 -102.123
v -30.615 41.072 -101.623
v -30.615 41.284 -101.873
v -30.615 40.859 -101.873
f 5315 5311 5313
f 5315 5313 5312
f 5315 5312 5314
f 5315 5314 5311
f 5316 5313 5311
f 5316 5312 5313
f 5316 5314 5312
f 5316 5311 5314
v 2.289 27.449 -100.874
v 1.789 27.449 -100.874
v 2.039 27.449 -101.124
v 2.039 27.449 -100.624
v 2.039 27.662 -100.874
v 2.039 27.237 -100.874
f 5321 5317 5319
f 5321 5319 5318
f 5321 5318 5320
f 5321 5320 5317
f 5322 5319 5317
f 5322 5318 5319
f 5322 5320 5318
f 5322 5317 5320
v -24.598 39.856 -101.722
v -25.098 39.856 -101.722
v -24.848 39.856 -101.972
v -24.848 39.856 -101.472
v -24.848 40.068 -101.722
v -24.848 39.643 -101.722
f 5327 5323 5325
f 5327 5325 5324
f 5327 5324 5326
f 5327 5326 5323
f 5328 5325 5323
f 5328 5324 5325
f 5328 5326 5324
f 5328 5323 5326
v -22.533 43.043 -102.042
v -23.033 43.043 -102.042
v -22.783 43.043 -102.292
v -22.783 43.043 -101.792
v -22.783 43.256 -102.042
v -22.783 42.831 -102.042
f 5333 5329 5331
f 5333 5331 5330
f 5333 5330 5332
f 5333 5332 5329
f 5334 5331 5329
f 5334 5330 5331
f 5334 5332 5330
f 5334 5329 5332
v -28.473 50.462 -102.194
v -29.055 50.462 -102.194
v -28.764 50.462 -102.485
v -28.764 50.462 -101.903
v -28.764 50.710 -102.194
v -28.764 50.215 -102.194
f 5339 5335 5337
f 5339 5337 5336
f 5339 5336 5338
f 5339 5338 5335
f 5340 5337 5335
f 5340 5336 5337
f 5340 5338 5336
f 5340 5335 5338
v 18.585 5.536 -97.514
v 18.003 5.536 -97.514
v 18.294 5.536 -97.805
v 18.294 5.536 -97.223
v 18.294 5.783 -97.514
v 18.294 5.288 -97.514
f 5345 5341 5343
f 5345 5343 5342
f 5345 5342 5344
f 5345 5344 5341
f 5346 5343 5341
f 5346 5342 5343
f 5346 5344 5342
f 5346 5341 5344
v -16.078 47.779 -95.594
v -16.578 47.779 -95.594
v -16.328 47.779 -95.844
v -16.328 47.779 -95.344
v -16.328 47.992 -95.594
v -16.328 47.567 -95.594
f 5351 5347 5349
f 5351 5349 5348
f 5351 5348 5350
f 5351 5350 5347
f 5352 5349 5347
f 5352 5348 5349
f 5352 5350 5348
f 5352 5347 5350
v 30.182 8.066 -98.107
v 29.601 8.066 -98.107
v 29.892 8.066 -98.398
v 29.892 8.066 -97.816
v 29.892 8.313 -98.107
v 29.892 7.818 -98.107
f 5357 5353 5355
f 5357 5355 5354
f 5357 5354 5356
f 5357 5356 5353
f 5358 5355 5353
f 5358 5354 5355
f 5358 5356 5354
f 5358 5353 5356
v 35.186 23.122 -94.410
v 34.686 23.122 -94.410
v 34.936 23.122 -94.660
v 34.936 23.122 -94.160
v 34.936 23.334 -94.410
v 34.936 22.909 -94.410
f 5363 5359 5361
f 5363 5361 5360
f 5363 5360 5362
f 5363 5362 5359
f 5364 5361 5359
f 5364 5360 5361
f 5364 5362 5360
f 5364 5359 5362
v -59.210 -56.357 -82.723
v -59.710 -56.357 -82.723
v -59.460 -56.357 -82.973
v -59.460 -56.357 -82.473
v -59.460 -56.144 -82.723
v -59.460 -56.569 -82.723
f 5369 5365 5367
f 5369 5367 5366
f 5369 5366 5368
f 5369 5368 5365
f 5370 5367 5365
f 5370 5366 5367
f 5370 5368 5366
f 5370 5365 5368
v -47.526 -64.716 -85.582
v -48.026 -64.716 -85.582
v -47.776 -64.716 -85.832
v -47.776 -64.716 -85.332
v -47.776 -64.503 -85.582
v -47.776 -64.928 -85.582
f 5375 5371 5373
f 5375 5373 5372
f 5375 5372 5374
f 5375 5374 5371
f 5376 5373 5371
f 5376 5372 5373
f 5376 5374 5372
f 5376 5371 5374
v -25.716 -26.291 -91.181
v -26.216 -26.291 -91.181
v -25.966 -26.291 -91.431
v -25.966 -26.291 -90.931
v -25.966 -26.078 -91.181
v -25.966 -26.503 -91.181
f 5381 5377 5379
f 5381 5379 5378
f 5381 5378 5380
f 5381 5380 5377
f 5382 5379 5377
f 5382 5378 5379
f 5382 5380 5378
f 5382 5377 5380
v -26.177 -18.474 -90.743
v -26.677 -18.474 -90.743
v -26.427 -18.474 -90.993
v -26.427 -18.474 -90.493
v -26.427 -18.262 -90.743
v -26.427 -18.687 -90.743
f 5387 5383 5385
f 5387 5385 5384
f 5387 5384 5386
f 5387 5386 5383
f 5388 5385 5383
f 5388 5384 5385
f 5388 5386 5384
f 5388 5383 5386
v 4.191 -49.398 -80.748
v 3.609 -49.398 -80.748
v 3.900 -49.398 -81.039
v 3.900 -49.398 -80.457
v 3.900 -49.151 -80.748
v 3.900 -49.646 -80.748
f 5393 5389 5391
f 5393 5391 5390
f 5393 5390 5392
f 5393 5392 5389
f 5394 5391 5389
f 5394 5390 5391
f 5394 5392 5390
f 5394 5389 5392
v -20.519 -15.064 -94.667
v -21.019 -15.064 -94.667
v -20.769 -15.064 -94.917
v -20.769 -15.064 -94.417
v -20.769 -14.851 -94.667
v -20.769 -15.276 -94.667
f 5399 5395 5397
f 5399 5397 5396
f 5399 5396 5398
f 5399 5398 5395
f 5400 5397 5395
f 5400 5396 5397
f 5400 5398 5396
f 5400 5395 5398
v -18.993 -12.232 -95.556
v -19.712 -12.232 -95.556
v -19.353 -12.232 -95.915
v -19.353 -12.232 -95.196
v -19.353 -11.926 -95.556
v -19.353 -12.538 -95.556
f 5405 5401 5403
f 5405 5403 5402
f 5405 5402 5404
f 5405 5404 5401
f 5406 5403 5401
f 5406 5402 5403
f 5406 5404 5402
f 5406 5401 5404
v -60.899 28.008 -96.789
v -61.399 28.008 -96.789
v -61.149 28.008 -97.039
v -61.149 28.008 -96.539
v -61.149 28.221 -96.789
v -61.149 27.796 -96.789
f 5411 5407 5409
f 5411 5409 5408
f 5411 5408 5410
f 5411 5410 5407
f 5412 5409 5407
f 5412 5408 5409
f 5412 5410 5408
f 5412 5407 5410
v 25.664 -52.487 -87.246
v 25.082 -52.487 -87.246
v 25.373 -52.487 -87.537
v 25.373 -52.487 -86.955
v 25.373 -52.240 -87.246
v 25.373 -52.735 -87.246
f 5417 5413 5415
f 5417 5415 5414
f 5417 5414 5416
f 5417 5416 5413
f 5418 5415 5413
f 5418 5414 5415
f 5418 5416 5414
f 5418 5413 5416
v 29.582 -55.466 -90.469
v 28.862 -55.466 -90.469
v 29.222 -55.466 -90.828
v 29.222 -55.466 -90.109
v 29.222 -55.161 -90.469
v 29.222 -55.772 -90.469
f 5423 5419 5421
f 5423 5421 5420
f 5423 5420 5422
f 5423 5422 5419
f 5424 5421 5419
f 5424 5420 5421
f 5424 5422 5420
f 5424 5419 5422
v 21.251 -53.643 -90.754
v 20.751 -53.643 -90.754
v 21.001 -53.643 -91.004
v 21.001 -53.643 -90.504
v 21.001 -53.430 -90.754
v 21.001 -53.855 -90.754
f 5429 5425 5427
f 5429 5427 5426
f 5429 5426 5428
f 5429 5428 5425
f 5430 5427 5425
f 5430 5426 5427
f 5430 5428 5426
f 5430 5425 5428
v 22.842 -51.624 -85.016
v 22.260 -51.624 -85.016
v 22.551 -51.624 -85.307
v 22.551 -51.624 -84.725
v 22.551 -51.376 -85.016
v 22.551 -51.871 -85.016
f 5435 5431 5433
f 5435 5433 5432
f 5435 5432 5434
f 5435 5434 5431
f 5436 5433 5431
f 5436 5432 5433
f 5436 5434 5432
f 5436 5431 5434
v -5.254 -7.628 -96.309
v -5.754 -7.628 -96.309
v -5.504 -7.628 -96.559
v -5.504 -7.628 -96.059
v -5.504 -7.416 -96.309
v -5.504 -7.841 -96.309
f 5441 5437 5439
f 5441 5439 5438
f 5441 5438 5440
f 5441 5440 5437
f 5442 5439 5437
f 5442 5438 5439
f 5442 5440 5438
f 5442 5437 5440
v 65.889 -58.218 -74.852
v 65.389 -58.218 -74.852
v 65.639 -58.218 -75.102
v 65.639 -58.218 -74.602
v 65.639 -58.006 -74.852
v 65.639 -58.431 -74.852
f 5447 5443 5445
f 5447 5445 5444
f 5447 5444 5446
f 5447 5446 5443
f 5448 5445 5443
f 5448 5444 5445
f 5448 5446 5444
f 5448 5443 5446
v 38.962 -43.988 -77.510
v 38.381 -43.988 -77.510
v 38.671 -43.988 -77.801
v 38.671 -43.988 -77.219
v 38.671 -43.741 -77.510
v 38.671 -44.235 -77.510
f 5453 5449 5451
f 5453 5451 5450
f 5453 5450 5452
f 5453 5452 5449
f 5454 5451 5449
f 5454 5450 5451
f 5454 5452 5450
f 5454 5449 5452
v 43.903 -43.103 -73.520
v 43.403 -43.103 -73.520
v 43.653 -43.103 -73.770
v 43.653 -43.103 -73.270
v 43.653 -42.891 -73.520
v 43.653 -43.316 -73.520
f 5459 5455 5457
f 5459 5457 5456
f 5459 5456 5458
f 5459 5458 5455
f 5460 5457 5455
f 5460 5456 5457
f 5460 5458 5456
f 5460 5455 5458
v 50.580 -27.643 -75.734
v 50.080 -27.643 -75.734
v 50.330 -27.643 -75.984
v 50.330 -27.643 -75.484
v 50.330 -27.431 -75.734
v 50.330 -27.856 -75.734
f 5465 5461 5463
f 5465 5463 5462
f 5465 5462 5464
f 5465 5464 5461
f 5466 5463 5461
f 5466 5462 5463
f 5466 5464 5462
f 5466 5461 5464
v 31.634 -10.172 -79.911
v 31.052 -10.172 -79.911
v 31.343 -10.172 -80.202
v 31.343 -10.172 -79.620
v 31.343 -9.925 -79.911
v 31.343 -10.419 -79.911
f 5471 5467 5469
f 5471 5469 5468
f 5471 5468 5470
f 5471 5470 5467
f 5472 5469 5467
f 5472 5468 5469
f 5472 5470 5468
f 5472 5467 5470
v 17.892 2.274 -81.955
v 17.392 2.274 -81.955
v 17.642 2.274 -82.205
v 17.642 2.274 -81.705
v 17.642 2.487 -81.955
v 17.642 2.062 -81.955
f 5477 5473 5475
f 5477 5475 5474
f 5477 5474 5476
f 5477 5476 5473
f 5478 5475 5473
f 5478 5474 5475
f 5478 5476 5474
f 5478 5473 5476
v 20.154 4.626 -82.018
v 19.500 4.626 -82.018
v 19.827 4.626 -82.345
v 19.827 4.626 -81.691
v 19.827 4.904 -82.018
v 19.827 4.348 -82.018
f 5483 5479 5481
f 5483 5481 5480
f 5483 5480 5482
f 5483 5482 5479
f 5484 5481 5479
f 5484 5480 5481
f 5484 5482 5480
f 5484 5479 5482
v 23.676 10.190 -89.087
v 23.022 10.190 -89.087
v 23.349 10.190 -89.414
v 23.349 10.190 -88.760
v 23.349 10.468 -89.087
v 23.349 9.912 -89.087
f 5489 5485 5487
f 5489 5487 5486
f 5489 5486 5488
f 5489 5488 5485
f 5490 5487 5485
f 5490 5486 5487
f 5490 5488 5486
f 5490 5485 5488
v -4.598 46.825 -90.904
v -5.098 46.825 -90.904
v -4.848 46.825 -91.154
v -4.848 46.825 -90.654
v -4.848 47.038 -90.904
v -4.848 46.613 -90.904
f 5495 5491 5493
f 5495 5493 5492
f 5495 5492 5494
f 5495 5494 5491
f 5496 5493 5491
f 5496 5492 5493
f 5496 5494 5492
f 5496 5491 5494
v -25.996 60.857 -95.753
v -26.496 60.857 -95.753
v -26.246 60.857 -96.003
v -26.246 60.857 -95.503
v -26.246 61.070 -95.753
v -26.246 60.645 -95.753
f 5501 5497 5499
f 5501 5499 5498
f 5501 5498 5500
f 5501 5500 5497
f 5502 5499 5497
f 5502 5498 5499
f 5502 5500 5498
f 5502 5497 5500
v 27.421 26.166 -84.161
v 26.767 26.166 -84.161
v 27.094 26.166 -84.488
v 27.094 26.166 -83.834
v 27.094 26.444 -84.161
v 27.094 25.888 -84.161
f 5507 5503 5505
f 5507 5505 5504
f 5507 5504 5506
f 5507 5506 5503
f 5508 5505 5503
f 5508 5504 5505
f 5508 5506 5504
f 5508 5503 5506
v 29.762 28.788 -88.225
v 29.180 28.788 -88.225
v 29.471 28.788 -88.516
v 29.471 28.788 -87.934
v 29.471 29.035 -88.225
v 29.471 28.540 -88.225
f 5513 5509 5511
f 5513 5511 5510
f 5513 5510 5512
f 5513 5512 5509
f 5514 5511 5509
f 5514 5510 5511
f 5514 5512 5510
f 5514 5509 5512
v 3.505 48.690 -90.087
v 2.851 48.690 -90.087
v 3.178 48.690 -90.414
v 3.178 48.690 -89.760
v 3.178 48.968 -90.087
v 3.178 48.412 -90.087
f 5519 5515 5517
f 5519 5517 5516
f 5519 5516 5518
f 5519 5518 5515
f 5520 5517 5515
f 5520 5516 5517
f 5520 5518 5516
f 5520 5515 5518
v 35.519 20.174 -90.323
v 35.019 20.174 -90.323
v 35.269 20.174 -90.573
v 35.269 20.174 -90.073
v 35.269 20.387 -90.323
v 35.269 19.962 -90.323
f 5525 5521 5523
f 5525 5523 5522
f 5525 5522 5524
f 5525 5524 5521
f 5526 5523 5521
f 5526 5522 5523
f 5526 5524 5522
f 5526 5521 5524
v 54.065 46.473 -95.011
v 53.565 46.473 -95.011
v 53.815 46.473 -95.261
v 53.815 46.473 -94.761
v 53.815 46.686 -95.011
v 53.815 46.261 -95.011
f 5531 5527 5529
f 5531 5529 5528
f 5531 5528 5530
f 5531 5530 5527
f 5532 5529 5527
f 5532 5528 5529
f 5532 5530 5528
f 5532 5527 5530
v -88.696 -6.840 -79.953
v -89.196 -6.840 -79.953
v -88.946 -6.840 -80.203
v -88.946 -6.840 -79.703
v -88.946 -6.627 -79.953
v -88.946 -7.052 -79.953
f 5537 5533 5535
f 5537 5535 5534
f 5537 5534 5536
f 5537 5536 5533
f 5538 5535 5533
f 5538 5534 5535
f 5538 5536 5534
f 5538 5533 5536
v -67.302 -4.191 -86.139
v -67.802 -4.191 -86.139
v -67.552 -4.191 -86.389
v -67.552 -4.191 -85.889
v -67.552 -3.979 -86.139
v -67.552 -4.404 -86.139
f 5543 5539 5541
f 5543 5541 5540
f 5543 5540 5542
f 5543 5542 5539
f 5544 5541 5539
f 5544 5540 5541
f 5544 5542 5540
f 5544 5539 5542
v 31.602 -92.120 -67.974
v 31.102 -92.120 -67.974
v 31.352 -92.120 -68.224
v 31.352 -92.120 -67.724
v 31.352 -91.907 -67.974
v 31.352 -92.332 -67.974
f 5549 5545 5547
f 5549 5547 5546
f 5549 5546 5548
f 5549 5548 5545
f 5550 5547 5545
f 5550 5546 5547
f 5550 5548 5546
f 5550 5545 5548
v 24.278 -84.805 -75.936
v 23.778 -84.805 -75.936
v 24.028 -84.805 -76.186
v 24.028 -84.805 -75.686
v 24.028 -84.593 -75.936
v 24.028 -85.018 -75.936
f 5555 5551 5553
f 5555 5553 5552
f 5555 5552 5554
f 5555 5554 5551
f 5556 5553 5551
f 5556 5552 5553
f 5556 5554 5552
f 5556 5551 5554
v -27.892 -30.863 -73.700
v -28.473 -30.863 -73.700
v -28.182 -30.863 -73.991
v -28.182 -30.863 -73.409
v -28.182 -30.616 -73.700
v -28.182 -31.110 -73.700
f 5561 5557 5559
f 5561 5559 5558
f 5561 5558 5560
f 5561 5560 5557
f 5562 5559 5557
f 5562 5558 5559
f 5562 5560 5558
f 5562 5557 5560
v -75.719 14.035 -82.508
v -76.373 14.035 -82.508
v -76.046 14.035 -82.835
v -76.046 14.035 -82.181
v -76.046 14.313 -82.508
v -76.046 13.757 -82.508
f 5567 5563 5565
f 5567 5565 5564
f 5567 5564 5566
f 5567 5566 5563
f 5568 5565 5563
f 5568 5564 5565
f 5568 5566 5564
f 5568 5563 5566
v -77.644 17.231 -82.409
v -78.226 17.231 -82.409
v -77.935 17.231 -82.700
v -77.935 17.231 -82.118
v -77.935 17.478 -82.409
v -77.935 16.983 -82.409
f 5573 5569 5571
f 5573 5571 5570
f 5573 5570 5572
f 5573 5572 5569
f 5574 5571 5569
f 5574 5570 5571
f 5574 5572 5570
f 5574 5569 5572
v 0.420 -49.480 -74.784
v -0.234 -49.480 -74.784
v 0.093 -49.480 -75.111
v 0.093 -49.480 -74.457
v 0.093 -49.202 -74.784
v 0.093 -49.758 -74.784
f 5579 5575 5577
f 5579 5577 5576
f 5579 5576 5578
f 5579 5578 5575
f 5580 5577 5575
f 5580 5576 5577
f 5580 5578 5576
f 5580 5575 5578
v -24.514 -23.840 -85.736
v -25.014 -23.840 -85.736
v -24.764 -23.840 -85.986
v -24.764 -23.840 -85.486
v -24.764 -23.627 -85.736
v -24.764 -24.052 -85.736
f 5585 5581 5583
f 5585 5583 5582
f 5585 5582 5584
f 5585 5584 5581
f 5586 5583 5581
f 5586 5582 5583
f 5586 5584 5582
f 5586 5581 5584
v -19.815 -27.783 -81.442
v -20.534 -27.783 -81.442
v -20.174 -27.783 -81.801
v -20.174 -27.783 -81.082
v -20.174 -27.477 -81.442
v -20.174 -28.089 -81.442
f 5591 5587 5589
f 5591 5589 5588
f 5591 5588 5590
f 5591 5590 5587
f 5592 5589 5587
f 5592 5588 5589
f 5592 5590 5588
f 5592 5587 5590
v 40.292 -82.429 -71.789
v 39.792 -82.429 -71.789
v 40.042 -82.429 -72.039
v 40.042 -82.429 -71.539
v 40.042 -82.216 -71.789
v 40.042 -82.641 -71.789
f 5597 5593 5595
f 5597 5595 5594
f 5597 5594 5596
f 5597 5596 5593
f 5598 5595 5593
f 5598 5594 5595
f 5598 5596 5594
f 5598 5593 5596
v 9.449 -48.537 -79.025
v 8.867 -48.537 -79.025
v 9.158 -48.537 -79.316
v 9.158 -48.537 -78.735
v 9.158 -48.289 -79.025
v 9.158 -48.784 -79.025
f 5603 5599 5601
f 5603 5601 5600
f 5603 5600 5602
f 5603 5602 5599
f 5604 5601 5599
f 5604 5600 5601
f 5604 5602 5600
f 5604 5599 5602
v 1.778 -49.819 -79.650
v 1.196 -49.819 -79.650
v 1.487 -49.819 -79.941
v 1.487 -49.819 -79.359
v 1.487 -49.572 -79.650
v 1.487 -50.067 -79.650
f 5609 5605 5607
f 5609 5607 5606
f 5609 5606 5608
f 5609 5608 5605
f 5610 5607 5605
f 5610 5606 5607
f 5610 5608 5606
f 5610 5605 5608
v -5.694 -37.310 -74.361
v -6.275 -37.310 -74.361
v -5.984 -37.310 -74.652
v -5.984 -37.310 -74.070
v -5.984 -37.063 -74.361
v -5.984 -37.558 -74.361
f 5615 5611 5613
f 5615 5613 5612
f 5615 5612 5614
f 5615 5614 5611
f 5616 5613 5611
f 5616 5612 5613
f 5616 5614 5612
f 5616 5611 5614
v -11.702 -18.733 -87.327
v -12.202 -18.733 -87.327
v -11.952 -18.733 -87.577
v -11.952 -18.733 -87.077
v -11.952 -18.521 -87.327
v -11.952 -18.946 -87.327
f 5621 5617 5619
f 5621 5619 5618
f 5621 5618 5620
f 5621 5620 5617
f 5622 5619 5617
f 5622 5618 5619
f 5622 5620 5618
f 5622 5617 5620
v -51.676 14.178 -86.463
v -52.176 14.178 -86.463
v -51.926 14.178 -86.713
v -51.926 14.178 -86.213
v -51.926 14.390 -86.463
v -51.926 13.965 -86.463
f 5627 5623 5625
f 5627 5625 5624
f 5627 5624 5626
f 5627 5626 5623
f 5628 5625 5623
f 5628 5624 5625
f 5628 5626 5624
f 5628 5623 5626
v 28.414 -51.598 -76.986
v 27.914 -51.598 -76.986
v 28.164 -51.598 -77.236
v 28.164 -51.598 -76.736
v 28.164 -51.386 -76.986
v 28.164 -51.811 -76.986
f 5633 5629 5631
f 5633 5631 5630
f 5633 5630 5632
f 5633 5632 5629
f 5634 5631 5629
f 5634 5630 5631
f 5634 5632 5630
f 5634 5629 5632
v 1.645 -23.587 -76.130
v 1.145 -23.587 -76.130
v 1.395 -23.587 -76.380
v 1.395 -23.587 -75.880
v 1.395 -23.375 -76.130
v 1.395 -23.800 -76.130
f 5639 5635 5637
f 5639 5637 5636
f 5639 5636 5638
f 5639 5638 5635
f 5640 5637 5635
f 5640 5636 5637
f 5640 5638 5636
f 5640 5635 5638
v 55.356 -67.994 -76.932
v 54.774 -67.994 -76.932
v 55.065 -67.994 -77.223
v 55.065 -67.994 -76.641
v 55.065 -67.747 -76.932
v 55.065 -68.241 -76.932
f 5645 5641 5643
f 5645 5643 5642
f 5645 5642 5644
f 5645 5644 5641
f 5646 5643 5641
f 5646 5642 5643
f 5646 5644 5642
f 5646 5641 5644
v 52.216 -62.265 -75.433
v 51.635 -62.265 -75.433
v 51.925 -62.265 -75.724
v 51.925 -62.265 -75.142
v 51.925 -62.018 -75.433
v 51.925 -62.512 -75.433
f 5651 5647 5649
f 5651 5649 5648
f 5651 5648 5650
f 5651 5650 5647
f 5652 5649 5647
f 5652 5648 5649
f 5652 5650 5648
f 5652 5647 5650
v 4.958 -20.902 -77.603
v 4.458 -20.902 -77.603
v 4.708 -20.902 -77.853
v 4.708 -20.902 -77.353
v 4.708 -20.690 -77.603
v 4.708 -21.115 -77.603
f 5657 5653 5655
f 5657 5655 5654
f 5657 5654 5656
f 5657 5656 5653
f 5658 5655 5653
f 5658 5654 5655
f 5658 5656 5654
f 5658 5653 5656
v -2.603 -16.294 -80.243
v -3.185 -16.294 -80.243
v -2.894 -16.294 -80.534
v -2.894 -16.294 -79.952
v -2.894 -16.046 -80.243
v -2.894 -16.541 -80.243
f 5663 5659 5661
f 5663 5661 5660
f 5663 5660 5662
f 5663 5662 5659
f 5664 5661 5659
f 5664 5660 5661
f 5664 5662 5660
f 5664 5659 5662
v 44.738 -40.786 -65.260
v 44.238 -40.786 -65.260
v 44.488 -40.786 -65.510
v 44.488 -40.786 -65.010
v 44.488 -40.573 -65.260
v 44.488 -40.998 -65.260
f 5669 5665 5667
f 5669 5667 5666
f 5669 5666 5668
f 5669 5668 5665
f 5670 5667 5665
f 5670 5666 5667
f 5670 5668 5666
f 5670 5665 5668
v 20.445 -20.410 -68.077
v 19.791 -20.410 -68.077
v 20.118 -20.410 -68.404
v 20.118 -20.410 -67.750
v 20.118 -20.132 -68.077
v 20.118 -20.688 -68.077
f 5675 5671 5673
f 5675 5673 5672
f 5675 5672 5674
f 5675 5674 5671
f 5676 5673 5671
f 5676 5672 5673
f 5676 5674 5672
f 5676 5671 5674
v 21.402 -15.578 -69.067
v 20.683 -15.578 -69.067
v 21.042 -15.578 -69.427
v 21.042 -15.578 -68.708
v 21.042 -15.272 -69.067
v 21.042 -15.883 -69.067
f 5681 5677 5679
f 5681 5679 5678
f 5681 5678 5680
f 5681 5680 5677
f 5682 5679 5677
f 5682 5678 5679
f 5682 5680 5678
f 5682 5677 5680
v -26.578 43.756 -79.747
v -27.078 43.756 -79.747
v -26.828 43.756 -79.997
v -26.828 43.756 -79.497
v -26.828 43.968 -79.747
v -26.828 43.543 -79.747
f 5687 5683 5685
f 5687 5685 5684
f 5687 5684 5686
f 5687 5686 5683
f 5688 5685 5683
f 5688 5684 5685
f 5688 5686 5684
f 5688 5683 5686
v -40.801 49.337 -83.377
v -41.301 49.337 -83.377
v -41.051 49.337 -83.627
v -41.051 49.337 -83.127
v -41.051 49.550 -83.377
v -41.051 49.125 -83.377
f 5693 5689 5691
f 5693 5691 5690
f 5693 5690 5692
f 5693 5692 5689
f 5694 5691 5689
f 5694 5690 5691
f 5694 5692 5690
f 5694 5689 5692
v -31.888 47.622 -77.321
v -32.388 47.622 -77.321
v -32.138 47.622 -77.571
v -32.138 47.622 -77.071
v -32.138 47.835 -77.321
v -32.138 47.410 -77.321
f 5699 5695 5697
f 5699 5697 5696
f 5699 5696 5698
f 5699 5698 5695
f 5700 5697 5695
f 5700 5696 5697
f 5700 5698 5696
f 5700 5695 5698
v 69.073 -45.404 -65.390
v 68.573 -45.404 -65.390
v 68.823 -45.404 -65.640
v 68.823 -45.404 -65.140
v 68.823 -45.191 -65.390
v 68.823 -45.616 -65.390
f 5705 5701 5703
f 5705 5703 5702
f 5705 5702 5704
f 5705 5704 5701
f 5706 5703 5701
f 5706 5702 5703
f 5706 5704 5702
f 5706 5701 5704
v 51.932 -40.206 -66.215
v 51.432 -40.206 -66.215
v 51.682 -40.206 -66.465
v 51.682 -40.206 -65.965
v 51.682 -39.993 -66.215
v 51.682 -40.418 -66.215
f 5711 5707 5709
f 5711 5709 5708
f 5711 5708 5710
f 5711 5710 5707
f 5712 5709 5707
f 5712 5708 5709
f 5712 5710 5708
f 5712 5707 5710
v 47.163 -34.784 -67.597
v 46.444 -34.784 -67.597
v 46.804 -34.784 -67.956
v 46.804 -34.784 -67.237
v 46.804 -34.478 -67.597
v 46.804 -35.089 -67.597
f 5717 5713 5715
f 5717 5715 5714
f 5717 5714 5716
f 5717 5716 5713
f 5718 5715 5713
f 5718 5714 5715
f 5718 5716 5714
f 5718 5713 5716
v 26.282 -9.342 -70.258
v 25.628 -9.342 -70.258
v 25.955 -9.342 -70.585
v 25.955 -9.342 -69.931
v 25.955 -9.064 -70.258
v 25.955 -9.620 -70.258
f 5723 5719 5721
f 5723 5721 5720
f 5723 5720 5722
f 5723 5722 5719
f 5724 5721 5719
f 5724 5720 5721
f 5724 5722 5720
f 5724 5719 5722
v 31.770 -11.875 -70.082
v 31.188 -11.875 -70.082
v 31.479 -11.875 -70.373
v 31.479 -11.875 -69.791
v 31.479 -11.628 -70.082
v 31.479 -12.123 -70.082
f 5729 5725 5727
f 5729 5727 5726
f 5729 5726 5728
f 5729 5728 5725
f 5730 5727 5725
f 5730 5726 5727
f 5730 5728 5726
f 5730 5725 5728
v 13.631 10.484 -76.574
v 13.131 10.484 -76.574
v 13.381 10.484 -76.824
v 13.381 10.484 -76.324
v 13.381 10.697 -76.574
v 13.381 10.272 -76.574
f 5735 5731 5733
f 5735 5733 5732
f 5735 5732 5734
f 5735 5734 5731
f 5736 5733 5731
f 5736 5732 5733
f 5736 5734 5732
f 5736 5731 5734
v 16.653 10.158 -79.331
v 16.153 10.158 -79.331
v 16.403 10.158 -79.581
v 16.403 10.158 -79.081
v 16.403 10.371 -79.331
v 16.403 9.946 -79.331
f 5741 5737 5739
f 5741 5739 5738
f 5741 5738 5740
f 5741 5740 5737
f 5742 5739 5737
f 5742 5738 5739
f 5742 5740 5738
f 5742 5737 5740
v -25.301 43.679 -82.276
v -25.883 43.679 -82.276
v -25.592 43.679 -82.567
v -25.592 43.679 -81.985
v -25.592 43.926 -82.276
v -25.592 43.432 -82.276
f 5747 5743 5745
f 5747 5745 5744
f 5747 5744 5746
f 5747 5746 5743
f 5748 5745 5743
f 5748 5744 5745
f 5748 5746 5744
f 5748 5743 5746
v -49.026 67.249 -76.604
v -49.526 67.249 -76.604
v -49.276 67.249 -76.854
v -49.276 67.249 -76.354
v -49.276 67.461 -76.604
v -49.276 67.036 -76.604
f 5753 5749 5751
f 5753 5751 5750
f 5753 5750 5752
f 5753 5752 5749
f 5754 5751 5749
f 5754 5750 5751
f 5754 5752 5750
f 5754 5749 5752
v 32.657 -6.587 -70.979
v 32.075 -6.587 -70.979
v 32.366 -6.587 -71.270
v 32.366 -6.587 -70.688
v 32.366 -6.340 -70.979
v 32.366 -6.835 -70.979
f 5759 5755 5757
f 5759 5757 5756
f 5759 5756 5758
f 5759 5758 5755
f 5760 5757 5755
f 5760 5756 5757
f 5760 5758 5756
f 5760 5755 5758
v 21.637 9.963 -71.205
v 21.055 9.963 -71.205
v 21.346 9.963 -71.496
v 21.346 9.963 -70.914
v 21.346 10.210 -71.205
v 21.346 9.715 -71.205
f 5765 5761 5763
f 5765 5763 5762
f 5765 5762 5764
f 5765 5764 5761
f 5766 5763 5761
f 5766 5762 5763
f 5766 5764 5762
f 5766 5761 5764
v 21.832 23.519 -73.861
v 21.250 23.519 -73.861
v 21.541 23.519 -74.152
v 21.541 23.519 -73.570
v 21.541 23.766 -73.861
v 21.541 23.271 -73.861
f 5771 5767 5769
f 5771 5769 5768
f 5771 5768 5770
f 5771 5770 5767
f 5772 5769 5767
f 5772 5768 5769
f 5772 5770 5768
f 5772 5767 5770
v -29.837 67.259 -80.592
v -30.491 67.259 -80.592
v -30.164 67.259 -80.919
v -30.164 67.259 -80.265
v -30.164 67.537 -80.592
v -30.164 66.981 -80.592
f 5777 5773 5775
f 5777 5775 5774
f 5777 5774 5776
f 5777 5776 5773
f 5778 5775 5773
f 5778 5774 5775
f 5778 5776 5774
f 5778 5773 5776
v -30.222 70.213 -82.309
v -30.722 70.213 -82.309
v -30.472 70.213 -82.559
v -30.472 70.213 -82.059
v -30.472 70.426 -82.309
v -30.472 70.001 -82.309
f 5783 5779 5781
f 5783 5781 5780
f 5783 5780 5782
f 5783 5782 5779
f 5784 5781 5779
f 5784 5780 5781
f 5784 5782 5780
f 5784 5779 5782
v -33.305 76.758 -82.132
v -33.887 76.758 -82.132
v -33.596 76.758 -82.423
v -33.596 76.758 -81.841
v -33.596 77.005 -82.132
v -33.596 76.510 -82.132
f 5789 5785 5787
f 5789 5787 5786
f 5789 5786 5788
f 5789 5788 5785
f 5790 5787 5785
f 5790 5786 5787
f 5790 5788 5786
f 5790 5785 5788
v 89.204 -38.699 -69.114
v 88.704 -38.699 -69.114
v 88.954 -38.699 -69.364
v 88.954 -38.699 -68.864
v 88.954 -38.486 -69.114
v 88.954 -38.911 -69.114
f 5795 5791 5793
f 5795 5793 5792
f 5795 5792 5794
f 5795 5794 5791
f 5796 5793 5791
f 5796 5792 5793
f 5796 5794 5792
f 5796 5791 5794
v 75.085 -25.889 -72.468
v 74.431 -25.889 -72.468
v 74.758 -25.889 -72.795
v 74.758 -25.889 -72.141
v 74.758 -25.612 -72.468
v 74.758 -26.167 -72.468
f 5801 5797 5799
f 5801 5799 5798
f 5801 5798 5800
f 5801 5800 5797
f 5802 5799 5797
f 5802 5798 5799
f 5802 5800 5798
f 5802 5797 5800
v 28.726 7.169 -77.778
v 28.226 7.169 -77.778
v 28.476 7.169 -78.028
v 28.476 7.169 -77.528
v 28.476 7.381 -77.778
v 28.476 6.956 -77.778
f 5807 5803 5805
f 5807 5805 5804
f 5807 5804 5806
f 5807 5806 5803
f 5808 5805 5803
f 5808 5804 5805
f 5808 5806 5804
f 5808 5803 5806
v 28.768 20.471 -83.065
v 28.268 20.471 -83.065
v 28.518 20.471 -83.315
v 28.518 20.471 -82.815
v 28.518 20.683 -83.065
v 28.518 20.258 -83.065
f 5813 5809 5811
f 5813 5811 5810
f 5813 5810 5812
f 5813 5812 5809
f 5814 5811 5809
f 5814 5810 5811
f 5814 5812 5810
f 5814 5809 5812
v 29.151 16.306 -81.562
v 28.569 16.306 -81.562
v 28.860 16.306 -81.853
v 28.860 16.306 -81.272
v 28.860 16.553 -81.562
v 28.860 16.059 -81.562
f 5819 5815 5817
f 5819 5817 5816
f 5819 5816 5818
f 5819 5818 5815
f 5820 5817 5815
f 5820 5816 5817
f 5820 5818 5816
f 5820 5815 5818
v -32.316 78.761 -78.618
v -32.970 78.761 -78.618
v -32.643 78.761 -78.945
v -32.643 78.761 -78.291
v -32.643 79.039 -78.618
v -32.643 78.483 -78.618
f 5825 5821 5823
f 5825 5823 5822
f 5825 5822 5824
f 5825 5824 5821
f 5826 5823 5821
f 5826 5822 5823
f 5826 5824 5822
f 5826 5821 5824
v 79.790 -25.301 -73.092
v 79.208 -25.301 -73.092
v 79.499 -25.301 -73.383
v 79.499 -25.301 -72.801
v 79.499 -25.054 -73.092
v 79.499 -25.548 -73.092
f 5831 5827 5829
f 5831 5829 5828
f 5831 5828 5830
f 5831 5830 5827
f 5832 5829 5827
f 5832 5828 5829
f 5832 5830 5828
f 5832 5827 5830
v 82.595 -25.538 -69.068
v 82.013 -25.538 -69.068
v 82.304 -25.538 -69.359
v 82.304 -25.538 -68.777
v 82.304 -25.291 -69.068
v 82.304 -25.785 -69.068
f 5837 5833 5835
f 5837 5835 5834
f 5837 5834 5836
f 5837 5836 5833
f 5838 5835 5833
f 5838 5834 5835
f 5838 5836 5834
f 5838 5833 5836
v -18.471 80.938 -77.998
v -19.053 80.938 -77.998
v -18.762 80.938 -78.289
v -18.762 80.938 -77.707
v -18.762 81.185 -77.998
v -18.762 80.691 -77.998
f 5843 5839 5841
f 5843 5841 5840
f 5843 5840 5842
f 5843 5842 5839
f 5844 5841 5839
f 5844 5840 5841
f 5844 5842 5840
f 5844 5839 5842
v -26.356 83.063 -80.329
v -26.856 83.063 -80.329
v -26.606 83.063 -80.579
v -26.606 83.063 -80.079
v -26.606 83.275 -80.329
v -26.606 82.850 -80.329
f 5849 5845 5847
f 5849 5847 5846
f 5849 5846 5848
f 5849 5848 5845
f 5850 5847 5845
f 5850 5846 5847
f 5850 5848 5846
f 5850 5845 5848
v -25.962 84.158 -78.456
v -26.544 84.158 -78.456
v -26.253 84.158 -78.747
v -26.253 84.158 -78.165
v -26.253 84.406 -78.456
v -26.253 83.911 -78.456
f 5855 5851 5853
f 5855 5853 5852
f 5855 5852 5854
f 5855 5854 5851
f 5856 5853 5851
f 5856 5852 5853
f 5856 5854 5852
f 5856 5851 5854
v 13.504 73.787 -80.479
v 13.004 73.787 -80.479
v 13.254 73.787 -80.729
v 13.254 73.787 -80.229
v 13.254 73.999 -80.479
v 13.254 73.574 -80.479
f 5861 5857 5859
f 5861 5859 5858
f 5861 5858 5860
f 5861 5860 5857
f 5862 5859 5857
f 5862 5858 5859
f 5862 5860 5858
f 5862 5857 5860
v 46.055 59.194 -78.957
v 45.555 59.194 -78.957
v 45.805 59.194 -79.207
v 45.805 59.194 -78.707
v 45.805 59.406 -78.957
v 45.805 58.981 -78.957
f 5867 5863 5865
f 5867 5865 5864
f 5867 5864 5866
f 5867 5866 5863
f 5868 5865 5863
f 5868 5864 5865
f 5868 5866 5864
f 5868 5863 5866
v 50.744 62.014 -85.290
v 50.244 62.014 -85.290
v 50.494 62.014 -85.540
v 50.494 62.014 -85.040
v 50.494 62.227 -85.290
v 50.494 61.802 -85.290
f 5873 5869 5871
f 5873 5871 5870
f 5873 5870 5872
f 5873 5872 5869
f 5874 5871 5869
f 5874 5870 5871
f 5874 5872 5870
f 5874 5869 5872
v -66.369 -77.488 -61.972
v -66.950 -77.488 -61.972
v -66.659 -77.488 -62.263
v -66.659 -77.488 -61.681
v -66.659 -77.241 -61.972
v -66.659 -77.735 -61.972
f 5879 5875 5877
f 5879 5877 5876
f 5879 5876 5878
f 5879 5878 5875
f 5880 5877 5875
f 5880 5876 5877
f 5880 5878 5876
f 5880 5875 5878
v -61.054 -67.775 -60.665
v -61.636 -67.775 -60.665
v -61.345 -67.775 -60.956
v -61.345 -67.775 -60.374
v -61.345 -67.527 -60.665
v -61.345 -68.022 -60.665
f 5885 5881 5883
f 5885 5883 5882
f 5885 5882 5884
f 5885 5884 5881
f 5886 5883 5881
f 5886 5882 5883
f 5886 5884 5882
f 5886 5881 5884
v -80.792 -53.213 -66.084
v -81.446 -53.213 -66.084
v -81.119 -53.213 -66.411
v -81.119 -53.213 -65.757
v -81.119 -52.935 -66.084
v -81.119 -53.491 -66.084
f 5891 5887 5889
f 5891 5889 5888
f 5891 5888 5890
f 5891 5890 5887
f 5892 5889 5887
f 5892 5888 5889
f 5892 5890 5888
f 5892 5887 5890
v -78.245 -53.751 -60.165
v -78.899 -53.751 -60.165
v -78.572 -53.751 -60.492
v -78.572 -53.751 -59.838
v -78.572 -53.473 -60.165
v -78.572 -54.029 -60.165
f 5897 5893 5895
f 5897 5895 5894
f 5897 5894 5896
f 5897 5896 5893
f 5898 5895 5893
f 5898 5894 5895
f 5898 5896 5894
f 5898 5893 5896
v -83.900 -54.542 -64.881
v -84.400 -54.542 -64.881
v -84.150 -54.542 -65.131
v -84.150 -54.542 -64.631
v -84.150 -54.329 -64.881
v -84.150 -54.754 -64.881
f 5903 5899 5901
f 5903 5901 5900
f 5903 5900 5902
f 5903 5902 5899
f 5904 5901 5899
f 5904 5900 5901
f 5904 5902 5900
f 5904 5899 5902
v -81.112 -38.833 -69.122
v -81.612 -38.833 -69.122
v -81.362 -38.833 -69.372
v -81.362 -38.833 -68.872
v -81.362 -38.620 -69.122
v -81.362 -39.045 -69.122
f 5909 5905 5907
f 5909 5907 5906
f 5909 5906 5908
f 5909 5908 5905
f 5910 5907 5905
f 5910 5906 5907
f 5910 5908 5906
f 5910 5905 5908
v -78.450 -46.612 -69.070
v -78.950 -46.612 -69.070
v -78.700 -46.612 -69.320
v -78.700 -46.612 -68.820
v -78.700 -46.399 -69.070
v -78.700 -46.824 -69.070
f 5915 5911 5913
f 5915 5913 5912
f 5915 5912 5914
f 5915 5914 5911
f 5916 5913 5911
f 5916 5912 5913
f 5916 5914 5912
f 5916 5911 5914
v -75.199 -44.640 -68.909
v -75.699 -44.640 -68.909
v -75.449 -44.640 -69.159
v -75.449 -44.640 -68.659
v -75.449 -44.427 -68.909
v -75.449 -44.852 -68.909
f 5921 5917 5919
f 5921 5919 5918
f 5921 5918 5920
f 5921 5920 5917
f 5922 5919 5917
f 5922 5918 5919
f 5922 5920 5918
f 5922 5917 5920
v -85.392 -36.468 -67.602
v -85.892 -36.468 -67.602
v -85.642 -36.468 -67.852
v -85.642 -36.468 -67.352
v -85.642 -36.256 -67.602
v -85.642 -36.681 -67.602
f 5927 5923 5925
f 5927 5925 5924
f 5927 5924 5926
f 5927 5926 5923
f 5928 5925 5923
f 5928 5924 5925
f 5928 5926 5924
f 5928 5923 5926
v -88.719 -7.013 -69.951
v -89.301 -7.013 -69.951
v -89.010 -7.013 -70.242
v -89.010 -7.013 -69.660
v -89.010 -6.766 -69.951
v -89.010 -7.260 -69.951
f 5933 5929 5931
f 5933 5931 5930
f 5933 5930 5932
f 5933 5932 5929
f 5934 5931 5929
f 5934 5930 5931
f 5934 5932 5930
f 5934 5929 5932
v -34.400 -31.727 -66.868
v -34.982 -31.727 -66.868
v -34.691 -31.727 -67.159
v -34.691 -31.727 -66.577
v -34.691 -31.480 -66.868
v -34.691 -31.975 -66.868
f 5939 5935 5937
f 5939 5937 5936
f 5939 5936 5938
f 5939 5938 5935
f 5940 5937 5935
f 5940 5936 5937
f 5940 5938 5936
f 5940 5935 5938
v -29.731 -32.272 -72.247
v -30.231 -32.272 -72.247
v -29.981 -32.272 -72.497
v -29.981 -32.272 -71.997
v -29.981 -32.059 -72.247
v -29.981 -32.484 -72.247
f 5945 5941 5943
f 5945 5943 5942
f 5945 5942 5944
f 5945 5944 5941
f 5946 5943 5941
f 5946 5942 5943
f 5946 5944 5942
f 5946 5941 5944
v -40.317 -32.298 -68.715
v -41.036 -32.298 -68.715
v -40.677 -32.298 -69.075
v -40.677 -32.298 -68.356
v -40.677 -31.993 -68.715
v -40.677 -32.604 -68.715
f 5951 5947 5949
f 5951 5949 5948
f 5951 5948 5950
f 5951 5950 5947
f 5952 5949 5947
f 5952 5948 5949
f 5952 5950 5948
f 5952 5947 5950
v -37.182 -30.043 -67.916
v -37.682 -30.043 -67.916
v -37.432 -30.043 -68.166
v -37.432 -30.043 -67.666
v -37.432 -29.831 -67.916
v -37.432 -30.256 -67.916
f 5957 5953 5955
f 5957 5955 5954
f 5957 5954 5956
f 5957 5956 5953
f 5958 5955 5953
f 5958 5954 5955
f 5958 5956 5954
f 5958 5953 5956
v -34.875 -29.915 -65.515
v -35.529 -29.915 -65.515
v -35.202 -29.915 -65.842
v -35.202 -29.915 -65.188
v -35.202 -29.637 -65.515
v -35.202 -30.193 -65.515
f 5963 5959 5961
f 5963 5961 5960
f 5963 5960 5962
f 5963 5962 5959
f 5964 5961 5959
f 5964 5960 5961
f 5964 5962 5960
f 5964 5959 5962
v -12.792 -48.760 -68.536
v -13.374 -48.760 -68.536
v -13.083 -48.760 -68.827
v -13.083 -48.760 -68.246
v -13.083 -48.513 -68.536
v -13.083 -49.008 -68.536
f 5969 5965 5967
f 5969 5967 5966
f 5969 5966 5968
f 5969 5968 5965
f 5970 5967 5965
f 5970 5966 5967
f 5970 5968 5966
f 5970 5965 5968
v -29.668 -31.302 -67.122
v -30.387 -31.302 -67.122
v -30.028 -31.302 -67.481
v -30.028 -31.302 -66.762
v -30.028 -30.997 -67.122
v -30.028 -31.608 -67.122
f 5975 5971 5973
f 5975 5973 5972
f 5975 5972 5974
f 5975 5974 5971
f 5976 5973 5971
f 5976 5972 5973
f 5976 5974 5972
f 5976 5971 5974
v -64.173 20.813 -78.910
v -64.673 20.813 -78.910
v -64.423 20.813 -79.160
v -64.423 20.813 -78.660
v -64.423 21.025 -78.910
v -64.423 20.600 -78.910
f 5981 5977 5979
f 5981 5979 5978
f 5981 5978 5980
f 5981 5980 5977
f 5982 5979 5977
f 5982 5978 5979
f 5982 5980 5978
f 5982 5977 5980
v 4.965 -51.611 -71.276
v 4.383 -51.611 -71.276
v 4.674 -51.611 -71.567
v 4.674 -51.611 -70.985
v 4.674 -51.363 -71.276
v 4.674 -51.858 -71.276
f 5987 5983 5985
f 5987 5985 5984
f 5987 5984 5986
f 5987 5986 5983
f 5988 5985 5983
f 5988 5984 5985
f 5988 5986 5984
f 5988 5983 5986
v 8.190 -53.385 -69.597
v 7.608 -53.385 -69.597
v 7.899 -53.385 -69.888
v 7.899 -53.385 -69.306
v 7.899 -53.138 -69.597
v 7.899 -53.632 -69.597
f 5993 5989 5991
f 5993 5991 5990
f 5993 5990 5992
f 5993 5992 5989
f 5994 5991 5989
f 5994 5990 5991
f 5994 5992 5990
f 5994 5989 5992
v -14.307 -29.230 -66.755
v -14.961 -29.230 -66.755
v -14.634 -29.230 -67.082
v -14.634 -29.230 -66.428
v -14.634 -28.952 -66.755
v -14.634 -29.508 -66.755
f 5999 5995 5997
f 5999 5997 5996
f 5999 5996 5998
f 5999 5998 5995
f 6000 5997 5995
f 6000 5996 5997
f 6000 5998 5996
f 6000 5995 5998
v -12.407 -28.591 -69.631
v -12.907 -28.591 -69.631
v -12.657 -28.591 -69.881
v -12.657 -28.591 -69.381
v -12.657 -28.379 -69.631
v -12.657 -28.804 -69.631
f 6005 6001 6003
f 6005 6003 6002
f 6005 6002 6004
f 6005 6004 6001
f 6006 6003 6001
f 6006 6002 6003
f 6006 6004 6002
f 6006 6001 6004
v -13.119 -23.614 -73.829
v -13.773 -23.614 -73.829
v -13.446 -23.614 -74.156
v -13.446 -23.614 -73.502
v -13.446 -23.336 -73.829
v -13.446 -23.892 -73.829
f 6011 6007 6009
f 6011 6009 6008
f 6011 6008 6010
f 6011 6010 6007
f 6012 6009 6007
f 6012 6008 6009
f 6012 6010 6008
f 6012 6007 6010
v -34.602 9.209 -71.521
v -35.184 9.209 -71.521
v -34.893 9.209 -71.812
v -34.893 9.209 -71.230
v -34.893 9.456 -71.521
v -34.893 8.962 -71.521
f 6017 6013 6015
f 6017 6015 6014
f 6017 6014 6016
f 6017 6016 6013
f 6018 6015 6013
f 6018 6014 6015
f 6018 6016 6014
f 6018 6013 6016
v 49.606 -74.107 -62.364
v 48.952 -74.107 -62.364
v 49.279 -74.107 -62.691
v 49.279 -74.107 -62.037
v 49.279 -73.829 -62.364
v 49.279 -74.385 -62.364
f 6023 6019 6021
f 6023 6021 6020
f 6023 6020 6022
f 6023 6022 6019
f 6024 6021 6019
f 6024 6020 6021
f 6024 6022 6020
f 6024 6019 6022
v -8.823 -21.109 -74.520
v -9.405 -21.109 -74.520
v -9.114 -21.109 -74.811
v -9.114 -21.109 -74.229
v -9.114 -20.862 -74.520
v -9.114 -21.356 -74.520
f 6029 6025 6027
f 6029 6027 6026
f 6029 6026 6028
f 6029 6028 6025
f 6030 6027 6025
f 6030 6026 6027
f 6030 6028 6026
f 6030 6025 6028
v -7.153 -18.531 -74.582
v -7.653 -18.531 -74.582
v -7.403 -18.531 -74.832
v -7.403 -18.531 -74.332
v -7.403 -18.318 -74.582
v -7.403 -18.743 -74.582
f 6035 6031 6033
f 6035 6033 6032
f 6035 6032 6034
f 6035 6034 6031
f 6036 6033 6031
f 6036 6032 6033
f 6036 6034 6032
f 6036 6031 6034
v -69.677 50.967 -73.907
v -70.259 50.967 -73.907
v -69.968 50.967 -74.198
v -69.968 50.967 -73.616
v -69.968 51.214 -73.907
v -69.968 50.720 -73.907
f 6041 6037 6039
f 6041 6039 6038
f 6041 6038 6040
f 6041 6040 6037
f 6042 6039 6037
f 6042 6038 6039
f 6042 6040 6038
f 6042 6037 6040
v 24.522 -31.664 -69.674
v 24.022 -31.664 -69.674
v 24.272 -31.664 -69.924
v 24.272 -31.664 -69.424
v 24.272 -31.451 -69.674
v 24.272 -31.876 -69.674
f 6047 6043 6045
f 6047 6045 6044
f 6047 6044 6046
f 6047 6046 6043
f 6048 6045 6043
f 6048 6044 6045
f 6048 6046 6044
f 6048 6043 6046
v 3.192 -20.266 -76.344
v 2.610 -20.266 -76.344
v 2.901 -20.266 -76.635
v 2.901 -20.266 -76.053
v 2.901 -20.019 -76.344
v 2.901 -20.514 -76.344
f 6053 6049 6051
f 6053 6051 6050
f 6053 6050 6052
f 6053 6052 6049
f 6054 6051 6049
f 6054 6050 6051
f 6054 6052 6050
f 6054 6049 6052
v 43.964 -33.839 -60.315
v 43.382 -33.839 -60.315
v 43.673 -33.839 -60.606
v 43.673 -33.839 -60.025
v 43.673 -33.592 -60.315
v 43.673 -34.086 -60.315
f 6059 6055 6057
f 6059 6057 6056
f 6059 6056 6058
f 6059 6058 6055
f 6060 6057 6055
f 6060 6056 6057
f 6060 6058 6056
f 6060 6055 6058
v 36.240 -31.604 -61.736
v 35.740 -31.604 -61.736
v 35.990 -31.604 -61.986
v 35.990 -31.604 -61.486
v 35.990 -31.391 -61.736
v 35.990 -31.816 -61.736
f 6065 6061 6063
f 6065 6063 6062
f 6065 6062 6064
f 6065 6064 6061
f 6066 6063 6061
f 6066 6062 6063
f 6066 6064 6062
f 6066 6061 6064
v 30.668 -22.136 -63.999
v 30.014 -22.136 -63.999
v 30.341 -22.136 -64.326
v 30.341 -22.136 -63.672
v 30.341 -21.858 -63.999
v 30.341 -22.414 -63.999
f 6071 6067 6069
f 6071 6069 6068
f 6071 6068 6070
f 6071 6070 6067
f 6072 6069 6067
f 6072 6068 6069
f 6072 6070 6068
f 6072 6067 6070
v 23.833 -23.261 -66.065
v 23.333 -23.261 -66.065
v 23.583 -23.261 -66.315
v 23.583 -23.261 -65.815
v 23.583 -23.049 -66.065
v 23.583 -23.474 -66.065
f 6077 6073 6075
f 6077 6075 6074
f 6077 6074 6076
f 6077 6076 6073
f 6078 6075 6073
f 6078 6074 6075
f 6078 6076 6074
f 6078 6073 6076
v 25.609 -21.842 -64.953
v 25.109 -21.842 -64.953
v 25.359 -21.842 -65.203
v 25.359 -21.842 -64.703
v 25.359 -21.629 -64.953
v 25.359 -22.054 -64.953
f 6083 6079 6081
f 6083 6081 6080
f 6083 6080 6082
f 6083 6082 6079
f 6084 6081 6079
f 6084 6080 6081
f 6084 6082 6080
f 6084 6079 6082
v 26.742 -19.966 -65.594
v 26.023 -19.966 -65.594
v 26.383 -19.966 -65.953
v 26.383 -19.966 -65.234
v 26.383 -19.660 -65.594
v 26.383 -20.271 -65.594
f 6089 6085 6087
f 6089 6087 6086
f 6089 6086 6088
f 6089 6088 6085
f 6090 6087 6085
f 6090 6086 6087
f 6090 6088 6086
f 6090 6085 6088
v 27.803 -19.065 -58.068
v 27.303 -19.065 -58.068
v 27.553 -19.065 -58.318
v 27.553 -19.065 -57.818
v 27.553 -18.852 -58.068
v 27.553 -19.277 -58.068
f 6095 6091 6093
f 6095 6093 6092
f 6095 6092 6094
f 6095 6094 6091
f 6096 6093 6091
f 6096 6092 6093
f 6096 6094 6092
f 6096 6091 6094
v -16.799 30.961 -63.815
v -17.381 30.961 -63.815
v -17.090 30.961 -64.106
v -17.090 30.961 -63.524
v -17.090 31.208 -63.815
v -17.090 30.714 -63.815
f 6101 6097 6099
f 6101 6099 6098
f 6101 6098 6100
f 6101 6100 6097
f 6102 6099 6097
f 6102 6098 6099
f 6102 6100 6098
f 6102 6097 6100
v -23.179 38.371 -70.355
v -23.679 38.371 -70.355
v -23.429 38.371 -70.605
v -23.429 38.371 -70.105
v -23.429 38.584 -70.355
v -23.429 38.159 -70.355
f 6107 6103 6105
f 6107 6105 6104
f 6107 6104 6106
f 6107 6106 6103
f 6108 6105 6103
f 6108 6104 6105
f 6108 6106 6104
f 6108 6103 6106
v 70.488 -45.871 -62.667
v 69.988 -45.871 -62.667
v 70.238 -45.871 -62.917
v 70.238 -45.871 -62.417
v 70.238 -45.658 -62.667
v 70.238 -46.083 -62.667
f 6113 6109 6111
f 6113 6111 6110
f 6113 6110 6112
f 6113 6112 6109
f 6114 6111 6109
f 6114 6110 6111
f 6114 6112 6110
f 6114 6109 6112
v 55.129 -33.651 -62.188
v 54.629 -33.651 -62.188
v 54.879 -33.651 -62.438
v 54.879 -33.651 -61.938
v 54.879 -33.438 -62.188
v 54.879 -33.863 -62.188
f 6119 6115 6117
f 6119 6117 6116
f 6119 6116 6118
f 6119 6118 6115
f 6120 6117 6115
f 6120 6116 6117
f 6120 6118 6116
f 6120 6115 6118
v 53.738 -32.217 -56.649
v 53.084 -32.217 -56.649
v 53.411 -32.217 -56.975
v 53.411 -32.217 -56.322
v 53.411 -31.939 -56.649
v 53.411 -32.495 -56.649
f 6125 6121 6123
f 6125 6123 6122
f 6125 6122 6124
f 6125 6124 6121
f 6126 6123 6121
f 6126 6122 6123
f 6126 6124 6122
f 6126 6121 6124
v 31.768 -16.728 -65.132
v 31.114 -16.728 -65.132
v 31.441 -16.728 -65.459
v 31.441 -16.728 -64.805
v 31.441 -16.450 -65.132
v 31.441 -17.006 -65.132
f 6131 6127 6129
f 6131 6129 6128
f 6131 6128 6130
f 6131 6130 6127
f 6132 6129 6127
f 6132 6128 6129
f 6132 6130 6128
f 6132 6127 6130
v 28.468 -18.133 -67.512
v 27.886 -18.133 -67.512
v 28.177 -18.133 -67.803
v 28.177 -18.133 -67.221
v 28.177 -17.886 -67.512
v 28.177 -18.380 -67.512
f 6137 6133 6135
f 6137 6135 6134
f 6137 6134 6136
f 6137 6136 6133
f 6138 6135 6133
f 6138 6134 6135
f 6138 6136 6134
f 6138 6133 6136
v 27.815 -4.310 -67.149
v 27.161 -4.310 -67.149
v 27.488 -4.310 -67.476
v 27.488 -4.310 -66.822
v 27.488 -4.033 -67.149
v 27.488 -4.588 -67.149
f 6143 6139 6141
f 6143 6141 6140
f 6143 6140 6142
f 6143 6142 6139
f 6144 6141 6139
f 6144 6140 6141
f 6144 6142 6140
f 6144 6139 6142
v 20.087 1.822 -67.577
v 19.587 1.822 -67.577
v 19.837 1.822 -67.827
v 19.837 1.822 -67.327
v 19.837 2.035 -67.577
v 19.837 1.610 -67.577
f 6149 6145 6147
f 6149 6147 6146
f 6149 6146 6148
f 6149 6148 6145
f 6150 6147 6145
f 6150 6146 6147
f 6150 6148 6146
f 6150 6145 6148
v 69.978 -42.624 -63.633
v 69.478 -42.624 -63.633
v 69.728 -42.624 -63.883
v 69.728 -42.624 -63.383
v 69.728 -42.411 -63.633
v 69.728 -42.836 -63.633
f 6155 6151 6153
f 6155 6153 6152
f 6155 6152 6154
f 6155 6154 6151
f 6156 6153 6151
f 6156 6152 6153
f 6156 6154 6152
f 6156 6151 6154
v 42.865 -16.739 -57.782
v 42.283 -16.739 -57.782
v 42.574 -16.739 -58.073
v 42.574 -16.739 -57.491
v 42.574 -16.491 -57.782
v 42.574 -16.986 -57.782
f 6161 6157 6159
f 6161 6159 6158
f 6161 6158 6160
f 6161 6160 6157
f 6162 6159 6157
f 6162 6158 6159
f 6162 6160 6158
f 6162 6157 6160
v 32.357 -3.233 -64.984
v 31.638 -3.233 -64.984
v 31.997 -3.233 -65.344
v 31.997 -3.233 -64.625
v 31.997 -2.927 -64.984
v 31.997 -3.539 -64.984
f 6167 6163 6165
f 6167 6165 6164
f 6167 6164 6166
f 6167 6166 6163
f 6168 6165 6163
f 6168 6164 6165
f 6168 6166 6164
f 6168 6163 6166
v 33.919 -5.567 -64.961
v 33.200 -5.567 -64.961
v 33.559 -5.567 -65.320
v 33.559 -5.567 -64.601
v 33.559 -5.261 -64.961
v 33.559 -5.873 -64.961
f 6173 6169 6171
f 6173 6171 6170
f 6173 6170 6172
f 6173 6172 6169
f 6174 6171 6169
f 6174 6170 6171
f 6174 6172 6170
f 6174 6169 6172
v 31.399 -1.495 -70.403
v 30.899 -1.495 -70.403
v 31.149 -1.495 -70.653
v 31.149 -1.495 -70.153
v 31.149 -1.283 -70.403
v 31.149 -1.708 -70.403
f 6179 6175 6177
f 6179 6177 6176
f 6179 6176 6178
f 6179 6178 6175
f 6180 6177 6175
f 6180 6176 6177
f 6180 6178 6176
f 6180 6175 6178
v 30.775 3.521 -68.721
v 30.055 3.521 -68.721
v 30.415 3.521 -69.080
v 30.415 3.521 -68.361
v 30.415 3.826 -68.721
v 30.415 3.215 -68.721
f 6185 6181 6183
f 6185 6183 6182
f 6185 6182 6184
f 6185 6184 6181
f 6186 6183 6181
f 6186 6182 6183
f 6186 6184 6182
f 6186 6181 6184
v 20.957 22.585 -64.395
v 20.375 22.585 -64.395
v 20.666 22.585 -64.686
v 20.666 22.585 -64.104
v 20.666 22.832 -64.395
v 20.666 22.338 -64.395
f 6191 6187 6189
f 6191 6189 6188
f 6191 6188 6190
f 6191 6190 6187
f 6192 6189 6187
f 6192 6188 6189
f 6192 6190 6188
f 6192 6187 6190
v -34.749 72.964 -70.178
v -35.468 72.964 -70.178
v -35.109 72.964 -70.537
v -35.109 72.964 -69.818
v -35.109 73.270 -70.178
v -35.109 72.658 -70.178
f 6197 6193 6195
f 6197 6195 6194
f 6197 6194 6196
f 6197 6196 6193
f 6198 6195 6193
f 6198 6194 6195
f 6198 6196 6194
f 6198 6193 6196
v -37.235 80.263 -66.478
v -37.889 80.263 -66.478
v -37.562 80.263 -66.805
v -37.562 80.263 -66.151
v -37.562 80.541 -66.478
v -37.562 79.985 -66.478
f 6203 6199 6201
f 6203 6201 6200
f 6203 6200 6202
f 6203 6202 6199
f 6204 6201 6199
f 6204 6200 6201
f 6204 6202 6200
f 6204 6199 6202
v 32.201 27.441 -65.689
v 31.547 27.441 -65.689
v 31.874 27.441 -66.016
v 31.874 27.441 -65.362
v 31.874 27.719 -65.689
v 31.874 27.163 -65.689
f 6209 6205 6207
f 6209 6207 6206
f 6209 6206 6208
f 6209 6208 6205
f 6210 6207 6205
f 6210 6206 6207
f 6210 6208 6206
f 6210 6205 6208
v -34.205 82.403 -75.638
v -34.705 82.403 -75.638
v -34.455 82.403 -75.888
v -34.455 82.403 -75.388
v -34.455 82.616 -75.638
v -34.455 82.191 -75.638
f 6215 6211 6213
f 6215 6213 6212
f 6215 6212 6214
f 6215 6214 6211
f 6216 6213 6211
f 6216 6212 6213
f 6216 6214 6212
f 6216 6211 6214
v 60.108 -4.944 -64.578
v 59.608 -4.944 -64.578
v 59.858 -4.944 -64.828
v 59.858 -4.944 -64.328
v 59.858 -4.731 -64.578
v 59.858 -5.156 -64.578
f 6221 6217 6219
f 6221 6219 6218
f 6221 6218 6220
f 6221 6220 6217
f 6222 6219 6217
f 6222 6218 6219
f 6222 6220 6218
f 6222 6217 6220
v 41.463 20.462 -71.502
v 40.963 20.462 -71.502
v 41.213 20.462 -71.752
v 41.213 20.462 -71.252
v 41.213 20.674 -71.502
v 41.213 20.249 -71.502
f 6227 6223 6225
f 6227 6225 6224
f 6227 6224 6226
f 6227 6226 6223
f 6228 6225 6223
f 6228 6224 6225
f 6228 6226 6224
f 6228 6223 6226
v 35.053 27.460 -72.443
v 34.553 27.460 -72.443
v 34.803 27.460 -72.693
v 34.803 27.460 -72.193
v 34.803 27.673 -72.443
v 34.803 27.248 -72.443
f 6233 6229 6231
f 6233 6231 6230
f 6233 6230 6232
f 6233 6232 6229
f 6234 6231 6229
f 6234 6230 6231
f 6234 6232 6230
f 6234 6229 6232
v -17.581 85.534 -77.280
v -18.235 85.534 -77.280
v -17.908 85.534 -77.607
v -17.908 85.534 -76.953
v -17.908 85.812 -77.280
v -17.908 85.256 -77.280
f 6239 6235 6237
f 6239 6237 6236
f 6239 6236 6238
f 6239 6238 6235
f 6240 6237 6235
f 6240 6236 6237
f 6240 6238 6236
f 6240 6235 6238
v -24.675 89.483 -72.177
v -25.257 89.483 -72.177
v -24.966 89.483 -72.468
v -24.966 89.483 -71.887
v -24.966 89.730 -72.177
v -24.966 89.236 -72.177
f 6245 6241 6243
f 6245 6243 6242
f 6245 6242 6244
f 6245 6244 6241
f 6246 6243 6241
f 6246 6242 6243
f 6246 6244 6242
f 6246 6241 6244
v -9.272 85.656 -75.970
v -9.854 85.656 -75.970
v -9.563 85.656 -76.261
v -9.563 85.656 -75.679
v -9.563 85.903 -75.970
v -9.563 85.409 -75.970
f 6251 6247 6249
f 6251 6249 6248
f 6251 6248 6250
f 6251 6250 6247
f 6252 6249 6247
f 6252 6248 6249
f 6252 6250 6248
f 6252 6247 6250
v -5.819 85.137 -76.306
v -6.473 85.137 -76.306
v -6.146 85.137 -76.633
v -6.146 85.137 -75.979
v -6.146 85.415 -76.306
v -6.146 84.859 -76.306
f 6257 6253 6255
f 6257 6255 6254
f 6257 6254 6256
f 6257 6256 6253
f 6258 6255 6253
f 6258 6254 6255
f 6258 6256 6254
f 6258 6253 6256
v -1.498 84.930 -75.470
v -1.998 84.930 -75.470
v -1.748 84.930 -75.720
v -1.748 84.930 -75.220
v -1.748 85.142 -75.470
v -1.748 84.717 -75.470
f 6263 6259 6261
f 6263 6261 6260
f 6263 6260 6262
f 6263 6262 6259
f 6264 6261 6259
f 6264 6260 6261
f 6264 6262 6260
f 6264 6259 6262
v -9.326 89.321 -74.361
v -9.826 89.321 -74.361
v -9.576 89.321 -74.611
v -9.576 89.321 -74.111
v -9.576 89.533 -74.361
v -9.576 89.108 -74.361
f 6269 6265 6267
f 6269 6267 6266
f 6269 6266 6268
f 6269 6268 6265
f 6270 6267 6265
f 6270 6266 6267
f 6270 6268 6266
f 6270 6265 6268
v 74.615 15.435 -65.769
v 74.033 15.435 -65.769
v 74.324 15.435 -66.060
v 74.324 15.435 -65.478
v 74.324 15.683 -65.769
v 74.324 15.188 -65.769
f 6275 6271 6273
f 6275 6273 6272
f 6275 6272 6274
f 6275 6274 6271
f 6276 6273 6271
f 6276 6272 6273
f 6276 6274 6272
f 6276 6271 6274
v 37.003 58.163 -75.690
v 36.503 58.163 -75.690
v 36.753 58.163 -75.940
v 36.753 58.163 -75.440
v 36.753 58.375 -75.690
v 36.753 57.950 -75.690
f 6281 6277 6279
f 6281 6279 6278
f 6281 6278 6280
f 6281 6280 6277
f 6282 6279 6277
f 6282 6278 6279
f 6282 6280 6278
f 6282 6277 6280
v 41.356 71.007 -67.593
v 40.702 71.007 -67.593
v 41.029 71.007 -67.920
v 41.029 71.007 -67.266
v 41.029 71.284 -67.593
v 41.029 70.729 -67.593
f 6287 6283 6285
f 6287 6285 6284
f 6287 6284 6286
f 6287 6286 6283
f 6288 6285 6283
f 6288 6284 6285
f 6288 6286 6284
f 6288 6283 6286
v 79.908 39.824 -66.850
v 79.408 39.824 -66.850
v 79.658 39.824 -67.100
v 79.658 39.824 -66.600
v 79.658 40.036 -66.850
v 79.658 39.611 -66.850
f 6293 6289 6291
f 6293 6291 6290
f 6293 6290 6292
f 6293 6292 6289
f 6294 6291 6289
f 6294 6290 6291
f 6294 6292 6290
f 6294 6289 6292
v 70.617 53.226 -65.545
v 69.963 53.226 -65.545
v 70.290 53.226 -65.872
v 70.290 53.226 -65.218
v 70.290 53.504 -65.545
v 70.290 52.948 -65.545
f 6299 6295 6297
f 6299 6297 6296
f 6299 6296 6298
f 6299 6298 6295
f 6300 6297 6295
f 6300 6296 6297
f 6300 6298 6296
f 6300 6295 6298
v -60.552 -66.388 -51.305
v -61.052 -66.388 -51.305
v -60.802 -66.388 -51.555
v -60.802 -66.388 -51.055
v -60.802 -66.175 -51.305
v -60.802 -66.600 -51.305
f 6305 6301 6303
f 6305 6303 6302
f 6305 6302 6304
f 6305 6304 6301
f 6306 6303 6301
f 6306 6302 6303
f 6306 6304 6302
f 6306 6301 6304
v -73.072 -51.978 -53.352
v -73.654 -51.978 -53.352
v -73.363 -51.978 -53.643
v -73.363 -51.978 -53.061
v -73.363 -51.731 -53.352
v -73.363 -52.225 -53.352
f 6311 6307 6309
f 6311 6309 6308
f 6311 6308 6310
f 6311 6310 6307
f 6312 6309 6307
f 6312 6308 6309
f 6312 6310 6308
f 6312 6307 6310
v 7.534 -110.373 -46.006
v 6.880 -110.373 -46.006
v 7.207 -110.373 -46.333
v 7.207 -110.373 -45.679
v 7.207 -110.095 -46.006
v 7.207 -110.651 -46.006
f 6317 6313 6315
f 6317 6315 6314
f 6317 6314 6316
f 6317 6316 6313
f 6318 6315 6313
f 6318 6314 6315
f 6318 6316 6314
f 6318 6313 6316
v -46.621 -60.604 -57.209
v -47.121 -60.604 -57.209
v -46.871 -60.604 -57.459
v -46.871 -60.604 -56.959
v -46.871 -60.391 -57.209
v -46.871 -60.816 -57.209
f 6323 6319 6321
f 6323 6321 6320
f 6323 6320 6322
f 6323 6322 6319
f 6324 6321 6319
f 6324 6320 6321
f 6324 6322 6320
f 6324 6319 6322
v -83.911 -8.373 -63.190
v -84.411 -8.373 -63.190
v -84.161 -8.373 -63.440
v -84.161 -8.373 -62.940
v -84.161 -8.161 -63.190
v -84.161 -8.586 -63.190
f 6329 6325 6327
f 6329 6327 6326
f 6329 6326 6328
f 6329 6328 6325
f 6330 6327 6325
f 6330 6326 6327
f 6330 6328 6326
f 6330 6325 6328
v -31.193 -34.972 -59.754
v -31.693 -34.972 -59.754
v -31.443 -34.972 -60.004
v -31.443 -34.972 -59.504
v -31.443 -34.760 -59.754
v -31.443 -35.185 -59.754
f 6335 6331 6333
f 6335 6333 6332
f 6335 6332 6334
f 6335 6334 6331
f 6336 6333 6331
f 6336 6332 6333
f 6336 6334 6332
f 6336 6331 6334
v -34.644 -19.965 -58.139
v -35.144 -19.965 -58.139
v -34.894 -19.965 -58.389
v -34.894 -19.965 -57.889
v -34.894 -19.752 -58.139
v -34.894 -20.177 -58.139
f 6341 6337 6339
f 6341 6339 6338
f 6341 6338 6340
f 6341 6340 6337
f 6342 6339 6337
f 6342 6338 6339
f 6342 6340 6338
f 6342 6337 6340
v -32.692 -19.166 -61.741
v -33.274 -19.166 -61.741
v -32.983 -19.166 -62.032
v -32.983 -19.166 -61.450
v -32.983 -18.919 -61.741
v -32.983 -19.413 -61.741
f 6347 6343 6345
f 6347 6345 6344
f 6347 6344 6346
f 6347 6346 6343
f 6348 6345 6343
f 6348 6344 6345
f 6348 6346 6344
f 6348 6343 6346
v -13.386 -30.830 -60.901
v -13.967 -30.830 -60.901
v -13.676 -30.830 -61.192
v -13.676 -30.830 -60.610
v -13.676 -30.583 -60.901
v -13.676 -31.077 -60.901
f 6353 6349 6351
f 6353 6351 6350
f 6353 6350 6352
f 6353 6352 6349
f 6354 6351 6349
f 6354 6350 6351
f 6354 6352 6350
f 6354 6349 6352
v -11.331 -30.045 -64.353
v -11.831 -30.045 -64.353
v -11.581 -30.045 -64.603
v -11.581 -30.045 -64.103
v -11.581 -29.832 -64.353
v -11.581 -30.257 -64.353
f 6359 6355 6357
f 6359 6357 6356
f 6359 6356 6358
f 6359 6358 6355
f 6360 6357 6355
f 6360 6356 6357
f 6360 6358 6356
f 6360 6355 6358
v -34.488 8.821 -67.227
v -35.142 8.821 -67.227
v -34.815 8.821 -67.554
v -34.815 8.821 -66.900
v -34.815 9.099 -67.227
v -34.815 8.543 -67.227
f 6365 6361 6363
f 6365 6363 6362
f 6365 6362 6364
f 6365 6364 6361
f 6366 6363 6361
f 6366 6362 6363
f 6366 6364 6362
f 6366 6361 6364
v -40.323 15.570 -66.170
v -40.823 15.570 -66.170
v -40.573 15.570 -66.420
v -40.573 15.570 -65.920
v -40.573 15.782 -66.170
v -40.573 15.357 -66.170
f 6371 6367 6369
f 6371 6369 6368
f 6371 6368 6370
f 6371 6370 6367
f 6372 6369 6367
f 6372 6368 6369
f 6372 6370 6368
f 6372 6367 6370
v -65.973 28.078 -67.022
v -66.473 28.078 -67.022
v -66.223 28.078 -67.272
v -66.223 28.078 -66.772
v -66.223 28.291 -67.022
v -66.223 27.866 -67.022
f 6377 6373 6375
f 6377 6375 6374
f 6377 6374 6376
f 6377 6376 6373
f 6378 6375 6373
f 6378 6374 6375
f 6378 6376 6374
f 6378 6373 6376
v -61.775 32.774 -67.514
v -62.429 32.774 -67.514
v -62.102 32.774 -67.841
v -62.102 32.774 -67.187
v -62.102 33.052 -67.514
v -62.102 32.496 -67.514
f 6383 6379 6381
f 6383 6381 6380
f 6383 6380 6382
f 6383 6382 6379
f 6384 6381 6379
f 6384 6380 6381
f 6384 6382 6380
f 6384 6379 6382
v -79.563 50.270 -68.829
v -80.063 50.270 -68.829
v -79.813 50.270 -69.079
v -79.813 50.270 -68.579
v -79.813 50.483 -68.829
v -79.813 50.058 -68.829
f 6389 6385 6387
f 6389 6387 6386
f 6389 6386 6388
f 6389 6388 6385
f 6390 6387 6385
f 6390 6386 6387
f 6390 6388 6386
f 6390 6385 6388
v 35.642 -52.984 -53.302
v 35.061 -52.984 -53.302
v 35.352 -52.984 -53.593
v 35.352 -52.984 -53.011
v 35.352 -52.736 -53.302
v 35.352 -53.231 -53.302
f 6395 6391 6393
f 6395 6393 6392
f 6395 6392 6394
f 6395 6394 6391
f 6396 6393 6391
f 6396 6392 6393
f 6396 6394 6392
f 6396 6391 6394
v -9.461 -20.891 -65.592
v -9.961 -20.891 -65.592
v -9.711 -20.891 -65.842
v -9.711 -20.891 -65.342
v -9.711 -20.679 -65.592
v -9.711 -21.104 -65.592
f 6401 6397 6399
f 6401 6399 6398
f 6401 6398 6400
f 6401 6400 6397
f 6402 6399 6397
f 6402 6398 6399
f 6402 6400 6398
f 6402 6397 6400
v -4.842 -25.169 -61.572
v -5.342 -25.169 -61.572
v -5.092 -25.169 -61.822
v -5.092 -25.169 -61.322
v -5.092 -24.957 -61.572
v -5.092 -25.382 -61.572
f 6407 6403 6405
f 6407 6405 6404
f 6407 6404 6406
f 6407 6406 6403
f 6408 6405 6403
f 6408 6404 6405
f 6408 6406 6404
f 6408 6403 6406
v -6.378 -4.658 -59.741
v -6.878 -4.658 -59.741
v -6.628 -4.658 -59.991
v -6.628 -4.658 -59.491
v -6.628 -4.445 -59.741
v -6.628 -4.870 -59.741
f 6413 6409 6411
f 6413 6411 6410
f 6413 6410 6412
f 6413 6412 6409
f 6414 6411 6409
f 6414 6410 6411
f 6414 6412 6410
f 6414 6409 6412
v 42.617 -50.233 -57.224
v 42.117 -50.233 -57.224
v 42.367 -50.233 -57.474
v 42.367 -50.233 -56.974
v 42.367 -50.020 -57.224
v 42.367 -50.445 -57.224
f 6419 6415 6417
f 6419 6417 6416
f 6419 6416 6418
f 6419 6418 6415
f 6420 6417 6415
f 6420 6416 6417
f 6420 6418 6416
f 6420 6415 6418
v 46.947 -52.439 -61.667
v 46.447 -52.439 -61.667
v 46.697 -52.439 -61.917
v 46.697 -52.439 -61.417
v 46.697 -52.226 -61.667
v 46.697 -52.651 -61.667
f 6425 6421 6423
f 6425 6423 6422
f 6425 6422 6424
f 6425 6424 6421
f 6426 6423 6421
f 6426 6422 6423
f 6426 6424 6422
f 6426 6421 6424
v 27.218 -36.653 -56.205
v 26.636 -36.653 -56.205
v 26.927 -36.653 -56.496
v 26.927 -36.653 -55.914
v 26.927 -36.406 -56.205
v 26.927 -36.900 -56.205
f 6431 6427 6429
f 6431 6429 6428
f 6431 6428 6430
f 6431 6430 6427
f 6432 6429 6427
f 6432 6428 6429
f 6432 6430 6428
f 6432 6427 6430
v 3.253 -1.781 -52.857
v 2.753 -1.781 -52.857
v 3.003 -1.781 -53.107
v 3.003 -1.781 -52.607
v 3.003 -1.569 -52.857
v 3.003 -1.994 -52.857
f 6437 6433 6435
f 6437 6435 6434
f 6437 6434 6436
f 6437 6436 6433
f 6438 6435 6433
f 6438 6434 6435
f 6438 6436 6434
f 6438 6433 6436
v -33.564 26.792 -54.725
v -34.064 26.792 -54.725
v -33.814 26.792 -54.975
v -33.814 26.792 -54.475
v -33.814 27.005 -54.725
v -33.814 26.580 -54.725
f 6443 6439 6441
f 6443 6441 6440
f 6443 6440 6442
f 6443 6442 6439
f 6444 6441 6439
f 6444 6440 6441
f 6444 6442 6440
f 6444 6439 6442
v -29.797 24.936 -52.506
v -30.379 24.936 -52.506
v -30.088 24.936 -52.797
v -30.088 24.936 -52.215
v -30.088 25.183 -52.506
v -30.088 24.688 -52.506
f 6449 6445 6447
f 6449 6447 6446
f 6449 6446 6448
f 6449 6448 6445
f 6450 6447 6445
f 6450 6446 6447
f 6450 6448 6446
f 6450 6445 6448
v -49.431 44.928 -55.420
v -50.150 44.928 -55.420
v -49.791 44.928 -55.779
v -49.791 44.928 -55.060
v -49.791 45.234 -55.420
v -49.791 44.623 -55.420
f 6455 6451 6453
f 6455 6453 6452
f 6455 6452 6454
f 6455 6454 6451
f 6456 6453 6451
f 6456 6452 6453
f 6456 6454 6452
f 6456 6451 6454
v -68.028 67.205 -59.039
v -68.528 67.205 -59.039
v -68.278 67.205 -59.289
v -68.278 67.205 -58.789
v -68.278 67.418 -59.039
v -68.278 66.993 -59.039
f 6461 6457 6459
f 6461 6459 6458
f 6461 6458 6460
f 6461 6460 6457
f 6462 6459 6457
f 6462 6458 6459
f 6462 6460 6458
f 6462 6457 6460
v -70.671 69.097 -64.838
v -71.171 69.097 -64.838
v -70.921 69.097 -65.088
v -70.921 69.097 -64.588
v -70.921 69.310 -64.838
v -70.921 68.885 -64.838
f 6467 6463 6465
f 6467 6465 6464
f 6467 6464 6466
f 6467 6466 6463
f 6468 6465 6463
f 6468 6464 6465
f 6468 6466 6464
f 6468 6463 6466
v 26.070 -24.058 -57.469
v 25.489 -24.058 -57.469
v 25.779 -24.058 -57.760
v 25.779 -24.058 -57.178
v 25.779 -23.811 -57.469
v 25.779 -24.305 -57.469
f 6473 6469 6471
f 6473 6471 6470
f 6473 6470 6472
f 6473 6472 6469
f 6474 6471 6469
f 6474 6470 6471
f 6474 6472 6470
f 6474 6469 6472
v 18.698 -19.010 -47.243
v 18.045 -19.010 -47.243
v 18.372 -19.010 -47.570
v 18.372 -19.010 -46.916
v 18.372 -18.732 -47.243
v 18.372 -19.288 -47.243
f 6479 6475 6477
f 6479 6477 6476
f 6479 6476 6478
f 6479 6478 6475
f 6480 6477 6475
f 6480 6476 6477
f 6480 6478 6476
f 6480 6475 6478
v 7.034 -1.237 -52.342
v 6.534 -1.237 -52.342
v 6.784 -1.237 -52.592
v 6.784 -1.237 -52.092
v 6.784 -1.024 -52.342
v 6.784 -1.449 -52.342
f 6485 6481 6483
f 6485 6483 6482
f 6485 6482 6484
f 6485 6484 6481
f 6486 6483 6481
f 6486 6482 6483
f 6486 6484 6482
f 6486 6481 6484
v -29.759 42.656 -62.868
v -30.259 42.656 -62.868
v -30.009 42.656 -63.118
v -30.009 42.656 -62.618
v -30.009 42.868 -62.868
v -30.009 42.443 -62.868
f 6491 6487 6489
f 6491 6489 6488
f 6491 6488 6490
f 6491 6490 6487
f 6492 6489 6487
f 6492 6488 6489
f 6492 6490 6488
f 6492 6487 6490
v -31.154 45.467 -59.016
v -31.873 45.467 -59.016
v -31.513 45.467 -59.376
v -31.513 45.467 -58.657
v -31.513 45.773 -59.016
v -31.513 45.162 -59.016
f 6497 6493 6495
f 6497 6495 6494
f 6497 6494 6496
f 6497 6496 6493
f 6498 6495 6493
f 6498 6494 6495
f 6498 6496 6494
f 6498 6493 6496
v 81.093 -61.364 -44.774
v 80.593 -61.364 -44.774
v 80.843 -61.364 -45.024
v 80.843 -61.364 -44.524
v 80.843 -61.151 -44.774
v 80.843 -61.576 -44.774
f 6503 6499 6501
f 6503 6501 6500
f 6503 6500 6502
f 6503 6502 6499
f 6504 6501 6499
f 6504 6500 6501
f 6504 6502 6500
f 6504 6499 6502
v 30.131 -10.672 -55.792
v 29.550 -10.672 -55.792
v 29.841 -10.672 -56.083
v 29.841 -10.672 -55.501
v 29.841 -10.424 -55.792
v 29.841 -10.919 -55.792
f 6509 6505 6507
f 6509 6507 6506
f 6509 6506 6508
f 6509 6508 6505
f 6510 6507 6505
f 6510 6506 6507
f 6510 6508 6506
f 6510 6505 6508
v -2.710 34.402 -59.137
v -3.210 34.402 -59.137
v -2.960 34.402 -59.387
v -2.960 34.402 -58.887
v -2.960 34.614 -59.137
v -2.960 34.189 -59.137
f 6515 6511 6513
f 6515 6513 6512
f 6515 6512 6514
f 6515 6514 6511
f 6516 6513 6511
f 6516 6512 6513
f 6516 6514 6512
f 6516 6511 6514
v 0.222 33.476 -60.617
v -0.278 33.476 -60.617
v -0.028 33.476 -60.867
v -0.028 33.476 -60.367
v -0.028 33.689 -60.617
v -0.028 33.264 -60.617
f 6521 6517 6519
f 6521 6519 6518
f 6521 6518 6520
f 6521 6520 6517
f 6522 6519 6517
f 6522 6518 6519
f 6522 6520 6518
f 6522 6517 6520
v -11.619 34.288 -62.577
v -12.201 34.288 -62.577
v -11.910 34.288 -62.868
v -11.910 34.288 -62.286
v -11.910 34.536 -62.577
v -11.910 34.041 -62.577
f 6527 6523 6525
f 6527 6525 6524
f 6527 6524 6526
f 6527 6526 6523
f 6528 6525 6523
f 6528 6524 6525
f 6528 6526 6524
f 6528 6523 6526
v -7.484 41.294 -60.485
v -7.984 41.294 -60.485
v -7.734 41.294 -60.735
v -7.734 41.294 -60.235
v -7.734 41.507 -60.485
v -7.734 41.082 -60.485
f 6533 6529 6531
f 6533 6531 6530
f 6533 6530 6532
f 6533 6532 6529
f 6534 6531 6529
f 6534 6530 6531
f 6534 6532 6530
f 6534 6529 6532
v -41.110 67.329 -60.525
v -41.610 67.329 -60.525
v -41.360 67.329 -60.775
v -41.360 67.329 -60.275
v -41.360 67.541 -60.525
v -41.360 67.116 -60.525
f 6539 6535 6537
f 6539 6537 6536
f 6539 6536 6538
f 6539 6538 6535
f 6540 6537 6535
f 6540 6536 6537
f 6540 6538 6536
f 6540 6535 6538
v -49.506 79.534 -60.691
v -50.088 79.534 -60.691
v -49.797 79.534 -60.982
v -49.797 79.534 -60.401
v -49.797 79.781 -60.691
v -49.797 79.287 -60.691
f 6545 6541 6543
f 6545 6543 6542
f 6545 6542 6544
f 6545 6544 6541
f 6546 6543 6541
f 6546 6542 6543
f 6546 6544 6542
f 6546 6541 6544
v 47.457 -11.724 -56.202
v 46.875 -11.724 -56.202
v 47.166 -11.724 -56.493
v 47.166 -11.724 -55.911
v 47.166 -11.476 -56.202
v 47.166 -11.971 -56.202
f 6551 6547 6549
f 6551 6549 6548
f 6551 6548 6550
f 6551 6550 6547
f 6552 6549 6547
f 6552 6548 6549
f 6552 6550 6548
f 6552 6547 6550
v 45.725 -12.146 -53.374
v 45.225 -12.146 -53.374
v 45.475 -12.146 -53.624
v 45.475 -12.146 -53.124
v 45.475 -11.934 -53.374
v 45.475 -12.359 -53.374
f 6557 6553 6555
f 6557 6555 6554
f 6557 6554 6556
f 6557 6556 6553
f 6558 6555 6553
f 6558 6554 6555
f 6558 6556 6554
f 6558 6553 6556
v 46.783 -11.653 -52.863
v 46.283 -11.653 -52.863
v 46.533 -11.653 -53.113
v 46.533 -11.653 -52.613
v 46.533 -11.441 -52.863
v 46.533 -11.866 -52.863
f 6563 6559 6561
f 6563 6561 6560
f 6563 6560 6562
f 6563 6562 6559
f 6564 6561 6559
f 6564 6560 6561
f 6564 6562 6560
f 6564 6559 6562
v 26.037 4.082 -52.313
v 25.537 4.082 -52.313
v 25.787 4.082 -52.563
v 25.787 4.082 -52.063
v 25.787 4.295 -52.313
v 25.787 3.870 -52.313
f 6569 6565 6567
f 6569 6567 6566
f 6569 6566 6568
f 6569 6568 6565
f 6570 6567 6565
f 6570 6566 6567
f 6570 6568 6566
f 6570 6565 6568
v 29.918 5.112 -54.717
v 29.418 5.112 -54.717
v 29.668 5.112 -54.967
v 29.668 5.112 -54.467
v 29.668 5.324 -54.717
v 29.668 4.899 -54.717
f 6575 6571 6573
f 6575 6573 6572
f 6575 6572 6574
f 6575 6574 6571
f 6576 6573 6571
f 6576 6572 6573
f 6576 6574 6572
f 6576 6571 6574
v 20.650 5.998 -53.698
v 20.068 5.998 -53.698
v 20.359 5.998 -53.988
v 20.359 5.998 -53.407
v 20.359 6.245 -53.698
v 20.359 5.751 -53.698
f 6581 6577 6579
f 6581 6579 6578
f 6581 6578 6580
f 6581 6580 6577
f 6582 6579 6577
f 6582 6578 6579
f 6582 6580 6578
f 6582 6577 6580
v 22.091 6.077 -52.076
v 21.509 6.077 -52.076
v 21.800 6.077 -52.367
v 21.800 6.077 -51.785
v 21.800 6.324 -52.076
v 21.800 5.829 -52.076
f 6587 6583 6585
f 6587 6585 6584
f 6587 6584 6586
f 6587 6586 6583
f 6588 6585 6583
f 6588 6584 6585
f 6588 6586 6584
f 6588 6583 6586
v -47.210 83.781 -64.334
v -47.864 83.781 -64.334
v -47.537 83.781 -64.661
v -47.537 83.781 -64.007
v -47.537 84.059 -64.334
v -47.537 83.503 -64.334
f 6593 6589 6591
f 6593 6591 6590
f 6593 6590 6592
f 6593 6592 6589
f 6594 6591 6589
f 6594 6590 6591
f 6594 6592 6590
f 6594 6589 6592
v -44.211 83.802 -64.542
v -44.711 83.802 -64.542
v -44.461 83.802 -64.792
v -44.461 83.802 -64.292
v -44.461 84.014 -64.542
v -44.461 83.589 -64.542
f 6599 6595 6597
f 6599 6597 6596
f 6599 6596 6598
f 6599 6598 6595
f 6600 6597 6595
f 6600 6596 6597
f 6600 6598 6596
f 6600 6595 6598
v 78.126 -32.007 -51.589
v 77.544 -32.007 -51.589
v 77.835 -32.007 -51.880
v 77.835 -32.007 -51.298
v 77.835 -31.760 -51.589
v 77.835 -32.255 -51.589
f 6605 6601 6603
f 6605 6603 6602
f 6605 6602 6604
f 6605 6604 6601
f 6606 6603 6601
f 6606 6602 6603
f 6606 6604 6602
f 6606 6601 6604
v 33.841 16.755 -62.785
v 33.341 16.755 -62.785
v 33.591 16.755 -63.035
v 33.591 16.755 -62.535
v 33.591 16.967 -62.785
v 33.591 16.542 -62.785
f 6611 6607 6609
f 6611 6609 6608
f 6611 6608 6610
f 6611 6610 6607
f 6612 6609 6607
f 6612 6608 6609
f 6612 6610 6608
f 6612 6607 6610
v 22.243 31.523 -57.080
v 21.524 31.523 -57.080
v 21.884 31.523 -57.440
v 21.884 31.523 -56.721
v 21.884 31.829 -57.080
v 21.884 31.218 -57.080
f 6617 6613 6615
f 6617 6615 6614
f 6617 6614 6616
f 6617 6616 6613
f 6618 6615 6613
f 6618 6614 6615
f 6618 6616 6614
f 6618 6613 6616
v 18.677 32.626 -54.329
v 18.095 32.626 -54.329
v 18.386 32.626 -54.620
v 18.386 32.626 -54.038
v 18.386 32.874 -54.329
v 18.386 32.379 -54.329
f 6623 6619 6621
f 6623 6621 6620
f 6623 6620 6622
f 6623 6622 6619
f 6624 6621 6619
f 6624 6620 6621
f 6624 6622 6620
f 6624 6619 6622
v 35.263 21.060 -60.126
v 34.609 21.060 -60.126
v 34.936 21.060 -60.452
v 34.936 21.060 -59.799
v 34.936 21.338 -60.126
v 34.936 20.782 -60.126
f 6629 6625 6627
f 6629 6627 6626
f 6629 6626 6628
f 6629 6628 6625
f 6630 6627 6625
f 6630 6626 6627
f 6630 6628 6626
f 6630 6625 6628
v -9.997 91.553 -62.524
v -10.578 91.553 -62.524
v -10.288 91.553 -62.815
v -10.288 91.553 -62.233
v -10.288 91.801 -62.524
v -10.288 91.306 -62.524
f 6635 6631 6633
f 6635 6633 6632
f 6635 6632 6634
f 6635 6634 6631
f 6636 6633 6631
f 6636 6632 6633
f 6636 6634 6632
f 6636 6631 6634
v 77.561 10.633 -52.168
v 76.979 10.633 -52.168
v 77.270 10.633 -52.458
v 77.270 10.633 -51.877
v 77.270 10.881 -52.168
v 77.270 10.386 -52.168
f 6641 6637 6639
f 6641 6639 6638
f 6641 6638 6640
f 6641 6640 6637
f 6642 6639 6637
f 6642 6638 6639
f 6642 6640 6638
f 6642 6637 6640
v 61.351 26.665 -60.360
v 60.851 26.665 -60.360
v 61.101 26.665 -60.610
v 61.101 26.665 -60.110
v 61.101 26.877 -60.360
v 61.101 26.452 -60.360
f 6647 6643 6645
f 6647 6645 6644
f 6647 6644 6646
f 6647 6646 6643
f 6648 6645 6643
f 6648 6644 6645
f 6648 6646 6644
f 6648 6643 6646
v 76.947 32.027 -62.467
v 76.447 32.027 -62.467
v 76.697 32.027 -62.717
v 76.697 32.027 -62.217
v 76.697 32.240 -62.467
v 76.697 31.815 -62.467
f 6653 6649 6651
f 6653 6651 6650
f 6653 6650 6652
f 6653 6652 6649
f 6654 6651 6649
f 6654 6650 6651
f 6654 6652 6650
f 6654 6649 6652
v 73.954 27.169 -57.280
v 73.454 27.169 -57.280
v 73.704 27.169 -57.530
v 73.704 27.169 -57.030
v 73.704 27.382 -57.280
v 73.704 26.957 -57.280
f 6659 6655 6657
f 6659 6657 6656
f 6659 6656 6658
f 6659 6658 6655
f 6660 6657 6655
f 6660 6656 6657
f 6660 6658 6656
f 6660 6655 6658
v 64.384 55.584 -58.432
v 63.803 55.584 -58.432
v 64.093 55.584 -58.723
v 64.093 55.584 -58.141
v 64.093 55.831 -58.432
v 64.093 55.337 -58.432
f 6665 6661 6663
f 6665 6663 6662
f 6665 6662 6664
f 6665 6664 6661
f 6666 6663 6661
f 6666 6662 6663
f 6666 6664 6662
f 6666 6661 6664
v 66.746 53.928 -57.499
v 66.092 53.928 -57.499
v 66.419 53.928 -57.826
v 66.419 53.928 -57.173
v 66.419 54.206 -57.499
v 66.419 53.650 -57.499
f 6671 6667 6669
f 6671 6669 6668
f 6671 6668 6670
f 6671 6670 6667
f 6672 6669 6667
f 6672 6668 6669
f 6672 6670 6668
f 6672 6667 6670
v -68.954 -72.910 -46.593
v -69.536 -72.910 -46.593
v -69.245 -72.910 -46.884
v -69.245 -72.910 -46.302
v -69.245 -72.662 -46.593
v -69.245 -73.157 -46.593
f 6677 6673 6675
f 6677 6675 6674
f 6677 6674 6676
f 6677 6676 6673
f 6678 6675 6673
f 6678 6674 6675
f 6678 6676 6674
f 6678 6673 6676
v -73.763 -69.178 -41.173
v -74.263 -69.178 -41.173
v -74.013 -69.178 -41.423
v -74.013 -69.178 -40.923
v -74.013 -68.966 -41.173
v -74.013 -69.391 -41.173
f 6683 6679 6681
f 6683 6681 6680
f 6683 6680 6682
f 6683 6682 6679
f 6684 6681 6679
f 6684 6680 6681
f 6684 6682 6680
f 6684 6679 6682
v -47.913 -71.790 -43.295
v -48.632 -71.790 -43.295
v -48.273 -71.790 -43.654
v -48.273 -71.790 -42.935
v -48.273 -71.485 -43.295
v -48.273 -72.096 -43.295
f 6689 6685 6687
f 6689 6687 6686
f 6689 6686 6688
f 6689 6688 6685
f 6690 6687 6685
f 6690 6686 6687
f 6690 6688 6686
f 6690 6685 6688
v -48.787 -53.167 -49.571
v -49.287 -53.167 -49.571
v -49.037 -53.167 -49.821
v -49.037 -53.167 -49.321
v -49.037 -52.955 -49.571
v -49.037 -53.380 -49.571
f 6695 6691 6693
f 6695 6693 6692
f 6695 6692 6694
f 6695 6694 6691
f 6696 6693 6691
f 6696 6692 6693
f 6696 6694 6692
f 6696 6691 6694
v 6.644 -107.915 -40.936
v 5.925 -107.915 -40.936
v 6.285 -107.915 -41.295
v 6.285 -107.915 -40.576
v 6.285 -107.609 -40.936
v 6.285 -108.220 -40.936
f 6701 6697 6699
f 6701 6699 6698
f 6701 6698 6700
f 6701 6700 6697
f 6702 6699 6697
f 6702 6698 6699
f 6702 6700 6698
f 6702 6697 6700
v 8.977 -104.984 -38.639
v 8.396 -104.984 -38.639
v 8.687 -104.984 -38.930
v 8.687 -104.984 -38.348
v 8.687 -104.737 -38.639
v 8.687 -105.231 -38.639
f 6707 6703 6705
f 6707 6705 6704
f 6707 6704 6706
f 6707 6706 6703
f 6708 6705 6703
f 6708 6704 6705
f 6708 6706 6704
f 6708 6703 6706
v -44.646 -39.918 -46.795
v -45.146 -39.918 -46.795
v -44.896 -39.918 -47.045
v -44.896 -39.918 -46.545
v -44.896 -39.706 -46.795
v -44.896 -40.131 -46.795
f 6713 6709 6711
f 6713 6711 6710
f 6713 6710 6712
f 6713 6712 6709
f 6714 6711 6709
f 6714 6710 6711
f 6714 6712 6710
f 6714 6709 6712
v 10.815 -96.528 -45.880
v 10.315 -96.528 -45.880
v 10.565 -96.528 -46.130
v 10.565 -96.528 -45.630
v 10.565 -96.315 -45.880
v 10.565 -96.740 -45.880
f 6719 6715 6717
f 6719 6717 6716
f 6719 6716 6718
f 6719 6718 6715
f 6720 6717 6715
f 6720 6716 6717
f 6720 6718 6716
f 6720 6715 6718
v -40.727 -44.341 -49.221
v -41.308 -44.341 -49.221
v -41.017 -44.341 -49.512
v -41.017 -44.341 -48.930
v -41.017 -44.093 -49.221
v -41.017 -44.588 -49.221
f 6725 6721 6723
f 6725 6723 6722
f 6725 6722 6724
f 6725 6724 6721
f 6726 6723 6721
f 6726 6722 6723
f 6726 6724 6722
f 6726 6721 6724
v -44.544 -34.786 -50.700
v -45.263 -34.786 -50.700
v -44.903 -34.786 -51.059
v -44.903 -34.786 -50.340
v -44.903 -34.481 -50.700
v -44.903 -35.092 -50.700
f 6731 6727 6729
f 6731 6729 6728
f 6731 6728 6730
f 6731 6730 6727
f 6732 6729 6727
f 6732 6728 6729
f 6732 6730 6728
f 6732 6727 6730
v -74.964 -6.146 -48.334
v -75.464 -6.146 -48.334
v -75.214 -6.146 -48.584
v -75.214 -6.146 -48.084
v -75.214 -5.933 -48.334
v -75.214 -6.358 -48.334
f 6737 6733 6735
f 6737 6735 6734
f 6737 6734 6736
f 6737 6736 6733
f 6738 6735 6733
f 6738 6734 6735
f 6738 6736 6734
f 6738 6733 6736
v 21.833 -91.042 -42.359
v 21.251 -91.042 -42.359
v 21.542 -91.042 -42.650
v 21.542 -91.042 -42.068
v 21.542 -90.795 -42.359
v 21.542 -91.289 -42.359
f 6743 6739 6741
f 6743 6741 6740
f 6743 6740 6742
f 6743 6742 6739
f 6744 6741 6739
f 6744 6740 6741
f 6744 6742 6740
f 6744 6739 6742
v 7.950 -82.726 -43.652
v 7.368 -82.726 -43.652
v 7.659 -82.726 -43.943
v 7.659 -82.726 -43.361
v 7.659 -82.478 -43.652
v 7.659 -82.973 -43.652
f 6749 6745 6747
f 6749 6747 6746
f 6749 6746 6748
f 6749 6748 6745
f 6750 6747 6745
f 6750 6746 6747
f 6750 6748 6746
f 6750 6745 6748
v 10.376 -89.502 -44.323
v 9.794 -89.502 -44.323
v 10.085 -89.502 -44.614
v 10.085 -89.502 -44.032
v 10.085 -89.255 -44.323
v 10.085 -89.749 -44.323
f 6755 6751 6753
f 6755 6753 6752
f 6755 6752 6754
f 6755 6754 6751
f 6756 6753 6751
f 6756 6752 6753
f 6756 6754 6752
f 6756 6751 6754
v -21.988 -48.481 -41.267
v -22.488 -48.481 -41.267
v -22.238 -48.481 -41.517
v -22.238 -48.481 -41.017
v -22.238 -48.269 -41.267
v -22.238 -48.694 -41.267
f 6761 6757 6759
f 6761 6759 6758
f 6761 6758 6760
f 6761 6760 6757
f 6762 6759 6757
f 6762 6758 6759
f 6762 6760 6758
f 6762 6757 6760
v 13.650 -80.460 -39.633
v 12.931 -80.460 -39.633
v 13.291 -80.460 -39.993
v 13.291 -80.460 -39.274
v 13.291 -80.154 -39.633
v 13.291 -80.766 -39.633
f 6767 6763 6765
f 6767 6765 6764
f 6767 6764 6766
f 6767 6766 6763
f 6768 6765 6763
f 6768 6764 6765
f 6768 6766 6764
f 6768 6763 6766
v -32.677 -18.002 -55.893
v -33.259 -18.002 -55.893
v -32.968 -18.002 -56.184
v -32.968 -18.002 -55.602
v -32.968 -17.754 -55.893
v -32.968 -18.249 -55.893
f 6773 6769 6771
f 6773 6771 6770
f 6773 6770 6772
f 6773 6772 6769
f 6774 6771 6769
f 6774 6770 6771
f 6774 6772 6770
f 6774 6769 6772
v 49.004 -99.005 -41.668
v 48.422 -99.005 -41.668
v 48.713 -99.005 -41.959
v 48.713 -99.005 -41.377
v 48.713 -98.757 -41.668
v 48.713 -99.252 -41.668
f 6779 6775 6777
f 6779 6777 6776
f 6779 6776 6778
f 6779 6778 6775
f 6780 6777 6775
f 6780 6776 6777
f 6780 6778 6776
f 6780 6775 6778
v -35.004 -7.154 -50.161
v -35.504 -7.154 -50.161
v -35.254 -7.154 -50.411
v -35.254 -7.154 -49.911
v -35.254 -6.941 -50.161
v -35.254 -7.366 -50.161
f 6785 6781 6783
f 6785 6783 6782
f 6785 6782 6784
f 6785 6784 6781
f 6786 6783 6781
f 6786 6782 6783
f 6786 6784 6782
f 6786 6781 6784
v -4.200 -34.014 -52.171
v -4.700 -34.014 -52.171
v -4.450 -34.014 -52.421
v -4.450 -34.014 -51.921
v -4.450 -33.801 -52.171
v -4.450 -34.226 -52.171
f 6791 6787 6789
f 6791 6789 6788
f 6791 6788 6790
f 6791 6790 6787
f 6792 6789 6787
f 6792 6788 6789
f 6792 6790 6788
f 6792 6787 6790
v -42.680 15.260 -52.926
v -43.180 15.260 -52.926
v -42.930 15.260 -53.176
v -42.930 15.260 -52.676
v -42.930 15.473 -52.926
v -42.930 15.048 -52.926
f 6797 6793 6795
f 6797 6795 6794
f 6797 6794 6796
f 6797 6796 6793
f 6798 6795 6793
f 6798 6794 6795
f 6798 6796 6794
f 6798 6793 6796
v -57.228 30.815 -54.663
v -57.728 30.815 -54.663
v -57.478 30.815 -54.913
v -57.478 30.815 -54.413
v -57.478 31.028 -54.663
v -57.478 30.603 -54.663
f 6803 6799 6801
f 6803 6801 6800
f 6803 6800 6802
f 6803 6802 6799
f 6804 6801 6799
f 6804 6800 6801
f 6804 6802 6800
f 6804 6799 6802
v 52.609 -74.023 -45.116
v 52.109 -74.023 -45.116
v 52.359 -74.023 -45.366
v 52.359 -74.023 -44.866
v 52.359 -73.811 -45.116
v 52.359 -74.236 -45.116
f 6809 6805 6807
f 6809 6807 6806
f 6809 6806 6808
f 6809 6808 6805
f 6810 6807 6805
f 6810 6806 6807
f 6810 6808 6806
f 6810 6805 6808
v 28.609 -47.573 -45.988
v 28.027 -47.573 -45.988
v 28.318 -47.573 -46.279
v 28.318 -47.573 -45.697
v 28.318 -47.326 -45.988
v 28.318 -47.821 -45.988
f 6815 6811 6813
f 6815 6813 6812
f 6815 6812 6814
f 6815 6814 6811
f 6816 6813 6811
f 6816 6812 6813
f 6816 6814 6812
f 6816 6811 6814
v 32.009 -49.639 -46.835
v 31.509 -49.639 -46.835
v 31.759 -49.639 -47.085
v 31.759 -49.639 -46.585
v 31.759 -49.426 -46.835
v 31.759 -49.851 -46.835
f 6821 6817 6819
f 6821 6819 6818
f 6821 6818 6820
f 6821 6820 6817
f 6822 6819 6817
f 6822 6818 6819
f 6822 6820 6818
f 6822 6817 6820
v -4.076 -16.803 -49.757
v -4.658 -16.803 -49.757
v -4.367 -16.803 -50.048
v -4.367 -16.803 -49.466
v -4.367 -16.555 -49.757
v -4.367 -17.050 -49.757
f 6827 6823 6825
f 6827 6825 6824
f 6827 6824 6826
f 6827 6826 6823
f 6828 6825 6823
f 6828 6824 6825
f 6828 6826 6824
f 6828 6823 6826
v -37.905 28.596 -53.468
v -38.624 28.596 -53.468
v -38.264 28.596 -53.827
v -38.264 28.596 -53.108
v -38.264 28.902 -53.468
v -38.264 28.291 -53.468
f 6833 6829 6831
f 6833 6831 6830
f 6833 6830 6832
f 6833 6832 6829
f 6834 6831 6829
f 6834 6830 6831
f 6834 6832 6830
f 6834 6829 6832
v -58.458 41.183 -60.220
v -59.177 41.183 -60.220
v -58.818 41.183 -60.580
v -58.818 41.183 -59.861
v -58.818 41.488 -60.220
v -58.818 40.877 -60.220
f 6839 6835 6837
f 6839 6837 6836
f 6839 6836 6838
f 6839 6838 6835
f 6840 6837 6835
f 6840 6836 6837
f 6840 6838 6836
f 6840 6835 6838
v 23.031 -39.151 -50.237
v 22.377 -39.151 -50.237
v 22.704 -39.151 -50.564
v 22.704 -39.151 -49.910
v 22.704 -38.873 -50.237
v 22.704 -39.428 -50.237
f 6845 6841 6843
f 6845 6843 6842
f 6845 6842 6844
f 6845 6844 6841
f 6846 6843 6841
f 6846 6842 6843
f 6846 6844 6842
f 6846 6841 6844
v 29.643 -42.888 -52.753
v 29.143 -42.888 -52.753
v 29.393 -42.888 -53.003
v 29.393 -42.888 -52.503
v 29.393 -42.675 -52.753
v 29.393 -43.100 -52.753
f 6851 6847 6849
f 6851 6849 6848
f 6851 6848 6850
f 6851 6850 6847
f 6852 6849 6847
f 6852 6848 6849
f 6852 6850 6848
f 6852 6847 6850
v 21.672 -29.937 -52.669
v 21.019 -29.937 -52.669
v 21.345 -29.937 -52.996
v 21.345 -29.937 -52.342
v 21.345 -29.659 -52.669
v 21.345 -30.215 -52.669
f 6857 6853 6855
f 6857 6855 6854
f 6857 6854 6856
f 6857 6856 6853
f 6858 6855 6853
f 6858 6854 6855
f 6858 6856 6854
f 6858 6853 6856
v 21.908 -33.494 -48.589
v 21.408 -33.494 -48.589
v 21.658 -33.494 -48.839
v 21.658 -33.494 -48.339
v 21.658 -33.281 -48.589
v 21.658 -33.706 -48.589
f 6863 6859 6861
f 6863 6861 6860
f 6863 6860 6862
f 6863 6862 6859
f 6864 6861 6859
f 6864 6860 6861
f 6864 6862 6860
f 6864 6859 6862
v 22.585 -35.274 -46.828
v 21.866 -35.274 -46.828
v 22.225 -35.274 -47.188
v 22.225 -35.274 -46.469
v 22.225 -34.968 -46.828
v 22.225 -35.580 -46.828
f 6869 6865 6867
f 6869 6867 6866
f 6869 6866 6868
f 6869 6868 6865
f 6870 6867 6865
f 6870 6866 6867
f 6870 6868 6866
f 6870 6865 6868
v 18.186 -27.921 -47.401
v 17.686 -27.921 -47.401
v 17.936 -27.921 -47.651
v 17.936 -27.921 -47.151
v 17.936 -27.708 -47.401
v 17.936 -28.133 -47.401
f 6875 6871 6873
f 6875 6873 6872
f 6875 6872 6874
f 6875 6874 6871
f 6876 6873 6871
f 6876 6872 6873
f 6876 6874 6872
f 6876 6871 6874
v -47.418 43.593 -46.828
v -48.137 43.593 -46.828
v -47.777 43.593 -47.188
v -47.777 43.593 -46.469
v -47.777 43.899 -46.828
v -47.777 43.287 -46.828
f 6881 6877 6879
f 6881 6879 6878
f 6881 6878 6880
f 6881 6880 6877
f 6882 6879 6877
f 6882 6878 6879
f 6882 6880 6878
f 6882 6877 6880
v -48.043 46.198 -49.565
v -48.543 46.198 -49.565
v -48.293 46.198 -49.815
v -48.293 46.198 -49.315
v -48.293 46.410 -49.565
v -48.293 45.985 -49.565
f 6887 6883 6885
f 6887 6885 6884
f 6887 6884 6886
f 6887 6886 6883
f 6888 6885 6883
f 6888 6884 6885
f 6888 6886 6884
f 6888 6883 6886
v -39.196 44.017 -53.545
v -39.696 44.017 -53.545
v -39.446 44.017 -53.795
v -39.446 44.017 -53.295
v -39.446 44.230 -53.545
v -39.446 43.805 -53.545
f 6893 6889 6891
f 6893 6891 6890
f 6893 6890 6892
f 6893 6892 6889
f 6894 6891 6889
f 6894 6890 6891
f 6894 6892 6890
f 6894 6889 6892
v -54.270 46.144 -52.894
v -54.852 46.144 -52.894
v -54.561 46.144 -53.185
v -54.561 46.144 -52.603
v -54.561 46.391 -52.894
v -54.561 45.897 -52.894
f 6899 6895 6897
f 6899 6897 6896
f 6899 6896 6898
f 6899 6898 6895
f 6900 6897 6895
f 6900 6896 6897
f 6900 6898 6896
f 6900 6895 6898
v 27.304 -28.677 -38.800
v 26.804 -28.677 -38.800
v 27.054 -28.677 -39.050
v 27.054 -28.677 -38.550
v 27.054 -28.464 -38.800
v 27.054 -28.889 -38.800
f 6905 6901 6903
f 6905 6903 6902
f 6905 6902 6904
f 6905 6904 6901
f 6906 6903 6901
f 6906 6902 6903
f 6906 6904 6902
f 6906 6901 6904
v 20.658 -18.009 -45.988
v 19.939 -18.009 -45.988
v 20.299 -18.009 -46.348
v 20.299 -18.009 -45.629
v 20.299 -17.704 -45.988
v 20.299 -18.315 -45.988
f 6911 6907 6909
f 6911 6909 6908
f 6911 6908 6910
f 6911 6910 6907
f 6912 6909 6907
f 6912 6908 6909
f 6912 6910 6908
f 6912 6907 6910
v -15.048 23.542 -50.580
v -15.548 23.542 -50.580
v -15.298 23.542 -50.830
v -15.298 23.542 -50.330
v -15.298 23.754 -50.580
v -15.298 23.329 -50.580
f 6917 6913 6915
f 6917 6915 6914
f 6917 6914 6916
f 6917 6916 6913
f 6918 6915 6913
f 6918 6914 6915
f 6918 6916 6914
f 6918 6913 6916
v -45.866 62.952 -53.486
v -46.520 62.952 -53.486
v -46.193 62.952 -53.812
v -46.193 62.952 -53.159
v -46.193 63.230 -53.486
v -46.193 62.674 -53.486
f 6923 6919 6921
f 6923 6921 6920
f 6923 6920 6922
f 6923 6922 6919
f 6924 6921 6919
f 6924 6920 6921
f 6924 6922 6920
f 6924 6919 6922
v 22.343 0.698 -49.782
v 21.762 0.698 -49.782
v 22.053 0.698 -50.073
v 22.053 0.698 -49.491
v 22.053 0.945 -49.782
v 22.053 0.451 -49.782
f 6929 6925 6927
f 6929 6927 6926
f 6929 6926 6928
f 6929 6928 6925
f 6930 6927 6925
f 6930 6926 6927
f 6930 6928 6926
f 6930 6925 6928
v 12.377 2.297 -46.878
v 11.795 2.297 -46.878
v 12.086 2.297 -47.169
v 12.086 2.297 -46.588
v 12.086 2.545 -46.878
v 12.086 2.050 -46.878
f 6935 6931 6933
f 6935 6933 6932
f 6935 6932 6934
f 6935 6934 6931
f 6936 6933 6931
f 6936 6932 6933
f 6936 6934 6932
f 6936 6931 6934
v 13.218 19.954 -43.755
v 12.718 19.954 -43.755
v 12.968 19.954 -44.005
v 12.968 19.954 -43.505
v 12.968 20.166 -43.755
v 12.968 19.741 -43.755
f 6941 6937 6939
f 6941 6939 6938
f 6941 6938 6940
f 6941 6940 6937
f 6942 6939 6937
f 6942 6938 6939
f 6942 6940 6938
f 6942 6937 6940
v -30.371 52.445 -55.181
v -30.871 52.445 -55.181
v -30.621 52.445 -55.431
v -30.621 52.445 -54.931
v -30.621 52.657 -55.181
v -30.621 52.232 -55.181
f 6947 6943 6945
f 6947 6945 6944
f 6947 6944 6946
f 6947 6946 6943
f 6948 6945 6943
f 6948 6944 6945
f 6948 6946 6944
f 6948 6943 6946
v -29.093 53.739 -51.298
v -29.593 53.739 -51.298
v -29.343 53.739 -51.548
v -29.343 53.739 -51.048
v -29.343 53.951 -51.298
v -29.343 53.526 -51.298
f 6953 6949 6951
f 6953 6951 6950
f 6953 6950 6952
f 6953 6952 6949
f 6954 6951 6949
f 6954 6950 6951
f 6954 6952 6950
f 6954 6949 6952
v -30.231 57.706 -48.714
v -30.731 57.706 -48.714
v -30.481 57.706 -48.964
v -30.481 57.706 -48.464
v -30.481 57.919 -48.714
v -30.481 57.494 -48.714
f 6959 6955 6957
f 6959 6957 6956
f 6959 6956 6958
f 6959 6958 6955
f 6960 6957 6955
f 6960 6956 6957
f 6960 6958 6956
f 6960 6955 6958
v 67.902 -28.992 -45.586
v 67.402 -28.992 -45.586
v 67.652 -28.992 -45.836
v 67.652 -28.992 -45.336
v 67.652 -28.779 -45.586
v 67.652 -29.204 -45.586
f 6965 6961 6963
f 6965 6963 6962
f 6965 6962 6964
f 6965 6964 6961
f 6966 6963 6961
f 6966 6962 6963
f 6966 6964 6962
f 6966 6961 6964
v 45.050 -12.107 -42.590
v 44.468 -12.107 -42.590
v 44.759 -12.107 -42.881
v 44.759 -12.107 -42.299
v 44.759 -11.860 -42.590
v 44.759 -12.355 -42.590
f 6971 6967 6969
f 6971 6969 6968
f 6971 6968 6970
f 6971 6970 6967
f 6972 6969 6967
f 6972 6968 6969
f 6972 6970 6968
f 6972 6967 6970
v 26.513 7.035 -50.736
v 26.013 7.035 -50.736
v 26.263 7.035 -50.986
v 26.263 7.035 -50.486
v 26.263 7.248 -50.736
v 26.263 6.823 -50.736
f 6977 6973 6975
f 6977 6975 6974
f 6977 6974 6976
f 6977 6976 6973
f 6978 6975 6973
f 6978 6974 6975
f 6978 6976 6974
f 6978 6973 6976
v 8.200 39.784 -54.178
v 7.700 39.784 -54.178
v 7.950 39.784 -54.428
v 7.950 39.784 -53.928
v 7.950 39.997 -54.178
v 7.950 39.572 -54.178
f 6983 6979 6981
f 6983 6981 6980
f 6983 6980 6982
f 6983 6982 6979
f 6984 6981 6979
f 6984 6980 6981
f 6984 6982 6980
f 6984 6979 6982
v -40.637 86.451 -51.379
v -41.219 86.451 -51.379
v -40.928 86.451 -51.670
v -40.928 86.451 -51.088
v -40.928 86.698 -51.379
v -40.928 86.203 -51.379
f 6989 6985 6987
f 6989 6987 6986
f 6989 6986 6988
f 6989 6988 6985
f 6990 6987 6985
f 6990 6986 6987
f 6990 6988 6986
f 6990 6985 6988
v 52.598 -9.783 -42.027
v 51.944 -9.783 -42.027
v 52.271 -9.783 -42.354
v 52.271 -9.783 -41.700
v 52.271 -9.506 -42.027
v 52.271 -10.061 -42.027
f 6995 6991 6993
f 6995 6993 6992
f 6995 6992 6994
f 6995 6994 6991
f 6996 6993 6991
f 6996 6992 6993
f 6996 6994 6992
f 6996 6991 6994
v 53.994 -9.402 -39.203
v 53.412 -9.402 -39.203
v 53.703 -9.402 -39.493
v 53.703 -9.402 -38.912
v 53.703 -9.154 -39.203
v 53.703 -9.649 -39.203
f 7001 6997 6999
f 7001 6999 6998
f 7001 6998 7000
f 7001 7000 6997
f 7002 6999 6997
f 7002 6998 6999
f 7002 7000 6998
f 7002 6997 7000
v 55.969 -8.852 -39.137
v 55.387 -8.852 -39.137
v 55.678 -8.852 -39.428
v 55.678 -8.852 -38.846
v 55.678 -8.604 -39.137
v 55.678 -9.099 -39.137
f 7007 7003 7005
f 7007 7005 7004
f 7007 7004 7006
f 7007 7006 7003
f 7008 7005 7003
f 7008 7004 7005
f 7008 7006 7004
f 7008 7003 7006
v 27.572 32.343 -51.094
v 27.072 32.343 -51.094
v 27.322 32.343 -51.344
v 27.322 32.343 -50.844
v 27.322 32.556 -51.094
v 27.322 32.131 -51.094
f 7013 7009 7011
f 7013 7011 7010
f 7013 7010 7012
f 7013 7012 7009
f 7014 7011 7009
f 7014 7010 7011
f 7014 7012 7010
f 7014 7009 7012
v 32.004 29.267 -47.156
v 31.351 29.267 -47.156
v 31.677 29.267 -47.483
v 31.677 29.267 -46.829
v 31.677 29.545 -47.156
v 31.677 28.989 -47.156
f 7019 7015 7017
f 7019 7017 7016
f 7019 7016 7018
f 7019 7018 7015
f 7020 7017 7015
f 7020 7016 7017
f 7020 7018 7016
f 7020 7015 7018
v -10.310 66.196 -48.882
v -10.964 66.196 -48.882
v -10.637 66.196 -49.209
v -10.637 66.196 -48.555
v -10.637 66.473 -48.882
v -10.637 65.918 -48.882
f 7025 7021 7023
f 7025 7023 7022
f 7025 7022 7024
f 7025 7024 7021
f 7026 7023 7021
f 7026 7022 7023
f 7026 7024 7022
f 7026 7021 7024
v -6.276 66.826 -48.343
v -6.858 66.826 -48.343
v -6.567 66.826 -48.634
v -6.567 66.826 -48.052
v -6.567 67.073 -48.343
v -6.567 66.579 -48.343
f 7031 7027 7029
f 7031 7029 7028
f 7031 7028 7030
f 7031 7030 7027
f 7032 7029 7027
f 7032 7028 7029
f 7032 7030 7028
f 7032 7027 7030
v -37.835 86.104 -51.670
v -38.335 86.104 -51.670
v -38.085 86.104 -51.920
v -38.085 86.104 -51.420
v -38.085 86.317 -51.670
v -38.085 85.892 -51.670
f 7037 7033 7035
f 7037 7035 7034
f 7037 7034 7036
f 7037 7036 7033
f 7038 7035 7033
f 7038 7034 7035
f 7038 7036 7034
f 7038 7033 7036
v 59.205 14.345 -42.529
v 58.705 14.345 -42.529
v 58.955 14.345 -42.779
v 58.955 14.345 -42.279
v 58.955 14.558 -42.529
v 58.955 14.133 -42.529
f 7043 7039 7041
f 7043 7041 7040
f 7043 7040 7042
f 7043 7042 7039
f 7044 7041 7039
f 7044 7040 7041
f 7044 7042 7040
f 7044 7039 7042
v 38.576 31.912 -45.734
v 37.994 31.912 -45.734
v 38.285 31.912 -46.025
v 38.285 31.912 -45.443
v 38.285 32.159 -45.734
v 38.285 31.665 -45.734
f 7049 7045 7047
f 7049 7047 7046
f 7049 7046 7048
f 7049 7048 7045
f 7050 7047 7045
f 7050 7046 7047
f 7050 7048 7046
f 7050 7045 7048
v 69.914 20.287 -48.535
v 69.260 20.287 -48.535
v 69.587 20.287 -48.862
v 69.587 20.287 -48.208
v 69.587 20.565 -48.535
v 69.587 20.009 -48.535
f 7055 7051 7053
f 7055 7053 7052
f 7055 7052 7054
f 7055 7054 7051
f 7056 7053 7051
f 7056 7052 7053
f 7056 7054 7052
f 7056 7051 7054
v 57.593 38.025 -45.282
v 56.939 38.025 -45.282
v 57.266 38.025 -45.609
v 57.266 38.025 -44.955
v 57.266 38.303 -45.282
v 57.266 37.747 -45.282
f 7061 7057 7059
f 7061 7059 7058
f 7061 7058 7060
f 7061 7060 7057
f 7062 7059 7057
f 7062 7058 7059
f 7062 7060 7058
f 7062 7057 7060
v 64.452 59.316 -49.331
v 63.871 59.316 -49.331
v 64.161 59.316 -49.622
v 64.161 59.316 -49.040
v 64.161 59.563 -49.331
v 64.161 59.069 -49.331
f 7067 7063 7065
f 7067 7065 7064
f 7067 7064 7066
f 7067 7066 7063
f 7068 7065 7063
f 7068 7064 7065
f 7068 7066 7064
f 7068 7063 7066
v 62.682 52.843 -45.314
v 62.182 52.843 -45.314
v 62.432 52.843 -45.564
v 62.432 52.843 -45.064
v 62.432 53.055 -45.314
v 62.432 52.630 -45.314
f 7073 7069 7071
f 7073 7071 7070
f 7073 7070 7072
f 7073 7072 7069
f 7074 7071 7069
f 7074 7070 7071
f 7074 7072 7070
f 7074 7069 7072
v 28.009 95.780 -56.336
v 27.509 95.780 -56.336
v 27.759 95.780 -56.586
v 27.759 95.780 -56.086
v 27.759 95.992 -56.336
v 27.759 95.567 -56.336
f 7079 7075 7077
f 7079 7077 7076
f 7079 7076 7078
f 7079 7078 7075
f 7080 7077 7075
f 7080 7076 7077
f 7080 7078 7076
f 7080 7075 7078
v -89.301 -60.918 -34.125
v -89.955 -60.918 -34.125
v -89.628 -60.918 -34.452
v -89.628 -60.918 -33.798
v -89.628 -60.641 -34.125
v -89.628 -61.196 -34.125
f 7085 7081 7083
f 7085 7083 7082
f 7085 7082 7084
f 7085 7084 7081
f 7086 7083 7081
f 7086 7082 7083
f 7086 7084 7082
f 7086 7081 7084
v -101.189 0.022 -42.615
v -101.689 0.022 -42.615
v -101.439 0.022 -42.865
v -101.439 0.022 -42.365
v -101.439 0.234 -42.615
v -101.439 -0.191 -42.615
f 7091 7087 7089
f 7091 7089 7088
f 7091 7088 7090
f 7091 7090 7087
f 7092 7089 7087
f 7092 7088 7089
f 7092 7090 7088
f 7092 7087 7090
v 12.792 -99.591 -34.290
v 12.210 -99.591 -34.290
v 12.501 -99.591 -34.581
v 12.501 -99.591 -33.999
v 12.501 -99.344 -34.290
v 12.501 -99.839 -34.290
f 7097 7093 7095
f 7097 7095 7094
f 7097 7094 7096
f 7097 7096 7093
f 7098 7095 7093
f 7098 7094 7095
f 7098 7096 7094
f 7098 7093 7096
v -71.630 -4.995 -39.288
v -72.130 -4.995 -39.288
v -71.880 -4.995 -39.538
v -71.880 -4.995 -39.038
v -71.880 -4.783 -39.288
v -71.880 -5.208 -39.288
f 7103 7099 7101
f 7103 7101 7100
f 7103 7100 7102
f 7103 7102 7099
f 7104 7101 7099
f 7104 7100 7101
f 7104 7102 7100
f 7104 7099 7102
v -2.087 -69.757 -39.737
v -2.587 -69.757 -39.737
v -2.337 -69.757 -39.987
v -2.337 -69.757 -39.487
v -2.337 -69.545 -39.737
v -2.337 -69.970 -39.737
f 7109 7105 7107
f 7109 7107 7106
f 7109 7106 7108
f 7109 7108 7105
f 7110 7107 7105
f 7110 7106 7107
f 7110 7108 7106
f 7110 7105 7108
v 47.435 -101.776 -34.229
v 46.935 -101.776 -34.229
v 47.185 -101.776 -34.479
v 47.185 -101.776 -33.979
v 47.185 -101.564 -34.229
v 47.185 -101.989 -34.229
f 7115 7111 7113
f 7115 7113 7112
f 7115 7112 7114
f 7115 7114 7111
f 7116 7113 7111
f 7116 7112 7113
f 7116 7114 7112
f 7116 7111 7114
v 34.816 -88.866 -29.625
v 34.163 -88.866 -29.625
v 34.489 -88.866 -29.952
v 34.489 -88.866 -29.299
v 34.489 -88.588 -29.625
v 34.489 -89.144 -29.625
f 7121 7117 7119
f 7121 7119 7118
f 7121 7118 7120
f 7121 7120 7117
f 7122 7119 7117
f 7122 7118 7119
f 7122 7120 7118
f 7122 7117 7120
v 16.514 -76.125 -38.126
v 15.933 -76.125 -38.126
v 16.224 -76.125 -38.417
v 16.224 -76.125 -37.835
v 16.224 -75.878 -38.126
v 16.224 -76.373 -38.126
f 7127 7123 7125
f 7127 7125 7124
f 7127 7124 7126
f 7127 7126 7123
f 7128 7125 7123
f 7128 7124 7125
f 7128 7126 7124
f 7128 7123 7126
v 43.324 -92.275 -31.494
v 42.605 -92.275 -31.494
v 42.965 -92.275 -31.854
v 42.965 -92.275 -31.135
v 42.965 -91.969 -31.494
v 42.965 -92.580 -31.494
f 7133 7129 7131
f 7133 7131 7130
f 7133 7130 7132
f 7133 7132 7129
f 7134 7131 7129
f 7134 7130 7131
f 7134 7132 7130
f 7134 7129 7132
v 18.226 -68.088 -36.523
v 17.726 -68.088 -36.523
v 17.976 -68.088 -36.773
v 17.976 -68.088 -36.273
v 17.976 -67.876 -36.523
v 17.976 -68.301 -36.523
f 7139 7135 7137
f 7139 7137 7136
f 7139 7136 7138
f 7139 7138 7135
f 7140 7137 7135
f 7140 7136 7137
f 7140 7138 7136
f 7140 7135 7138
v 16.703 -58.505 -31.450
v 16.049 -58.505 -31.450
v 16.376 -58.505 -31.777
v 16.376 -58.505 -31.123
v 16.376 -58.227 -31.450
v 16.376 -58.783 -31.450
f 7145 7141 7143
f 7145 7143 7142
f 7145 7142 7144
f 7145 7144 7141
f 7146 7143 7141
f 7146 7142 7143
f 7146 7144 7142
f 7146 7141 7144
v -1.445 -47.441 -34.056
v -2.027 -47.441 -34.056
v -1.736 -47.441 -34.347
v -1.736 -47.441 -33.765
v -1.736 -47.194 -34.056
v -1.736 -47.688 -34.056
f 7151 7147 7149
f 7151 7149 7148
f 7151 7148 7150
f 7151 7150 7147
f 7152 7149 7147
f 7152 7148 7149
f 7152 7150 7148
f 7152 7147 7150
v 1.602 -46.598 -33.157
v 1.020 -46.598 -33.157
v 1.311 -46.598 -33.447
v 1.311 -46.598 -32.866
v 1.311 -46.351 -33.157
v 1.311 -46.845 -33.157
f 7157 7153 7155
f 7157 7155 7154
f 7157 7154 7156
f 7157 7156 7153
f 7158 7155 7153
f 7158 7154 7155
f 7158 7156 7154
f 7158 7153 7156
v 3.991 -53.171 -34.399
v 3.491 -53.171 -34.399
v 3.741 -53.171 -34.649
v 3.741 -53.171 -34.149
v 3.741 -52.958 -34.399
v 3.741 -53.383 -34.399
f 7163 7159 7161
f 7163 7161 7160
f 7163 7160 7162
f 7163 7162 7159
f 7164 7161 7159
f 7164 7160 7161
f 7164 7162 7160
f 7164 7159 7162
v 7.766 -44.544 -36.167
v 7.184 -44.544 -36.167
v 7.475 -44.544 -36.458
v 7.475 -44.544 -35.876
v 7.475 -44.297 -36.167
v 7.475 -44.791 -36.167
f 7169 7165 7167
f 7169 7167 7166
f 7169 7166 7168
f 7169 7168 7165
f 7170 7167 7165
f 7170 7166 7167
f 7170 7168 7166
f 7170 7165 7168
v -42.566 19.199 -43.944
v -43.066 19.199 -43.944
v -42.816 19.199 -44.194
v -42.816 19.199 -43.694
v -42.816 19.411 -43.944
v -42.816 18.986 -43.944
f 7175 7171 7173
f 7175 7173 7172
f 7175 7172 7174
f 7175 7174 7171
f 7176 7173 7171
f 7176 7172 7173
f 7176 7174 7172
f 7176 7171 7174
v -47.795 24.359 -42.104
v -48.295 24.359 -42.104
v -48.045 24.359 -42.354
v -48.045 24.359 -41.854
v -48.045 24.571 -42.104
v -48.045 24.146 -42.104
f 7181 7177 7179
f 7181 7179 7178
f 7181 7178 7180
f 7181 7180 7177
f 7182 7179 7177
f 7182 7178 7179
f 7182 7180 7178
f 7182 7177 7180
v -57.088 26.593 -42.788
v -57.670 26.593 -42.788
v -57.379 26.593 -43.078
v -57.379 26.593 -42.497
v -57.379 26.840 -42.788
v -57.379 26.345 -42.788
f 7187 7183 7185
f 7187 7185 7184
f 7187 7184 7186
f 7187 7186 7183
f 7188 7185 7183
f 7188 7184 7185
f 7188 7186 7184
f 7188 7183 7186
v -53.136 28.598 -47.193
v -53.718 28.598 -47.193
v -53.427 28.598 -47.484
v -53.427 28.598 -46.902
v -53.427 28.845 -47.193
v -53.427 28.350 -47.193
f 7193 7189 7191
f 7193 7191 7190
f 7193 7190 7192
f 7193 7192 7189
f 7194 7191 7189
f 7194 7190 7191
f 7194 7192 7190
f 7194 7189 7192
v 66.296 -81.497 -30.059
v 65.714 -81.497 -30.059
v 66.005 -81.497 -30.350
v 66.005 -81.497 -29.768
v 66.005 -81.250 -30.059
v 66.005 -81.744 -30.059
f 7199 7195 7197
f 7199 7197 7196
f 7199 7196 7198
f 7199 7198 7195
f 7200 7197 7195
f 7200 7196 7197
f 7200 7198 7196
f 7200 7195 7198
v 33.691 -50.502 -32.266
v 32.972 -50.502 -32.266
v 33.332 -50.502 -32.626
v 33.332 -50.502 -31.907
v 33.332 -50.197 -32.266
v 33.332 -50.808 -32.266
f 7205 7201 7203
f 7205 7203 7202
f 7205 7202 7204
f 7205 7204 7201
f 7206 7203 7201
f 7206 7202 7203
f 7206 7204 7202
f 7206 7201 7204
v 30.286 -52.567 -33.526
v 29.786 -52.567 -33.526
v 30.036 -52.567 -33.776
v 30.036 -52.567 -33.276
v 30.036 -52.354 -33.526
v 30.036 -52.779 -33.526
f 7211 7207 7209
f 7211 7209 7208
f 7211 7208 7210
f 7211 7210 7207
f 7212 7209 7207
f 7212 7208 7209
f 7212 7210 7208
f 7212 7207 7210
v 11.849 -40.171 -41.101
v 11.349 -40.171 -41.101
v 11.599 -40.171 -41.351
v 11.599 -40.171 -40.851
v 11.599 -39.958 -41.101
v 11.599 -40.383 -41.101
f 7217 7213 7215
f 7217 7215 7214
f 7217 7214 7216
f 7217 7216 7213
f 7218 7215 7213
f 7218 7214 7215
f 7218 7216 7214
f 7218 7213 7216
v -50.477 29.693 -46.385
v -51.059 29.693 -46.385
v -50.768 29.693 -46.676
v -50.768 29.693 -46.094
v -50.768 29.940 -46.385
v -50.768 29.446 -46.385
f 7223 7219 7221
f 7223 7221 7220
f 7223 7220 7222
f 7223 7222 7219
f 7224 7221 7219
f 7224 7220 7221
f 7224 7222 7220
f 7224 7219 7222
v -47.746 29.920 -42.807
v -48.246 29.920 -42.807
v -47.996 29.920 -43.057
v -47.996 29.920 -42.557
v -47.996 30.133 -42.807
v -47.996 29.708 -42.807
f 7229 7225 7227
f 7229 7227 7226
f 7229 7226 7228
f 7229 7228 7225
f 7230 7227 7225
f 7230 7226 7227
f 7230 7228 7226
f 7230 7225 7228
v -47.108 30.991 -43.074
v -47.608 30.991 -43.074
v -47.358 30.991 -43.324
v -47.358 30.991 -42.824
v -47.358 31.203 -43.074
v -47.358 30.778 -43.074
f 7235 7231 7233
f 7235 7233 7232
f 7235 7232 7234
f 7235 7234 7231
f 7236 7233 7231
f 7236 7232 7233
f 7236 7234 7232
f 7236 7231 7234
v -39.475 25.134 -52.586
v -39.975 25.134 -52.586
v -39.725 25.134 -52.836
v -39.725 25.134 -52.336
v -39.725 25.346 -52.586
v -39.725 24.921 -52.586
f 7241 7237 7239
f 7241 7239 7238
f 7241 7238 7240
f 7241 7240 7237
f 7242 7239 7237
f 7242 7238 7239
f 7242 7240 7238
f 7242 7237 7240
v -42.368 29.668 -50.333
v -42.950 29.668 -50.333
v -42.659 29.668 -50.624
v -42.659 29.668 -50.042
v -42.659 29.915 -50.333
v -42.659 29.421 -50.333
f 7247 7243 7245
f 7247 7245 7244
f 7247 7244 7246
f 7247 7246 7243
f 7248 7245 7243
f 7248 7244 7245
f 7248 7246 7244
f 7248 7243 7246
v -47.719 33.060 -43.609
v -48.373 33.060 -43.609
v -48.046 33.060 -43.936
v -48.046 33.060 -43.282
v -48.046 33.337 -43.609
v -48.046 32.782 -43.609
f 7253 7249 7251
f 7253 7251 7250
f 7253 7250 7252
f 7253 7252 7249
f 7254 7251 7249
f 7254 7250 7251
f 7254 7252 7250
f 7254 7249 7252
v -47.986 35.336 -45.184
v -48.568 35.336 -45.184
v -48.277 35.336 -45.475
v -48.277 35.336 -44.893
v -48.277 35.583 -45.184
v -48.277 35.088 -45.184
f 7259 7255 7257
f 7259 7257 7256
f 7259 7256 7258
f 7259 7258 7255
f 7260 7257 7255
f 7260 7256 7257
f 7260 7258 7256
f 7260 7255 7258
v -50.355 37.716 -44.831
v -51.009 37.716 -44.831
v -50.682 37.716 -45.158
v -50.682 37.716 -44.504
v -50.682 37.994 -44.831
v -50.682 37.438 -44.831
f 7265 7261 7263
f 7265 7263 7262
f 7265 7262 7264
f 7265 7264 7261
f 7266 7263 7261
f 7266 7262 7263
f 7266 7264 7262
f 7266 7261 7264
v 64.018 -74.845 -39.596
v 63.518 -74.845 -39.596
v 63.768 -74.845 -39.846
v 63.768 -74.845 -39.346
v 63.768 -74.632 -39.596
v 63.768 -75.057 -39.596
f 7271 7267 7269
f 7271 7269 7268
f 7271 7268 7270
f 7271 7270 7267
f 7272 7269 7267
f 7272 7268 7269
f 7272 7270 7268
f 7272 7267 7270
v 45.815 -51.529 -37.671
v 45.315 -51.529 -37.671
v 45.565 -51.529 -37.921
v 45.565 -51.529 -37.421
v 45.565 -51.316 -37.671
v 45.565 -51.741 -37.671
f 7277 7273 7275
f 7277 7275 7274
f 7277 7274 7276
f 7277 7276 7273
f 7278 7275 7273
f 7278 7274 7275
f 7278 7276 7274
f 7278 7273 7276
v 45.694 -52.874 -35.941
v 45.194 -52.874 -35.941
v 45.444 -52.874 -36.191
v 45.444 -52.874 -35.691
v 45.444 -52.662 -35.941
v 45.444 -53.087 -35.941
f 7283 7279 7281
f 7283 7281 7280
f 7283 7280 7282
f 7283 7282 7279
f 7284 7281 7279
f 7284 7280 7281
f 7284 7282 7280
f 7284 7279 7282
v 18.845 -31.547 -40.243
v 18.345 -31.547 -40.243
v 18.595 -31.547 -40.493
v 18.595 -31.547 -39.993
v 18.595 -31.335 -40.243
v 18.595 -31.760 -40.243
f 7289 7285 7287
f 7289 7287 7286
f 7289 7286 7288
f 7289 7288 7285
f 7290 7287 7285
f 7290 7286 7287
f 7290 7288 7286
f 7290 7285 7288
v 23.244 -34.623 -35.945
v 22.590 -34.623 -35.945
v 22.917 -34.623 -36.272
v 22.917 -34.623 -35.618
v 22.917 -34.345 -35.945
v 22.917 -34.901 -35.945
f 7295 7291 7293
f 7295 7293 7292
f 7295 7292 7294
f 7295 7294 7291
f 7296 7293 7291
f 7296 7292 7293
f 7296 7294 7292
f 7296 7291 7294
v -50.311 44.899 -40.637
v -50.811 44.899 -40.637
v -50.561 44.899 -40.887
v -50.561 44.899 -40.387
v -50.561 45.112 -40.637
v -50.561 44.687 -40.637
f 7301 7297 7299
f 7301 7299 7298
f 7301 7298 7300
f 7301 7300 7297
f 7302 7299 7297
f 7302 7298 7299
f 7302 7300 7298
f 7302 7297 7300
v -48.769 53.773 -35.869
v -49.269 53.773 -35.869
v -49.019 53.773 -36.119
v -49.019 53.773 -35.619
v -49.019 53.985 -35.869
v -49.019 53.560 -35.869
f 7307 7303 7305
f 7307 7305 7304
f 7307 7304 7306
f 7307 7306 7303
f 7308 7305 7303
f 7308 7304 7305
f 7308 7306 7304
f 7308 7303 7306
v 23.583 -19.920 -28.653
v 22.864 -19.920 -28.653
v 23.223 -19.920 -29.013
v 23.223 -19.920 -28.294
v 23.223 -19.614 -28.653
v 23.223 -20.225 -28.653
f 7313 7309 7311
f 7313 7311 7310
f 7313 7310 7312
f 7313 7312 7309
f 7314 7311 7309
f 7314 7310 7311
f 7314 7312 7310
f 7314 7309 7312
v -4.489 16.173 -40.600
v -4.989 16.173 -40.600
v -4.739 16.173 -40.850
v -4.739 16.173 -40.350
v -4.739 16.385 -40.600
v -4.739 15.960 -40.600
f 7319 7315 7317
f 7319 7317 7316
f 7319 7316 7318
f 7319 7318 7315
f 7320 7317 7315
f 7320 7316 7317
f 7320 7318 7316
f 7320 7315 7318
v -2.223 15.852 -40.338
v -2.723 15.852 -40.338
v -2.473 15.852 -40.588
v -2.473 15.852 -40.088
v -2.473 16.064 -40.338
v -2.473 15.639 -40.338
f 7325 7321 7323
f 7325 7323 7322
f 7325 7322 7324
f 7325 7324 7321
f 7326 7323 7321
f 7326 7322 7323
f 7326 7324 7322
f 7326 7321 7324
v -11.802 25.342 -38.672
v -12.302 25.342 -38.672
v -12.052 25.342 -38.922
v -12.052 25.342 -38.422
v -12.052 25.555 -38.672
v -12.052 25.130 -38.672
f 7331 7327 7329
f 7331 7329 7328
f 7331 7328 7330
f 7331 7330 7327
f 7332 7329 7327
f 7332 7328 7329
f 7332 7330 7328
f 7332 7327 7330
v -52.731 64.079 -39.261
v -53.313 64.079 -39.261
v -53.022 64.079 -39.552
v -53.022 64.079 -38.970
v -53.022 64.327 -39.261
v -53.022 63.832 -39.261
f 7337 7333 7335
f 7337 7335 7334
f 7337 7334 7336
f 7337 7336 7333
f 7338 7335 7333
f 7338 7334 7335
f 7338 7336 7334
f 7338 7333 7336
v -56.777 69.236 -40.509
v -57.431 69.236 -40.509
v -57.104 69.236 -40.836
v -57.104 69.236 -40.182
v -57.104 69.514 -40.509
v -57.104 68.958 -40.509
f 7343 7339 7341
f 7343 7341 7340
f 7343 7340 7342
f 7343 7342 7339
f 7344 7341 7339
f 7344 7340 7341
f 7344 7342 7340
f 7344 7339 7342
v -60.033 73.671 -39.553
v -60.533 73.671 -39.553
v -60.283 73.671 -39.803
v -60.283 73.671 -39.303
v -60.283 73.883 -39.553
v -60.283 73.458 -39.553
f 7349 7345 7347
f 7349 7347 7346
f 7349 7346 7348
f 7349 7348 7345
f 7350 7347 7345
f 7350 7346 7347
f 7350 7348 7346
f 7350 7345 7348
v 66.708 -47.237 -25.391
v 66.208 -47.237 -25.391
v 66.458 -47.237 -25.641
v 66.458 -47.237 -25.141
v 66.458 -47.024 -25.391
v 66.458 -47.449 -25.391
f 7355 7351 7353
f 7355 7353 7352
f 7355 7352 7354
f 7355 7354 7351
f 7356 7353 7351
f 7356 7352 7353
f 7356 7354 7352
f 7356 7351 7354
v 37.189 -13.723 -34.805
v 36.689 -13.723 -34.805
v 36.939 -13.723 -35.055
v 36.939 -13.723 -34.555
v 36.939 -13.510 -34.805
v 36.939 -13.935 -34.805
f 7361 7357 7359
f 7361 7359 7358
f 7361 7358 7360
f 7361 7360 7357
f 7362 7359 7357
f 7362 7358 7359
f 7362 7360 7358
f 7362 7357 7360
v 40.475 -14.474 -34.932
v 39.821 -14.474 -34.932
v 40.148 -14.474 -35.259
v 40.148 -14.474 -34.605
v 40.148 -14.196 -34.932
v 40.148 -14.751 -34.932
f 7367 7363 7365
f 7367 7365 7364
f 7367 7364 7366
f 7367 7366 7363
f 7368 7365 7363
f 7368 7364 7365
f 7368 7366 7364
f 7368 7363 7366
v 19.655 21.446 -39.727
v 19.074 21.446 -39.727
v 19.365 21.446 -40.017
v 19.365 21.446 -39.436
v 19.365 21.693 -39.727
v 19.365 21.198 -39.727
f 7373 7369 7371
f 7373 7371 7370
f 7373 7370 7372
f 7373 7372 7369
f 7374 7371 7369
f 7374 7370 7371
f 7374 7372 7370
f 7374 7369 7372
v -32.298 59.681 -40.801
v -32.952 59.681 -40.801
v -32.625 59.681 -41.128
v -32.625 59.681 -40.474
v -32.625 59.958 -40.801
v -32.625 59.403 -40.801
f 7379 7375 7377
f 7379 7377 7376
f 7379 7376 7378
f 7379 7378 7375
f 7380 7377 7375
f 7380 7376 7377
f 7380 7378 7376
f 7380 7375 7378
v -40.790 66.938 -41.614
v -41.290 66.938 -41.614
v -41.040 66.938 -41.864
v -41.040 66.938 -41.364
v -41.040 67.150 -41.614
v -41.040 66.725 -41.614
f 7385 7381 7383
f 7385 7383 7382
f 7385 7382 7384
f 7385 7384 7381
f 7386 7383 7381
f 7386 7382 7383
f 7386 7384 7382
f 7386 7381 7384
v 45.560 -16.512 -32.224
v 45.060 -16.512 -32.224
v 45.310 -16.512 -32.474
v 45.310 -16.512 -31.974
v 45.310 -16.299 -32.224
v 45.310 -16.724 -32.224
f 7391 7387 7389
f 7391 7389 7388
f 7391 7388 7390
f 7391 7390 7387
f 7392 7389 7387
f 7392 7388 7389
f 7392 7390 7388
f 7392 7387 7390
v -19.003 63.340 -38.927
v -19.584 63.340 -38.927
v -19.294 63.340 -39.218
v -19.294 63.340 -38.636
v -19.294 63.587 -38.927
v -19.294 63.093 -38.927
f 7397 7393 7395
f 7397 7395 7394
f 7397 7394 7396
f 7397 7396 7393
f 7398 7395 7393
f 7398 7394 7395
f 7398 7396 7394
f 7398 7393 7396
v 60.684 -12.739 -29.598
v 60.102 -12.739 -29.598
v 60.393 -12.739 -29.889
v 60.393 -12.739 -29.307
v 60.393 -12.492 -29.598
v 60.393 -12.986 -29.598
f 7403 7399 7401
f 7403 7401 7400
f 7403 7400 7402
f 7403 7402 7399
f 7404 7401 7399
f 7404 7400 7401
f 7404 7402 7400
f 7404 7399 7402
v 57.629 -8.940 -37.736
v 56.975 -8.940 -37.736
v 57.302 -8.940 -38.063
v 57.302 -8.940 -37.409
v 57.302 -8.662 -37.736
v 57.302 -9.218 -37.736
f 7409 7405 7407
f 7409 7407 7406
f 7409 7406 7408
f 7409 7408 7405
f 7410 7407 7405
f 7410 7406 7407
f 7410 7408 7406
f 7410 7405 7408
v 57.472 -7.986 -32.746
v 56.972 -7.986 -32.746
v 57.222 -7.986 -32.996
v 57.222 -7.986 -32.496
v 57.222 -7.773 -32.746
v 57.222 -8.198 -32.746
f 7415 7411 7413
f 7415 7413 7412
f 7415 7412 7414
f 7415 7414 7411
f 7416 7413 7411
f 7416 7412 7413
f 7416 7414 7412
f 7416 7411 7414
v 60.615 -8.710 -32.501
v 60.115 -8.710 -32.501
v 60.365 -8.710 -32.751
v 60.365 -8.710 -32.251
v 60.365 -8.498 -32.501
v 60.365 -8.923 -32.501
f 7421 7417 7419
f 7421 7419 7418
f 7421 7418 7420
f 7421 7420 7417
f 7422 7419 7417
f 7422 7418 7419
f 7422 7420 7418
f 7422 7417 7420
v 61.696 -4.671 -31.945
v 61.196 -4.671 -31.945
v 61.446 -4.671 -32.195
v 61.446 -4.671 -31.695
v 61.446 -4.459 -31.945
v 61.446 -4.884 -31.945
f 7427 7423 7425
f 7427 7425 7424
f 7427 7424 7426
f 7427 7426 7423
f 7428 7425 7423
f 7428 7424 7425
f 7428 7426 7424
f 7428 7423 7426
v 36.868 19.642 -39.833
v 36.368 19.642 -39.833
v 36.618 19.642 -40.083
v 36.618 19.642 -39.583
v 36.618 19.854 -39.833
v 36.618 19.429 -39.833
f 7433 7429 7431
f 7433 7431 7430
f 7433 7430 7432
f 7433 7432 7429
f 7434 7431 7429
f 7434 7430 7431
f 7434 7432 7430
f 7434 7429 7432
v 31.360 22.269 -41.018
v 30.779 22.269 -41.018
v 31.070 22.269 -41.309
v 31.070 22.269 -40.727
v 31.070 22.516 -41.018
v 31.070 22.021 -41.018
f 7439 7435 7437
f 7439 7437 7436
f 7439 7436 7438
f 7439 7438 7435
f 7440 7437 7435
f 7440 7436 7437
f 7440 7438 7436
f 7440 7435 7438
v -7.557 67.829 -39.357
v -8.057 67.829 -39.357
v -7.807 67.829 -39.607
v -7.807 67.829 -39.107
v -7.807 68.041 -39.357
v -7.807 67.616 -39.357
f 7445 7441 7443
f 7445 7443 7442
f 7445 7442 7444
f 7445 7444 7441
f 7446 7443 7441
f 7446 7442 7443
f 7446 7444 7442
f 7446 7441 7444
v -5.614 70.621 -42.310
v -6.114 70.621 -42.310
v -5.864 70.621 -42.560
v -5.864 70.621 -42.060
v -5.864 70.834 -42.310
v -5.864 70.409 -42.310
f 7451 7447 7449
f 7451 7449 7448
f 7451 7448 7450
f 7451 7450 7447
f 7452 7449 7447
f 7452 7448 7449
f 7452 7450 7448
f 7452 7447 7450
v -30.449 88.139 -43.014
v -30.949 88.139 -43.014
v -30.699 88.139 -43.264
v -30.699 88.139 -42.764
v -30.699 88.351 -43.014
v -30.699 87.926 -43.014
f 7457 7453 7455
f 7457 7455 7454
f 7457 7454 7456
f 7457 7456 7453
f 7458 7455 7453
f 7458 7454 7455
f 7458 7456 7454
f 7458 7453 7456
v -28.993 88.819 -40.756
v -29.647 88.819 -40.756
v -29.320 88.819 -41.083
v -29.320 88.819 -40.429
v -29.320 89.097 -40.756
v -29.320 88.541 -40.756
f 7463 7459 7461
f 7463 7461 7460
f 7463 7460 7462
f 7463 7462 7459
f 7464 7461 7459
f 7464 7460 7461
f 7464 7462 7460
f 7464 7459 7462
v 60.819 0.702 -30.690
v 60.319 0.702 -30.690
v 60.569 0.702 -30.940
v 60.569 0.702 -30.440
v 60.569 0.914 -30.690
v 60.569 0.489 -30.690
f 7469 7465 7467
f 7469 7467 7466
f 7469 7466 7468
f 7469 7468 7465
f 7470 7467 7465
f 7470 7466 7467
f 7470 7468 7466
f 7470 7465 7468
v 56.802 8.361 -37.618
v 56.083 8.361 -37.618
v 56.442 8.361 -37.977
v 56.442 8.361 -37.258
v 56.442 8.666 -37.618
v 56.442 8.055 -37.618
f 7475 7471 7473
f 7475 7473 7472
f 7475 7472 7474
f 7475 7474 7471
f 7476 7473 7471
f 7476 7472 7473
f 7476 7474 7472
f 7476 7471 7474
v 48.152 10.984 -39.614
v 47.652 10.984 -39.614
v 47.902 10.984 -39.864
v 47.902 10.984 -39.364
v 47.902 11.197 -39.614
v 47.902 10.772 -39.614
f 7481 7477 7479
f 7481 7479 7478
f 7481 7478 7480
f 7481 7480 7477
f 7482 7479 7477
f 7482 7478 7479
f 7482 7480 7478
f 7482 7477 7480
v 53.525 10.262 -40.009
v 53.025 10.262 -40.009
v 53.275 10.262 -40.259
v 53.275 10.262 -39.759
v 53.275 10.475 -40.009
v 53.275 10.050 -40.009
f 7487 7483 7485
f 7487 7485 7484
f 7487 7484 7486
f 7487 7486 7483
f 7488 7485 7483
f 7488 7484 7485
f 7488 7486 7484
f 7488 7483 7486
v 51.696 19.064 -36.439
v 51.196 19.064 -36.439
v 51.446 19.064 -36.689
v 51.446 19.064 -36.189
v 51.446 19.276 -36.439
v 51.446 18.851 -36.439
f 7493 7489 7491
f 7493 7491 7490
f 7493 7490 7492
f 7493 7492 7489
f 7494 7491 7489
f 7494 7490 7491
f 7494 7492 7490
f 7494 7489 7492
v 54.090 11.387 -34.195
v 53.436 11.387 -34.195
v 53.763 11.387 -34.522
v 53.763 11.387 -33.868
v 53.763 11.665 -34.195
v 53.763 11.109 -34.195
f 7499 7495 7497
f 7499 7497 7496
f 7499 7496 7498
f 7499 7498 7495
f 7500 7497 7495
f 7500 7496 7497
f 7500 7498 7496
f 7500 7495 7498
v -3.872 76.075 -47.240
v -4.372 76.075 -47.240
v -4.122 76.075 -47.490
v -4.122 76.075 -46.990
v -4.122 76.287 -47.240
v -4.122 75.862 -47.240
f 7505 7501 7503
f 7505 7503 7502
f 7505 7502 7504
f 7505 7504 7501
f 7506 7503 7501
f 7506 7502 7503
f 7506 7504 7502
f 7506 7501 7504
v -4.539 74.318 -44.337
v -5.039 74.318 -44.337
v -4.789 74.318 -44.587
v -4.789 74.318 -44.087
v -4.789 74.531 -44.337
v -4.789 74.106 -44.337
f 7511 7507 7509
f 7511 7509 7508
f 7511 7508 7510
f 7511 7510 7507
f 7512 7509 7507
f 7512 7508 7509
f 7512 7510 7508
f 7512 7507 7510
v -4.012 69.079 -37.748
v -4.512 69.079 -37.748
v -4.262 69.079 -37.998
v -4.262 69.079 -37.498
v -4.262 69.292 -37.748
v -4.262 68.867 -37.748
f 7517 7513 7515
f 7517 7515 7514
f 7517 7514 7516
f 7517 7516 7513
f 7518 7515 7513
f 7518 7514 7515
f 7518 7516 7514
f 7518 7513 7516
v 51.400 21.653 -36.085
v 50.819 21.653 -36.085
v 51.110 21.653 -36.376
v 51.110 21.653 -35.794
v 51.110 21.900 -36.085
v 51.110 21.405 -36.085
f 7523 7519 7521
f 7523 7521 7520
f 7523 7520 7522
f 7523 7522 7519
f 7524 7521 7519
f 7524 7520 7521
f 7524 7522 7520
f 7524 7519 7522
v 53.653 20.621 -34.849
v 52.933 20.621 -34.849
v 53.293 20.621 -35.209
v 53.293 20.621 -34.490
v 53.293 20.927 -34.849
v 53.293 20.315 -34.849
f 7529 7525 7527
f 7529 7527 7526
f 7529 7526 7528
f 7529 7528 7525
f 7530 7527 7525
f 7530 7526 7527
f 7530 7528 7526
f 7530 7525 7528
v 52.159 26.783 -40.169
v 51.659 26.783 -40.169
v 51.909 26.783 -40.419
v 51.909 26.783 -39.919
v 51.909 26.996 -40.169
v 51.909 26.571 -40.169
f 7535 7531 7533
f 7535 7533 7532
f 7535 7532 7534
f 7535 7534 7531
f 7536 7533 7531
f 7536 7532 7533
f 7536 7534 7532
f 7536 7531 7534
v 24.093 60.738 -46.049
v 23.593 60.738 -46.049
v 23.843 60.738 -46.299
v 23.843 60.738 -45.799
v 23.843 60.950 -46.049
v 23.843 60.525 -46.049
f 7541 7537 7539
f 7541 7539 7538
f 7541 7538 7540
f 7541 7540 7537
f 7542 7539 7537
f 7542 7538 7539
f 7542 7540 7538
f 7542 7537 7540
v -25.829 107.274 -43.082
v -26.329 107.274 -43.082
v -26.079 107.274 -43.332
v -26.079 107.274 -42.832
v -26.079 107.486 -43.082
v -26.079 107.061 -43.082
f 7547 7543 7545
f 7547 7545 7544
f 7547 7544 7546
f 7547 7546 7543
f 7548 7545 7543
f 7548 7544 7545
f 7548 7546 7544
f 7548 7543 7546
v 62.034 44.912 -43.173
v 61.534 44.912 -43.173
v 61.784 44.912 -43.423
v 61.784 44.912 -42.923
v 61.784 45.125 -43.173
v 61.784 44.700 -43.173
f 7553 7549 7551
f 7553 7551 7550
f 7553 7550 7552
f 7553 7552 7549
f 7554 7551 7549
f 7554 7550 7551
f 7554 7552 7550
f 7554 7549 7552
v 62.051 49.908 -43.025
v 61.398 49.908 -43.025
v 61.724 49.908 -43.352
v 61.724 49.908 -42.698
v 61.724 50.186 -43.025
v 61.724 49.630 -43.025
f 7559 7555 7557
f 7559 7557 7556
f 7559 7556 7558
f 7559 7558 7555
f 7560 7557 7555
f 7560 7556 7557
f 7560 7558 7556
f 7560 7555 7558
v 57.123 57.852 -38.715
v 56.623 57.852 -38.715
v 56.873 57.852 -38.965
v 56.873 57.852 -38.465
v 56.873 58.065 -38.715
v 56.873 57.640 -38.715
f 7565 7561 7563
f 7565 7563 7562
f 7565 7562 7564
f 7565 7564 7561
f 7566 7563 7561
f 7566 7562 7563
f 7566 7564 7562
f 7566 7561 7564
v 15.567 101.026 -46.074
v 14.985 101.026 -46.074
v 15.276 101.026 -46.365
v 15.276 101.026 -45.783
v 15.276 101.273 -46.074
v 15.276 100.779 -46.074
f 7571 7567 7569
f 7571 7569 7568
f 7571 7568 7570
f 7571 7570 7567
f 7572 7569 7567
f 7572 7568 7569
f 7572 7570 7568
f 7572 7567 7570
v 68.838 62.058 -38.223
v 68.338 62.058 -38.223
v 68.588 62.058 -38.473
v 68.588 62.058 -37.973
v 68.588 62.270 -38.223
v 68.588 61.845 -38.223
f 7577 7573 7575
f 7577 7575 7574
f 7577 7574 7576
f 7577 7576 7573
f 7578 7575 7573
f 7578 7574 7575
f 7578 7576 7574
f 7578 7573 7576
v 77.052 66.412 -45.558
v 76.398 66.412 -45.558
v 76.725 66.412 -45.885
v 76.725 66.412 -45.231
v 76.725 66.689 -45.558
v 76.725 66.134 -45.558
f 7583 7579 7581
f 7583 7581 7580
f 7583 7580 7582
f 7583 7582 7579
f 7584 7581 7579
f 7584 7580 7581
f 7584 7582 7580
f 7584 7579 7582
v -39.257 -110.288 -22.121
v -39.911 -110.288 -22.121
v -39.584 -110.288 -22.448
v -39.584 -110.288 -21.794
v -39.584 -110.010 -22.121
v -39.584 -110.566 -22.121
f 7589 7585 7587
f 7589 7587 7586
f 7589 7586 7588
f 7589 7588 7585
f 7590 7587 7585
f 7590 7586 7587
f 7590 7588 7586
f 7590 7585 7588
v -73.788 -58.076 -23.775
v -74.288 -58.076 -23.775
v -74.038 -58.076 -24.025
v -74.038 -58.076 -23.525
v -74.038 -57.863 -23.775
v -74.038 -58.288 -23.775
f 7595 7591 7593
f 7595 7593 7592
f 7595 7592 7594
f 7595 7594 7591
f 7596 7593 7591
f 7596 7592 7593
f 7596 7594 7592
f 7596 7591 7594
v -75.692 -58.489 -22.821
v -76.192 -58.489 -22.821
v -75.942 -58.489 -23.071
v -75.942 -58.489 -22.571
v -75.942 -58.277 -22.821
v -75.942 -58.702 -22.821
f 7601 7597 7599
f 7601 7599 7598
f 7601 7598 7600
f 7601 7600 7597
f 7602 7599 7597
f 7602 7598 7599
f 7602 7600 7598
f 7602 7597 7600
v -23.140 -106.201 -25.151
v -23.640 -106.201 -25.151
v -23.390 -106.201 -25.401
v -23.390 -106.201 -24.901
v -23.390 -105.988 -25.151
v -23.390 -106.413 -25.151
f 7607 7603 7605
f 7607 7605 7604
f 7607 7604 7606
f 7607 7606 7603
f 7608 7605 7603
f 7608 7604 7605
f 7608 7606 7604
f 7608 7603 7606
v -27.908 -99.673 -22.933
v -28.408 -99.673 -22.933
v -28.158 -99.673 -23.183
v -28.158 -99.673 -22.683
v -28.158 -99.460 -22.933
v -28.158 -99.885 -22.933
f 7613 7609 7611
f 7613 7611 7610
f 7613 7610 7612
f 7613 7612 7609
f 7614 7611 7609
f 7614 7610 7611
f 7614 7612 7610
f 7614 7609 7612
v -23.438 -92.597 -20.676
v -24.092 -92.597 -20.676
v -23.765 -92.597 -21.003
v -23.765 -92.597 -20.349
v -23.765 -92.319 -20.676
v -23.765 -92.875 -20.676
f 7619 7615 7617
f 7619 7617 7616
f 7619 7616 7618
f 7619 7618 7615
f 7620 7617 7615
f 7620 7616 7617
f 7620 7618 7616
f 7620 7615 7618
v -15.490 -95.803 -18.724
v -15.990 -95.803 -18.724
v -15.740 -95.803 -18.974
v -15.740 -95.803 -18.474
v -15.740 -95.591 -18.724
v -15.740 -96.016 -18.724
f 7625 7621 7623
f 7625 7623 7622
f 7625 7622 7624
f 7625 7624 7621
f 7626 7623 7621
f 7626 7622 7623
f 7626 7624 7622
f 7626 7621 7624
v -24.670 -87.625 -20.117
v -25.324 -87.625 -20.117
v -24.997 -87.625 -20.444
v -24.997 -87.625 -19.790
v -24.997 -87.347 -20.117
v -24.997 -87.903 -20.117
f 7631 7627 7629
f 7631 7629 7628
f 7631 7628 7630
f 7631 7630 7627
f 7632 7629 7627
f 7632 7628 7629
f 7632 7630 7628
f 7632 7627 7630
v -20.878 -93.013 -20.242
v -21.378 -93.013 -20.242
v -21.128 -93.013 -20.492
v -21.128 -93.013 -19.992
v -21.128 -92.801 -20.242
v -21.128 -93.226 -20.242
f 7637 7633 7635
f 7637 7635 7634
f 7637 7634 7636
f 7637 7636 7633
f 7638 7635 7633
f 7638 7634 7635
f 7638 7636 7634
f 7638 7633 7636
v -55.943 -41.279 -29.297
v -56.443 -41.279 -29.297
v -56.193 -41.279 -29.547
v -56.193 -41.279 -29.047
v -56.193 -41.066 -29.297
v -56.193 -41.491 -29.297
f 7643 7639 7641
f 7643 7641 7640
f 7643 7640 7642
f 7643 7642 7639
f 7644 7641 7639
f 7644 7640 7641
f 7644 7642 7640
f 7644 7639 7642
v 8.845 -104.474 -23.760
v 8.191 -104.474 -23.760
v 8.518 -104.474 -24.087
v 8.518 -104.474 -23.433
v 8.518 -104.196 -23.760
v 8.518 -104.752 -23.760
f 7649 7645 7647
f 7649 7647 7646
f 7649 7646 7648
f 7649 7648 7645
f 7650 7647 7645
f 7650 7646 7647
f 7650 7648 7646
f 7650 7645 7648
v 1.499 -90.784 -18.505
v 0.780 -90.784 -18.505
v 1.139 -90.784 -18.865
v 1.139 -90.784 -18.146
v 1.139 -90.478 -18.505
v 1.139 -91.089 -18.505
f 7655 7651 7653
f 7655 7653 7652
f 7655 7652 7654
f 7655 7654 7651
f 7656 7653 7651
f 7656 7652 7653
f 7656 7654 7652
f 7656 7651 7654
v -23.772 -79.480 -20.089
v -24.354 -79.480 -20.089
v -24.063 -79.480 -20.380
v -24.063 -79.480 -19.799
v -24.063 -79.233 -20.089
v -24.063 -79.727 -20.089
f 7661 7657 7659
f 7661 7659 7658
f 7661 7658 7660
f 7661 7660 7657
f 7662 7659 7657
f 7662 7658 7659
f 7662 7660 7658
f 7662 7657 7660
v -61.075 -33.203 -24.232
v -61.729 -33.203 -24.232
v -61.402 -33.203 -24.559
v -61.402 -33.203 -23.905
v -61.402 -32.925 -24.232
v -61.402 -33.481 -24.232
f 7667 7663 7665
f 7667 7665 7664
f 7667 7664 7666
f 7667 7666 7663
f 7668 7665 7663
f 7668 7664 7665
f 7668 7666 7664
f 7668 7663 7666
v -60.230 -24.462 -29.006
v -60.730 -24.462 -29.006
v -60.480 -24.462 -29.256
v -60.480 -24.462 -28.756
v -60.480 -24.250 -29.006
v -60.480 -24.675 -29.006
f 7673 7669 7671
f 7673 7671 7670
f 7673 7670 7672
f 7673 7672 7669
f 7674 7671 7669
f 7674 7670 7671
f 7674 7672 7670
f 7674 7669 7672
v -57.195 -25.084 -27.385
v -57.777 -25.084 -27.385
v -57.486 -25.084 -27.676
v -57.486 -25.084 -27.094
v -57.486 -24.837 -27.385
v -57.486 -25.332 -27.385
f 7679 7675 7677
f 7679 7677 7676
f 7679 7676 7678
f 7679 7678 7675
f 7680 7677 7675
f 7680 7676 7677
f 7680 7678 7676
f 7680 7675 7678
v -104.753 5.339 -31.926
v -105.334 5.339 -31.926
v -105.043 5.339 -32.217
v -105.043 5.339 -31.636
v -105.043 5.586 -31.926
v -105.043 5.091 -31.926
f 7685 7681 7683
f 7685 7683 7682
f 7685 7682 7684
f 7685 7684 7681
f 7686 7683 7681
f 7686 7682 7683
f 7686 7684 7682
f 7686 7681 7684
v -40.257 -34.351 -25.153
v -40.839 -34.351 -25.153
v -40.548 -34.351 -25.444
v -40.548 -34.351 -24.863
v -40.548 -34.103 -25.153
v -40.548 -34.598 -25.153
f 7691 7687 7689
f 7691 7689 7688
f 7691 7688 7690
f 7691 7690 7687
f 7692 7689 7687
f 7692 7688 7689
f 7692 7690 7688
f 7692 7687 7690
v -49.114 -29.942 -31.809
v -49.614 -29.942 -31.809
v -49.364 -29.942 -32.059
v -49.364 -29.942 -31.559
v -49.364 -29.730 -31.809
v -49.364 -30.155 -31.809
f 7697 7693 7695
f 7697 7695 7694
f 7697 7694 7696
f 7697 7696 7693
f 7698 7695 7693
f 7698 7694 7695
f 7698 7696 7694
f 7698 7693 7696
v -51.706 -30.631 -32.249
v -52.287 -30.631 -32.249
v -51.997 -30.631 -32.540
v -51.997 -30.631 -31.959
v -51.997 -30.384 -32.249
v -51.997 -30.878 -32.249
f 7703 7699 7701
f 7703 7701 7700
f 7703 7700 7702
f 7703 7702 7699
f 7704 7701 7699
f 7704 7700 7701
f 7704 7702 7700
f 7704 7699 7702
v -51.528 -18.889 -33.989
v -52.028 -18.889 -33.989
v -51.778 -18.889 -34.239
v -51.778 -18.889 -33.739
v -51.778 -18.677 -33.989
v -51.778 -19.102 -33.989
f 7709 7705 7707
f 7709 7707 7706
f 7709 7706 7708
f 7709 7708 7705
f 7710 7707 7705
f 7710 7706 7707
f 7710 7708 7706
f 7710 7705 7708
v 12.985 -88.391 -19.384
v 12.485 -88.391 -19.384
v 12.735 -88.391 -19.634
v 12.735 -88.391 -19.134
v 12.735 -88.179 -19.384
v 12.735 -88.604 -19.384
f 7715 7711 7713
f 7715 7713 7712
f 7715 7712 7714
f 7715 7714 7711
f 7716 7713 7711
f 7716 7712 7713
f 7716 7714 7712
f 7716 7711 7714
v 16.635 -88.153 -19.055
v 16.054 -88.153 -19.055
v 16.345 -88.153 -19.346
v 16.345 -88.153 -18.764
v 16.345 -87.905 -19.055
v 16.345 -88.400 -19.055
f 7721 7717 7719
f 7721 7719 7718
f 7721 7718 7720
f 7721 7720 7717
f 7722 7719 7717
f 7722 7718 7719
f 7722 7720 7718
f 7722 7717 7720
v 18.020 -88.064 -21.766
v 17.520 -88.064 -21.766
v 17.770 -88.064 -22.016
v 17.770 -88.064 -21.516
v 17.770 -87.852 -21.766
v 17.770 -88.277 -21.766
f 7727 7723 7725
f 7727 7725 7724
f 7727 7724 7726
f 7727 7726 7723
f 7728 7725 7723
f 7728 7724 7725
f 7728 7726 7724
f 7728 7723 7726
v -12.483 -55.697 -29.830
v -12.983 -55.697 -29.830
v -12.733 -55.697 -30.080
v -12.733 -55.697 -29.580
v -12.733 -55.484 -29.830
v -12.733 -55.909 -29.830
f 7733 7729 7731
f 7733 7731 7730
f 7733 7730 7732
f 7733 7732 7729
f 7734 7731 7729
f 7734 7730 7731
f 7734 7732 7730
f 7734 7729 7732
v -24.318 -47.194 -27.435
v -24.818 -47.194 -27.435
v -24.568 -47.194 -27.685
v -24.568 -47.194 -27.185
v -24.568 -46.982 -27.435
v -24.568 -47.407 -27.435
f 7739 7735 7737
f 7739 7737 7736
f 7739 7736 7738
f 7739 7738 7735
f 7740 7737 7735
f 7740 7736 7737
f 7740 7738 7736
f 7740 7735 7738
v -25.975 -41.999 -28.786
v -26.475 -41.999 -28.786
v -26.225 -41.999 -29.036
v -26.225 -41.999 -28.536
v -26.225 -41.786 -28.786
v -26.225 -42.211 -28.786
f 7745 7741 7743
f 7745 7743 7742
f 7745 7742 7744
f 7745 7744 7741
f 7746 7743 7741
f 7746 7742 7743
f 7746 7744 7742
f 7746 7741 7744
v -43.326 -4.844 -30.741
v -43.826 -4.844 -30.741
v -43.576 -4.844 -30.991
v -43.576 -4.844 -30.491
v -43.576 -4.631 -30.741
v -43.576 -5.056 -30.741
f 7751 7747 7749
f 7751 7749 7748
f 7751 7748 7750
f 7751 7750 7747
f 7752 7749 7747
f 7752 7748 7749
f 7752 7750 7748
f 7752 7747 7750
v -47.411 0.894 -33.921
v -47.911 0.894 -33.921
v -47.661 0.894 -34.171
v -47.661 0.894 -33.671
v -47.661 1.107 -33.921
v -47.661 0.682 -33.921
f 7757 7753 7755
f 7757 7755 7754
f 7757 7754 7756
f 7757 7756 7753
f 7758 7755 7753
f 7758 7754 7755
f 7758 7756 7754
f 7758 7753 7756
v -49.061 3.666 -29.952
v -49.715 3.666 -29.952
v -49.388 3.666 -30.279
v -49.388 3.666 -29.625
v -49.388 3.944 -29.952
v -49.388 3.388 -29.952
f 7763 7759 7761
f 7763 7761 7760
f 7763 7760 7762
f 7763 7762 7759
f 7764 7761 7759
f 7764 7760 7761
f 7764 7762 7760
f 7764 7759 7762
v -61.472 10.680 -35.083
v -61.972 10.680 -35.083
v -61.722 10.680 -35.333
v -61.722 10.680 -34.833
v -61.722 10.892 -35.083
v -61.722 10.467 -35.083
f 7769 7765 7767
f 7769 7767 7766
f 7769 7766 7768
f 7769 7768 7765
f 7770 7767 7765
f 7770 7766 7767
f 7770 7768 7766
f 7770 7765 7768
v -73.069 21.124 -32.770
v -73.569 21.124 -32.770
v -73.319 21.124 -33.020
v -73.319 21.124 -32.520
v -73.319 21.337 -32.770
v -73.319 20.912 -32.770
f 7775 7771 7773
f 7775 7773 7772
f 7775 7772 7774
f 7775 7774 7771
f 7776 7773 7771
f 7776 7772 7773
f 7776 7774 7772
f 7776 7771 7774
v 59.822 -100.403 -25.857
v 59.322 -100.403 -25.857
v 59.572 -100.403 -26.107
v 59.572 -100.403 -25.607
v 59.572 -100.191 -25.857
v 59.572 -100.616 -25.857
f 7781 7777 7779
f 7781 7779 7778
f 7781 7778 7780
f 7781 7780 7777
f 7782 7779 7777
f 7782 7778 7779
f 7782 7780 7778
f 7782 7777 7780
v 51.949 -98.919 -25.596
v 51.367 -98.919 -25.596
v 51.658 -98.919 -25.887
v 51.658 -98.919 -25.305
v 51.658 -98.672 -25.596
v 51.658 -99.166 -25.596
f 7787 7783 7785
f 7787 7785 7784
f 7787 7784 7786
f 7787 7786 7783
f 7788 7785 7783
f 7788 7784 7785
f 7788 7786 7784
f 7788 7783 7786
v 13.496 -61.958 -30.653
v 12.996 -61.958 -30.653
v 13.246 -61.958 -30.903
v 13.246 -61.958 -30.403
v 13.246 -61.745 -30.653
v 13.246 -62.170 -30.653
f 7793 7789 7791
f 7793 7791 7790
f 7793 7790 7792
f 7793 7792 7789
f 7794 7791 7789
f 7794 7790 7791
f 7794 7792 7790
f 7794 7789 7792
v 3.777 -57.240 -29.325
v 3.277 -57.240 -29.325
v 3.527 -57.240 -29.575
v 3.527 -57.240 -29.075
v 3.527 -57.027 -29.325
v 3.527 -57.452 -29.325
f 7799 7795 7797
f 7799 7797 7796
f 7799 7796 7798
f 7799 7798 7795
f 7800 7797 7795
f 7800 7796 7797
f 7800 7798 7796
f 7800 7795 7798
v 6.218 -55.731 -26.191
v 5.636 -55.731 -26.191
v 5.927 -55.731 -26.482
v 5.927 -55.731 -25.900
v 5.927 -55.484 -26.191
v 5.927 -55.978 -26.191
f 7805 7801 7803
f 7805 7803 7802
f 7805 7802 7804
f 7805 7804 7801
f 7806 7803 7801
f 7806 7802 7803
f 7806 7804 7802
f 7806 7801 7804
v 9.160 -59.259 -27.432
v 8.441 -59.259 -27.432
v 8.800 -59.259 -27.791
v 8.800 -59.259 -27.072
v 8.800 -58.953 -27.432
v 8.800 -59.564 -27.432
f 7811 7807 7809
f 7811 7809 7808
f 7811 7808 7810
f 7811 7810 7807
f 7812 7809 7807
f 7812 7808 7809
f 7812 7810 7808
f 7812 7807 7810
v -30.550 -1.269 -33.654
v -31.269 -1.269 -33.654
v -30.910 -1.269 -34.014
v -30.910 -1.269 -33.295
v -30.910 -0.963 -33.654
v -30.910 -1.574 -33.654
f 7817 7813 7815
f 7817 7815 7814
f 7817 7814 7816
f 7817 7816 7813
f 7818 7815 7813
f 7818 7814 7815
f 7818 7816 7814
f 7818 7813 7816
v -57.057 19.853 -34.789
v -57.557 19.853 -34.789
v -57.307 19.853 -35.039
v -57.307 19.853 -34.539
v -57.307 20.065 -34.789
v -57.307 19.640 -34.789
f 7823 7819 7821
f 7823 7821 7820
f 7823 7820 7822
f 7823 7822 7819
f 7824 7821 7819
f 7824 7820 7821
f 7824 7822 7820
f 7824 7819 7822
v -58.930 14.370 -30.318
v -59.584 14.370 -30.318
v -59.257 14.370 -30.645
v -59.257 14.370 -29.991
v -59.257 14.648 -30.318
v -59.257 14.092 -30.318
f 7829 7825 7827
f 7829 7827 7826
f 7829 7826 7828
f 7829 7828 7825
f 7830 7827 7825
f 7830 7826 7827
f 7830 7828 7826
f 7830 7825 7828
v -60.148 24.692 -34.130
v -60.730 24.692 -34.130
v -60.439 24.692 -34.421
v -60.439 24.692 -33.839
v -60.439 24.939 -34.130
v -60.439 24.445 -34.130
f 7835 7831 7833
f 7835 7833 7832
f 7835 7832 7834
f 7835 7834 7831
f 7836 7833 7831
f 7836 7832 7833
f 7836 7834 7832
f 7836 7831 7834
v -70.361 24.897 -34.514
v -70.943 24.897 -34.514
v -70.652 24.897 -34.805
v -70.652 24.897 -34.223
v -70.652 25.145 -34.514
v -70.652 24.650 -34.514
f 7841 7837 7839
f 7841 7839 7838
f 7841 7838 7840
f 7841 7840 7837
f 7842 7839 7837
f 7842 7838 7839
f 7842 7840 7838
f 7842 7837 7840
v 22.019 -53.260 -25.551
v 21.300 -53.260 -25.551
v 21.659 -53.260 -25.911
v 21.659 -53.260 -25.192
v 21.659 -52.955 -25.551
v 21.659 -53.566 -25.551
f 7847 7843 7845
f 7847 7845 7844
f 7847 7844 7846
f 7847 7846 7843
f 7848 7845 7843
f 7848 7844 7845
f 7848 7846 7844
f 7848 7843 7846
v 24.325 -55.228 -26.581
v 23.743 -55.228 -26.581
v 24.034 -55.228 -26.872
v 24.034 -55.228 -26.290
v 24.034 -54.981 -26.581
v 24.034 -55.475 -26.581
f 7853 7849 7851
f 7853 7851 7850
f 7853 7850 7852
f 7853 7852 7849
f 7854 7851 7849
f 7854 7850 7851
f 7854 7852 7850
f 7854 7849 7852
v 15.510 -50.422 -23.349
v 14.856 -50.422 -23.349
v 15.183 -50.422 -23.676
v 15.183 -50.422 -23.022
v 15.183 -50.144 -23.349
v 15.183 -50.700 -23.349
f 7859 7855 7857
f 7859 7857 7856
f 7859 7856 7858
f 7859 7858 7855
f 7860 7857 7855
f 7860 7856 7857
f 7860 7858 7856
f 7860 7855 7858
v 17.137 -51.099 -26.411
v 16.418 -51.099 -26.411
v 16.777 -51.099 -26.771
v 16.777 -51.099 -26.052
v 16.777 -50.794 -26.411
v 16.777 -51.405 -26.411
f 7865 7861 7863
f 7865 7863 7862
f 7865 7862 7864
f 7865 7864 7861
f 7866 7863 7861
f 7866 7862 7863
f 7866 7864 7862
f 7866 7861 7864
v -28.258 1.118 -28.762
v -28.977 1.118 -28.762
v -28.617 1.118 -29.122
v -28.617 1.118 -28.403
v -28.617 1.423 -28.762
v -28.617 0.812 -28.762
f 7871 7867 7869
f 7871 7869 7868
f 7871 7868 7870
f 7871 7870 7867
f 7872 7869 7867
f 7872 7868 7869
f 7872 7870 7868
f 7872 7867 7870
v -33.690 10.674 -30.961
v -34.190 10.674 -30.961
v -33.940 10.674 -31.211
v -33.940 10.674 -30.711
v -33.940 10.886 -30.961
v -33.940 10.461 -30.961
f 7877 7873 7875
f 7877 7875 7874
f 7877 7874 7876
f 7877 7876 7873
f 7878 7875 7873
f 7878 7874 7875
f 7878 7876 7874
f 7878 7873 7876
v -49.073 19.502 -32.832
v -49.655 19.502 -32.832
v -49.364 19.502 -33.123
v -49.364 19.502 -32.541
v -49.364 19.750 -32.832
v -49.364 19.255 -32.832
f 7883 7879 7881
f 7883 7881 7880
f 7883 7880 7882
f 7883 7882 7879
f 7884 7881 7879
f 7884 7880 7881
f 7884 7882 7880
f 7884 7879 7882
v -46.629 20.018 -39.151
v -47.129 20.018 -39.151
v -46.879 20.018 -39.401
v -46.879 20.018 -38.901
v -46.879 20.231 -39.151
v -46.879 19.806 -39.151
f 7889 7885 7887
f 7889 7887 7886
f 7889 7886 7888
f 7889 7888 7885
f 7890 7887 7885
f 7890 7886 7887
f 7890 7888 7886
f 7890 7885 7888
v -45.381 20.854 -39.978
v -46.035 20.854 -39.978
v -45.708 20.854 -40.305
v -45.708 20.854 -39.651
v -45.708 21.132 -39.978
v -45.708 20.576 -39.978
f 7895 7891 7893
f 7895 7893 7892
f 7895 7892 7894
f 7895 7894 7891
f 7896 7893 7891
f 7896 7892 7893
f 7896 7894 7892
f 7896 7891 7894
v -80.829 57.545 -36.940
v -81.410 57.545 -36.940
v -81.119 57.545 -37.231
v -81.119 57.545 -36.650
v -81.119 57.792 -36.940
v -81.119 57.297 -36.940
f 7901 7897 7899
f 7901 7899 7898
f 7901 7898 7900
f 7901 7900 7897
f 7902 7899 7897
f 7902 7898 7899
f 7902 7900 7898
f 7902 7897 7900
v 26.545 -51.961 -27.877
v 25.964 -51.961 -27.877
v 26.254 -51.961 -28.168
v 26.254 -51.961 -27.586
v 26.254 -51.714 -27.877
v 26.254 -52.209 -27.877
f 7907 7903 7905
f 7907 7905 7904
f 7907 7904 7906
f 7907 7906 7903
f 7908 7905 7903
f 7908 7904 7905
f 7908 7906 7904
f 7908 7903 7906
v 25.547 -50.958 -24.274
v 24.893 -50.958 -24.274
v 25.220 -50.958 -24.601
v 25.220 -50.958 -23.947
v 25.220 -50.680 -24.274
v 25.220 -51.236 -24.274
f 7913 7909 7911
f 7913 7911 7910
f 7913 7910 7912
f 7913 7912 7909
f 7914 7911 7909
f 7914 7910 7911
f 7914 7912 7910
f 7914 7909 7912
v -16.933 0.532 -38.516
v -17.433 0.532 -38.516
v -17.183 0.532 -38.766
v -17.183 0.532 -38.266
v -17.183 0.744 -38.516
v -17.183 0.319 -38.516
f 7919 7915 7917
f 7919 7917 7916
f 7919 7916 7918
f 7919 7918 7915
f 7920 7917 7915
f 7920 7916 7917
f 7920 7918 7916
f 7920 7915 7918
v -48.252 39.342 -41.778
v -48.752 39.342 -41.778
v -48.502 39.342 -42.028
v -48.502 39.342 -41.528
v -48.502 39.554 -41.778
v -48.502 39.129 -41.778
f 7925 7921 7923
f 7925 7923 7922
f 7925 7922 7924
f 7925 7924 7921
f 7926 7923 7921
f 7926 7922 7923
f 7926 7924 7922
f 7926 7921 7924
v -51.870 42.493 -40.856
v -52.370 42.493 -40.856
v -52.120 42.493 -41.106
v -52.120 42.493 -40.606
v -52.120 42.705 -40.856
v -52.120 42.280 -40.856
f 7931 7927 7929
f 7931 7929 7928
f 7931 7928 7930
f 7931 7930 7927
f 7932 7929 7927
f 7932 7928 7929
f 7932 7930 7928
f 7932 7927 7930
v -74.394 63.710 -39.295
v -74.976 63.710 -39.295
v -74.685 63.710 -39.586
v -74.685 63.710 -39.004
v -74.685 63.958 -39.295
v -74.685 63.463 -39.295
f 7937 7933 7935
f 7937 7935 7934
f 7937 7934 7936
f 7937 7936 7933
f 7938 7935 7933
f 7938 7934 7935
f 7938 7936 7934
f 7938 7933 7936
v 9.689 -20.876 -28.734
v 9.107 -20.876 -28.734
v 9.398 -20.876 -29.025
v 9.398 -20.876 -28.443
v 9.398 -20.629 -28.734
v 9.398 -21.124 -28.734
f 7943 7939 7941
f 7943 7941 7940
f 7943 7940 7942
f 7943 7942 7939
f 7944 7941 7939
f 7944 7940 7941
f 7944 7942 7940
f 7944 7939 7942
v -7.549 15.345 -30.967
v -8.131 15.345 -30.967
v -7.840 15.345 -31.258
v -7.840 15.345 -30.676
v -7.840 15.592 -30.967
v -7.840 15.097 -30.967
f 7949 7945 7947
f 7949 7947 7946
f 7949 7946 7948
f 7949 7948 7945
f 7950 7947 7945
f 7950 7946 7947
f 7950 7948 7946
f 7950 7945 7948
v -13.643 15.303 -30.538
v -14.297 15.303 -30.538
v -13.970 15.303 -30.865
v -13.970 15.303 -30.211
v -13.970 15.581 -30.538
v -13.970 15.026 -30.538
f 7955 7951 7953
f 7955 7953 7952
f 7955 7952 7954
f 7955 7954 7951
f 7956 7953 7951
f 7956 7952 7953
f 7956 7954 7952
f 7956 7951 7954
v -55.598 51.513 -28.240
v -56.252 51.513 -28.240
v -55.925 51.513 -28.567
v -55.925 51.513 -27.913
v -55.925 51.791 -28.240
v -55.925 51.236 -28.240
f 7961 7957 7959
f 7961 7959 7958
f 7961 7958 7960
f 7961 7960 7957
f 7962 7959 7957
f 7962 7958 7959
f 7962 7960 7958
f 7962 7957 7960
v -52.829 55.311 -30.547
v -53.411 55.311 -30.547
v -53.120 55.311 -30.838
v -53.120 55.311 -30.256
v -53.120 55.558 -30.547
v -53.120 55.064 -30.547
f 7967 7963 7965
f 7967 7965 7964
f 7967 7964 7966
f 7967 7966 7963
f 7968 7965 7963
f 7968 7964 7965
f 7968 7966 7964
f 7968 7963 7966
v 50.045 -44.329 -15.944
v 49.545 -44.329 -15.944
v 49.795 -44.329 -16.194
v 49.795 -44.329 -15.694
v 49.795 -44.116 -15.944
v 49.795 -44.541 -15.944
f 7973 7969 7971
f 7973 7971 7970
f 7973 7970 7972
f 7973 7972 7969
f 7974 7971 7969
f 7974 7970 7971
f 7974 7972 7970
f 7974 7969 7972
v 16.910 -2.992 -27.011
v 16.410 -2.992 -27.011
v 16.660 -2.992 -27.261
v 16.660 -2.992 -26.761
v 16.660 -2.779 -27.011
v 16.660 -3.204 -27.011
f 7979 7975 7977
f 7979 7977 7976
f 7979 7976 7978
f 7979 7978 7975
f 7980 7977 7975
f 7980 7976 7977
f 7980 7978 7976
f 7980 7975 7978
v 8.663 -6.884 -22.391
v 8.082 -6.884 -22.391
v 8.373 -6.884 -22.682
v 8.373 -6.884 -22.100
v 8.373 -6.636 -22.391
v 8.373 -7.131 -22.391
f 7985 7981 7983
f 7985 7983 7982
f 7985 7982 7984
f 7985 7984 7981
f 7986 7983 7981
f 7986 7982 7983
f 7986 7984 7982
f 7986 7981 7984
v 10.189 10.770 -29.749
v 9.607 10.770 -29.749
v 9.898 10.770 -30.040
v 9.898 10.770 -29.458
v 9.898 11.017 -29.749
v 9.898 10.522 -29.749
f 7991 7987 7989
f 7991 7989 7988
f 7991 7988 7990
f 7991 7990 7987
f 7992 7989 7987
f 7992 7988 7989
f 7992 7990 7988
f 7992 7987 7990
v -17.791 29.443 -25.487
v -18.291 29.443 -25.487
v -18.041 29.443 -25.737
v -18.041 29.443 -25.237
v -18.041 29.655 -25.487
v -18.041 29.230 -25.487
f 7997 7993 7995
f 7997 7995 7994
f 7997 7994 7996
f 7997 7996 7993
f 7998 7995 7993
f 7998 7994 7995
f 7998 7996 7994
f 7998 7993 7996
v -13.836 35.494 -24.877
v -14.336 35.494 -24.877
v -14.086 35.494 -25.127
v -14.086 35.494 -24.627
v -14.086 35.707 -24.877
v -14.086 35.282 -24.877
f 8003 7999 8001
f 8003 8001 8000
f 8003 8000 8002
f 8003 8002 7999
f 8004 8001 7999
f 8004 8000 8001
f 8004 8002 8000
f 8004 7999 8002
v 30.618 -4.396 -24.231
v 29.899 -4.396 -24.231
v 30.259 -4.396 -24.591
v 30.259 -4.396 -23.872
v 30.259 -4.091 -24.231
v 30.259 -4.702 -24.231
f 8009 8005 8007
f 8009 8007 8006
f 8009 8006 8008
f 8009 8008 8005
f 8010 8007 8005
f 8010 8006 8007
f 8010 8008 8006
f 8010 8005 8008
v -5.386 43.931 -28.327
v -5.886 43.931 -28.327
v -5.636 43.931 -28.577
v -5.636 43.931 -28.077
v -5.636 44.144 -28.327
v -5.636 43.719 -28.327
f 8015 8011 8013
f 8015 8013 8012
f 8015 8012 8014
f 8015 8014 8011
f 8016 8013 8011
f 8016 8012 8013
f 8016 8014 8012
f 8016 8011 8014
v -47.302 68.486 -26.989
v -47.884 68.486 -26.989
v -47.593 68.486 -27.280
v -47.593 68.486 -26.698
v -47.593 68.733 -26.989
v -47.593 68.238 -26.989
f 8021 8017 8019
f 8021 8019 8018
f 8021 8018 8020
f 8021 8020 8017
f 8022 8019 8017
f 8022 8018 8019
f 8022 8020 8018
f 8022 8017 8020
v -43.124 73.245 -28.992
v -43.706 73.245 -28.992
v -43.415 73.245 -29.283
v -43.415 73.245 -28.701
v -43.415 73.492 -28.992
v -43.415 72.997 -28.992
f 8027 8023 8025
f 8027 8025 8024
f 8027 8024 8026
f 8027 8026 8023
f 8028 8025 8023
f 8028 8024 8025
f 8028 8026 8024
f 8028 8023 8026
v -67.577 89.478 -37.993
v -68.077 89.478 -37.993
v -67.827 89.478 -38.243
v -67.827 89.478 -37.743
v -67.827 89.691 -37.993
v -67.827 89.266 -37.993
f 8033 8029 8031
f 8033 8031 8030
f 8033 8030 8032
f 8033 8032 8029
f 8034 8031 8029
f 8034 8030 8031
f 8034 8032 8030
f 8034 8029 8032
v -68.486 90.895 -35.901
v -68.986 90.895 -35.901
v -68.736 90.895 -36.151
v -68.736 90.895 -35.651
v -68.736 91.107 -35.901
v -68.736 90.682 -35.901
f 8039 8035 8037
f 8039 8037 8036
f 8039 8036 8038
f 8039 8038 8035
f 8040 8037 8035
f 8040 8036 8037
f 8040 8038 8036
f 8040 8035 8038
v 64.214 -33.086 -15.509
v 63.632 -33.086 -15.509
v 63.923 -33.086 -15.800
v 63.923 -33.086 -15.218
v 63.923 -32.839 -15.509
v 63.923 -33.333 -15.509
f 8045 8041 8043
f 8045 8043 8042
f 8045 8042 8044
f 8045 8044 8041
f 8046 8043 8041
f 8046 8042 8043
f 8046 8044 8042
f 8046 8041 8044
v 42.276 -3.211 -27.266
v 41.694 -3.211 -27.266
v 41.985 -3.211 -27.557
v 41.985 -3.211 -26.975
v 41.985 -2.964 -27.266
v 41.985 -3.459 -27.266
f 8051 8047 8049
f 8051 8049 8048
f 8051 8048 8050
f 8051 8050 8047
f 8052 8049 8047
f 8052 8048 8049
f 8052 8050 8048
f 8052 8047 8050
v 45.806 -8.864 -19.220
v 45.306 -8.864 -19.220
v 45.556 -8.864 -19.470
v 45.556 -8.864 -18.970
v 45.556 -8.652 -19.220
v 45.556 -9.077 -19.220
f 8057 8053 8055
f 8057 8055 8054
f 8057 8054 8056
f 8057 8056 8053
f 8058 8055 8053
f 8058 8054 8055
f 8058 8056 8054
f 8058 8053 8056
v 5.474 44.521 -32.736
v 4.974 44.521 -32.736
v 5.224 44.521 -32.986
v 5.224 44.521 -32.486
v 5.224 44.733 -32.736
v 5.224 44.308 -32.736
f 8063 8059 8061
f 8063 8061 8060
f 8063 8060 8062
f 8063 8062 8059
f 8064 8061 8059
f 8064 8060 8061
f 8064 8062 8060
f 8064 8059 8062
v -22.575 70.167 -31.370
v -23.075 70.167 -31.370
v -22.825 70.167 -31.620
v -22.825 70.167 -31.120
v -22.825 70.380 -31.370
v -22.825 69.955 -31.370
f 8069 8065 8067
f 8069 8067 8066
f 8069 8066 8068
f 8069 8068 8065
f 8070 8067 8065
f 8070 8066 8067
f 8070 8068 8066
f 8070 8065 8068
v -43.396 81.344 -29.858
v -43.978 81.344 -29.858
v -43.687 81.344 -30.149
v -43.687 81.344 -29.567
v -43.687 81.592 -29.858
v -43.687 81.097 -29.858
f 8075 8071 8073
f 8075 8073 8072
f 8075 8072 8074
f 8075 8074 8071
f 8076 8073 8071
f 8076 8072 8073
f 8076 8074 8072
f 8076 8071 8074
v 76.364 -23.777 -25.237
v 75.783 -23.777 -25.237
v 76.074 -23.777 -25.528
v 76.074 -23.777 -24.946
v 76.074 -23.530 -25.237
v 76.074 -24.024 -25.237
f 8081 8077 8079
f 8081 8079 8078
f 8081 8078 8080
f 8081 8080 8077
f 8082 8079 8077
f 8082 8078 8079
f 8082 8080 8078
f 8082 8077 8080
v 78.117 -24.932 -16.492
v 77.535 -24.932 -16.492
v 77.826 -24.932 -16.783
v 77.826 -24.932 -16.202
v 77.826 -24.684 -16.492
v 77.826 -25.179 -16.492
f 8087 8083 8085
f 8087 8085 8084
f 8087 8084 8086
f 8087 8086 8083
f 8088 8085 8083
f 8088 8084 8085
f 8088 8086 8084
f 8088 8083 8086
v 65.008 -18.953 -17.962
v 64.355 -18.953 -17.962
v 64.681 -18.953 -18.289
v 64.681 -18.953 -17.635
v 64.681 -18.675 -17.962
v 64.681 -19.231 -17.962
f 8093 8089 8091
f 8093 8091 8090
f 8093 8090 8092
f 8093 8092 8089
f 8094 8091 8089
f 8094 8090 8091
f 8094 8092 8090
f 8094 8089 8092
v 62.278 -17.318 -21.917
v 61.778 -17.318 -21.917
v 62.028 -17.318 -22.167
v 62.028 -17.318 -21.667
v 62.028 -17.105 -21.917
v 62.028 -17.530 -21.917
f 8099 8095 8097
f 8099 8097 8096
f 8099 8096 8098
f 8099 8098 8095
f 8100 8097 8095
f 8100 8096 8097
f 8100 8098 8096
f 8100 8095 8098
v 67.685 -9.232 -20.157
v 67.185 -9.232 -20.157
v 67.435 -9.232 -20.407
v 67.435 -9.232 -19.907
v 67.435 -9.019 -20.157
v 67.435 -9.444 -20.157
f 8105 8101 8103
f 8105 8103 8102
f 8105 8102 8104
f 8105 8104 8101
f 8106 8103 8101
f 8106 8102 8103
f 8106 8104 8102
f 8106 8101 8104
v 58.445 -9.035 -28.903
v 57.945 -9.035 -28.903
v 58.195 -9.035 -29.153
v 58.195 -9.035 -28.653
v 58.195 -8.823 -28.903
v 58.195 -9.248 -28.903
f 8111 8107 8109
f 8111 8109 8108
f 8111 8108 8110
f 8111 8110 8107
f 8112 8109 8107
f 8112 8108 8109
f 8112 8110 8108
f 8112 8107 8110
v 55.005 -4.192 -28.651
v 54.424 -4.192 -28.651
v 54.715 -4.192 -28.942
v 54.715 -4.192 -28.360
v 54.715 -3.944 -28.651
v 54.715 -4.439 -28.651
f 8117 8113 8115
f 8117 8115 8114
f 8117 8114 8116
f 8117 8116 8113
f 8118 8115 8113
f 8118 8114 8115
f 8118 8116 8114
f 8118 8113 8116
v 57.263 -5.349 -23.269
v 56.609 -5.349 -23.269
v 56.936 -5.349 -23.596
v 56.936 -5.349 -22.942
v 56.936 -5.071 -23.269
v 56.936 -5.627 -23.269
f 8123 8119 8121
f 8123 8121 8120
f 8123 8120 8122
f 8123 8122 8119
f 8124 8121 8119
f 8124 8120 8121
f 8124 8122 8120
f 8124 8119 8122
v 9.681 53.891 -28.165
v 9.181 53.891 -28.165
v 9.431 53.891 -28.415
v 9.431 53.891 -27.915
v 9.431 54.103 -28.165
v 9.431 53.678 -28.165
f 8129 8125 8127
f 8129 8127 8126
f 8129 8126 8128
f 8129 8128 8125
f 8130 8127 8125
f 8130 8126 8127
f 8130 8128 8126
f 8130 8125 8128
v -0.364 63.344 -30.896
v -0.864 63.344 -30.896
v -0.614 63.344 -31.146
v -0.614 63.344 -30.646
v -0.614 63.556 -30.896
v -0.614 63.131 -30.896
f 8135 8131 8133
f 8135 8133 8132
f 8135 8132 8134
f 8135 8134 8131
f 8136 8133 8131
f 8136 8132 8133
f 8136 8134 8132
f 8136 8131 8134
v 93.360 -28.328 -20.726
v 92.860 -28.328 -20.726
v 93.110 -28.328 -20.976
v 93.110 -28.328 -20.476
v 93.110 -28.116 -20.726
v 93.110 -28.541 -20.726
f 8141 8137 8139
f 8141 8139 8138
f 8141 8138 8140
f 8141 8140 8137
f 8142 8139 8137
f 8142 8138 8139
f 8142 8140 8138
f 8142 8137 8140
v 83.933 -19.072 -20.157
v 83.433 -19.072 -20.157
v 83.683 -19.072 -20.407
v 83.683 -19.072 -19.907
v 83.683 -18.859 -20.157
v 83.683 -19.284 -20.157
f 8147 8143 8145
f 8147 8145 8144
f 8147 8144 8146
f 8147 8146 8143
f 8148 8145 8143
f 8148 8144 8145
f 8148 8146 8144
f 8148 8143 8146
v 78.865 -6.717 -23.112
v 78.284 -6.717 -23.112
v 78.575 -6.717 -23.403
v 78.575 -6.717 -22.821
v 78.575 -6.469 -23.112
v 78.575 -6.964 -23.112
f 8153 8149 8151
f 8153 8151 8150
f 8153 8150 8152
f 8153 8152 8149
f 8154 8151 8149
f 8154 8150 8151
f 8154 8152 8150
f 8154 8149 8152
v 81.351 -8.411 -22.254
v 80.770 -8.411 -22.254
v 81.060 -8.411 -22.545
v 81.060 -8.411 -21.963
v 81.060 -8.164 -22.254
v 81.060 -8.658 -22.254
f 8159 8155 8157
f 8159 8157 8156
f 8159 8156 8158
f 8159 8158 8155
f 8160 8157 8155
f 8160 8156 8157
f 8160 8158 8156
f 8160 8155 8158
v 15.542 57.574 -35.001
v 14.960 57.574 -35.001
v 15.251 57.574 -35.292
v 15.251 57.574 -34.710
v 15.251 57.821 -35.001
v 15.251 57.326 -35.001
f 8165 8161 8163
f 8165 8163 8162
f 8165 8162 8164
f 8165 8164 8161
f 8166 8163 8161
f 8166 8162 8163
f 8166 8164 8162
f 8166 8161 8164
v 17.939 57.485 -33.704
v 17.439 57.485 -33.704
v 17.689 57.485 -33.954
v 17.689 57.485 -33.454
v 17.689 57.698 -33.704
v 17.689 57.273 -33.704
f 8171 8167 8169
f 8171 8169 8168
f 8171 8168 8170
f 8171 8170 8167
f 8172 8169 8167
f 8172 8168 8169
f 8172 8170 8168
f 8172 8167 8170
v 21.007 57.559 -29.161
v 20.507 57.559 -29.161
v 20.757 57.559 -29.411
v 20.757 57.559 -28.911
v 20.757 57.771 -29.161
v 20.757 57.346 -29.161
f 8177 8173 8175
f 8177 8175 8174
f 8177 8174 8176
f 8177 8176 8173
f 8178 8175 8173
f 8178 8174 8175
f 8178 8176 8174
f 8178 8173 8176
v -25.816 94.693 -36.822
v -26.316 94.693 -36.822
v -26.066 94.693 -37.072
v -26.066 94.693 -36.572
v -26.066 94.905 -36.822
v -26.066 94.480 -36.822
f 8183 8179 8181
f 8183 8181 8180
f 8183 8180 8182
f 8183 8182 8179
f 8184 8181 8179
f 8184 8180 8181
f 8184 8182 8180
f 8184 8179 8182
v 106.043 -28.243 -24.811
v 105.543 -28.243 -24.811
v 105.793 -28.243 -25.061
v 105.793 -28.243 -24.561
v 105.793 -28.031 -24.811
v 105.793 -28.456 -24.811
f 8189 8185 8187
f 8189 8187 8186
f 8189 8186 8188
f 8189 8188 8185
f 8190 8187 8185
f 8190 8186 8187
f 8190 8188 8186
f 8190 8185 8188
v 97.295 -12.573 -21.371
v 96.714 -12.573 -21.371
v 97.005 -12.573 -21.662
v 97.005 -12.573 -21.080
v 97.005 -12.326 -21.371
v 97.005 -12.820 -21.371
f 8195 8191 8193
f 8195 8193 8192
f 8195 8192 8194
f 8195 8194 8191
f 8196 8193 8191
f 8196 8192 8193
f 8196 8194 8192
f 8196 8191 8194
v 85.941 -7.000 -25.421
v 85.359 -7.000 -25.421
v 85.650 -7.000 -25.712
v 85.650 -7.000 -25.130
v 85.650 -6.753 -25.421
v 85.650 -7.247 -25.421
f 8201 8197 8199
f 8201 8199 8198
f 8201 8198 8200
f 8201 8200 8197
f 8202 8199 8197
f 8202 8198 8199
f 8202 8200 8198
f 8202 8197 8200
v 85.335 -1.296 -23.166
v 84.835 -1.296 -23.166
v 85.085 -1.296 -23.416
v 85.085 -1.296 -22.916
v 85.085 -1.083 -23.166
v 85.085 -1.508 -23.166
f 8207 8203 8205
f 8207 8205 8204
f 8207 8204 8206
f 8207 8206 8203
f 8208 8205 8203
f 8208 8204 8205
f 8208 8206 8204
f 8208 8203 8206
v 69.027 9.897 -21.140
v 68.527 9.897 -21.140
v 68.777 9.897 -21.390
v 68.777 9.897 -20.890
v 68.777 10.110 -21.140
v 68.777 9.685 -21.140
f 8213 8209 8211
f 8213 8211 8210
f 8213 8210 8212
f 8213 8212 8209
f 8214 8211 8209
f 8214 8210 8211
f 8214 8212 8210
f 8214 8209 8212
v 19.424 68.686 -29.869
v 18.924 68.686 -29.869
v 19.174 68.686 -30.119
v 19.174 68.686 -29.619
v 19.174 68.899 -29.869
v 19.174 68.474 -29.869
f 8219 8215 8217
f 8219 8217 8216
f 8219 8216 8218
f 8219 8218 8215
f 8220 8217 8215
f 8220 8216 8217
f 8220 8218 8216
f 8220 8215 8218
v 88.912 0.498 -23.772
v 88.412 0.498 -23.772
v 88.662 0.498 -24.022
v 88.662 0.498 -23.522
v 88.662 0.710 -23.772
v 88.662 0.285 -23.772
f 8225 8221 8223
f 8225 8223 8222
f 8225 8222 8224
f 8225 8224 8221
f 8226 8223 8221
f 8226 8222 8223
f 8226 8224 8222
f 8226 8221 8224
v 55.635 39.148 -27.948
v 54.916 39.148 -27.948
v 55.276 39.148 -28.307
v 55.276 39.148 -27.588
v 55.276 39.454 -27.948
v 55.276 38.843 -27.948
f 8231 8227 8229
f 8231 8229 8228
f 8231 8228 8230
f 8231 8230 8227
f 8232 8229 8227
f 8232 8228 8229
f 8232 8230 8228
f 8232 8227 8230
v 54.546 40.755 -25.343
v 54.046 40.755 -25.343
v 54.296 40.755 -25.593
v 54.296 40.755 -25.093
v 54.296 40.968 -25.343
v 54.296 40.543 -25.343
f 8237 8233 8235
f 8237 8235 8234
f 8237 8234 8236
f 8237 8236 8233
f 8238 8235 8233
f 8238 8234 8235
f 8238 8236 8234
f 8238 8233 8236
v 55.856 42.118 -31.393
v 55.275 42.118 -31.393
v 55.565 42.118 -31.684
v 55.565 42.118 -31.103
v 55.565 42.365 -31.393
v 55.565 41.871 -31.393
f 8243 8239 8241
f 8243 8241 8240
f 8243 8240 8242
f 8243 8242 8239
f 8244 8241 8239
f 8244 8240 8241
f 8244 8242 8240
f 8244 8239 8242
v 51.984 42.892 -26.035
v 51.484 42.892 -26.035
v 51.734 42.892 -26.285
v 51.734 42.892 -25.785
v 51.734 43.104 -26.035
v 51.734 42.679 -26.035
f 8249 8245 8247
f 8249 8247 8246
f 8249 8246 8248
f 8249 8248 8245
f 8250 8247 8245
f 8250 8246 8247
f 8250 8248 8246
f 8250 8245 8248
v 92.424 15.263 -22.069
v 91.924 15.263 -22.069
v 92.174 15.263 -22.319
v 92.174 15.263 -21.819
v 92.174 15.476 -22.069
v 92.174 15.051 -22.069
f 8255 8251 8253
f 8255 8253 8252
f 8255 8252 8254
f 8255 8254 8251
f 8256 8253 8251
f 8256 8252 8253
f 8256 8254 8252
f 8256 8251 8254
v 111.631 17.053 -23.530
v 111.131 17.053 -23.530
v 111.381 17.053 -23.780
v 111.381 17.053 -23.280
v 111.381 17.265 -23.530
v 111.381 16.840 -23.530
f 8261 8257 8259
f 8261 8259 8258
f 8261 8258 8260
f 8261 8260 8257
f 8262 8259 8257
f 8262 8258 8259
f 8262 8260 8258
f 8262 8257 8260
v -77.656 -56.581 -20.388
v -78.238 -56.581 -20.388
v -77.947 -56.581 -20.679
v -77.947 -56.581 -20.097
v -77.947 -56.334 -20.388
v -77.947 -56.829 -20.388
f 8267 8263 8265
f 8267 8265 8264
f 8267 8264 8266
f 8267 8266 8263
f 8268 8265 8263
f 8268 8264 8265
f 8268 8266 8264
f 8268 8263 8266
v -77.248 -53.933 -17.806
v -77.748 -53.933 -17.806
v -77.498 -53.933 -18.056
v -77.498 -53.933 -17.556
v -77.498 -53.721 -17.806
v -77.498 -54.146 -17.806
f 8273 8269 8271
f 8273 8271 8270
f 8273 8270 8272
f 8273 8272 8269
f 8274 8271 8269
f 8274 8270 8271
f 8274 8272 8270
f 8274 8269 8272
v -36.205 -88.631 -10.517
v -36.705 -88.631 -10.517
v -36.455 -88.631 -10.767
v -36.455 -88.631 -10.267
v -36.455 -88.419 -10.517
v -36.455 -88.844 -10.517
f 8279 8275 8277
f 8279 8277 8276
f 8279 8276 8278
f 8279 8278 8275
f 8280 8277 8275
f 8280 8276 8277
f 8280 8278 8276
f 8280 8275 8278
v -10.398 -102.887 -13.295
v -10.898 -102.887 -13.295
v -10.648 -102.887 -13.545
v -10.648 -102.887 -13.045
v -10.648 -102.675 -13.295
v -10.648 -103.100 -13.295
f 8285 8281 8283
f 8285 8283 8282
f 8285 8282 8284
f 8285 8284 8281
f 8286 8283 8281
f 8286 8282 8283
f 8286 8284 8282
f 8286 8281 8284
v -64.303 -31.874 -16.331
v -64.803 -31.874 -16.331
v -64.553 -31.874 -16.581
v -64.553 -31.874 -16.081
v -64.553 -31.661 -16.331
v -64.553 -32.086 -16.331
f 8291 8287 8289
f 8291 8289 8288
f 8291 8288 8290
f 8291 8290 8287
f 8292 8289 8287
f 8292 8288 8289
f 8292 8290 8288
f 8292 8287 8290
v -63.689 -37.092 -19.410
v -64.189 -37.092 -19.410
v -63.939 -37.092 -19.660
v -63.939 -37.092 -19.160
v -63.939 -36.880 -19.410
v -63.939 -37.305 -19.410
f 8297 8293 8295
f 8297 8295 8294
f 8297 8294 8296
f 8297 8296 8293
f 8298 8295 8293
f 8298 8294 8295
f 8298 8296 8294
f 8298 8293 8296
v -98.331 7.438 -20.810
v -98.831 7.438 -20.810
v -98.581 7.438 -21.060
v -98.581 7.438 -20.560
v -98.581 7.650 -20.810
v -98.581 7.225 -20.810
f 8303 8299 8301
f 8303 8301 8300
f 8303 8300 8302
f 8303 8302 8299
f 8304 8301 8299
f 8304 8300 8301
f 8304 8302 8300
f 8304 8299 8302
v 9.926 -90.495 -11.863
v 9.426 -90.495 -11.863
v 9.676 -90.495 -12.113
v 9.676 -90.495 -11.613
v 9.676 -90.283 -11.863
v 9.676 -90.708 -11.863
f 8309 8305 8307
f 8309 8307 8306
f 8309 8306 8308
f 8309 8308 8305
f 8310 8307 8305
f 8310 8306 8307
f 8310 8308 8306
f 8310 8305 8308
v 12.524 -90.552 -11.995
v 12.024 -90.552 -11.995
v 12.274 -90.552 -12.245
v 12.274 -90.552 -11.745
v 12.274 -90.340 -11.995
v 12.274 -90.765 -11.995
f 8315 8311 8313
f 8315 8313 8312
f 8315 8312 8314
f 8315 8314 8311
f 8316 8313 8311
f 8316 8312 8313
f 8316 8314 8312
f 8316 8311 8314
v -7.105 -79.267 -17.996
v -7.605 -79.267 -17.996
v -7.355 -79.267 -18.246
v -7.355 -79.267 -17.746
v -7.355 -79.055 -17.996
v -7.355 -79.480 -17.996
f 8321 8317 8319
f 8321 8319 8318
f 8321 8318 8320
f 8321 8320 8317
f 8322 8319 8317
f 8322 8318 8319
f 8322 8320 8318
f 8322 8317 8320
v -4.950 -77.695 -19.104
v -5.450 -77.695 -19.104
v -5.200 -77.695 -19.354
v -5.200 -77.695 -18.854
v -5.200 -77.483 -19.104
v -5.200 -77.908 -19.104
f 8327 8323 8325
f 8327 8325 8324
f 8327 8324 8326
f 8327 8326 8323
f 8328 8325 8323
f 8328 8324 8325
f 8328 8326 8324
f 8328 8323 8326
v -65.824 -6.261 -25.180
v -66.324 -6.261 -25.180
v -66.074 -6.261 -25.430
v -66.074 -6.261 -24.930
v -66.074 -6.049 -25.180
v -66.074 -6.474 -25.180
f 8333 8329 8331
f 8333 8331 8330
f 8333 8330 8332
f 8333 8332 8329
f 8334 8331 8329
f 8334 8330 8331
f 8334 8332 8330
f 8334 8329 8332
v -87.660 5.188 -19.796
v -88.160 5.188 -19.796
v -87.910 5.188 -20.046
v -87.910 5.188 -19.546
v -87.910 5.400 -19.796
v -87.910 4.975 -19.796
f 8339 8335 8337
f 8339 8337 8336
f 8339 8336 8338
f 8339 8338 8335
f 8340 8337 8335
f 8340 8336 8337
f 8340 8338 8336
f 8340 8335 8338
v 18.019 -85.836 -18.251
v 17.365 -85.836 -18.251
v 17.692 -85.836 -18.578
v 17.692 -85.836 -17.924
v 17.692 -85.558 -18.251
v 17.692 -86.114 -18.251
f 8345 8341 8343
f 8345 8343 8342
f 8345 8342 8344
f 8345 8344 8341
f 8346 8343 8341
f 8346 8342 8343
f 8346 8344 8342
f 8346 8341 8344
v -31.315 -31.681 -16.598
v -31.969 -31.681 -16.598
v -31.642 -31.681 -16.925
v -31.642 -31.681 -16.271
v -31.642 -31.403 -16.598
v -31.642 -31.959 -16.598
f 8351 8347 8349
f 8351 8349 8348
f 8351 8348 8350
f 8351 8350 8347
f 8352 8349 8347
f 8352 8348 8349
f 8352 8350 8348
f 8352 8347 8350
v -80.773 18.125 -22.317
v -81.273 18.125 -22.317
v -81.023 18.125 -22.567
v -81.023 18.125 -22.067
v -81.023 18.338 -22.317
v -81.023 17.913 -22.317
f 8357 8353 8355
f 8357 8355 8354
f 8357 8354 8356
f 8357 8356 8353
f 8358 8355 8353
f 8358 8354 8355
f 8358 8356 8354
f 8358 8353 8356
v -99.627 34.242 -24.613
v -100.209 34.242 -24.613
v -99.918 34.242 -24.903
v -99.918 34.242 -24.322
v -99.918 34.489 -24.613
v -99.918 33.994 -24.613
f 8363 8359 8361
f 8363 8361 8360
f 8363 8360 8362
f 8363 8362 8359
f 8364 8361 8359
f 8364 8360 8361
f 8364 8362 8360
f 8364 8359 8362
v -61.227 11.456 -22.609
v -61.808 11.456 -22.609
v -61.517 11.456 -22.900
v -61.517 11.456 -22.318
v -61.517 11.703 -22.609
v -61.517 11.208 -22.609
f 8369 8365 8367
f 8369 8367 8366
f 8369 8366 8368
f 8369 8368 8365
f 8370 8367 8365
f 8370 8366 8367
f 8370 8368 8366
f 8370 8365 8368
v -73.419 16.998 -24.470
v -73.919 16.998 -24.470
v -73.669 16.998 -24.720
v -73.669 16.998 -24.220
v -73.669 17.210 -24.470
v -73.669 16.785 -24.470
f 8375 8371 8373
f 8375 8373 8372
f 8375 8372 8374
f 8375 8374 8371
f 8376 8373 8371
f 8376 8372 8373
f 8376 8374 8372
f 8376 8371 8374
v -65.391 16.540 -20.632
v -65.891 16.540 -20.632
v -65.641 16.540 -20.882
v -65.641 16.540 -20.382
v -65.641 16.753 -20.632
v -65.641 16.328 -20.632
f 8381 8377 8379
f 8381 8379 8378
f 8381 8378 8380
f 8381 8380 8377
f 8382 8379 8377
f 8382 8378 8379
f 8382 8380 8378
f 8382 8377 8380
v -48.363 9.344 -28.873
v -48.945 9.344 -28.873
v -48.654 9.344 -29.164
v -48.654 9.344 -28.582
v -48.654 9.591 -28.873
v -48.654 9.096 -28.873
f 8387 8383 8385
f 8387 8385 8384
f 8387 8384 8386
f 8387 8386 8383
f 8388 8385 8383
f 8388 8384 8385
f 8388 8386 8384
f 8388 8383 8386
v -53.837 11.481 -23.112
v -54.557 11.481 -23.112
v -54.197 11.481 -23.471
v -54.197 11.481 -22.752
v -54.197 11.787 -23.112
v -54.197 11.176 -23.112
f 8393 8389 8391
f 8393 8391 8390
f 8393 8390 8392
f 8393 8392 8389
f 8394 8391 8389
f 8394 8390 8391
f 8394 8392 8390
f 8394 8389 8392
v -46.625 11.504 -25.864
v -47.207 11.504 -25.864
v -46.916 11.504 -26.155
v -46.916 11.504 -25.573
v -46.916 11.751 -25.864
v -46.916 11.257 -25.864
f 8399 8395 8397
f 8399 8397 8396
f 8399 8396 8398
f 8399 8398 8395
f 8400 8397 8395
f 8400 8396 8397
f 8400 8398 8396
f 8400 8395 8398
v -56.874 18.663 -25.410
v -57.374 18.663 -25.410
v -57.124 18.663 -25.660
v -57.124 18.663 -25.160
v -57.124 18.875 -25.410
v -57.124 18.450 -25.410
f 8405 8401 8403
f 8405 8403 8402
f 8405 8402 8404
f 8405 8404 8401
f 8406 8403 8401
f 8406 8402 8403
f 8406 8404 8402
f 8406 8401 8404
v -60.994 20.860 -24.578
v -61.576 20.860 -24.578
v -61.285 20.860 -24.869
v -61.285 20.860 -24.287
v -61.285 21.108 -24.578
v -61.285 20.613 -24.578
f 8411 8407 8409
f 8411 8409 8408
f 8411 8408 8410
f 8411 8410 8407
f 8412 8409 8407
f 8412 8408 8409
f 8412 8410 8408
f 8412 8407 8410
v -63.538 26.304 -21.832
v -64.038 26.304 -21.832
v -63.788 26.304 -22.082
v -63.788 26.304 -21.582
v -63.788 26.516 -21.832
v -63.788 26.091 -21.832
f 8417 8413 8415
f 8417 8415 8414
f 8417 8414 8416
f 8417 8416 8413
f 8418 8415 8413
f 8418 8414 8415
f 8418 8416 8414
f 8418 8413 8416
v 20.866 -47.265 -18.699
v 20.284 -47.265 -18.699
v 20.575 -47.265 -18.990
v 20.575 -47.265 -18.408
v 20.575 -47.017 -18.699
v 20.575 -47.512 -18.699
f 8423 8419 8421
f 8423 8421 8420
f 8423 8420 8422
f 8423 8422 8419
f 8424 8421 8419
f 8424 8420 8421
f 8424 8422 8420
f 8424 8419 8422
v 13.275 -45.227 -20.722
v 12.556 -45.227 -20.722
v 12.916 -45.227 -21.081
v 12.916 -45.227 -20.362
v 12.916 -44.921 -20.722
v 12.916 -45.533 -20.722
f 8429 8425 8427
f 8429 8427 8426
f 8429 8426 8428
f 8429 8428 8425
f 8430 8427 8425
f 8430 8426 8427
f 8430 8428 8426
f 8430 8425 8428
v 17.106 -47.179 -20.899
v 16.452 -47.179 -20.899
v 16.779 -47.179 -21.226
v 16.779 -47.179 -20.572
v 16.779 -46.901 -20.899
v 16.779 -47.457 -20.899
f 8435 8431 8433
f 8435 8433 8432
f 8435 8432 8434
f 8435 8434 8431
f 8436 8433 8431
f 8436 8432 8433
f 8436 8434 8432
f 8436 8431 8434
v 4.729 -39.691 -13.605
v 4.147 -39.691 -13.605
v 4.438 -39.691 -13.895
v 4.438 -39.691 -13.314
v 4.438 -39.444 -13.605
v 4.438 -39.938 -13.605
f 8441 8437 8439
f 8441 8439 8438
f 8441 8438 8440
f 8441 8440 8437
f 8442 8439 8437
f 8442 8438 8439
f 8442 8440 8438
f 8442 8437 8440
v 9.245 -43.357 -16.713
v 8.745 -43.357 -16.713
v 8.995 -43.357 -16.963
v 8.995 -43.357 -16.463
v 8.995 -43.144 -16.713
v 8.995 -43.569 -16.713
f 8447 8443 8445
f 8447 8445 8444
f 8447 8444 8446
f 8447 8446 8443
f 8448 8445 8443
f 8448 8444 8445
f 8448 8446 8444
f 8448 8443 8446
v 7.611 -42.456 -13.534
v 7.111 -42.456 -13.534
v 7.361 -42.456 -13.784
v 7.361 -42.456 -13.284
v 7.361 -42.243 -13.534
v 7.361 -42.668 -13.534
f 8453 8449 8451
f 8453 8451 8450
f 8453 8450 8452
f 8453 8452 8449
f 8454 8451 8449
f 8454 8450 8451
f 8454 8452 8450
f 8454 8449 8452
v -32.467 4.680 -28.605
v -33.121 4.680 -28.605
v -32.794 4.680 -28.932
v -32.794 4.680 -28.278
v -32.794 4.958 -28.605
v -32.794 4.402 -28.605
f 8459 8455 8457
f 8459 8457 8456
f 8459 8456 8458
f 8459 8458 8455
f 8460 8457 8455
f 8460 8456 8457
f 8460 8458 8456
f 8460 8455 8458
v -42.135 11.425 -28.574
v -42.716 11.425 -28.574
v -42.426 11.425 -28.865
v -42.426 11.425 -28.283
v -42.426 11.672 -28.574
v -42.426 11.177 -28.574
f 8465 8461 8463
f 8465 8463 8462
f 8465 8462 8464
f 8465 8464 8461
f 8466 8463 8461
f 8466 8462 8463
f 8466 8464 8462
f 8466 8461 8464
v -51.911 21.730 -27.306
v -52.565 21.730 -27.306
v -52.238 21.730 -27.633
v -52.238 21.730 -26.979
v -52.238 22.008 -27.306
v -52.238 21.452 -27.306
f 8471 8467 8469
f 8471 8469 8468
f 8471 8468 8470
f 8471 8470 8467
f 8472 8469 8467
f 8472 8468 8469
f 8472 8470 8468
f 8472 8467 8470
v -55.752 27.446 -30.718
v -56.252 27.446 -30.718
v -56.002 27.446 -30.968
v -56.002 27.446 -30.468
v -56.002 27.658 -30.718
v -56.002 27.233 -30.718
f 8477 8473 8475
f 8477 8475 8474
f 8477 8474 8476
f 8477 8476 8473
f 8478 8475 8473
f 8478 8474 8475
f 8478 8476 8474
f 8478 8473 8476
v -59.771 31.982 -28.321
v -60.271 31.982 -28.321
v -60.021 31.982 -28.571
v -60.021 31.982 -28.071
v -60.021 32.194 -28.321
v -60.021 31.769 -28.321
f 8483 8479 8481
f 8483 8481 8480
f 8483 8480 8482
f 8483 8482 8479
f 8484 8481 8479
f 8484 8480 8481
f 8484 8482 8480
f 8484 8479 8482
v -52.159 30.128 -31.049
v -52.659 30.128 -31.049
v -52.409 30.128 -31.299
v -52.409 30.128 -30.799
v -52.409 30.340 -31.049
v -52.409 29.915 -31.049
f 8489 8485 8487
f 8489 8487 8486
f 8489 8486 8488
f 8489 8488 8485
f 8490 8487 8485
f 8490 8486 8487
f 8490 8488 8486
f 8490 8485 8488
v 35.902 -48.898 -21.861
v 35.402 -48.898 -21.861
v 35.652 -48.898 -22.111
v 35.652 -48.898 -21.611
v 35.652 -48.686 -21.861
v 35.652 -49.111 -21.861
f 8495 8491 8493
f 8495 8493 8492
f 8495 8492 8494
f 8495 8494 8491
f 8496 8493 8491
f 8496 8492 8493
f 8496 8494 8492
f 8496 8491 8494
v 23.708 -38.878 -21.283
v 22.989 -38.878 -21.283
v 23.348 -38.878 -21.642
v 23.348 -38.878 -20.923
v 23.348 -38.572 -21.283
v 23.348 -39.184 -21.283
f 8501 8497 8499
f 8501 8499 8498
f 8501 8498 8500
f 8501 8500 8497
f 8502 8499 8497
f 8502 8498 8499
f 8502 8500 8498
f 8502 8497 8500
v -2.043 -1.350 -21.813
v -2.762 -1.350 -21.813
v -2.403 -1.350 -22.172
v -2.403 -1.350 -21.453
v -2.403 -1.044 -21.813
v -2.403 -1.655 -21.813
f 8507 8503 8505
f 8507 8505 8504
f 8507 8504 8506
f 8507 8506 8503
f 8508 8505 8503
f 8508 8504 8505
f 8508 8506 8504
f 8508 8503 8506
v -15.593 9.747 -27.092
v -16.093 9.747 -27.092
v -15.843 9.747 -27.342
v -15.843 9.747 -26.842
v -15.843 9.960 -27.092
v -15.843 9.535 -27.092
f 8513 8509 8511
f 8513 8511 8510
f 8513 8510 8512
f 8513 8512 8509
f 8514 8511 8509
f 8514 8510 8511
f 8514 8512 8510
f 8514 8509 8512
v -17.287 9.203 -21.356
v -17.869 9.203 -21.356
v -17.578 9.203 -21.647
v -17.578 9.203 -21.065
v -17.578 9.451 -21.356
v -17.578 8.956 -21.356
f 8519 8515 8517
f 8519 8517 8516
f 8519 8516 8518
f 8519 8518 8515
f 8520 8517 8515
f 8520 8516 8517
f 8520 8518 8516
f 8520 8515 8518
v -17.590 12.024 -26.530
v -18.172 12.024 -26.530
v -17.881 12.024 -26.821
v -17.881 12.024 -26.239
v -17.881 12.271 -26.530
v -17.881 11.777 -26.530
f 8525 8521 8523
f 8525 8523 8522
f 8525 8522 8524
f 8525 8524 8521
f 8526 8523 8521
f 8526 8522 8523
f 8526 8524 8522
f 8526 8521 8524
v -25.324 18.315 -25.152
v -25.906 18.315 -25.152
v -25.615 18.315 -25.443
v -25.615 18.315 -24.861
v -25.615 18.563 -25.152
v -25.615 18.068 -25.152
f 8531 8527 8529
f 8531 8529 8528
f 8531 8528 8530
f 8531 8530 8527
f 8532 8529 8527
f 8532 8528 8529
f 8532 8530 8528
f 8532 8527 8530
v -56.067 36.716 -31.791
v -56.649 36.716 -31.791
v -56.358 36.716 -32.082
v -56.358 36.716 -31.500
v -56.358 36.963 -31.791
v -56.358 36.469 -31.791
f 8537 8533 8535
f 8537 8535 8534
f 8537 8534 8536
f 8537 8536 8533
f 8538 8535 8533
f 8538 8534 8535
f 8538 8536 8534
f 8538 8533 8536
v -52.440 41.585 -32.465
v -52.940 41.585 -32.465
v -52.690 41.585 -32.715
v -52.690 41.585 -32.215
v -52.690 41.797 -32.465
v -52.690 41.372 -32.465
f 8543 8539 8541
f 8543 8541 8540
f 8543 8540 8542
f 8543 8542 8539
f 8544 8541 8539
f 8544 8540 8541
f 8544 8542 8540
f 8544 8539 8542
v -58.407 41.769 -32.419
v -59.061 41.769 -32.419
v -58.734 41.769 -32.746
v -58.734 41.769 -32.092
v -58.734 42.047 -32.419
v -58.734 41.491 -32.419
f 8549 8545 8547
f 8549 8547 8546
f 8549 8546 8548
f 8549 8548 8545
f 8550 8547 8545
f 8550 8546 8547
f 8550 8548 8546
f 8550 8545 8548
v -61.472 43.193 -26.784
v -62.126 43.193 -26.784
v -61.799 43.193 -27.111
v -61.799 43.193 -26.457
v -61.799 43.471 -26.784
v -61.799 42.915 -26.784
f 8555 8551 8553
f 8555 8553 8552
f 8555 8552 8554
f 8555 8554 8551
f 8556 8553 8551
f 8556 8552 8553
f 8556 8554 8552
f 8556 8551 8554
v -63.112 43.481 -24.993
v -63.612 43.481 -24.993
v -63.362 43.481 -25.243
v -63.362 43.481 -24.743
v -63.362 43.693 -24.993
v -63.362 43.268 -24.993
f 8561 8557 8559
f 8561 8559 8558
f 8561 8558 8560
f 8561 8560 8557
f 8562 8559 8557
f 8562 8558 8559
f 8562 8560 8558
f 8562 8557 8560
v 46.344 -44.981 -14.954
v 45.624 -44.981 -14.954
v 45.984 -44.981 -15.314
v 45.984 -44.981 -14.595
v 45.984 -44.675 -14.954
v 45.984 -45.286 -14.954
f 8567 8563 8565
f 8567 8565 8564
f 8567 8564 8566
f 8567 8566 8563
f 8568 8565 8563
f 8568 8564 8565
f 8568 8566 8564
f 8568 8563 8566
v 32.161 -40.662 -20.146
v 31.579 -40.662 -20.146
v 31.870 -40.662 -20.437
v 31.870 -40.662 -19.855
v 31.870 -40.415 -20.146
v 31.870 -40.909 -20.146
f 8573 8569 8571
f 8573 8571 8570
f 8573 8570 8572
f 8573 8572 8569
f 8574 8571 8569
f 8574 8570 8571
f 8574 8572 8570
f 8574 8569 8572
v 13.247 -18.279 -21.858
v 12.665 -18.279 -21.858
v 12.956 -18.279 -22.149
v 12.956 -18.279 -21.568
v 12.956 -18.032 -21.858
v 12.956 -18.526 -21.858
f 8579 8575 8577
f 8579 8577 8576
f 8579 8576 8578
f 8579 8578 8575
f 8580 8577 8575
f 8580 8576 8577
f 8580 8578 8576
f 8580 8575 8578
v 8.547 -20.245 -19.675
v 8.047 -20.245 -19.675
v 8.297 -20.245 -19.925
v 8.297 -20.245 -19.425
v 8.297 -20.033 -19.675
v 8.297 -20.458 -19.675
f 8585 8581 8583
f 8585 8583 8582
f 8585 8582 8584
f 8585 8584 8581
f 8586 8583 8581
f 8586 8582 8583
f 8586 8584 8582
f 8586 8581 8584
v -3.209 11.950 -19.280
v -3.709 11.950 -19.280
v -3.459 11.950 -19.530
v -3.459 11.950 -19.030
v -3.459 12.163 -19.280
v -3.459 11.738 -19.280
f 8591 8587 8589
f 8591 8589 8588
f 8591 8588 8590
f 8591 8590 8587
f 8592 8589 8587
f 8592 8588 8589
f 8592 8590 8588
f 8592 8587 8590
v 3.917 6.092 -23.696
v 3.417 6.092 -23.696
v 3.667 6.092 -23.946
v 3.667 6.092 -23.446
v 3.667 6.305 -23.696
v 3.667 5.880 -23.696
f 8597 8593 8595
f 8597 8595 8594
f 8597 8594 8596
f 8597 8596 8593
f 8598 8595 8593
f 8598 8594 8595
f 8598 8596 8594
f 8598 8593 8596
v 9.853 -7.623 -15.513
v 9.271 -7.623 -15.513
v 9.562 -7.623 -15.804
v 9.562 -7.623 -15.222
v 9.562 -7.376 -15.513
v 9.562 -7.870 -15.513
f 8603 8599 8601
f 8603 8601 8600
f 8603 8600 8602
f 8603 8602 8599
f 8604 8601 8599
f 8604 8600 8601
f 8604 8602 8600
f 8604 8599 8602
v 8.788 -7.307 -12.287
v 8.206 -7.307 -12.287
v 8.497 -7.307 -12.578
v 8.497 -7.307 -11.996
v 8.497 -7.060 -12.287
v 8.497 -7.554 -12.287
f 8609 8605 8607
f 8609 8607 8606
f 8609 8606 8608
f 8609 8608 8605
f 8610 8607 8605
f 8610 8606 8607
f 8610 8608 8606
f 8610 8605 8608
v 5.821 -6.254 -19.048
v 5.321 -6.254 -19.048
v 5.571 -6.254 -19.298
v 5.571 -6.254 -18.798
v 5.571 -6.042 -19.048
v 5.571 -6.467 -19.048
f 8615 8611 8613
f 8615 8613 8612
f 8615 8612 8614
f 8615 8614 8611
f 8616 8613 8611
f 8616 8612 8613
f 8616 8614 8612
f 8616 8611 8614
v 5.185 -0.339 -21.235
v 4.603 -0.339 -21.235
v 4.894 -0.339 -21.526
v 4.894 -0.339 -20.944
v 4.894 -0.092 -21.235
v 4.894 -0.587 -21.235
f 8621 8617 8619
f 8621 8619 8618
f 8621 8618 8620
f 8621 8620 8617
f 8622 8619 8617
f 8622 8618 8619
f 8622 8620 8618
f 8622 8617 8620
v 8.081 -1.040 -21.732
v 7.499 -1.040 -21.732
v 7.790 -1.040 -22.023
v 7.790 -1.040 -21.441
v 7.790 -0.793 -21.732
v 7.790 -1.288 -21.732
f 8627 8623 8625
f 8627 8625 8624
f 8627 8624 8626
f 8627 8626 8623
f 8628 8625 8623
f 8628 8624 8625
f 8628 8626 8624
f 8628 8623 8626
v 15.004 15.049 -20.230
v 14.422 15.049 -20.230
v 14.713 15.049 -20.520
v 14.713 15.049 -19.939
v 14.713 15.296 -20.230
v 14.713 14.801 -20.230
f 8633 8629 8631
f 8633 8631 8630
f 8633 8630 8632
f 8633 8632 8629
f 8634 8631 8629
f 8634 8630 8631
f 8634 8632 8630
f 8634 8629 8632
v 44.689 -28.279 -12.706
v 44.107 -28.279 -12.706
v 44.398 -28.279 -12.997
v 44.398 -28.279 -12.415
v 44.398 -28.032 -12.706
v 44.398 -28.526 -12.706
f 8639 8635 8637
f 8639 8637 8636
f 8639 8636 8638
f 8639 8638 8635
f 8640 8637 8635
f 8640 8636 8637
f 8640 8638 8636
f 8640 8635 8638
v 49.685 -24.103 -13.442
v 49.185 -24.103 -13.442
v 49.435 -24.103 -13.692
v 49.435 -24.103 -13.192
v 49.435 -23.890 -13.442
v 49.435 -24.315 -13.442
f 8645 8641 8643
f 8645 8643 8642
f 8645 8642 8644
f 8645 8644 8641
f 8646 8643 8641
f 8646 8642 8643
f 8646 8644 8642
f 8646 8641 8644
v 35.802 -7.419 -8.243
v 35.083 -7.419 -8.243
v 35.442 -7.419 -8.602
v 35.442 -7.419 -7.883
v 35.442 -7.113 -8.243
v 35.442 -7.725 -8.243
f 8651 8647 8649
f 8651 8649 8648
f 8651 8648 8650
f 8651 8650 8647
f 8652 8649 8647
f 8652 8648 8649
f 8652 8650 8648
f 8652 8647 8650
v 76.018 -38.297 -13.527
v 75.436 -38.297 -13.527
v 75.727 -38.297 -13.818
v 75.727 -38.297 -13.236
v 75.727 -38.050 -13.527
v 75.727 -38.544 -13.527
f 8657 8653 8655
f 8657 8655 8654
f 8657 8654 8656
f 8657 8656 8653
f 8658 8655 8653
f 8658 8654 8655
f 8658 8656 8654
f 8658 8653 8656
v 73.645 -31.568 -14.035
v 73.063 -31.568 -14.035
v 73.354 -31.568 -14.326
v 73.354 -31.568 -13.744
v 73.354 -31.320 -14.035
v 73.354 -31.815 -14.035
f 8663 8659 8661
f 8663 8661 8660
f 8663 8660 8662
f 8663 8662 8659
f 8664 8661 8659
f 8664 8660 8661
f 8664 8662 8660
f 8664 8659 8662
v 70.020 -34.616 -8.782
v 69.438 -34.616 -8.782
v 69.729 -34.616 -9.073
v 69.729 -34.616 -8.491
v 69.729 -34.368 -8.782
v 69.729 -34.863 -8.782
f 8669 8665 8667
f 8669 8667 8666
f 8669 8666 8668
f 8669 8668 8665
f 8670 8667 8665
f 8670 8666 8667
f 8670 8668 8666
f 8670 8665 8668
v 61.094 -20.678 -11.372
v 60.594 -20.678 -11.372
v 60.844 -20.678 -11.622
v 60.844 -20.678 -11.122
v 60.844 -20.466 -11.372
v 60.844 -20.891 -11.372
f 8675 8671 8673
f 8675 8673 8672
f 8675 8672 8674
f 8675 8674 8671
f 8676 8673 8671
f 8676 8672 8673
f 8676 8674 8672
f 8676 8671 8674
v 63.150 -19.872 -11.256
v 62.650 -19.872 -11.256
v 62.900 -19.872 -11.506
v 62.900 -19.872 -11.006
v 62.900 -19.660 -11.256
v 62.900 -20.085 -11.256
f 8681 8677 8679
f 8681 8679 8678
f 8681 8678 8680
f 8681 8680 8677
f 8682 8679 8677
f 8682 8678 8679
f 8682 8680 8678
f 8682 8677 8680
v 67.281 -23.462 -8.801
v 66.781 -23.462 -8.801
v 67.031 -23.462 -9.051
v 67.031 -23.462 -8.551
v 67.031 -23.249 -8.801
v 67.031 -23.674 -8.801
f 8687 8683 8685
f 8687 8685 8684
f 8687 8684 8686
f 8687 8686 8683
f 8688 8685 8683
f 8688 8684 8685
f 8688 8686 8684
f 8688 8683 8686
v 56.658 -15.120 -14.352
v 56.158 -15.120 -14.352
v 56.408 -15.120 -14.602
v 56.408 -15.120 -14.102
v 56.408 -14.908 -14.352
v 56.408 -15.333 -14.352
f 8693 8689 8691
f 8693 8691 8690
f 8693 8690 8692
f 8693 8692 8689
f 8694 8691 8689
f 8694 8690 8691
f 8694 8692 8690
f 8694 8689 8692
v 57.576 -16.198 -10.897
v 56.994 -16.198 -10.897
v 57.285 -16.198 -11.188
v 57.285 -16.198 -10.606
v 57.285 -15.951 -10.897
v 57.285 -16.446 -10.897
f 8699 8695 8697
f 8699 8697 8696
f 8699 8696 8698
f 8699 8698 8695
f 8700 8697 8695
f 8700 8696 8697
f 8700 8698 8696
f 8700 8695 8698
v 83.232 -28.996 -16.223
v 82.578 -28.996 -16.223
v 82.905 -28.996 -16.550
v 82.905 -28.996 -15.896
v 82.905 -28.718 -16.223
v 82.905 -29.273 -16.223
f 8705 8701 8703
f 8705 8703 8702
f 8705 8702 8704
f 8705 8704 8701
f 8706 8703 8701
f 8706 8702 8703
f 8706 8704 8702
f 8706 8701 8704
v 87.551 -32.467 -9.438
v 86.897 -32.467 -9.438
v 87.224 -32.467 -9.765
v 87.224 -32.467 -9.111
v 87.224 -32.189 -9.438
v 87.224 -32.745 -9.438
f 8711 8707 8709
f 8711 8709 8708
f 8711 8708 8710
f 8711 8710 8707
f 8712 8709 8707
f 8712 8708 8709
f 8712 8710 8708
f 8712 8707 8710
v 64.850 -19.904 -16.632
v 64.269 -19.904 -16.632
v 64.559 -19.904 -16.923
v 64.559 -19.904 -16.341
v 64.559 -19.657 -16.632
v 64.559 -20.152 -16.632
f 8717 8713 8715
f 8717 8715 8714
f 8717 8714 8716
f 8717 8716 8713
f 8718 8715 8713
f 8718 8714 8715
f 8718 8716 8714
f 8718 8713 8716
v 70.745 -20.129 -13.689
v 70.091 -20.129 -13.689
v 70.418 -20.129 -14.016
v 70.418 -20.129 -13.362
v 70.418 -19.851 -13.689
v 70.418 -20.407 -13.689
f 8723 8719 8721
f 8723 8721 8720
f 8723 8720 8722
f 8723 8722 8719
f 8724 8721 8719
f 8724 8720 8721
f 8724 8722 8720
f 8724 8719 8722
v 64.504 -14.079 -15.797
v 63.850 -14.079 -15.797
v 64.177 -14.079 -16.124
v 64.177 -14.079 -15.470
v 64.177 -13.801 -15.797
v 64.177 -14.356 -15.797
f 8729 8725 8727
f 8729 8727 8726
f 8729 8726 8728
f 8729 8728 8725
f 8730 8727 8725
f 8730 8726 8727
f 8730 8728 8726
f 8730 8725 8728
v 60.403 -8.475 -10.393
v 59.903 -8.475 -10.393
v 60.153 -8.475 -10.643
v 60.153 -8.475 -10.143
v 60.153 -8.262 -10.393
v 60.153 -8.687 -10.393
f 8735 8731 8733
f 8735 8733 8732
f 8735 8732 8734
f 8735 8734 8731
f 8736 8733 8731
f 8736 8732 8733
f 8736 8734 8732
f 8736 8731 8734
v 3.061 60.607 -26.222
v 2.561 60.607 -26.222
v 2.811 60.607 -26.472
v 2.811 60.607 -25.972
v 2.811 60.819 -26.222
v 2.811 60.394 -26.222
f 8741 8737 8739
f 8741 8739 8738
f 8741 8738 8740
f 8741 8740 8737
f 8742 8739 8737
f 8742 8738 8739
f 8742 8740 8738
f 8742 8737 8740
v 7.427 58.004 -25.467
v 6.927 58.004 -25.467
v 7.177 58.004 -25.717
v 7.177 58.004 -25.217
v 7.177 58.216 -25.467
v 7.177 57.791 -25.467
f 8747 8743 8745
f 8747 8745 8744
f 8747 8744 8746
f 8747 8746 8743
f 8748 8745 8743
f 8748 8744 8745
f 8748 8746 8744
f 8748 8743 8746
v 7.367 56.606 -23.249
v 6.786 56.606 -23.249
v 7.077 56.606 -23.540
v 7.077 56.606 -22.958
v 7.077 56.854 -23.249
v 7.077 56.359 -23.249
f 8753 8749 8751
f 8753 8751 8750
f 8753 8750 8752
f 8753 8752 8749
f 8754 8751 8749
f 8754 8750 8751
f 8754 8752 8750
f 8754 8749 8752
v 11.263 56.164 -25.935
v 10.763 56.164 -25.935
v 11.013 56.164 -26.185
v 11.013 56.164 -25.685
v 11.013 56.377 -25.935
v 11.013 55.952 -25.935
f 8759 8755 8757
f 8759 8757 8756
f 8759 8756 8758
f 8759 8758 8755
f 8760 8757 8755
f 8760 8756 8757
f 8760 8758 8756
f 8760 8755 8758
v -14.354 79.101 -25.547
v -15.008 79.101 -25.547
v -14.681 79.101 -25.874
v -14.681 79.101 -25.220
v -14.681 79.379 -25.547
v -14.681 78.823 -25.547
f 8765 8761 8763
f 8765 8763 8762
f 8765 8762 8764
f 8765 8764 8761
f 8766 8763 8761
f 8766 8762 8763
f 8766 8764 8762
f 8766 8761 8764
v 36.563 46.969 -18.476
v 36.063 46.969 -18.476
v 36.313 46.969 -18.726
v 36.313 46.969 -18.226
v 36.313 47.182 -18.476
v 36.313 46.757 -18.476
f 8771 8767 8769
f 8771 8769 8768
f 8771 8768 8770
f 8771 8770 8767
f 8772 8769 8767
f 8772 8768 8769
f 8772 8770 8768
f 8772 8767 8770
v 40.531 42.999 -15.039
v 40.031 42.999 -15.039
v 40.281 42.999 -15.289
v 40.281 42.999 -14.789
v 40.281 43.211 -15.039
v 40.281 42.786 -15.039
f 8777 8773 8775
f 8777 8775 8774
f 8777 8774 8776
f 8777 8776 8773
f 8778 8775 8773
f 8778 8774 8775
f 8778 8776 8774
f 8778 8773 8776
v -9.681 78.759 -23.457
v -10.263 78.759 -23.457
v -9.972 78.759 -23.748
v -9.972 78.759 -23.167
v -9.972 79.006 -23.457
v -9.972 78.512 -23.457
f 8783 8779 8781
f 8783 8781 8780
f 8783 8780 8782
f 8783 8782 8779
f 8784 8781 8779
f 8784 8780 8781
f 8784 8782 8780
f 8784 8779 8782
v -17.189 92.854 -25.623
v -17.689 92.854 -25.623
v -17.439 92.854 -25.873
v -17.439 92.854 -25.373
v -17.439 93.067 -25.623
v -17.439 92.642 -25.623
f 8789 8785 8787
f 8789 8787 8786
f 8789 8786 8788
f 8789 8788 8785
f 8790 8787 8785
f 8790 8786 8787
f 8790 8788 8786
f 8790 8785 8788
v 77.750 9.985 -15.884
v 77.168 9.985 -15.884
v 77.459 9.985 -16.175
v 77.459 9.985 -15.593
v 77.459 10.233 -15.884
v 77.459 9.738 -15.884
f 8795 8791 8793
f 8795 8793 8792
f 8795 8792 8794
f 8795 8794 8791
f 8796 8793 8791
f 8796 8792 8793
f 8796 8794 8792
f 8796 8791 8794
v 64.268 21.117 -20.663
v 63.768 21.117 -20.663
v 64.018 21.117 -20.913
v 64.018 21.117 -20.413
v 64.018 21.329 -20.663
v 64.018 20.904 -20.663
f 8801 8797 8799
f 8801 8799 8798
f 8801 8798 8800
f 8801 8800 8797
f 8802 8799 8797
f 8802 8798 8799
f 8802 8800 8798
f 8802 8797 8800
v 67.713 16.792 -16.732
v 67.213 16.792 -16.732
v 67.463 16.792 -16.982
v 67.463 16.792 -16.482
v 67.463 17.005 -16.732
v 67.463 16.580 -16.732
f 8807 8803 8805
f 8807 8805 8804
f 8807 8804 8806
f 8807 8806 8803
f 8808 8805 8803
f 8808 8804 8805
f 8808 8806 8804
f 8808 8803 8806
v 63.586 23.731 -21.187
v 62.933 23.731 -21.187
v 63.260 23.731 -21.514
v 63.260 23.731 -20.860
v 63.260 24.009 -21.187
v 63.260 23.453 -21.187
f 8813 8809 8811
f 8813 8811 8810
f 8813 8810 8812
f 8813 8812 8809
f 8814 8811 8809
f 8814 8810 8811
f 8814 8812 8810
f 8814 8809 8812
v 62.583 24.945 -20.985
v 62.083 24.945 -20.985
v 62.333 24.945 -21.235
v 62.333 24.945 -20.735
v 62.333 25.157 -20.985
v 62.333 24.732 -20.985
f 8819 8815 8817
f 8819 8817 8816
f 8819 8816 8818
f 8819 8818 8815
f 8820 8817 8815
f 8820 8816 8817
f 8820 8818 8816
f 8820 8815 8818
v 64.082 22.206 -19.851
v 63.428 22.206 -19.851
v 63.755 22.206 -20.178
v 63.755 22.206 -19.524
v 63.755 22.484 -19.851
v 63.755 21.928 -19.851
f 8825 8821 8823
f 8825 8823 8822
f 8825 8822 8824
f 8825 8824 8821
f 8826 8823 8821
f 8826 8822 8823
f 8826 8824 8822
f 8826 8821 8824
v 50.739 32.994 -22.528
v 50.239 32.994 -22.528
v 50.489 32.994 -22.778
v 50.489 32.994 -22.278
v 50.489 33.207 -22.528
v 50.489 32.782 -22.528
f 8831 8827 8829
f 8831 8829 8828
f 8831 8828 8830
f 8831 8830 8827
f 8832 8829 8827
f 8832 8828 8829
f 8832 8830 8828
f 8832 8827 8830
v 54.249 27.665 -20.666
v 53.749 27.665 -20.666
v 53.999 27.665 -20.916
v 53.999 27.665 -20.416
v 53.999 27.878 -20.666
v 53.999 27.453 -20.666
f 8837 8833 8835
f 8837 8835 8834
f 8837 8834 8836
f 8837 8836 8833
f 8838 8835 8833
f 8838 8834 8835
f 8838 8836 8834
f 8838 8833 8836
v 41.398 40.278 -16.573
v 40.898 40.278 -16.573
v 41.148 40.278 -16.823
v 41.148 40.278 -16.323
v 41.148 40.491 -16.573
v 41.148 40.066 -16.573
f 8843 8839 8841
f 8843 8841 8840
f 8843 8840 8842
f 8843 8842 8839
f 8844 8841 8839
f 8844 8840 8841
f 8844 8842 8840
f 8844 8839 8842
v -11.393 94.968 -26.093
v -11.975 94.968 -26.093
v -11.684 94.968 -26.384
v -11.684 94.968 -25.803
v -11.684 95.215 -26.093
v -11.684 94.721 -26.093
f 8849 8845 8847
f 8849 8847 8846
f 8849 8846 8848
f 8849 8848 8845
f 8850 8847 8845
f 8850 8846 8847
f 8850 8848 8846
f 8850 8845 8848
v 63.000 26.387 -20.936
v 62.500 26.387 -20.936
v 62.750 26.387 -21.186
v 62.750 26.387 -20.686
v 62.750 26.599 -20.936
v 62.750 26.174 -20.936
f 8855 8851 8853
f 8855 8853 8852
f 8855 8852 8854
f 8855 8854 8851
f 8856 8853 8851
f 8856 8852 8853
f 8856 8854 8852
f 8856 8851 8854
v 51.017 43.240 -24.252
v 50.517 43.240 -24.252
v 50.767 43.240 -24.502
v 50.767 43.240 -24.002
v 50.767 43.453 -24.252
v 50.767 43.028 -24.252
f 8861 8857 8859
f 8861 8859 8858
f 8861 8858 8860
f 8861 8860 8857
f 8862 8859 8857
f 8862 8858 8859
f 8862 8860 8858
f 8862 8857 8860
v 61.452 89.757 -23.447
v 60.798 89.757 -23.447
v 61.125 89.757 -23.774
v 61.125 89.757 -23.120
v 61.125 90.035 -23.447
v 61.125 89.479 -23.447
f 8867 8863 8865
f 8867 8865 8864
f 8867 8864 8866
f 8867 8866 8863
f 8868 8865 8863
f 8868 8864 8865
f 8868 8866 8864
f 8868 8863 8866
v -71.666 -50.882 -11.274
v -72.320 -50.882 -11.274
v -71.993 -50.882 -11.601
v -71.993 -50.882 -10.947
v -71.993 -50.604 -11.274
v -71.993 -51.160 -11.274
f 8873 8869 8871
f 8873 8871 8870
f 8873 8870 8872
f 8873 8872 8869
f 8874 8871 8869
f 8874 8870 8871
f 8874 8872 8870
f 8874 8869 8872
v -28.609 -98.730 -7.530
v -29.109 -98.730 -7.530
v -28.859 -98.730 -7.780
v -28.859 -98.730 -7.280
v -28.859 -98.518 -7.530
v -28.859 -98.943 -7.530
f 8879 8875 8877
f 8879 8877 8876
f 8879 8876 8878
f 8879 8878 8875
f 8880 8877 8875
f 8880 8876 8877
f 8880 8878 8876
f 8880 8875 8878
v -50.938 -69.000 -8.166
v -51.438 -69.000 -8.166
v -51.188 -69.000 -8.416
v -51.188 -69.000 -7.916
v -51.188 -68.788 -8.166
v -51.188 -69.213 -8.166
f 8885 8881 8883
f 8885 8883 8882
f 8885 8882 8884
f 8885 8884 8881
f 8886 8883 8881
f 8886 8882 8883
f 8886 8884 8882
f 8886 8881 8884
v -63.511 -45.960 -9.738
v -64.093 -45.960 -9.738
v -63.802 -45.960 -10.029
v -63.802 -45.960 -9.447
v -63.802 -45.712 -9.738
v -63.802 -46.207 -9.738
f 8891 8887 8889
f 8891 8889 8888
f 8891 8888 8890
f 8891 8890 8887
f 8892 8889 8887
f 8892 8888 8889
f 8892 8890 8888
f 8892 8887 8890
v -70.523 -40.921 -11.926
v -71.023 -40.921 -11.926
v -70.773 -40.921 -12.176
v -70.773 -40.921 -11.676
v -70.773 -40.708 -11.926
v -70.773 -41.133 -11.926
f 8897 8893 8895
f 8897 8895 8894
f 8897 8894 8896
f 8897 8896 8893
f 8898 8895 8893
f 8898 8894 8895
f 8898 8896 8894
f 8898 8893 8896
v -36.444 -74.829 -1.310
v -37.026 -74.829 -1.310
v -36.735 -74.829 -1.601
v -36.735 -74.829 -1.019
v -36.735 -74.582 -1.310
v -36.735 -75.076 -1.310
f 8903 8899 8901
f 8903 8901 8900
f 8903 8900 8902
f 8903 8902 8899
f 8904 8901 8899
f 8904 8900 8901
f 8904 8902 8900
f 8904 8899 8902
v -59.962 -45.181 -11.852
v -60.462 -45.181 -11.852
v -60.212 -45.181 -12.102
v -60.212 -45.181 -11.602
v -60.212 -44.969 -11.852
v -60.212 -45.394 -11.852
f 8909 8905 8907
f 8909 8907 8906
f 8909 8906 8908
f 8909 8908 8905
f 8910 8907 8905
f 8910 8906 8907
f 8910 8908 8906
f 8910 8905 8908
v -112.083 10.377 -16.985
v -112.583 10.377 -16.985
v -112.333 10.377 -17.235
v -112.333 10.377 -16.735
v -112.333 10.589 -16.985
v -112.333 10.164 -16.985
f 8915 8911 8913
f 8915 8913 8912
f 8915 8912 8914
f 8915 8914 8911
f 8916 8913 8911
f 8916 8912 8913
f 8916 8914 8912
f 8916 8911 8914
v -30.611 -28.950 -8.169
v -31.111 -28.950 -8.169
v -30.861 -28.950 -8.419
v -30.861 -28.950 -7.919
v -30.861 -28.738 -8.169
v -30.861 -29.163 -8.169
f 8921 8917 8919
f 8921 8919 8918
f 8921 8918 8920
f 8921 8920 8917
f 8922 8919 8917
f 8922 8918 8919
f 8922 8920 8918
f 8922 8917 8920
v -60.946 -5.361 -17.112
v -61.527 -5.361 -17.112
v -61.236 -5.361 -17.403
v -61.236 -5.361 -16.822
v -61.236 -5.114 -17.112
v -61.236 -5.609 -17.112
f 8927 8923 8925
f 8927 8925 8924
f 8927 8924 8926
f 8927 8926 8923
f 8928 8925 8923
f 8928 8924 8925
f 8928 8926 8924
f 8928 8923 8926
v -64.128 4.689 -16.135
v -64.628 4.689 -16.135
v -64.378 4.689 -16.385
v -64.378 4.689 -15.885
v -64.378 4.902 -16.135
v -64.378 4.477 -16.135
f 8933 8929 8931
f 8933 8931 8930
f 8933 8930 8932
f 8933 8932 8929
f 8934 8931 8929
f 8934 8930 8931
f 8934 8932 8930
f 8934 8929 8932
v -72.117 10.388 -13.195
v -72.837 10.388 -13.195
v -72.477 10.388 -13.555
v -72.477 10.388 -12.836
v -72.477 10.694 -13.195
v -72.477 10.083 -13.195
f 8939 8935 8937
f 8939 8937 8936
f 8939 8936 8938
f 8939 8938 8935
f 8940 8937 8935
f 8940 8936 8937
f 8940 8938 8936
f 8940 8935 8938
v -70.178 13.417 -10.210
v -70.832 13.417 -10.210
v -70.505 13.417 -10.537
v -70.505 13.417 -9.884
v -70.505 13.695 -10.210
v -70.505 13.139 -10.210
f 8945 8941 8943
f 8945 8943 8942
f 8945 8942 8944
f 8945 8944 8941
f 8946 8943 8941
f 8946 8942 8943
f 8946 8944 8942
f 8946 8941 8944
v -32.367 -8.119 -8.347
v -32.948 -8.119 -8.347
v -32.658 -8.119 -8.638
v -32.658 -8.119 -8.056
v -32.658 -7.871 -8.347
v -32.658 -8.366 -8.347
f 8951 8947 8949
f 8951 8949 8948
f 8951 8948 8950
f 8951 8950 8947
f 8952 8949 8947
f 8952 8948 8949
f 8952 8950 8948
f 8952 8947 8950
v -61.783 10.385 -19.828
v -62.365 10.385 -19.828
v -62.074 10.385 -20.119
v -62.074 10.385 -19.537
v -62.074 10.633 -19.828
v -62.074 10.138 -19.828
f 8957 8953 8955
f 8957 8955 8954
f 8957 8954 8956
f 8957 8956 8953
f 8958 8955 8953
f 8958 8954 8955
f 8958 8956 8954
f 8958 8953 8956
v -58.012 8.056 -12.985
v -58.512 8.056 -12.985
v -58.262 8.056 -13.235
v -58.262 8.056 -12.735
v -58.262 8.269 -12.985
v -58.262 7.844 -12.985
f 8963 8959 8961
f 8963 8961 8960
f 8963 8960 8962
f 8963 8962 8959
f 8964 8961 8959
f 8964 8960 8961
f 8964 8962 8960
f 8964 8959 8962
v -64.607 9.447 -12.663
v -65.107 9.447 -12.663
v -64.857 9.447 -12.913
v -64.857 9.447 -12.413
v -64.857 9.660 -12.663
v -64.857 9.235 -12.663
f 8969 8965 8967
f 8969 8967 8966
f 8969 8966 8968
f 8969 8968 8965
f 8970 8967 8965
f 8970 8966 8967
f 8970 8968 8966
f 8970 8965 8968
v -2.670 -37.020 -7.461
v -3.170 -37.020 -7.461
v -2.920 -37.020 -7.711
v -2.920 -37.020 -7.211
v -2.920 -36.807 -7.461
v -2.920 -37.232 -7.461
f 8975 8971 8973
f 8975 8973 8972
f 8975 8972 8974
f 8975 8974 8971
f 8976 8973 8971
f 8976 8972 8973
f 8976 8974 8972
f 8976 8971 8974
v -35.148 -4.967 -11.223
v -35.648 -4.967 -11.223
v -35.398 -4.967 -11.473
v -35.398 -4.967 -10.973
v -35.398 -4.755 -11.223
v -35.398 -5.180 -11.223
f 8981 8977 8979
f 8981 8979 8978
f 8981 8978 8980
f 8981 8980 8977
f 8982 8979 8977
f 8982 8978 8979
f 8982 8980 8978
f 8982 8977 8980
v -38.158 8.630 -10.152
v -38.812 8.630 -10.152
v -38.485 8.630 -10.479
v -38.485 8.630 -9.825
v -38.485 8.908 -10.152
v -38.485 8.352 -10.152
f 8987 8983 8985
f 8987 8985 8984
f 8987 8984 8986
f 8987 8986 8983
f 8988 8985 8983
f 8988 8984 8985
f 8988 8986 8984
f 8988 8983 8986
v -47.654 11.437 -15.643
v -48.235 11.437 -15.643
v -47.945 11.437 -15.933
v -47.945 11.437 -15.352
v -47.945 11.684 -15.643
v -47.945 11.189 -15.643
f 8993 8989 8991
f 8993 8991 8990
f 8993 8990 8992
f 8993 8992 8989
f 8994 8991 8989
f 8994 8990 8991
f 8994 8992 8990
f 8994 8989 8992
v 57.598 -89.455 -0.544
v 57.098 -89.455 -0.544
v 57.348 -89.455 -0.794
v 57.348 -89.455 -0.294
v 57.348 -89.242 -0.544
v 57.348 -89.667 -0.544
f 8999 8995 8997
f 8999 8997 8996
f 8999 8996 8998
f 8999 8998 8995
f 9000 8997 8995
f 9000 8996 8997
f 9000 8998 8996
f 9000 8995 8998
v 26.998 -51.148 -12.806
v 26.498 -51.148 -12.806
v 26.748 -51.148 -13.056
v 26.748 -51.148 -12.556
v 26.748 -50.936 -12.806
v 26.748 -51.361 -12.806
f 9005 9001 9003
f 9005 9003 9002
f 9005 9002 9004
f 9005 9004 9001
f 9006 9003 9001
f 9006 9002 9003
f 9006 9004 9002
f 9006 9001 9004
v 1.769 -39.164 -9.957
v 1.269 -39.164 -9.957
v 1.519 -39.164 -10.207
v 1.519 -39.164 -9.707
v 1.519 -38.951 -9.957
v 1.519 -39.376 -9.957
f 9011 9007 9009
f 9011 9009 9008
f 9011 9008 9010
f 9011 9010 9007
f 9012 9009 9007
f 9012 9008 9009
f 9012 9010 9008
f 9012 9007 9010
v 3.250 -38.894 -10.349
v 2.668 -38.894 -10.349
v 2.959 -38.894 -10.640
v 2.959 -38.894 -10.058
v 2.959 -38.647 -10.349
v 2.959 -39.142 -10.349
f 9017 9013 9015
f 9017 9015 9014
f 9017 9014 9016
f 9017 9016 9013
f 9018 9015 9013
f 9018 9014 9015
f 9018 9016 9014
f 9018 9013 9016
v -0.399 -34.545 -7.629
v -0.899 -34.545 -7.629
v -0.649 -34.545 -7.879
v -0.649 -34.545 -7.379
v -0.649 -34.333 -7.629
v -0.649 -34.758 -7.629
f 9023 9019 9021
f 9023 9021 9020
f 9023 9020 9022
f 9023 9022 9019
f 9024 9021 9019
f 9024 9020 9021
f 9024 9022 9020
f 9024 9019 9022
v -0.592 -36.986 -7.105
v -1.092 -36.986 -7.105
v -0.842 -36.986 -7.355
v -0.842 -36.986 -6.855
v -0.842 -36.773 -7.105
v -0.842 -37.198 -7.105
f 9029 9025 9027
f 9029 9027 9026
f 9029 9026 9028
f 9029 9028 9025
f 9030 9027 9025
f 9030 9026 9027
f 9030 9028 9026
f 9030 9025 9028
v -10.142 -10.898 -8.272
v -10.724 -10.898 -8.272
v -10.433 -10.898 -8.563
v -10.433 -10.898 -7.981
v -10.433 -10.651 -8.272
v -10.433 -11.145 -8.272
f 9035 9031 9033
f 9035 9033 9032
f 9035 9032 9034
f 9035 9034 9031
f 9036 9033 9031
f 9036 9032 9033
f 9036 9034 9032
f 9036 9031 9034
v -8.856 -11.145 -9.497
v -9.575 -11.145 -9.497
v -9.215 -11.145 -9.856
v -9.215 -11.145 -9.137
v -9.215 -10.840 -9.497
v -9.215 -11.451 -9.497
f 9041 9037 9039
f 9041 9039 9038
f 9041 9038 9040
f 9041 9040 9037
f 9042 9039 9037
f 9042 9038 9039
f 9042 9040 9038
f 9042 9037 9040
v -34.306 9.398 -12.082
v -34.806 9.398 -12.082
v -34.556 9.398 -12.332
v -34.556 9.398 -11.832
v -34.556 9.610 -12.082
v -34.556 9.185 -12.082
f 9047 9043 9045
f 9047 9045 9044
f 9047 9044 9046
f 9047 9046 9043
f 9048 9045 9043
f 9048 9044 9045
f 9048 9046 9044
f 9048 9043 9046
v -34.917 9.022 -10.452
v -35.417 9.022 -10.452
v -35.167 9.022 -10.702
v -35.167 9.022 -10.202
v -35.167 9.234 -10.452
v -35.167 8.809 -10.452
f 9053 9049 9051
f 9053 9051 9050
f 9053 9050 9052
f 9053 9052 9049
f 9054 9051 9049
f 9054 9050 9051
f 9054 9052 9050
f 9054 9049 9052
v -30.331 12.744 -17.360
v -30.985 12.744 -17.360
v -30.658 12.744 -17.687
v -30.658 12.744 -17.033
v -30.658 13.022 -17.360
v -30.658 12.466 -17.360
f 9059 9055 9057
f 9059 9057 9056
f 9059 9056 9058
f 9059 9058 9055
f 9060 9057 9055
f 9060 9056 9057
f 9060 9058 9056
f 9060 9055 9058
v -30.457 12.647 -15.408
v -31.039 12.647 -15.408
v -30.748 12.647 -15.699
v -30.748 12.647 -15.117
v -30.748 12.894 -15.408
v -30.748 12.399 -15.408
f 9065 9061 9063
f 9065 9063 9062
f 9065 9062 9064
f 9065 9064 9061
f 9066 9063 9061
f 9066 9062 9063
f 9066 9064 9062
f 9066 9061 9064
v -41.112 14.052 -19.694
v -41.612 14.052 -19.694
v -41.362 14.052 -19.944
v -41.362 14.052 -19.444
v -41.362 14.264 -19.694
v -41.362 13.839 -19.694
f 9071 9067 9069
f 9071 9069 9068
f 9071 9068 9070
f 9071 9070 9067
f 9072 9069 9067
f 9072 9068 9069
f 9072 9070 9068
f 9072 9067 9070
v -66.494 42.106 -23.888
v -66.994 42.106 -23.888
v -66.744 42.106 -24.138
v -66.744 42.106 -23.638
v -66.744 42.318 -23.888
v -66.744 41.893 -23.888
f 9077 9073 9075
f 9077 9075 9074
f 9077 9074 9076
f 9077 9076 9073
f 9078 9075 9073
f 9078 9074 9075
f 9078 9076 9074
f 9078 9073 9076
v -66.736 42.794 -22.669
v -67.236 42.794 -22.669
v -66.986 42.794 -22.919
v -66.986 42.794 -22.419
v -66.986 43.007 -22.669
v -66.986 42.582 -22.669
f 9083 9079 9081
f 9083 9081 9080
f 9083 9080 9082
f 9083 9082 9079
f 9084 9081 9079
f 9084 9080 9081
f 9084 9082 9080
f 9084 9079 9082
v 48.269 -64.764 -4.269
v 47.687 -64.764 -4.269
v 47.978 -64.764 -4.560
v 47.978 -64.764 -3.978
v 47.978 -64.517 -4.269
v 47.978 -65.011 -4.269
f 9089 9085 9087
f 9089 9087 9086
f 9089 9086 9088
f 9089 9088 9085
f 9090 9087 9085
f 9090 9086 9087
f 9090 9088 9086
f 9090 9085 9088
v 43.075 -58.652 -5.740
v 42.575 -58.652 -5.740
v 42.825 -58.652 -5.990
v 42.825 -58.652 -5.490
v 42.825 -58.440 -5.740
v 42.825 -58.865 -5.740
f 9095 9091 9093
f 9095 9093 9092
f 9095 9092 9094
f 9095 9094 9091
f 9096 9093 9091
f 9096 9092 9093
f 9096 9094 9092
f 9096 9091 9094
v 43.167 -61.214 -2.680
v 42.667 -61.214 -2.680
v 42.917 -61.214 -2.930
v 42.917 -61.214 -2.430
v 42.917 -61.002 -2.680
v 42.917 -61.427 -2.680
f 9101 9097 9099
f 9101 9099 9098
f 9101 9098 9100
f 9101 9100 9097
f 9102 9099 9097
f 9102 9098 9099
f 9102 9100 9098
f 9102 9097 9100
v 42.909 -56.050 -3.953
v 42.409 -56.050 -3.953
v 42.659 -56.050 -4.203
v 42.659 -56.050 -3.703
v 42.659 -55.837 -3.953
v 42.659 -56.262 -3.953
f 9107 9103 9105
f 9107 9105 9104
f 9107 9104 9106
f 9107 9106 9103
f 9108 9105 9103
f 9108 9104 9105
f 9108 9106 9104
f 9108 9103 9106
v 33.980 -53.027 -11.431
v 33.480 -53.027 -11.431
v 33.730 -53.027 -11.681
v 33.730 -53.027 -11.181
v 33.730 -52.815 -11.431
v 33.730 -53.240 -11.431
f 9113 9109 9111
f 9113 9111 9110
f 9113 9110 9112
f 9113 9112 9109
f 9114 9111 9109
f 9114 9110 9111
f 9114 9112 9110
f 9114 9109 9112
v 13.777 -32.123 -15.140
v 13.195 -32.123 -15.140
v 13.486 -32.123 -15.431
v 13.486 -32.123 -14.849
v 13.486 -31.876 -15.140
v 13.486 -32.370 -15.140
f 9119 9115 9117
f 9119 9117 9116
f 9119 9116 9118
f 9119 9118 9115
f 9120 9117 9115
f 9120 9116 9117
f 9120 9118 9116
f 9120 9115 9118
v 5.310 -25.787 -10.889
v 4.729 -25.787 -10.889
v 5.020 -25.787 -11.180
v 5.020 -25.787 -10.598
v 5.020 -25.540 -10.889
v 5.020 -26.035 -10.889
f 9125 9121 9123
f 9125 9123 9122
f 9125 9122 9124
f 9125 9124 9121
f 9126 9123 9121
f 9126 9122 9123
f 9126 9124 9122
f 9126 9121 9124
v 7.831 -28.550 -12.117
v 7.249 -28.550 -12.117
v 7.540 -28.550 -12.408
v 7.540 -28.550 -11.826
v 7.540 -28.302 -12.117
v 7.540 -28.797 -12.117
f 9131 9127 9129
f 9131 9129 9128
f 9131 9128 9130
f 9131 9130 9127
f 9132 9129 9127
f 9132 9128 9129
f 9132 9130 9128
f 9132 9127 9130
v 0.659 -22.343 -8.373
v 0.077 -22.343 -8.373
v 0.368 -22.343 -8.664
v 0.368 -22.343 -8.082
v 0.368 -22.096 -8.373
v 0.368 -22.590 -8.373
f 9137 9133 9135
f 9137 9135 9134
f 9137 9134 9136
f 9137 9136 9133
f 9138 9135 9133
f 9138 9134 9135
f 9138 9136 9134
f 9138 9133 9136
v -2.569 -12.588 -7.270
v -3.223 -12.588 -7.270
v -2.896 -12.588 -7.597
v -2.896 -12.588 -6.943
v -2.896 -12.310 -7.270
v -2.896 -12.866 -7.270
f 9143 9139 9141
f 9143 9141 9140
f 9143 9140 9142
f 9143 9142 9139
f 9144 9141 9139
f 9144 9140 9141
f 9144 9142 9140
f 9144 9139 9142
v -1.317 -13.200 -8.351
v -1.817 -13.200 -8.351
v -1.567 -13.200 -8.601
v -1.567 -13.200 -8.101
v -1.567 -12.988 -8.351
v -1.567 -13.413 -8.351
f 9149 9145 9147
f 9149 9147 9146
f 9149 9146 9148
f 9149 9148 9145
f 9150 9147 9145
f 9150 9146 9147
f 9150 9148 9146
f 9150 9145 9148
v -0.670 -13.068 -11.059
v -1.389 -13.068 -11.059
v -1.030 -13.068 -11.419
v -1.030 -13.068 -10.699
v -1.030 -12.763 -11.059
v -1.030 -13.374 -11.059
f 9155 9151 9153
f 9155 9153 9152
f 9155 9152 9154
f 9155 9154 9151
f 9156 9153 9151
f 9156 9152 9153
f 9156 9154 9152
f 9156 9151 9154
v -8.734 3.655 -20.565
v -9.315 3.655 -20.565
v -9.025 3.655 -20.856
v -9.025 3.655 -20.274
v -9.025 3.902 -20.565
v -9.025 3.408 -20.565
f 9161 9157 9159
f 9161 9159 9158
f 9161 9158 9160
f 9161 9160 9157
f 9162 9159 9157
f 9162 9158 9159
f 9162 9160 9158
f 9162 9157 9160
v -20.459 6.693 -13.574
v -21.113 6.693 -13.574
v -20.786 6.693 -13.901
v -20.786 6.693 -13.247
v -20.786 6.970 -13.574
v -20.786 6.415 -13.574
f 9167 9163 9165
f 9167 9165 9164
f 9167 9164 9166
f 9167 9166 9163
f 9168 9165 9163
f 9168 9164 9165
f 9168 9166 9164
f 9168 9163 9166
v -14.169 6.286 -20.553
v -14.751 6.286 -20.553
v -14.460 6.286 -20.844
v -14.460 6.286 -20.262
v -14.460 6.534 -20.553
v -14.460 6.039 -20.553
f 9173 9169 9171
f 9173 9171 9170
f 9173 9170 9172
f 9173 9172 9169
f 9174 9171 9169
f 9174 9170 9171
f 9174 9172 9170
f 9174 9169 9172
v 48.616 -53.051 -7.744
v 48.034 -53.051 -7.744
v 48.325 -53.051 -8.035
v 48.325 -53.051 -7.453
v 48.325 -52.804 -7.744
v 48.325 -53.298 -7.744
f 9179 9175 9177
f 9179 9177 9176
f 9179 9176 9178
f 9179 9178 9175
f 9180 9177 9175
f 9180 9176 9177
f 9180 9178 9176
f 9180 9175 9178
v 50.567 -52.525 -7.877
v 49.913 -52.525 -7.877
v 50.240 -52.525 -8.204
v 50.240 -52.525 -7.550
v 50.240 -52.248 -7.877
v 50.240 -52.803 -7.877
f 9185 9181 9183
f 9185 9183 9182
f 9185 9182 9184
f 9185 9184 9181
f 9186 9183 9181
f 9186 9182 9183
f 9186 9184 9182
f 9186 9181 9184
v 2.047 -13.759 -17.084
v 1.327 -13.759 -17.084
v 1.687 -13.759 -17.443
v 1.687 -13.759 -16.724
v 1.687 -13.453 -17.084
v 1.687 -14.064 -17.084
f 9191 9187 9189
f 9191 9189 9188
f 9191 9188 9190
f 9191 9190 9187
f 9192 9189 9187
f 9192 9188 9189
f 9192 9190 9188
f 9192 9187 9190
v 6.140 -12.482 -17.392
v 5.558 -12.482 -17.392
v 5.849 -12.482 -17.683
v 5.849 -12.482 -17.101
v 5.849 -12.234 -17.392
v 5.849 -12.729 -17.392
f 9197 9193 9195
f 9197 9195 9194
f 9197 9194 9196
f 9197 9196 9193
f 9198 9195 9193
f 9198 9194 9195
f 9198 9196 9194
f 9198 9193 9196
v -5.309 -8.247 -10.655
v -5.809 -8.247 -10.655
v -5.559 -8.247 -10.905
v -5.559 -8.247 -10.405
v -5.559 -8.034 -10.655
v -5.559 -8.459 -10.655
f 9203 9199 9201
f 9203 9201 9200
f 9203 9200 9202
f 9203 9202 9199
f 9204 9201 9199
f 9204 9200 9201
f 9204 9202 9200
f 9204 9199 9202
v 0.659 -9.749 -16.033
v 0.005 -9.749 -16.033
v 0.332 -9.749 -16.360
v 0.332 -9.749 -15.706
v 0.332 -9.471 -16.033
v 0.332 -10.026 -16.033
f 9209 9205 9207
f 9209 9207 9206
f 9209 9206 9208
f 9209 9208 9205
f 9210 9207 9205
f 9210 9206 9207
f 9210 9208 9206
f 9210 9205 9208
v 3.407 -12.167 -16.061
v 2.753 -12.167 -16.061
v 3.080 -12.167 -16.388
v 3.080 -12.167 -15.735
v 3.080 -11.889 -16.061
v 3.080 -12.445 -16.061
f 9215 9211 9213
f 9215 9213 9212
f 9215 9212 9214
f 9215 9214 9211
f 9216 9213 9211
f 9216 9212 9213
f 9216 9214 9212
f 9216 9211 9214
v 3.760 -9.313 -19.112
v 3.260 -9.313 -19.112
v 3.510 -9.313 -19.362
v 3.510 -9.313 -18.862
v 3.510 -9.100 -19.112
v 3.510 -9.525 -19.112
f 9221 9217 9219
f 9221 9219 9218
f 9221 9218 9220
f 9221 9220 9217
f 9222 9219 9217
f 9222 9218 9219
f 9222 9220 9218
f 9222 9217 9220
v 7.997 3.173 -9.402
v 7.497 3.173 -9.402
v 7.747 3.173 -9.652
v 7.747 3.173 -9.152
v 7.747 3.385 -9.402
v 7.747 2.960 -9.402
f 9227 9223 9225
f 9227 9225 9224
f 9227 9224 9226
f 9227 9226 9223
f 9228 9225 9223
f 9228 9224 9225
f 9228 9226 9224
f 9228 9223 9226
v 11.481 9.491 -2.966
v 10.981 9.491 -2.966
v 11.231 9.491 -3.216
v 11.231 9.491 -2.716
v 11.231 9.703 -2.966
v 11.231 9.278 -2.966
f 9233 9229 9231
f 9233 9231 9230
f 9233 9230 9232
f 9233 9232 9229
f 9234 9231 9229
f 9234 9230 9231
f 9234 9232 9230
f 9234 9229 9232
v 65.563 -17.348 -6.317
v 64.844 -17.348 -6.317
v 65.204 -17.348 -6.676
v 65.204 -17.348 -5.957
v 65.204 -17.043 -6.317
v 65.204 -17.654 -6.317
f 9239 9235 9237
f 9239 9237 9236
f 9239 9236 9238
f 9239 9238 9235
f 9240 9237 9235
f 9240 9236 9237
f 9240 9238 9236
f 9240 9235 9238
v 67.180 -5.503 -8.660
v 66.680 -5.503 -8.660
v 66.930 -5.503 -8.910
v 66.930 -5.503 -8.410
v 66.930 -5.290 -8.660
v 66.930 -5.715 -8.660
f 9245 9241 9243
f 9245 9243 9242
f 9245 9242 9244
f 9245 9244 9241
f 9246 9243 9241
f 9246 9242 9243
f 9246 9244 9242
f 9246 9241 9244
v 36.989 38.042 -11.045
v 36.489 38.042 -11.045
v 36.739 38.042 -11.295
v 36.739 38.042 -10.795
v 36.739 38.255 -11.045
v 36.739 37.830 -11.045
f 9251 9247 9249
f 9251 9249 9248
f 9251 9248 9250
f 9251 9250 9247
f 9252 9249 9247
f 9252 9248 9249
f 9252 9250 9248
f 9252 9247 9250
v -72.161 -21.699 -4.941
v -72.661 -21.699 -4.941
v -72.411 -21.699 -5.191
v -72.411 -21.699 -4.691
v -72.411 -21.487 -4.941
v -72.411 -21.912 -4.941
f 9257 9253 9255
f 9257 9255 9254
f 9257 9254 9256
f 9257 9256 9253
f 9258 9255 9253
f 9258 9254 9255
f 9258 9256 9254
f 9258 9253 9256
v -83.529 8.742 -10.203
v -84.029 8.742 -10.203
v -83.779 8.742 -10.453
v -83.779 8.742 -9.953
v -83.779 8.955 -10.203
v -83.779 8.530 -10.203
f 9263 9259 9261
f 9263 9261 9260
f 9263 9260 9262
f 9263 9262 9259
f 9264 9261 9259
f 9264 9260 9261
f 9264 9262 9260
f 9264 9259 9262
v -16.280 -35.038 -0.966
v -16.780 -35.038 -0.966
v -16.530 -35.038 -1.216
v -16.530 -35.038 -0.716
v -16.530 -34.825 -0.966
v -16.530 -35.250 -0.966
f 9269 9265 9267
f 9269 9267 9266
f 9269 9266 9268
f 9269 9268 9265
f 9270 9267 9265
f 9270 9266 9267
f 9270 9268 9266
f 9270 9265 9268
v -13.103 -36.844 -3.148
v -13.603 -36.844 -3.148
v -13.353 -36.844 -3.398
v -13.353 -36.844 -2.898
v -13.353 -36.631 -3.148
v -13.353 -37.056 -3.148
f 9275 9271 9273
f 9275 9273 9272
f 9275 9272 9274
f 9275 9274 9271
f 9276 9273 9271
f 9276 9272 9273
f 9276 9274 9272
f 9276 9271 9274
v -21.112 -12.404 -2.453
v -21.831 -12.404 -2.453
v -21.471 -12.404 -2.812
v -21.471 -12.404 -2.093
v -21.471 -12.099 -2.453
v -21.471 -12.710 -2.453
f 9281 9277 9279
f 9281 9279 9278
f 9281 9278 9280
f 9281 9280 9277
f 9282 9279 9277
f 9282 9278 9279
f 9282 9280 9278
f 9282 9277 9280
v -59.660 5.232 -6.796
v -60.160 5.232 -6.796
v -59.910 5.232 -7.046
v -59.910 5.232 -6.546
v -59.910 5.444 -6.796
v -59.910 5.019 -6.796
f 9287 9283 9285
f 9287 9285 9284
f 9287 9284 9286
f 9287 9286 9283
f 9288 9285 9283
f 9288 9284 9285
f 9288 9286 9284
f 9288 9283 9286
v -5.229 -35.329 -2.246
v -5.729 -35.329 -2.246
v -5.479 -35.329 -2.496
v -5.479 -35.329 -1.996
v -5.479 -35.117 -2.246
v -5.479 -35.542 -2.246
f 9293 9289 9291
f 9293 9291 9290
f 9293 9290 9292
f 9293 9292 9289
f 9294 9291 9289
f 9294 9290 9291
f 9294 9292 9290
f 9294 9289 9292
v -8.270 -26.370 -0.033
v -8.770 -26.370 -0.033
v -8.520 -26.370 -0.283
v -8.520 -26.370 0.217
v -8.520 -26.158 -0.033
v -8.520 -26.583 -0.033
f 9299 9295 9297
f 9299 9297 9296
f 9299 9296 9298
f 9299 9298 9295
f 9300 9297 9295
f 9300 9296 9297
f 9300 9298 9296
f 9300 9295 9298
v -7.703 -28.057 -0.357
v -8.203 -28.057 -0.357
v -7.953 -28.057 -0.607
v -7.953 -28.057 -0.107
v -7.953 -27.844 -0.357
v -7.953 -28.269 -0.357
f 9305 9301 9303
f 9305 9303 9302
f 9305 9302 9304
f 9305 9304 9301
f 9306 9303 9301
f 9306 9302 9303
f 9306 9304 9302
f 9306 9301 9304
v -6.733 -27.714 -0.982
v -7.387 -27.714 -0.982
v -7.060 -27.714 -1.309
v -7.060 -27.714 -0.655
v -7.060 -27.437 -0.982
v -7.060 -27.992 -0.982
f 9311 9307 9309
f 9311 9309 9308
f 9311 9308 9310
f 9311 9310 9307
f 9312 9309 9307
f 9312 9308 9309
f 9312 9310 9308
f 9312 9307 9310
v 46.457 -61.686 -2.065
v 45.803 -61.686 -2.065
v 46.130 -61.686 -2.392
v 46.130 -61.686 -1.738
v 46.130 -61.408 -2.065
v 46.130 -61.964 -2.065
f 9317 9313 9315
f 9317 9315 9314
f 9317 9314 9316
f 9317 9316 9313
f 9318 9315 9313
f 9318 9314 9315
f 9318 9316 9314
f 9318 9313 9316
v -10.006 1.797 -4.995
v -10.506 1.797 -4.995
v -10.256 1.797 -5.245
v -10.256 1.797 -4.745
v -10.256 2.009 -4.995
v -10.256 1.584 -4.995
f 9323 9319 9321
f 9323 9321 9320
f 9323 9320 9322
f 9323 9322 9319
f 9324 9321 9319
f 9324 9320 9321
f 9324 9322 9320
f 9324 9319 9322
v 15.686 0.280 3.321
v 14.799 0.280 3.321
v 15.243 0.280 2.878
v 15.243 0.280 3.765
v 15.243 0.657 3.321
v 15.243 -0.098 3.321
usemtl mtl-001
f 9329 9325 9327
f 9329 9327 9326
f 9329 9326 9328
f 9329 9328 9325
f 9330 9327 9325
f 9330 9326 9327
f 9330 9328 9326
f 9330 9325 9328
v -0.441 -0.577 -3.243
v -1.328 -0.577 -3.243
v -0.885 -0.577 -3.687
v -0.885 -0.577 -2.800
v -0.885 -0.200 -3.243
v -0.885 -0.954 -3.243
f 9335 9331 9333
f 9335 9333 9332
f 9335 9332 9334
f 9335 9334 9331
f 9336 9333 9331
f 9336 9332 9333
f 9336 9334 9332
f 9336 9331 9334
v -38.716 -50.541 15.254
v -39.495 -50.541 15.254
v -39.105 -50.541 14.864
v -39.105 -50.541 15.643
v -39.105 -50.210 15.254
v -39.105 -50.872 15.254
f 9341 9337 9339
f 9341 9339 9338
f 9341 9338 9340
f 9341 9340 9337
f 9342 9339 9337
f 9342 9338 9339
f 9342 9340 9338
f 9342 9337 9340
v -28.224 -22.535 9.869
v -29.160 -22.535 9.869
v -28.692 -22.535 9.400
v -28.692 -22.535 10.337
v -28.692 -22.137 9.869
v -28.692 -22.933 9.869
f 9347 9343 9345
f 9347 9345 9344
f 9347 9344 9346
f 9347 9346 9343
f 9348 9345 9343
f 9348 9344 9345
f 9348 9346 9344
f 9348 9343 9346
v -13.140 -24.713 5.603
v -13.919 -24.713 5.603
v -13.530 -24.713 5.213
v -13.530 -24.713 5.992
v -13.530 -24.382 5.603
v -13.530 -25.044 5.603
f 9353 9349 9351
f 9353 9351 9350
f 9353 9350 9352
f 9353 9352 9349
f 9354 9351 9349
f 9354 9350 9351
f 9354 9352 9350
f 9354 9349 9352
v -23.805 -4.915 6.304
v -24.639 -4.915 6.304
v -24.222 -4.915 5.887
v -24.222 -4.915 6.721
v -24.222 -4.560 6.304
v -24.222 -5.269 6.304
f 9359 9355 9357
f 9359 9357 9356
f 9359 9356 9358
f 9359 9358 9355
f 9360 9357 9355
f 9360 9356 9357
f 9360 9358 9356
f 9360 9355 9358
v -38.149 -1.494 9.197
v -39.086 -1.494 9.197
v -38.618 -1.494 8.729
v -38.618 -1.494 9.666
v -38.618 -1.096 9.197
v -38.618 -1.892 9.197
f 9365 9361 9363
f 9365 9363 9362
f 9365 9362 9364
f 9365 9364 9361
f 9366 9363 9361
f 9366 9362 9363
f 9366 9364 9362
f 9366 9361 9364
v -6.346 -20.322 4.589
v -7.180 -20.322 4.589
v -6.763 -20.322 4.171
v -6.763 -20.322 5.006
v -6.763 -19.967 4.589
v -6.763 -20.677 4.589
f 9371 9367 9369
f 9371 9369 9368
f 9371 9368 9370
f 9371 9370 9367
f 9372 9369 9367
f 9372 9368 9369
f 9372 9370 9368
f 9372 9367 9370
v -6.346 -22.192 8.787
v -7.181 -22.192 8.787
v -6.763 -22.192 8.370
v -6.763 -22.192 9.205
v -6.763 -21.837 8.787
v -6.763 -22.547 8.787
f 9377 9373 9375
f 9377 9375 9374
f 9377 9374 9376
f 9377 9376 9373
f 9378 9375 9373
f 9378 9374 9375
f 9378 9376 9374
f 9378 9373 9376
v -7.327 -9.819 6.144
v -8.106 -9.819 6.144
v -7.716 -9.819 5.755
v -7.716 -9.819 6.534
v -7.716 -9.488 6.144
v -7.716 -10.150 6.144
f 9383 9379 9381
f 9383 9381 9380
f 9383 9380 9382
f 9383 9382 9379
f 9384 9381 9379
f 9384 9380 9381
f 9384 9382 9380
f 9384 9379 9382
v 10.392 1.536 14.323
v 9.505 1.536 14.323
v 9.949 1.536 13.880
v 9.949 1.536 14.767
v 9.949 1.913 14.323
v 9.949 1.159 14.323
f 9389 9385 9387
f 9389 9387 9386
f 9389 9386 9388
f 9389 9388 9385
f 9390 9387 9385
f 9390 9386 9387
f 9390 9388 9386
f 9390 9385 9388
v 12.140 3.198 14.762
v 11.361 3.198 14.762
v 11.751 3.198 14.373
v 11.751 3.198 15.152
v 11.751 3.529 14.762
v 11.751 2.867 14.762
f 9395 9391 9393
f 9395 9393 9392
f 9395 9392 9394
f 9395 9394 9391
f 9396 9393 9391
f 9396 9392 9393
f 9396 9394 9392
f 9396 9391 9394
v 65.338 -10.555 15.917
v 64.503 -10.555 15.917
v 64.920 -10.555 15.500
v 64.920 -10.555 16.334
v 64.920 -10.201 15.917
v 64.920 -10.910 15.917
f 9401 9397 9399
f 9401 9399 9398
f 9401 9398 9400
f 9401 9400 9397
f 9402 9399 9397
f 9402 9398 9399
f 9402 9400 9398
f 9402 9397 9400
v -55.447 -53.254 21.992
v -56.226 -53.254 21.992
v -55.836 -53.254 21.602
v -55.836 -53.254 22.381
v -55.836 -52.923 21.992
v -55.836 -53.585 21.992
f 9407 9403 9405
f 9407 9405 9404
f 9407 9404 9406
f 9407 9406 9403
f 9408 9405 9403
f 9408 9404 9405
f 9408 9406 9404
f 9408 9403 9406
v -65.385 -39.535 15.837
v -66.321 -39.535 15.837
v -65.853 -39.535 15.369
v -65.853 -39.535 16.305
v -65.853 -39.137 15.837
v -65.853 -39.933 15.837
f 9413 9409 9411
f 9413 9411 9410
f 9413 9410 9412
f 9413 9412 9409
f 9414 9411 9409
f 9414 9410 9411
f 9414 9412 9410
f 9414 9409 9412
v -45.448 -5.324 16.614
v -46.335 -5.324 16.614
v -45.891 -5.324 16.171
v -45.891 -5.324 17.058
v -45.891 -4.947 16.614
v -45.891 -5.701 16.614
f 9419 9415 9417
f 9419 9417 9416
f 9419 9416 9418
f 9419 9418 9415
f 9420 9417 9415
f 9420 9416 9417
f 9420 9418 9416
f 9420 9415 9418
v -23.168 -26.809 14.113
v -24.055 -26.809 14.113
v -23.612 -26.809 13.670
v -23.612 -26.809 14.557
v -23.612 -26.432 14.113
v -23.612 -27.186 14.113
f 9425 9421 9423
f 9425 9423 9422
f 9425 9422 9424
f 9425 9424 9421
f 9426 9423 9421
f 9426 9422 9423
f 9426 9424 9422
f 9426 9421 9424
v -39.405 -5.163 11.299
v -40.292 -5.163 11.299
v -39.848 -5.163 10.856
v -39.848 -5.163 11.743
v -39.848 -4.786 11.299
v -39.848 -5.540 11.299
f 9431 9427 9429
f 9431 9429 9428
f 9431 9428 9430
f 9431 9430 9427
f 9432 9429 9427
f 9432 9428 9429
f 9432 9430 9428
f 9432 9427 9430
v -17.416 -25.967 13.576
v -18.195 -25.967 13.576
v -17.806 -25.967 13.187
v -17.806 -25.967 13.966
v -17.806 -25.636 13.576
v -17.806 -26.298 13.576
f 9437 9433 9435
f 9437 9435 9434
f 9437 9434 9436
f 9437 9436 9433
f 9438 9435 9433
f 9438 9434 9435
f 9438 9436 9434
f 9438 9433 9436
v -16.848 -24.178 15.195
v -17.683 -24.178 15.195
v -17.266 -24.178 14.778
v -17.266 -24.178 15.612
v -17.266 -23.823 15.195
v -17.266 -24.532 15.195
f 9443 9439 9441
f 9443 9441 9440
f 9443 9440 9442
f 9443 9442 9439
f 9444 9441 9439
f 9444 9440 9441
f 9444 9442 9440
f 9444 9439 9442
v -17.551 -9.061 14.345
v -18.534 -9.061 14.345
v -18.043 -9.061 13.853
v -18.043 -9.061 14.837
v -18.043 -8.643 14.345
v -18.043 -9.480 14.345
f 9449 9445 9447
f 9449 9447 9446
f 9449 9446 9448
f 9449 9448 9445
f 9450 9447 9445
f 9450 9446 9447
f 9450 9448 9446
f 9450 9445 9448
v -55.742 18.219 14.280
v -56.629 18.219 14.280
v -56.185 18.219 13.836
v -56.185 18.219 14.723
v -56.185 18.596 14.280
v -56.185 17.842 14.280
f 9455 9451 9453
f 9455 9453 9452
f 9455 9452 9454
f 9455 9454 9451
f 9456 9453 9451
f 9456 9452 9453
f 9456 9454 9452
f 9456 9451 9454
v -1.091 -21.289 13.329
v -1.978 -21.289 13.329
v -1.535 -21.289 12.886
v -1.535 -21.289 13.773
v -1.535 -20.912 13.329
v -1.535 -21.666 13.329
f 9461 9457 9459
f 9461 9459 9458
f 9461 9458 9460
f 9461 9460 9457
f 9462 9459 9457
f 9462 9458 9459
f 9462 9460 9458
f 9462 9457 9460
v -17.120 0.276 15.122
v -17.899 0.276 15.122
v -17.510 0.276 14.732
v -17.510 0.276 15.511
v -17.510 0.607 15.122
v -17.510 -0.055 15.122
f 9467 9463 9465
f 9467 9465 9464
f 9467 9464 9466
f 9467 9466 9463
f 9468 9465 9463
f 9468 9464 9465
f 9468 9466 9464
f 9468 9463 9466
v 7.740 -9.083 16.959
v 6.853 -9.083 16.959
v 7.296 -9.083 16.515
v 7.296 -9.083 17.402
v 7.296 -8.706 16.959
v 7.296 -9.460 16.959
f 9473 9469 9471
f 9473 9471 9470
f 9473 9470 9472
f 9473 9472 9469
f 9474 9471 9469
f 9474 9470 9471
f 9474 9472 9470
f 9474 9469 9472
v -1.164 -4.024 11.969
v -1.998 -4.024 11.969
v -1.581 -4.024 11.552
v -1.581 -4.024 12.387
v -1.581 -3.669 11.969
v -1.581 -4.378 11.969
f 9479 9475 9477
f 9479 9477 9476
f 9479 9476 9478
f 9479 9478 9475
f 9480 9477 9475
f 9480 9476 9477
f 9480 9478 9476
f 9480 9475 9478
v -0.093 -5.512 11.396
v -1.030 -5.512 11.396
v -0.562 -5.512 10.928
v -0.562 -5.512 11.864
v -0.562 -5.113 11.396
v -0.562 -5.910 11.396
f 9485 9481 9483
f 9485 9483 9482
f 9485 9482 9484
f 9485 9484 9481
f 9486 9483 9481
f 9486 9482 9483
f 9486 9484 9482
f 9486 9481 9484
v 14.960 0.755 21.441
v 14.072 0.755 21.441
v 14.516 0.755 20.998
v 14.516 0.755 21.885
v 14.516 1.132 21.441
v 14.516 0.378 21.441
f 9491 9487 9489
f 9491 9489 9488
f 9491 9488 9490
f 9491 9490 9487
f 9492 9489 9487
f 9492 9488 9489
f 9492 9490 9488
f 9492 9487 9490
v 10.222 14.228 25.064
v 9.443 14.228 25.064
v 9.832 14.228 24.674
v 9.832 14.228 25.453
v 9.832 14.560 25.064
v 9.832 13.897 25.064
f 9497 9493 9495
f 9497 9495 9494
f 9497 9494 9496
f 9497 9496 9493
f 9498 9495 9493
f 9498 9494 9495
f 9498 9496 9494
f 9498 9493 9496
v 11.678 10.246 21.284
v 10.694 10.246 21.284
v 11.186 10.246 20.793
v 11.186 10.246 21.776
v 11.186 10.665 21.284
v 11.186 9.828 21.284
f 9503 9499 9501
f 9503 9501 9500
f 9503 9500 9502
f 9503 9502 9499
f 9504 9501 9499
f 9504 9500 9501
f 9504 9502 9500
f 9504 9499 9502
v 13.683 9.315 20.973
v 12.848 9.315 20.973
v 13.265 9.315 20.556
v 13.265 9.315 21.391
v 13.265 9.670 20.973
v 13.265 8.960 20.973
f 9509 9505 9507
f 9509 9507 9506
f 9509 9506 9508
f 9509 9508 9505
f 9510 9507 9505
f 9510 9506 9507
f 9510 9508 9506
f 9510 9505 9508
v 52.888 -7.384 22.068
v 52.109 -7.384 22.068
v 52.498 -7.384 21.678
v 52.498 -7.384 22.457
v 52.498 -7.053 22.068
v 52.498 -7.715 22.068
f 9515 9511 9513
f 9515 9513 9512
f 9515 9512 9514
f 9515 9514 9511
f 9516 9513 9511
f 9516 9512 9513
f 9516 9514 9512
f 9516 9511 9514
v 40.918 0.677 27.718
v 40.084 0.677 27.718
v 40.501 0.677 27.300
v 40.501 0.677 28.135
v 40.501 1.032 27.718
v 40.501 0.323 27.718
f 9521 9517 9519
f 9521 9519 9518
f 9521 9518 9520
f 9521 9520 9517
f 9522 9519 9517
f 9522 9518 9519
f 9522 9520 9518
f 9522 9517 9520
v 42.227 0.400 26.388
v 41.448 0.400 26.388
v 41.838 0.400 25.998
v 41.838 0.400 26.777
v 41.838 0.731 26.388
v 41.838 0.069 26.388
f 9527 9523 9525
f 9527 9525 9524
f 9527 9524 9526
f 9527 9526 9523
f 9528 9525 9523
f 9528 9524 9525
f 9528 9526 9524
f 9528 9523 9526
v 5.640 62.733 14.709
v 4.752 62.733 14.709
v 5.196 62.733 14.265
v 5.196 62.733 15.153
v 5.196 63.110 14.709
v 5.196 62.356 14.709
f 9533 9529 9531
f 9533 9531 9530
f 9533 9530 9532
f 9533 9532 9529
f 9534 9531 9529
f 9534 9530 9531
f 9534 9532 9530
f 9534 9529 9532
v 1.421 69.147 14.159
v 0.642 69.147 14.159
v 1.032 69.147 13.769
v 1.032 69.147 14.548
v 1.032 69.478 14.159
v 1.032 68.816 14.159
f 9539 9535 9537
f 9539 9537 9536
f 9539 9536 9538
f 9539 9538 9535
f 9540 9537 9535
f 9540 9536 9537
f 9540 9538 9536
f 9540 9535 9538
v -22.999 -63.014 30.072
v -23.833 -63.014 30.072
v -23.416 -63.014 29.655
v -23.416 -63.014 30.490
v -23.416 -62.659 30.072
v -23.416 -63.369 30.072
f 9545 9541 9543
f 9545 9543 9542
f 9545 9542 9544
f 9545 9544 9541
f 9546 9543 9541
f 9546 9542 9543
f 9546 9544 9542
f 9546 9541 9544
v -0.919 -84.485 38.523
v -1.698 -84.485 38.523
v -1.309 -84.485 38.134
v -1.309 -84.485 38.913
v -1.309 -84.154 38.523
v -1.309 -84.816 38.523
f 9551 9547 9549
f 9551 9549 9548
f 9551 9548 9550
f 9551 9550 9547
f 9552 9549 9547
f 9552 9548 9549
f 9552 9550 9548
f 9552 9547 9550
v -26.227 -50.304 29.786
v -27.062 -50.304 29.786
v -26.644 -50.304 29.368
v -26.644 -50.304 30.203
v -26.644 -49.949 29.786
v -26.644 -50.659 29.786
f 9557 9553 9555
f 9557 9555 9554
f 9557 9554 9556
f 9557 9556 9553
f 9558 9555 9553
f 9558 9554 9555
f 9558 9556 9554
f 9558 9553 9556
v 16.091 -55.498 28.271
v 15.312 -55.498 28.271
v 15.701 -55.498 27.882
v 15.701 -55.498 28.661
v 15.701 -55.167 28.271
v 15.701 -55.829 28.271
f 9563 9559 9561
f 9563 9561 9560
f 9563 9560 9562
f 9563 9562 9559
f 9564 9561 9559
f 9564 9560 9561
f 9564 9562 9560
f 9564 9559 9562
v 22.042 -52.431 30.607
v 21.154 -52.431 30.607
v 21.598 -52.431 30.163
v 21.598 -52.431 31.050
v 21.598 -52.054 30.607
v 21.598 -52.808 30.607
f 9569 9565 9567
f 9569 9567 9566
f 9569 9566 9568
f 9569 9568 9565
f 9570 9567 9565
f 9570 9566 9567
f 9570 9568 9566
f 9570 9565 9568
v 7.235 -49.748 27.154
v 6.348 -49.748 27.154
v 6.792 -49.748 26.710
v 6.792 -49.748 27.598
v 6.792 -49.371 27.154
v 6.792 -50.126 27.154
f 9575 9571 9573
f 9575 9573 9572
f 9575 9572 9574
f 9575 9574 9571
f 9576 9573 9571
f 9576 9572 9573
f 9576 9574 9572
f 9576 9571 9574
v -31.369 -2.450 26.433
v -32.305 -2.450 26.433
v -31.837 -2.450 25.964
v -31.837 -2.450 26.901
v -31.837 -2.052 26.433
v -31.837 -2.848 26.433
f 9581 9577 9579
f 9581 9579 9578
f 9581 9578 9580
f 9581 9580 9577
f 9582 9579 9577
f 9582 9578 9579
f 9582 9580 9578
f 9582 9577 9580
v -33.865 17.115 23.805
v -34.700 17.115 23.805
v -34.283 17.115 23.387
v -34.283 17.115 24.222
v -34.283 17.469 23.805
v -34.283 16.760 23.805
f 9587 9583 9585
f 9587 9585 9584
f 9587 9584 9586
f 9587 9586 9583
f 9588 9585 9583
f 9588 9584 9585
f 9588 9586 9584
f 9588 9583 9586
v -86.138 69.143 14.863
v -87.025 69.143 14.863
v -86.581 69.143 14.419
v -86.581 69.143 15.306
v -86.581 69.520 14.863
v -86.581 68.766 14.863
f 9593 9589 9591
f 9593 9591 9590
f 9593 9590 9592
f 9593 9592 9589
f 9594 9591 9589
f 9594 9590 9591
f 9594 9592 9590
f 9594 9589 9592
v -10.673 10.290 17.703
v -11.452 10.290 17.703
v -11.063 10.290 17.314
v -11.063 10.290 18.093
v -11.063 10.621 17.703
v -11.063 9.959 17.703
f 9599 9595 9597
f 9599 9597 9596
f 9599 9596 9598
f 9599 9598 9595
f 9600 9597 9595
f 9600 9596 9597
f 9600 9598 9596
f 9600 9595 9598
v 6.322 -5.876 20.879
v 5.487 -5.876 20.879
v 5.904 -5.876 20.462
v 5.904 -5.876 21.296
v 5.904 -5.521 20.879
v 5.904 -6.231 20.879
f 9605 9601 9603
f 9605 9603 9602
f 9605 9602 9604
f 9605 9604 9601
f 9606 9603 9601
f 9606 9602 9603
f 9606 9604 9602
f 9606 9601 9604
v -74.316 81.594 24.047
v -75.203 81.594 24.047
v -74.760 81.594 23.604
v -74.760 81.594 24.491
v -74.760 81.971 24.047
v -74.760 81.217 24.047
f 9611 9607 9609
f 9611 9609 9608
f 9611 9608 9610
f 9611 9610 9607
f 9612 9609 9607
f 9612 9608 9609
f 9612 9610 9608
f 9612 9607 9610
v 25.857 4.275 37.020
v 25.078 4.275 37.020
v 25.468 4.275 36.630
v 25.468 4.275 37.409
v 25.468 4.606 37.020
v 25.468 3.943 37.020
f 9617 9613 9615
f 9617 9615 9614
f 9617 9614 9616
f 9617 9616 9613
f 9618 9615 9613
f 9618 9614 9615
f 9618 9616 9614
f 9618 9613 9616
v 19.296 23.962 33.197
v 18.517 23.962 33.197
v 18.907 23.962 32.807
v 18.907 23.962 33.586
v 18.907 24.293 33.197
v 18.907 23.630 33.197
f 9623 9619 9621
f 9623 9621 9620
f 9623 9620 9622
f 9623 9622 9619
f 9624 9621 9619
f 9624 9620 9621
f 9624 9622 9620
f 9624 9619 9622
v 66.750 0.190 31.281
v 65.863 0.190 31.281
v 66.307 0.190 30.837
v 66.307 0.190 31.725
v 66.307 0.567 31.281
v 66.307 -0.187 31.281
f 9629 9625 9627
f 9629 9627 9626
f 9629 9626 9628
f 9629 9628 9625
f 9630 9627 9625
f 9630 9626 9627
f 9630 9628 9626
f 9630 9625 9628
v -92.429 18.955 34.425
v -93.208 18.955 34.425
v -92.818 18.955 34.035
v -92.818 18.955 34.814
v -92.818 19.286 34.425
v -92.818 18.624 34.425
f 9635 9631 9633
f 9635 9633 9632
f 9635 9632 9634
f 9635 9634 9631
f 9636 9633 9631
f 9636 9632 9633
f 9636 9634 9632
f 9636 9631 9634
v 16.849 -41.374 37.679
v 15.962 -41.374 37.679
v 16.405 -41.374 37.236
v 16.405 -41.374 38.123
v 16.405 -40.997 37.679
v 16.405 -41.751 37.679
f 9641 9637 9639
f 9641 9639 9638
f 9641 9638 9640
f 9641 9640 9637
f 9642 9639 9637
f 9642 9638 9639
f 9642 9640 9638
f 9642 9637 9640
v 2.533 -30.067 32.318
v 1.698 -30.067 32.318
v 2.116 -30.067 31.900
v 2.116 -30.067 32.735
v 2.116 -29.712 32.318
v 2.116 -30.421 32.318
f 9647 9643 9645
f 9647 9645 9644
f 9647 9644 9646
f 9647 9646 9643
f 9648 9645 9643
f 9648 9644 9645
f 9648 9646 9644
f 9648 9643 9646
v 40.684 -45.289 38.620
v 39.905 -45.289 38.620
v 40.294 -45.289 38.231
v 40.294 -45.289 39.010
v 40.294 -44.958 38.620
v 40.294 -45.620 38.620
f 9653 9649 9651
f 9653 9651 9650
f 9653 9650 9652
f 9653 9652 9649
f 9654 9651 9649
f 9654 9650 9651
f 9654 9652 9650
f 9654 9649 9652
v 1.000 24.427 45.902
v 0.221 24.427 45.902
v 0.611 24.427 45.512
v 0.611 24.427 46.291
v 0.611 24.758 45.902
v 0.611 24.096 45.902
f 9659 9655 9657
f 9659 9657 9656
f 9659 9656 9658
f 9659 9658 9655
f 9660 9657 9655
f 9660 9656 9657
f 9660 9658 9656
f 9660 9655 9658
v -8.659 47.614 40.649
v -9.494 47.614 40.649
v -9.077 47.614 40.232
v -9.077 47.614 41.066
v -9.077 47.969 40.649
v -9.077 47.260 40.649
f 9665 9661 9663
f 9665 9663 9662
f 9665 9662 9664
f 9665 9664 9661
f 9666 9663 9661
f 9666 9662 9663
f 9666 9664 9662
f 9666 9661 9664
v 43.533 48.315 43.626
v 42.754 48.315 43.626
v 43.144 48.315 43.237
v 43.144 48.315 44.016
v 43.144 48.646 43.626
v 43.144 47.984 43.626
f 9671 9667 9669
f 9671 9669 9668
f 9671 9668 9670
f 9671 9670 9667
f 9672 9669 9667
f 9672 9668 9669
f 9672 9670 9668
f 9672 9667 9670
v 14.517 -102.185 56.158
v 13.738 -102.185 56.158
v 14.128 -102.185 55.768
v 14.128 -102.185 56.547
v 14.128 -101.854 56.158
v 14.128 -102.516 56.158
f 9677 9673 9675
f 9677 9675 9674
f 9677 9674 9676
f 9677 9676 9673
f 9678 9675 9673
f 9678 9674 9675
f 9678 9676 9674
f 9678 9673 9676
v -17.019 -46.061 46.138
v -17.906 -46.061 46.138
v -17.463 -46.061 45.695
v -17.463 -46.061 46.582
v -17.463 -45.684 46.138
v -17.463 -46.438 46.138
f 9683 9679 9681
f 9683 9681 9680
f 9683 9680 9682
f 9683 9682 9679
f 9684 9681 9679
f 9684 9680 9681
f 9684 9682 9680
f 9684 9679 9682
v -27.122 -34.518 45.095
v -28.059 -34.518 45.095
v -27.591 -34.518 44.626
v -27.591 -34.518 45.563
v -27.591 -34.120 45.095
v -27.591 -34.916 45.095
f 9689 9685 9687
f 9689 9687 9686
f 9689 9686 9688
f 9689 9688 9685
f 9690 9687 9685
f 9690 9686 9687
f 9690 9688 9686
f 9690 9685 9688
v -79.880 19.036 42.075
v -80.715 19.036 42.075
v -80.297 19.036 41.658
v -80.297 19.036 42.492
v -80.297 19.391 42.075
v -80.297 18.681 42.075
f 9695 9691 9693
f 9695 9693 9692
f 9695 9692 9694
f 9695 9694 9691
f 9696 9693 9691
f 9696 9692 9693
f 9696 9694 9692
f 9696 9691 9694
v -34.111 -11.502 46.511
v -34.890 -11.502 46.511
v -34.501 -11.502 46.121
v -34.501 -11.502 46.900
v -34.501 -11.171 46.511
v -34.501 -11.833 46.511
f 9701 9697 9699
f 9701 9699 9698
f 9701 9698 9700
f 9701 9700 9697
f 9702 9699 9697
f 9702 9698 9699
f 9702 9700 9698
f 9702 9697 9700
v -44.296 -3.648 50.860
v -45.183 -3.648 50.860
v -44.739 -3.648 50.416
v -44.739 -3.648 51.304
v -44.739 -3.271 50.860
v -44.739 -4.025 50.860
f 9707 9703 9705
f 9707 9705 9704
f 9707 9704 9706
f 9707 9706 9703
f 9708 9705 9703
f 9708 9704 9705
f 9708 9706 9704
f 9708 9703 9706
v -2.629 -9.972 45.195
v -3.516 -9.972 45.195
v -3.072 -9.972 44.751
v -3.072 -9.972 45.638
v -3.072 -9.595 45.195
v -3.072 -10.349 45.195
f 9713 9709 9711
f 9713 9711 9710
f 9713 9710 9712
f 9713 9712 9709
f 9714 9711 9709
f 9714 9710 9711
f 9714 9712 9710
f 9714 9709 9712
v 7.015 -2.698 43.159
v 6.128 -2.698 43.159
v 6.571 -2.698 42.715
v 6.571 -2.698 43.603
v 6.571 -2.321 43.159
v 6.571 -3.075 43.159
f 9719 9715 9717
f 9719 9717 9716
f 9719 9716 9718
f 9719 9718 9715
f 9720 9717 9715
f 9720 9716 9717
f 9720 9718 9716
f 9720 9715 9718
v -68.392 78.072 42.962
v -69.279 78.072 42.962
v -68.836 78.072 42.519
v -68.836 78.072 43.406
v -68.836 78.449 42.962
v -68.836 77.695 42.962
f 9725 9721 9723
f 9725 9723 9722
f 9725 9722 9724
f 9725 9724 9721
f 9726 9723 9721
f 9726 9722 9723
f 9726 9724 9722
f 9726 9721 9724
v 32.656 -19.849 51.448
v 31.877 -19.849 51.448
v 32.267 -19.849 51.058
v 32.267 -19.849 51.837
v 32.267 -19.518 51.448
v 32.267 -20.180 51.448
f 9731 9727 9729
f 9731 9729 9728
f 9731 9728 9730
f 9731 9730 9727
f 9732 9729 9727
f 9732 9728 9729
f 9732 9730 9728
f 9732 9727 9730
v 5.052 20.486 48.718
v 4.273 20.486 48.718
v 4.663 20.486 48.328
v 4.663 20.486 49.107
v 4.663 20.817 48.718
v 4.663 20.155 48.718
f 9737 9733 9735
f 9737 9735 9734
f 9737 9734 9736
f 9737 9736 9733
f 9738 9735 9733
f 9738 9734 9735
f 9738 9736 9734
f 9738 9733 9736
v -4.356 27.672 52.815
v -5.340 27.672 52.815
v -4.848 27.672 52.323
v -4.848 27.672 53.307
v -4.848 28.091 52.815
v -4.848 27.254 52.815
f 9743 9739 9741
f 9743 9741 9740
f 9743 9740 9742
f 9743 9742 9739
f 9744 9741 9739
f 9744 9740 9741
f 9744 9742 9740
f 9744 9739 9742
v 6.347 27.301 48.419
v 5.568 27.301 48.419
v 5.957 27.301 48.030
v 5.957 27.301 48.809
v 5.957 27.632 48.419
v 5.957 26.970 48.419
f 9749 9745 9747
f 9749 9747 9746
f 9749 9746 9748
f 9749 9748 9745
f 9750 9747 9745
f 9750 9746 9747
f 9750 9748 9746
f 9750 9745 9748
v -85.105 -35.892 59.613
v -85.884 -35.892 59.613
v -85.495 -35.892 59.223
v -85.495 -35.892 60.002
v -85.495 -35.560 59.613
v -85.495 -36.223 59.613
f 9755 9751 9753
f 9755 9753 9752
f 9755 9752 9754
f 9755 9754 9751
f 9756 9753 9751
f 9756 9752 9753
f 9756 9754 9752
f 9756 9751 9754
v -16.735 -58.128 60.746
v -17.569 -58.128 60.746
v -17.152 -58.128 60.328
v -17.152 -58.128 61.163
v -17.152 -57.773 60.746
v -17.152 -58.483 60.746
f 9761 9757 9759
f 9761 9759 9758
f 9761 9758 9760
f 9761 9760 9757
f 9762 9759 9757
f 9762 9758 9759
f 9762 9760 9758
f 9762 9757 9760
v -72.615 52.798 46.419
v -73.599 52.798 46.419
v -73.107 52.798 45.927
v -73.107 52.798 46.911
v -73.107 53.216 46.419
v -73.107 52.380 46.419
f 9767 9763 9765
f 9767 9765 9764
f 9767 9764 9766
f 9767 9766 9763
f 9768 9765 9763
f 9768 9764 9765
f 9768 9766 9764
f 9768 9763 9766
v 60.763 -48.373 65.213
v 59.928 -48.373 65.213
v 60.345 -48.373 64.795
v 60.345 -48.373 65.630
v 60.345 -48.018 65.213
v 60.345 -48.728 65.213
f 9773 9769 9771
f 9773 9771 9770
f 9773 9770 9772
f 9773 9772 9769
f 9774 9771 9769
f 9774 9770 9771
f 9774 9772 9770
f 9774 9769 9772
v 4.466 -1.431 53.379
v 3.529 -1.431 53.379
v 3.997 -1.431 52.911
v 3.997 -1.431 53.848
v 3.997 -1.033 53.379
v 3.997 -1.829 53.379
f 9779 9775 9777
f 9779 9777 9776
f 9779 9776 9778
f 9779 9778 9775
f 9780 9777 9775
f 9780 9776 9777
f 9780 9778 9776
f 9780 9775 9778
v 12.892 32.799 64.106
v 12.057 32.799 64.106
v 12.475 32.799 63.689
v 12.475 32.799 64.524
v 12.475 33.154 64.106
v 12.475 32.444 64.106
f 9785 9781 9783
f 9785 9783 9782
f 9785 9782 9784
f 9785 9784 9781
f 9786 9783 9781
f 9786 9782 9783
f 9786 9784 9782
f 9786 9781 9784
v 41.210 3.134 68.395
v 40.323 3.134 68.395
v 40.767 3.134 67.952
v 40.767 3.134 68.839
v 40.767 3.511 68.395
v 40.767 2.757 68.395
f 9791 9787 9789
f 9791 9789 9788
f 9791 9788 9790
f 9791 9790 9787
f 9792 9789 9787
f 9792 9788 9789
f 9792 9790 9788
f 9792 9787 9790
v 17.222 47.958 57.430
v 16.388 47.958 57.430
v 16.805 47.958 57.013
v 16.805 47.958 57.848
v 16.805 48.313 57.430
v 16.805 47.603 57.430
f 9797 9793 9795
f 9797 9795 9794
f 9797 9794 9796
f 9797 9796 9793
f 9798 9795 9793
f 9798 9794 9795
f 9798 9796 9794
f 9798 9793 9796
v 18.934 50.610 57.756
v 18.155 50.610 57.756
v 18.545 50.610 57.366
v 18.545 50.610 58.145
v 18.545 50.941 57.756
v 18.545 50.279 57.756
f 9803 9799 9801
f 9803 9801 9800
f 9803 9800 9802
f 9803 9802 9799
f 9804 9801 9799
f 9804 9800 9801
f 9804 9802 9800
f 9804 9799 9802
v 69.118 8.323 59.123
v 68.339 8.323 59.123
v 68.729 8.323 58.734
v 68.729 8.323 59.513
v 68.729 8.654 59.123
v 68.729 7.992 59.123
f 9809 9805 9807
f 9809 9807 9806
f 9809 9806 9808
f 9809 9808 9805
f 9810 9807 9805
f 9810 9806 9807
f 9810 9808 9806
f 9810 9805 9808
v -67.768 -8.300 64.820
v -68.547 -8.300 64.820
v -68.158 -8.300 64.431
v -68.158 -8.300 65.210
v -68.158 -7.969 64.820
v -68.158 -8.631 64.820
f 9815 9811 9813
f 9815 9813 9812
f 9815 9812 9814
f 9815 9814 9811
f 9816 9813 9811
f 9816 9812 9813
f 9816 9814 9812
f 9816 9811 9814
v -35.088 3.815 65.766
v -35.867 3.815 65.766
v -35.477 3.815 65.376
v -35.477 3.815 66.155
v -35.477 4.146 65.766
v -35.477 3.484 65.766
f 9821 9817 9819
f 9821 9819 9818
f 9821 9818 9820
f 9821 9820 9817
f 9822 9819 9817
f 9822 9818 9819
f 9822 9820 9818
f 9822 9817 9820
v -72.844 44.341 60.522
v -73.679 44.341 60.522
v -73.262 44.341 60.104
v -73.262 44.341 60.939
v -73.262 44.696 60.522
v -73.262 43.986 60.522
f 9827 9823 9825
f 9827 9825 9824
f 9827 9824 9826
f 9827 9826 9823
f 9828 9825 9823
f 9828 9824 9825
f 9828 9826 9824
f 9828 9823 9826
v 34.730 -49.547 66.725
v 33.843 -49.547 66.725
v 34.286 -49.547 66.282
v 34.286 -49.547 67.169
v 34.286 -49.170 66.725
v 34.286 -49.924 66.725
f 9833 9829 9831
f 9833 9831 9830
f 9833 9830 9832
f 9833 9832 9829
f 9834 9831 9829
f 9834 9830 9831
f 9834 9832 9830
f 9834 9829 9832
v 44.455 -45.892 70.899
v 43.676 -45.892 70.899
v 44.066 -45.892 70.509
v 44.066 -45.892 71.288
v 44.066 -45.561 70.899
v 44.066 -46.223 70.899
f 9839 9835 9837
f 9839 9837 9836
f 9839 9836 9838
f 9839 9838 9835
f 9840 9837 9835
f 9840 9836 9837
f 9840 9838 9836
f 9840 9835 9838
v 48.144 -45.677 70.949
v 47.207 -45.677 70.949
v 47.675 -45.677 70.480
v 47.675 -45.677 71.417
v 47.675 -45.279 70.949
v 47.675 -46.075 70.949
f 9845 9841 9843
f 9845 9843 9842
f 9845 9842 9844
f 9845 9844 9841
f 9846 9843 9841
f 9846 9842 9843
f 9846 9844 9842
f 9846 9841 9844
v 2.261 -6.040 61.031
v 1.374 -6.040 61.031
v 1.817 -6.040 60.588
v 1.817 -6.040 61.475
v 1.817 -5.663 61.031
v 1.817 -6.417 61.031
f 9851 9847 9849
f 9851 9849 9848
f 9851 9848 9850
f 9851 9850 9847
f 9852 9849 9847
f 9852 9848 9849
f 9852 9850 9848
f 9852 9847 9850
v 11.696 27.460 71.552
v 10.861 27.460 71.552
v 11.278 27.460 71.135
v 11.278 27.460 71.969
v 11.278 27.815 71.552
v 11.278 27.106 71.552
f 9857 9853 9855
f 9857 9855 9854
f 9857 9854 9856
f 9857 9856 9853
f 9858 9855 9853
f 9858 9854 9855
f 9858 9856 9854
f 9858 9853 9856
v 12.347 29.676 70.107
v 11.460 29.676 70.107
v 11.904 29.676 69.664
v 11.904 29.676 70.551
v 11.904 30.053 70.107
v 11.904 29.299 70.107
f 9863 9859 9861
f 9863 9861 9860
f 9863 9860 9862
f 9863 9862 9859
f 9864 9861 9859
f 9864 9860 9861
f 9864 9862 9860
f 9864 9859 9862
v -50.836 -59.773 75.374
v -51.615 -59.773 75.374
v -51.225 -59.773 74.984
v -51.225 -59.773 75.763
v -51.225 -59.442 75.374
v -51.225 -60.104 75.374
f 9869 9865 9867
f 9869 9867 9866
f 9869 9866 9868
f 9869 9868 9865
f 9870 9867 9865
f 9870 9866 9867
f 9870 9868 9866
f 9870 9865 9868
v -53.092 -49.536 74.462
v -53.871 -49.536 74.462
v -53.482 -49.536 74.073
v -53.482 -49.536 74.852
v -53.482 -49.205 74.462
v -53.482 -49.867 74.462
f 9875 9871 9873
f 9875 9873 9872
f 9875 9872 9874
f 9875 9874 9871
f 9876 9873 9871
f 9876 9872 9873
f 9876 9874 9872
f 9876 9871 9874
v 20.312 -85.897 78.339
v 19.477 -85.897 78.339
v 19.894 -85.897 77.922
v 19.894 -85.897 78.756
v 19.894 -85.542 78.339
v 19.894 -86.252 78.339
f 9881 9877 9879
f 9881 9879 9878
f 9881 9878 9880
f 9881 9880 9877
f 9882 9879 9877
f 9882 9878 9879
f 9882 9880 9878
f 9882 9877 9880
v -16.955 -51.732 71.368
v -17.734 -51.732 71.368
v -17.344 -51.732 70.979
v -17.344 -51.732 71.758
v -17.344 -51.401 71.368
v -17.344 -52.063 71.368
f 9887 9883 9885
f 9887 9885 9884
f 9887 9884 9886
f 9887 9886 9883
f 9888 9885 9883
f 9888 9884 9885
f 9888 9886 9884
f 9888 9883 9886
v -61.431 3.500 68.923
v -62.266 3.500 68.923
v -61.849 3.500 68.506
v -61.849 3.500 69.341
v -61.849 3.855 68.923
v -61.849 3.146 68.923
f 9893 9889 9891
f 9893 9891 9890
f 9893 9890 9892
f 9893 9892 9889
f 9894 9891 9889
f 9894 9890 9891
f 9894 9892 9890
f 9894 9889 9892
v 24.046 -77.412 83.199
v 23.159 -77.412 83.199
v 23.603 -77.412 82.756
v 23.603 -77.412 83.643
v 23.603 -77.035 83.199
v 23.603 -77.789 83.199
f 9899 9895 9897
f 9899 9897 9896
f 9899 9896 9898
f 9899 9898 9895
f 9900 9897 9895
f 9900 9896 9897
f 9900 9898 9896
f 9900 9895 9898
v 29.409 -78.838 84.038
v 28.472 -78.838 84.038
v 28.940 -78.838 83.570
v 28.940 -78.838 84.507
v 28.940 -78.440 84.038
v 28.940 -79.236 84.038
f 9905 9901 9903
f 9905 9903 9902
f 9905 9902 9904
f 9905 9904 9901
f 9906 9903 9901
f 9906 9902 9903
f 9906 9904 9902
f 9906 9901 9904
v -55.073 11.925 72.597
v -55.908 11.925 72.597
v -55.490 11.925 72.180
v -55.490 11.925 73.015
v -55.490 12.280 72.597
v -55.490 11.570 72.597
f 9911 9907 9909
f 9911 9909 9908
f 9911 9908 9910
f 9911 9910 9907
f 9912 9909 9907
f 9912 9908 9909
f 9912 9910 9908
f 9912 9907 9910
v -58.493 18.561 77.215
v -59.272 18.561 77.215
v -58.883 18.561 76.826
v -58.883 18.561 77.605
v -58.883 18.893 77.215
v -58.883 18.230 77.215
f 9917 9913 9915
f 9917 9915 9914
f 9917 9914 9916
f 9917 9916 9913
f 9918 9915 9913
f 9918 9914 9915
f 9918 9916 9914
f 9918 9913 9916
v 1.397 15.515 83.887
v 0.562 15.515 83.887
v 0.980 15.515 83.469
v 0.980 15.515 84.304
v 0.980 15.869 83.887
v 0.980 15.160 83.887
f 9923 9919 9921
f 9923 9921 9920
f 9923 9920 9922
f 9923 9922 9919
f 9924 9921 9919
f 9924 9920 9921
f 9924 9922 9920
f 9924 9919 9922
v 45.564 -20.223 88.245
v 44.729 -20.223 88.245
v 45.146 -20.223 87.827
v 45.146 -20.223 88.662
v 45.146 -19.868 88.245
v 45.146 -20.577 88.245
f 9929 9925 9927
f 9929 9927 9926
f 9929 9926 9928
f 9929 9928 9925
f 9930 9927 9925
f 9930 9926 9927
f 9930 9928 9926
f 9930 9925 9928
v 45.967 -9.612 81.472
v 45.080 -9.612 81.472
v 45.524 -9.612 81.029
v 45.524 -9.612 81.916
v 45.524 -9.235 81.472
v 45.524 -9.989 81.472
f 9935 9931 9933
f 9935 9933 9932
f 9935 9932 9934
f 9935 9934 9931
f 9936 9933 9931
f 9936 9932 9933
f 9936 9934 9932
f 9936 9931 9934
v -38.752 -67.458 87.767
v -39.689 -67.458 87.767
v -39.220 -67.458 87.298
v -39.220 -67.458 88.235
v -39.220 -67.060 87.767
v -39.220 -67.856 87.767
f 9941 9937 9939
f 9941 9939 9938
f 9941 9938 9940
f 9941 9940 9937
f 9942 9939 9937
f 9942 9938 9939
f 9942 9940 9938
f 9942 9937 9940
v -36.936 -41.877 88.233
v -37.823 -41.877 88.233
v -37.379 -41.877 87.790
v -37.379 -41.877 88.677
v -37.379 -41.500 88.233
v -37.379 -42.254 88.233
f 9947 9943 9945
f 9947 9945 9944
f 9947 9944 9946
f 9947 9946 9943
f 9948 9945 9943
f 9948 9944 9945
f 9948 9946 9944
f 9948 9943 9946
v -11.056 -40.663 79.997
v -11.835 -40.663 79.997
v -11.445 -40.663 79.608
v -11.445 -40.663 80.387
v -11.445 -40.332 79.997
v -11.445 -40.994 79.997
f 9953 9949 9951
f 9953 9951 9950
f 9953 9950 9952
f 9953 9952 9949
f 9954 9951 9949
f 9954 9950 9951
f 9954 9952 9950
f 9954 9949 9952
v -15.274 -20.490 79.831
v -16.161 -20.490 79.831
v -15.717 -20.490 79.388
v -15.717 -20.490 80.275
v -15.717 -20.113 79.831
v -15.717 -20.867 79.831
f 9959 9955 9957
f 9959 9957 9956
f 9959 9956 9958
f 9959 9958 9955
f 9960 9957 9955
f 9960 9956 9957
f 9960 9958 9956
f 9960 9955 9958
v -53.708 25.825 80.689
v -54.542 25.825 80.689
v -54.125 25.825 80.271
v -54.125 25.825 81.106
v -54.125 26.180 80.689
v -54.125 25.470 80.689
f 9965 9961 9963
f 9965 9963 9962
f 9965 9962 9964
f 9965 9964 9961
f 9966 9963 9961
f 9966 9962 9963
f 9966 9964 9962
f 9966 9961 9964
v 39.501 -57.289 85.078
v 38.614 -57.289 85.078
v 39.057 -57.289 84.635
v 39.057 -57.289 85.522
v 39.057 -56.912 85.078
v 39.057 -57.666 85.078
f 9971 9967 9969
f 9971 9969 9968
f 9971 9968 9970
f 9971 9970 9967
f 9972 9969 9967
f 9972 9968 9969
f 9972 9970 9968
f 9972 9967 9970
v 14.084 -29.150 80.415
v 13.197 -29.150 80.415
v 13.640 -29.150 79.972
v 13.640 -29.150 80.859
v 13.640 -28.773 80.415
v 13.640 -29.527 80.415
f 9977 9973 9975
f 9977 9975 9974
f 9977 9974 9976
f 9977 9976 9973
f 9978 9975 9973
f 9978 9974 9975
f 9978 9976 9974
f 9978 9973 9976
v 5.820 -22.913 87.262
v 5.041 -22.913 87.262
v 5.430 -22.913 86.873
v 5.430 -22.913 87.652
v 5.430 -22.582 87.262
v 5.430 -23.244 87.262
f 9983 9979 9981
f 9983 9981 9980
f 9983 9980 9982
f 9983 9982 9979
f 9984 9981 9979
f 9984 9980 9981
f 9984 9982 9980
f 9984 9979 9982
v 45.387 -52.332 89.076
v 44.608 -52.332 89.076
v 44.997 -52.332 88.686
v 44.997 -52.332 89.465
v 44.997 -52.001 89.076
v 44.997 -52.663 89.076
f 9989 9985 9987
f 9989 9987 9986
f 9989 9986 9988
f 9989 9988 9985
f 9990 9987 9985
f 9990 9986 9987
f 9990 9988 9986
f 9990 9985 9988
v -31.432 29.538 82.507
v -32.369 29.538 82.507
v -31.900 29.538 82.039
v -31.900 29.538 82.975
v -31.900 29.936 82.507
v -31.900 29.140 82.507
f 9995 9991 9993
f 9995 9993 9992
f 9995 9992 9994
f 9995 9994 9991
f 9996 9993 9991
f 9996 9992 9993
f 9996 9994 9992
f 9996 9991 9994
v 33.369 10.465 93.755
v 32.482 10.465 93.755
v 32.925 10.465 93.311
v 32.925 10.465 94.198
v 32.925 10.842 93.755
v 32.925 10.088 93.755
f 10001 9997 9999
f 10001 9999 9998
f 10001 9998 10000
f 10001 10000 9997
f 10002 9999 9997
f 10002 9998 9999
f 10002 10000 9998
f 10002 9997 10000
v -46.538 -48.525 97.538
v -47.372 -48.525 97.538
v -46.955 -48.525 97.121
v -46.955 -48.525 97.956
v -46.955 -48.170 97.538
v -46.955 -48.880 97.538
f 10007 10003 10005
f 10007 10005 10004
f 10007 10004 10006
f 10007 10006 10003
f 10008 10005 10003
f 10008 10004 10005
f 10008 10006 10004
f 10008 10003 10006
v -51.187 28.378 82.829
v -52.123 28.378 82.829
v -51.655 28.378 82.361
v -51.655 28.378 83.298
v -51.655 28.776 82.829
v -51.655 27.980 82.829
f 10013 10009 10011
f 10013 10011 10010
f 10013 10010 10012
f 10013 10012 10009
f 10014 10011 10009
f 10014 10010 10011
f 10014 10012 10010
f 10014 10009 10012
v -23.492 17.542 90.888
v -24.428 17.542 90.888
v -23.960 17.542 90.420
v -23.960 17.542 91.357
v -23.960 17.940 90.888
v -23.960 17.144 90.888
f 10019 10015 10017
f 10019 10017 10016
f 10019 10016 10018
f 10019 10018 10015
f 10020 10017 10015
f 10020 10016 10017
f 10020 10018 10016
f 10020 10015 10018
v -33.910 17.906 85.777
v -34.893 17.906 85.777
v -34.401 17.906 85.285
v -34.401 17.906 86.269
v -34.401 18.324 85.777
v -34.401 17.488 85.777
f 10025 10021 10023
f 10025 10023 10022
f 10025 10022 10024
f 10025 10024 10021
f 10026 10023 10021
f 10026 10022 10023
f 10026 10024 10022
f 10026 10021 10024
v -49.534 33.302 84.755
v -50.313 33.302 84.755
v -49.923 33.302 84.365
v -49.923 33.302 85.144
v -49.923 33.633 84.755
v -49.923 32.971 84.755
f 10031 10027 10029
f 10031 10029 10028
f 10031 10028 10030
f 10031 10030 10027
f 10032 10029 10027
f 10032 10028 10029
f 10032 10030 10028
f 10032 10027 10030
v -4.249 -5.749 96.948
v -5.186 -5.749 96.948
v -4.717 -5.749 96.480
v -4.717 -5.749 97.416
v -4.717 -5.351 96.948
v -4.717 -6.147 96.948
f 10037 10033 10035
f 10037 10035 10034
f 10037 10034 10036
f 10037 10036 10033
f 10038 10035 10033
f 10038 10034 10035
f 10038 10036 10034
f 10038 10033 10036
v -0.805 -3.877 93.843
v -1.742 -3.877 93.843
v -1.273 -3.877 93.374
v -1.273 -3.877 94.311
v -1.273 -3.479 93.843
v -1.273 -4.275 93.843
f 10043 10039 10041
f 10043 10041 10040
f 10043 10040 10042
f 10043 10042 10039
f 10044 10041 10039
f 10044 10040 10041
f 10044 10042 10040
f 10044 10039 10042
v -17.217 22.168 89.981
v -17.996 22.168 89.981
v -17.607 22.168 89.591
v -17.607 22.168 90.370
v -17.607 22.499 89.981
v -17.607 21.837 89.981
f 10049 10045 10047
f 10049 10047 10046
f 10049 10046 10048
f 10049 10048 10045
f 10050 10047 10045
f 10050 10046 10047
f 10050 10048 10046
f 10050 10045 10048
v -38.954 38.119 85.517
v -39.890 38.119 85.517
v -39.422 38.119 85.049
v -39.422 38.119 85.985
v -39.422 38.518 85.517
v -39.422 37.721 85.517
f 10055 10051 10053
f 10055 10053 10052
f 10055 10052 10054
f 10055 10054 10051
f 10056 10053 10051
f 10056 10052 10053
f 10056 10054 10052
f 10056 10051 10054
v -48.188 44.789 91.145
v -48.967 44.789 91.145
v -48.577 44.789 90.755
v -48.577 44.789 91.534
v -48.577 45.120 91.145
v -48.577 44.458 91.145
f 10061 10057 10059
f 10061 10059 10058
f 10061 10058 10060
f 10061 10060 10057
f 10062 10059 10057
f 10062 10058 10059
f 10062 10060 10058
f 10062 10057 10060
v -52.256 56.389 85.204
v -53.240 56.389 85.204
v -52.748 56.389 84.712
v -52.748 56.389 85.696
v -52.748 56.807 85.204
v -52.748 55.971 85.204
f 10067 10063 10065
f 10067 10065 10064
f 10067 10064 10066
f 10067 10066 10063
f 10068 10065 10063
f 10068 10064 10065
f 10068 10066 10064
f 10068 10063 10066
v 11.481 -2.517 92.771
v 10.702 -2.517 92.771
v 11.091 -2.517 92.382
v 11.091 -2.517 93.161
v 11.091 -2.186 92.771
v 11.091 -2.848 92.771
f 10073 10069 10071
f 10073 10071 10070
f 10073 10070 10072
f 10073 10072 10069
f 10074 10071 10069
f 10074 10070 10071
f 10074 10072 10070
f 10074 10069 10072
v 1.080 -1.589 93.861
v 0.193 -1.589 93.861
v 0.637 -1.589 93.418
v 0.637 -1.589 94.305
v 0.637 -1.212 93.861
v 0.637 -1.966 93.861
f 10079 10075 10077
f 10079 10077 10076
f 10079 10076 10078
f 10079 10078 10075
f 10080 10077 10075
f 10080 10076 10077
f 10080 10078 10076
f 10080 10075 10078
v -15.257 35.751 104.823
v -16.194 35.751 104.823
v -15.725 35.751 104.355
v -15.725 35.751 105.292
v -15.725 36.149 104.823
v -15.725 35.353 104.823
f 10085 10081 10083
f 10085 10083 10082
f 10085 10082 10084
f 10085 10084 10081
f 10086 10083 10081
f 10086 10082 10083
f 10086 10084 10082
f 10086 10081 10084
v -27.213 38.304 95.019
v -28.048 38.304 95.019
v -27.630 38.304 94.602
v -27.630 38.304 95.437
v -27.630 38.658 95.019
v -27.630 37.949 95.019
f 10091 10087 10089
f 10091 10089 10088
f 10091 10088 10090
f 10091 10090 10087
f 10092 10089 10087
f 10092 10088 10089
f 10092 10090 10088
f 10092 10087 10090
v -42.169 62.304 91.903
v -43.003 62.304 91.903
v -42.586 62.304 91.485
v -42.586 62.304 92.320
v -42.586 62.658 91.903
v -42.586 61.949 91.903
f 10097 10093 10095
f 10097 10095 10094
f 10097 10094 10096
f 10097 10096 10093
f 10098 10095 10093
f 10098 10094 10095
f 10098 10096 10094
f 10098 10093 10096
v -42.803 -33.623 99.765
v -43.582 -33.623 99.765
v -43.193 -33.623 99.376
v -43.193 -33.623 100.155
v -43.193 -33.291 99.765
v -43.193 -33.954 99.765
f 10103 10099 10101
f 10103 10101 10100
f 10103 10100 10102
f 10103 10102 10099
f 10104 10101 10099
f 10104 10100 10101
f 10104 10102 10100
f 10104 10099 10102
v 7.665 -24.131 101.253
v 6.886 -24.131 101.253
v 7.275 -24.131 100.863
v 7.275 -24.131 101.642
v 7.275 -23.800 101.253
v 7.275 -24.462 101.253
f 10109 10105 10107
f 10109 10107 10106
f 10109 10106 10108
f 10109 10108 10105
f 10110 10107 10105
f 10110 10106 10107
f 10110 10108 10106
f 10110 10105 10108
v -3.672 -19.369 104.218
v -4.559 -19.369 104.218
v -4.116 -19.369 103.774
v -4.116 -19.369 104.661
v -4.116 -18.992 104.218
v -4.116 -19.746 104.218
f 10115 10111 10113
f 10115 10113 10112
f 10115 10112 10114
f 10115 10114 10111
f 10116 10113 10111
f 10116 10112 10113
f 10116 10114 10112
f 10116 10111 10114
v -52.959 50.094 93.919
v -53.943 50.094 93.919
v -53.451 50.094 93.427
v -53.451 50.094 94.411
v -53.451 50.512 93.919
v -53.451 49.675 93.919
f 10121 10117 10119
f 10121 10119 10118
f 10121 10118 10120
f 10121 10120 10117
f 10122 10119 10117
f 10122 10118 10119
f 10122 10120 10118
f 10122 10117 10120
v -12.300 33.569 105.748
v -13.079 33.569 105.748
v -12.689 33.569 105.358
v -12.689 33.569 106.137
v -12.689 33.900 105.748
v -12.689 33.238 105.748
f 10127 10123 10125
f 10127 10125 10124
f 10127 10124 10126
f 10127 10126 10123
f 10128 10125 10123
f 10128 10124 10125
f 10128 10126 10124
f 10128 10123 10126
v 10.771 54.276 103.739
v 9.884 54.276 103.739
v 10.328 54.276 103.295
v 10.328 54.276 104.182
v 10.328 54.653 103.739
v 10.328 53.899 103.739
f 10133 10129 10131
f 10133 10131 10130
f 10133 10130 10132
f 10133 10132 10129
f 10134 10131 10129
f 10134 10130 10131
f 10134 10132 10130
f 10134 10129 10132
v 37.603 29.268 107.641
v 36.716 29.268 107.641
v 37.159 29.268 107.197
v 37.159 29.268 108.084
v 37.159 29.645 107.641
v 37.159 28.891 107.641
f 10139 10135 10137
f 10139 10137 10136
f 10139 10136 10138
f 10139 10138 10135
f 10140 10137 10135
f 10140 10136 10137
f 10140 10138 10136
f 10140 10135 10138
v -37.501 27.396 -107.836
v -38.438 27.396 -107.836
v -37.970 27.396 -108.304
v -37.970 27.396 -107.367
v -37.970 27.794 -107.836
v -37.970 26.997 -107.836
f 10145 10141 10143
f 10145 10143 10142
f 10145 10142 10144
f 10145 10144 10141
f 10146 10143 10141
f 10146 10142 10143
f 10146 10144 10142
f 10146 10141 10144
v 30.616 19.931 -112.172
v 29.781 19.931 -112.172
v 30.198 19.931 -112.589
v 30.198 19.931 -111.754
v 30.198 20.286 -112.172
v 30.198 19.576 -112.172
f 10151 10147 10149
f 10151 10149 10148
f 10151 10148 10150
f 10151 10150 10147
f 10152 10149 10147
f 10152 10148 10149
f 10152 10150 10148
f 10152 10147 10150
v -44.365 -23.710 -94.901
v -45.302 -23.710 -94.901
v -44.834 -23.710 -95.369
v -44.834 -23.710 -94.432
v -44.834 -23.312 -94.901
v -44.834 -24.108 -94.901
f 10157 10153 10155
f 10157 10155 10154
f 10157 10154 10156
f 10157 10156 10153
f 10158 10155 10153
f 10158 10154 10155
f 10158 10156 10154
f 10158 10153 10156
v 50.061 -65.187 -87.174
v 49.124 -65.187 -87.174
v 49.593 -65.187 -87.643
v 49.593 -65.187 -86.706
v 49.593 -64.789 -87.174
v 49.593 -65.585 -87.174
f 10163 10159 10161
f 10163 10161 10160
f 10163 10160 10162
f 10163 10162 10159
f 10164 10161 10159
f 10164 10160 10161
f 10164 10162 10160
f 10164 10159 10162
v 37.372 -53.094 -93.858
v 36.593 -53.094 -93.858
v 36.983 -53.094 -94.248
v 36.983 -53.094 -93.469
v 36.983 -52.763 -93.858
v 36.983 -53.425 -93.858
f 10169 10165 10167
f 10169 10167 10166
f 10169 10166 10168
f 10169 10168 10165
f 10170 10167 10165
f 10170 10166 10167
f 10170 10168 10166
f 10170 10165 10168
v 29.587 42.406 -94.144
v 28.700 42.406 -94.144
v 29.144 42.406 -94.587
v 29.144 42.406 -93.700
v 29.144 42.783 -94.144
v 29.144 42.029 -94.144
f 10175 10171 10173
f 10175 10173 10172
f 10175 10172 10174
f 10175 10174 10171
f 10176 10173 10171
f 10176 10172 10173
f 10176 10174 10172
f 10176 10171 10174
v -58.556 -29.519 -87.713
v -59.443 -29.519 -87.713
v -59.000 -29.519 -88.156
v -59.000 -29.519 -87.269
v -59.000 -29.142 -87.713
v -59.000 -29.896 -87.713
f 10181 10177 10179
f 10181 10179 10178
f 10181 10178 10180
f 10181 10180 10177
f 10182 10179 10177
f 10182 10178 10179
f 10182 10180 10178
f 10182 10177 10180
v 27.622 -49.878 -85.280
v 26.735 -49.878 -85.280
v 27.178 -49.878 -85.724
v 27.178 -49.878 -84.837
v 27.178 -49.501 -85.280
v 27.178 -50.255 -85.280
f 10187 10183 10185
f 10187 10185 10184
f 10187 10184 10186
f 10187 10186 10183
f 10188 10185 10183
f 10188 10184 10185
f 10188 10186 10184
f 10188 10183 10186
v 16.340 -14.228 -78.200
v 15.561 -14.228 -78.200
v 15.950 -14.228 -78.590
v 15.950 -14.228 -77.811
v 15.950 -13.896 -78.200
v 15.950 -14.559 -78.200
f 10193 10189 10191
f 10193 10191 10190
f 10193 10190 10192
f 10193 10192 10189
f 10194 10191 10189
f 10194 10190 10191
f 10194 10192 10190
f 10194 10189 10192
v -23.769 42.904 -84.765
v -24.548 42.904 -84.765
v -24.159 42.904 -85.154
v -24.159 42.904 -84.375
v -24.159 43.235 -84.765
v -24.159 42.572 -84.765
f 10199 10195 10197
f 10199 10197 10196
f 10199 10196 10198
f 10199 10198 10195
f 10200 10197 10195
f 10200 10196 10197
f 10200 10198 10196
f 10200 10195 10198
v 31.696 23.156 -87.178
v 30.917 23.156 -87.178
v 31.307 23.156 -87.567
v 31.307 23.156 -86.788
v 31.307 23.487 -87.178
v 31.307 22.825 -87.178
f 10205 10201 10203
f 10205 10203 10202
f 10205 10202 10204
f 10205 10204 10201
f 10206 10203 10201
f 10206 10202 10203
f 10206 10204 10202
f 10206 10201 10204
v 26.137 38.009 -84.320
v 25.200 38.009 -84.320
v 25.669 38.009 -84.788
v 25.669 38.009 -83.851
v 25.669 38.407 -84.320
v 25.669 37.611 -84.320
f 10211 10207 10209
f 10211 10209 10208
f 10211 10208 10210
f 10211 10210 10207
f 10212 10209 10207
f 10212 10208 10209
f 10212 10210 10208
f 10212 10207 10210
v -86.284 -2.655 -74.783
v -87.171 -2.655 -74.783
v -86.728 -2.655 -75.227
v -86.728 -2.655 -74.339
v -86.728 -2.278 -74.783
v -86.728 -3.032 -74.783
f 10217 10213 10215
f 10217 10215 10214
f 10217 10214 10216
f 10217 10216 10213
f 10218 10215 10213
f 10218 10214 10215
f 10218 10216 10214
f 10218 10213 10216
v -13.206 -22.208 -79.026
v -13.985 -22.208 -79.026
v -13.595 -22.208 -79.416
v -13.595 -22.208 -78.637
v -13.595 -21.877 -79.026
v -13.595 -22.539 -79.026
f 10223 10219 10221
f 10223 10221 10220
f 10223 10220 10222
f 10223 10222 10219
f 10224 10221 10219
f 10224 10220 10221
f 10224 10222 10220
f 10224 10219 10222
v -7.960 -20.098 -75.818
v -8.944 -20.098 -75.818
v -8.452 -20.098 -76.310
v -8.452 -20.098 -75.326
v -8.452 -19.680 -75.818
v -8.452 -20.516 -75.818
f 10229 10225 10227
f 10229 10227 10226
f 10229 10226 10228
f 10229 10228 10225
f 10230 10227 10225
f 10230 10226 10227
f 10230 10228 10226
f 10230 10225 10228
v 55.222 -64.912 -77.099
v 54.286 -64.912 -77.099
v 54.754 -64.912 -77.567
v 54.754 -64.912 -76.631
v 54.754 -64.514 -77.099
v 54.754 -65.310 -77.099
f 10235 10231 10233
f 10235 10233 10232
f 10235 10232 10234
f 10235 10234 10231
f 10236 10233 10231
f 10236 10232 10233
f 10236 10234 10232
f 10236 10231 10234
v 46.844 -45.355 -68.959
v 46.009 -45.355 -68.959
v 46.427 -45.355 -69.376
v 46.427 -45.355 -68.541
v 46.427 -45.000 -68.959
v 46.427 -45.710 -68.959
f 10241 10237 10239
f 10241 10239 10238
f 10241 10238 10240
f 10241 10240 10237
f 10242 10239 10237
f 10242 10238 10239
f 10242 10240 10238
f 10242 10237 10240
v 69.230 -46.857 -68.685
v 68.451 -46.857 -68.685
v 68.840 -46.857 -69.074
v 68.840 -46.857 -68.295
v 68.840 -46.526 -68.685
v 68.840 -47.188 -68.685
f 10247 10243 10245
f 10247 10245 10244
f 10247 10244 10246
f 10247 10246 10243
f 10248 10245 10243
f 10248 10244 10245
f 10248 10246 10244
f 10248 10243 10246
v 50.860 -38.279 -69.266
v 50.081 -38.279 -69.266
v 50.470 -38.279 -69.655
v 50.470 -38.279 -68.876
v 50.470 -37.948 -69.266
v 50.470 -38.610 -69.266
f 10253 10249 10251
f 10253 10251 10250
f 10253 10250 10252
f 10253 10252 10249
f 10254 10251 10249
f 10254 10250 10251
f 10254 10252 10250
f 10254 10249 10252
v 24.207 -0.408 -77.627
v 23.372 -0.408 -77.627
v 23.789 -0.408 -78.045
v 23.789 -0.408 -77.210
v 23.789 -0.053 -77.627
v 23.789 -0.762 -77.627
f 10259 10255 10257
f 10259 10257 10256
f 10259 10256 10258
f 10259 10258 10255
f 10260 10257 10255
f 10260 10256 10257
f 10260 10258 10256
f 10260 10255 10258
v 27.843 -2.720 -68.351
v 27.008 -2.720 -68.351
v 27.426 -2.720 -68.769
v 27.426 -2.720 -67.934
v 27.426 -2.365 -68.351
v 27.426 -3.074 -68.351
f 10265 10261 10263
f 10265 10263 10262
f 10265 10262 10264
f 10265 10264 10261
f 10266 10263 10261
f 10266 10262 10263
f 10266 10264 10262
f 10266 10261 10264
v 31.073 5.976 -74.662
v 30.238 5.976 -74.662
v 30.656 5.976 -75.079
v 30.656 5.976 -74.245
v 30.656 6.331 -74.662
v 30.656 5.621 -74.662
f 10271 10267 10269
f 10271 10269 10268
f 10271 10268 10270
f 10271 10270 10267
f 10272 10269 10267
f 10272 10268 10269
f 10272 10270 10268
f 10272 10267 10270
v 29.640 11.329 -78.012
v 28.704 11.329 -78.012
v 29.172 11.329 -78.480
v 29.172 11.329 -77.544
v 29.172 11.727 -78.012
v 29.172 10.931 -78.012
f 10277 10273 10275
f 10277 10275 10274
f 10277 10274 10276
f 10277 10276 10273
f 10278 10275 10273
f 10278 10274 10275
f 10278 10276 10274
f 10278 10273 10276
v -20.072 83.782 -75.545
v -20.907 83.782 -75.545
v -20.489 83.782 -75.963
v -20.489 83.782 -75.128
v -20.489 84.137 -75.545
v -20.489 83.427 -75.545
f 10283 10279 10281
f 10283 10281 10280
f 10283 10280 10282
f 10283 10282 10279
f 10284 10281 10279
f 10284 10280 10281
f 10284 10282 10280
f 10284 10279 10282
v -19.935 88.204 -78.694
v -20.770 88.204 -78.694
v -20.353 88.204 -79.111
v -20.353 88.204 -78.276
v -20.353 88.559 -78.694
v -20.353 87.849 -78.694
f 10289 10285 10287
f 10289 10287 10286
f 10289 10286 10288
f 10289 10288 10285
f 10290 10287 10285
f 10290 10286 10287
f 10290 10288 10286
f 10290 10285 10288
v 14.373 71.599 -82.803
v 13.389 71.599 -82.803
v 13.881 71.599 -83.295
v 13.881 71.599 -82.311
v 13.881 72.017 -82.803
v 13.881 71.181 -82.803
f 10295 10291 10293
f 10295 10293 10292
f 10295 10292 10294
f 10295 10294 10291
f 10296 10293 10291
f 10296 10292 10293
f 10296 10294 10292
f 10296 10291 10294
v -15.440 -34.136 -62.877
v -16.327 -34.136 -62.877
v -15.883 -34.136 -63.321
v -15.883 -34.136 -62.433
v -15.883 -33.759 -62.877
v -15.883 -34.513 -62.877
f 10301 10297 10299
f 10301 10299 10298
f 10301 10298 10300
f 10301 10300 10297
f 10302 10299 10297
f 10302 10298 10299
f 10302 10300 10298
f 10302 10297 10300
v -63.014 32.979 -71.179
v -63.998 32.979 -71.179
v -63.506 32.979 -71.671
v -63.506 32.979 -70.687
v -63.506 33.397 -71.179
v -63.506 32.561 -71.179
f 10307 10303 10305
f 10307 10305 10304
f 10307 10304 10306
f 10307 10306 10303
f 10308 10305 10303
f 10308 10304 10305
f 10308 10306 10304
f 10308 10303 10306
v -50.836 47.939 -64.881
v -51.671 47.939 -64.881
v -51.254 47.939 -65.298
v -51.254 47.939 -64.464
v -51.254 48.294 -64.881
v -51.254 47.584 -64.881
f 10313 10309 10311
f 10313 10311 10310
f 10313 10310 10312
f 10313 10312 10309
f 10314 10311 10309
f 10314 10310 10311
f 10314 10312 10310
f 10314 10309 10312
v 28.141 -26.105 -58.442
v 27.306 -26.105 -58.442
v 27.724 -26.105 -58.859
v 27.724 -26.105 -58.025
v 27.724 -25.751 -58.442
v 27.724 -26.460 -58.442
f 10319 10315 10317
f 10319 10317 10316
f 10319 10316 10318
f 10319 10318 10315
f 10320 10317 10315
f 10320 10316 10317
f 10320 10318 10316
f 10320 10315 10318
v 34.659 5.811 -63.460
v 33.824 5.811 -63.460
v 34.242 5.811 -63.877
v 34.242 5.811 -63.043
v 34.242 6.166 -63.460
v 34.242 5.456 -63.460
f 10325 10321 10323
f 10325 10323 10322
f 10325 10322 10324
f 10325 10324 10321
f 10326 10323 10321
f 10326 10322 10323
f 10326 10324 10322
f 10326 10321 10324
v -12.546 85.226 -75.354
v -13.530 85.226 -75.354
v -13.038 85.226 -75.846
v -13.038 85.226 -74.863
v -13.038 85.645 -75.354
v -13.038 84.808 -75.354
f 10331 10327 10329
f 10331 10329 10328
f 10331 10328 10330
f 10331 10330 10327
f 10332 10329 10327
f 10332 10328 10329
f 10332 10330 10328
f 10332 10327 10330
v 40.397 -50.262 -57.196
v 39.618 -50.262 -57.196
v 40.008 -50.262 -57.586
v 40.008 -50.262 -56.807
v 40.008 -49.931 -57.196
v 40.008 -50.593 -57.196
f 10337 10333 10335
f 10337 10335 10334
f 10337 10334 10336
f 10337 10336 10333
f 10338 10335 10333
f 10338 10334 10335
f 10338 10336 10334
f 10338 10333 10336
v 35.708 -49.397 -54.049
v 34.772 -49.397 -54.049
v 35.240 -49.397 -54.518
v 35.240 -49.397 -53.581
v 35.240 -48.999 -54.049
v 35.240 -49.795 -54.049
f 10343 10339 10341
f 10343 10341 10340
f 10343 10340 10342
f 10343 10342 10339
f 10344 10341 10339
f 10344 10340 10341
f 10344 10342 10340
f 10344 10339 10342
v -36.399 30.170 -56.607
v -37.286 30.170 -56.607
v -36.843 30.170 -57.050
v -36.843 30.170 -56.163
v -36.843 30.547 -56.607
v -36.843 29.793 -56.607
f 10349 10345 10347
f 10349 10347 10346
f 10349 10346 10348
f 10349 10348 10345
f 10350 10347 10345
f 10350 10346 10347
f 10350 10348 10346
f 10350 10345 10348
v 48.667 -11.287 -52.172
v 47.888 -11.287 -52.172
v 48.277 -11.287 -52.562
v 48.277 -11.287 -51.783
v 48.277 -10.956 -52.172
v 48.277 -11.618 -52.172
f 10355 10351 10353
f 10355 10353 10352
f 10355 10352 10354
f 10355 10354 10351
f 10356 10353 10351
f 10356 10352 10353
f 10356 10354 10352
f 10356 10351 10354
v -40.722 83.499 -65.766
v -41.557 83.499 -65.766
v -41.140 83.499 -66.183
v -41.140 83.499 -65.349
v -41.140 83.854 -65.766
v -41.140 83.144 -65.766
f 10361 10357 10359
f 10361 10359 10358
f 10361 10358 10360
f 10361 10360 10357
f 10362 10359 10357
f 10362 10358 10359
f 10362 10360 10358
f 10362 10357 10360
v 70.154 33.610 -55.100
v 69.375 33.610 -55.100
v 69.765 33.610 -55.490
v 69.765 33.610 -54.711
v 69.765 33.941 -55.100
v 69.765 33.279 -55.100
f 10367 10363 10365
f 10367 10365 10364
f 10367 10364 10366
f 10367 10366 10363
f 10368 10365 10363
f 10368 10364 10365
f 10368 10366 10364
f 10368 10363 10366
v 74.174 40.306 -61.771
v 73.395 40.306 -61.771
v 73.785 40.306 -62.161
v 73.785 40.306 -61.382
v 73.785 40.638 -61.771
v 73.785 39.975 -61.771
f 10373 10369 10371
f 10373 10371 10370
f 10373 10370 10372
f 10373 10372 10369
f 10374 10371 10369
f 10374 10370 10371
f 10374 10372 10370
f 10374 10369 10372
v -41.109 -42.872 -43.469
v -41.888 -42.872 -43.469
v -41.498 -42.872 -43.858
v -41.498 -42.872 -43.079
v -41.498 -42.541 -43.469
v -41.498 -43.203 -43.469
f 10379 10375 10377
f 10379 10377 10376
f 10379 10376 10378
f 10379 10378 10375
f 10380 10377 10375
f 10380 10376 10377
f 10380 10378 10376
f 10380 10375 10378
v -62.376 39.175 -50.644
v -63.264 39.175 -50.644
v -62.820 39.175 -51.087
v -62.820 39.175 -50.200
v -62.820 39.552 -50.644
v -62.820 38.798 -50.644
f 10385 10381 10383
f 10385 10383 10382
f 10385 10382 10384
f 10385 10384 10381
f 10386 10383 10381
f 10386 10382 10383
f 10386 10384 10382
f 10386 10381 10384
v -36.177 26.166 -53.038
v -37.065 26.166 -53.038
v -36.621 26.166 -53.482
v -36.621 26.166 -52.595
v -36.621 26.543 -53.038
v -36.621 25.789 -53.038
f 10391 10387 10389
f 10391 10389 10388
f 10391 10388 10390
f 10391 10390 10387
f 10392 10389 10387
f 10392 10388 10389
f 10392 10390 10388
f 10392 10387 10390
v 18.221 -31.813 -43.455
v 17.237 -31.813 -43.455
v 17.729 -31.813 -43.947
v 17.729 -31.813 -42.963
v 17.729 -31.395 -43.455
v 17.729 -32.231 -43.455
f 10397 10393 10395
f 10397 10395 10394
f 10397 10394 10396
f 10397 10396 10393
f 10398 10395 10393
f 10398 10394 10395
f 10398 10396 10394
f 10398 10393 10396
v 18.332 -29.385 -53.201
v 17.553 -29.385 -53.201
v 17.943 -29.385 -53.591
v 17.943 -29.385 -52.812
v 17.943 -29.053 -53.201
v 17.943 -29.716 -53.201
f 10403 10399 10401
f 10403 10401 10400
f 10403 10400 10402
f 10403 10402 10399
f 10404 10401 10399
f 10404 10400 10401
f 10404 10402 10400
f 10404 10399 10402
v -49.477 61.823 -48.665
v -50.256 61.823 -48.665
v -49.867 61.823 -49.054
v -49.867 61.823 -48.275
v -49.867 62.154 -48.665
v -49.867 61.492 -48.665
f 10409 10405 10407
f 10409 10407 10406
f 10409 10406 10408
f 10409 10408 10405
f 10410 10407 10405
f 10410 10406 10407
f 10410 10408 10406
f 10410 10405 10408
v -31.252 53.937 -50.432
v -32.139 53.937 -50.432
v -31.695 53.937 -50.875
v -31.695 53.937 -49.988
v -31.695 54.314 -50.432
v -31.695 53.560 -50.432
f 10415 10411 10413
f 10415 10413 10412
f 10415 10412 10414
f 10415 10414 10411
f 10416 10413 10411
f 10416 10412 10413
f 10416 10414 10412
f 10416 10411 10414
v -27.836 94.936 -50.750
v -28.615 94.936 -50.750
v -28.225 94.936 -51.139
v -28.225 94.936 -50.360
v -28.225 95.267 -50.750
v -28.225 94.604 -50.750
f 10421 10417 10419
f 10421 10419 10418
f 10421 10418 10420
f 10421 10420 10417
f 10422 10419 10417
f 10422 10418 10419
f 10422 10420 10418
f 10422 10417 10420
v 57.538 12.420 -39.790
v 56.703 12.420 -39.790
v 57.120 12.420 -40.207
v 57.120 12.420 -39.373
v 57.120 12.775 -39.790
v 57.120 12.065 -39.790
f 10427 10423 10425
f 10427 10425 10424
f 10427 10424 10426
f 10427 10426 10423
f 10428 10425 10423
f 10428 10424 10425
f 10428 10426 10424
f 10428 10423 10426
v -67.037 -46.548 -34.701
v -67.872 -46.548 -34.701
v -67.454 -46.548 -35.118
v -67.454 -46.548 -34.284
v -67.454 -46.193 -34.701
v -67.454 -46.903 -34.701
f 10433 10429 10431
f 10433 10431 10430
f 10433 10430 10432
f 10433 10432 10429
f 10434 10431 10429
f 10434 10430 10431
f 10434 10432 10430
f 10434 10429 10432
v 2.724 -108.801 -25.829
v 1.945 -108.801 -25.829
v 2.334 -108.801 -26.218
v 2.334 -108.801 -25.439
v 2.334 -108.470 -25.829
v 2.334 -109.132 -25.829
f 10439 10435 10437
f 10439 10437 10436
f 10439 10436 10438
f 10439 10438 10435
f 10440 10437 10435
f 10440 10436 10437
f 10440 10438 10436
f 10440 10435 10438
v 6.908 -110.702 -25.481
v 6.021 -110.702 -25.481
v 6.464 -110.702 -25.925
v 6.464 -110.702 -25.038
v 6.464 -110.325 -25.481
v 6.464 -111.079 -25.481
f 10445 10441 10443
f 10445 10443 10442
f 10445 10442 10444
f 10445 10444 10441
f 10446 10443 10441
f 10446 10442 10443
f 10446 10444 10442
f 10446 10441 10444
v -39.240 -42.930 -37.522
v -40.075 -42.930 -37.522
v -39.658 -42.930 -37.939
v -39.658 -42.930 -37.104
v -39.658 -42.575 -37.522
v -39.658 -43.285 -37.522
f 10451 10447 10449
f 10451 10449 10448
f 10451 10448 10450
f 10451 10450 10447
f 10452 10449 10447
f 10452 10448 10449
f 10452 10450 10448
f 10452 10447 10450
v -36.555 -43.152 -32.587
v -37.442 -43.152 -32.587
v -36.998 -43.152 -33.031
v -36.998 -43.152 -32.144
v -36.998 -42.775 -32.587
v -36.998 -43.529 -32.587
f 10457 10453 10455
f 10457 10455 10454
f 10457 10454 10456
f 10457 10456 10453
f 10458 10455 10453
f 10458 10454 10455
f 10458 10456 10454
f 10458 10453 10456
v -54.559 -36.210 -37.997
v -55.446 -36.210 -37.997
v -55.002 -36.210 -38.440
v -55.002 -36.210 -37.553
v -55.002 -35.833 -37.997
v -55.002 -36.587 -37.997
f 10463 10459 10461
f 10463 10461 10460
f 10463 10460 10462
f 10463 10462 10459
f 10464 10461 10459
f 10464 10460 10461
f 10464 10462 10460
f 10464 10459 10462
v -15.018 -46.234 -37.659
v -15.797 -46.234 -37.659
v -15.407 -46.234 -38.048
v -15.407 -46.234 -37.270
v -15.407 -45.903 -37.659
v -15.407 -46.566 -37.659
f 10469 10465 10467
f 10469 10467 10466
f 10469 10466 10468
f 10469 10468 10465
f 10470 10467 10465
f 10470 10466 10467
f 10470 10468 10466
f 10470 10465 10468
v -35.942 -6.318 -39.378
v -36.829 -6.318 -39.378
v -36.386 -6.318 -39.822
v -36.386 -6.318 -38.935
v -36.386 -5.941 -39.378
v -36.386 -6.695 -39.378
f 10475 10471 10473
f 10475 10473 10472
f 10475 10472 10474
f 10475 10474 10471
f 10476 10473 10471
f 10476 10472 10473
f 10476 10474 10472
f 10476 10471 10474
v -58.021 24.314 -44.113
v -58.856 24.314 -44.113
v -58.439 24.314 -44.531
v -58.439 24.314 -43.696
v -58.439 24.668 -44.113
v -58.439 23.959 -44.113
f 10481 10477 10479
f 10481 10479 10478
f 10481 10478 10480
f 10481 10480 10477
f 10482 10479 10477
f 10482 10478 10479
f 10482 10480 10478
f 10482 10477 10480
v -56.736 25.276 -46.550
v -57.515 25.276 -46.550
v -57.125 25.276 -46.939
v -57.125 25.276 -46.160
v -57.125 25.607 -46.550
v -57.125 24.945 -46.550
f 10487 10483 10485
f 10487 10485 10484
f 10487 10484 10486
f 10487 10486 10483
f 10488 10485 10483
f 10488 10484 10485
f 10488 10486 10484
f 10488 10483 10486
v -56.644 27.104 -49.752
v -57.479 27.104 -49.752
v -57.062 27.104 -50.169
v -57.062 27.104 -49.335
v -57.062 27.458 -49.752
v -57.062 26.749 -49.752
f 10493 10489 10491
f 10493 10491 10490
f 10493 10490 10492
f 10493 10492 10489
f 10494 10491 10489
f 10494 10490 10491
f 10494 10492 10490
f 10494 10489 10492
v -39.682 28.625 -50.665
v -40.569 28.625 -50.665
v -40.125 28.625 -51.108
v -40.125 28.625 -50.221
v -40.125 29.002 -50.665
v -40.125 28.248 -50.665
f 10499 10495 10497
f 10499 10497 10496
f 10499 10496 10498
f 10499 10498 10495
f 10500 10497 10495
f 10500 10496 10497
f 10500 10498 10496
f 10500 10495 10498
v -52.067 36.535 -47.274
v -52.846 36.535 -47.274
v -52.457 36.535 -47.663
v -52.457 36.535 -46.884
v -52.457 36.866 -47.274
v -52.457 36.204 -47.274
f 10505 10501 10503
f 10505 10503 10502
f 10505 10502 10504
f 10505 10504 10501
f 10506 10503 10501
f 10506 10502 10503
f 10506 10504 10502
f 10506 10501 10504
v -44.464 36.298 -44.323
v -45.401 36.298 -44.323
v -44.932 36.298 -44.792
v -44.932 36.298 -43.855
v -44.932 36.696 -44.323
v -44.932 35.900 -44.323
f 10511 10507 10509
f 10511 10509 10508
f 10511 10508 10510
f 10511 10510 10507
f 10512 10509 10507
f 10512 10508 10509
f 10512 10510 10508
f 10512 10507 10510
v -43.466 53.072 -40.526
v -44.300 53.072 -40.526
v -43.883 53.072 -40.943
v -43.883 53.072 -40.108
v -43.883 53.426 -40.526
v -43.883 52.717 -40.526
f 10517 10513 10515
f 10517 10515 10514
f 10517 10514 10516
f 10517 10516 10513
f 10518 10515 10513
f 10518 10514 10515
f 10518 10516 10514
f 10518 10513 10516
v -41.997 56.310 -37.617
v -42.776 56.310 -37.617
v -42.386 56.310 -38.007
v -42.386 56.310 -37.228
v -42.386 56.641 -37.617
v -42.386 55.979 -37.617
f 10523 10519 10521
f 10523 10521 10520
f 10523 10520 10522
f 10523 10522 10519
f 10524 10521 10519
f 10524 10520 10521
f 10524 10522 10520
f 10524 10519 10522
v -58.386 70.566 -43.393
v -59.221 70.566 -43.393
v -58.803 70.566 -43.810
v -58.803 70.566 -42.976
v -58.803 70.921 -43.393
v -58.803 70.211 -43.393
f 10529 10525 10527
f 10529 10527 10526
f 10529 10526 10528
f 10529 10528 10525
f 10530 10527 10525
f 10530 10526 10527
f 10530 10528 10526
f 10530 10525 10528
v 66.662 -47.735 -27.988
v 65.827 -47.735 -27.988
v 66.244 -47.735 -28.406
v 66.244 -47.735 -27.571
v 66.244 -47.380 -27.988
v 66.244 -48.089 -27.988
f 10535 10531 10533
f 10535 10533 10532
f 10535 10532 10534
f 10535 10534 10531
f 10536 10533 10531
f 10536 10532 10533
f 10536 10534 10532
f 10536 10531 10534
v 44.288 -14.982 -33.165
v 43.453 -14.982 -33.165
v 43.871 -14.982 -33.582
v 43.871 -14.982 -32.748
v 43.871 -14.627 -33.165
v 43.871 -15.336 -33.165
f 10541 10537 10539
f 10541 10539 10538
f 10541 10538 10540
f 10541 10540 10537
f 10542 10539 10537
f 10542 10538 10539
f 10542 10540 10538
f 10542 10537 10540
v 62.116 -6.401 -33.409
v 61.337 -6.401 -33.409
v 61.727 -6.401 -33.799
v 61.727 -6.401 -33.020
v 61.727 -6.070 -33.409
v 61.727 -6.732 -33.409
f 10547 10543 10545
f 10547 10545 10544
f 10547 10544 10546
f 10547 10546 10543
f 10548 10545 10543
f 10548 10544 10545
f 10548 10546 10544
f 10548 10543 10546
v -2.722 65.164 -46.351
v -3.501 65.164 -46.351
v -3.112 65.164 -46.740
v -3.112 65.164 -45.961
v -3.112 65.495 -46.351
v -3.112 64.833 -46.351
f 10553 10549 10551
f 10553 10551 10550
f 10553 10550 10552
f 10553 10552 10549
f 10554 10551 10549
f 10554 10550 10551
f 10554 10552 10550
f 10554 10549 10552
v -5.277 70.712 -39.991
v -6.164 70.712 -39.991
v -5.720 70.712 -40.435
v -5.720 70.712 -39.548
v -5.720 71.089 -39.991
v -5.720 70.335 -39.991
f 10559 10555 10557
f 10559 10557 10556
f 10559 10556 10558
f 10559 10558 10555
f 10560 10557 10555
f 10560 10556 10557
f 10560 10558 10556
f 10560 10555 10558
v 51.119 30.576 -35.232
v 50.340 30.576 -35.232
v 50.729 30.576 -35.621
v 50.729 30.576 -34.842
v 50.729 30.907 -35.232
v 50.729 30.245 -35.232
f 10565 10561 10563
f 10565 10563 10562
f 10565 10562 10564
f 10565 10564 10561
f 10566 10563 10561
f 10566 10562 10563
f 10566 10564 10562
f 10566 10561 10564
v 60.017 53.330 -37.494
v 59.182 53.330 -37.494
v 59.599 53.330 -37.911
v 59.599 53.330 -37.076
v 59.599 53.685 -37.494
v 59.599 52.976 -37.494
f 10571 10567 10569
f 10571 10569 10568
f 10571 10568 10570
f 10571 10570 10567
f 10572 10569 10567
f 10572 10568 10569
f 10572 10570 10568
f 10572 10567 10570
v 4.117 -108.936 -23.514
v 3.338 -108.936 -23.514
v 3.728 -108.936 -23.904
v 3.728 -108.936 -23.125
v 3.728 -108.605 -23.514
v 3.728 -109.267 -23.514
f 10577 10573 10575
f 10577 10575 10574
f 10577 10574 10576
f 10577 10576 10573
f 10578 10575 10573
f 10578 10574 10575
f 10578 10576 10574
f 10578 10573 10576
v -9.182 -95.398 -16.635
v -10.069 -95.398 -16.635
v -9.626 -95.398 -17.079
v -9.626 -95.398 -16.192
v -9.626 -95.021 -16.635
v -9.626 -95.775 -16.635
f 10583 10579 10581
f 10583 10581 10580
f 10583 10580 10582
f 10583 10582 10579
f 10584 10581 10579
f 10584 10580 10581
f 10584 10582 10580
f 10584 10579 10582
v 58.931 -98.271 -23.527
v 58.152 -98.271 -23.527
v 58.542 -98.271 -23.917
v 58.542 -98.271 -23.138
v 58.542 -97.940 -23.527
v 58.542 -98.602 -23.527
f 10589 10585 10587
f 10589 10587 10586
f 10589 10586 10588
f 10589 10588 10585
f 10590 10587 10585
f 10590 10586 10587
f 10590 10588 10586
f 10590 10585 10588
v -48.771 14.169 -30.737
v -49.550 14.169 -30.737
v -49.161 14.169 -31.127
v -49.161 14.169 -30.348
v -49.161 14.500 -30.737
v -49.161 13.838 -30.737
f 10595 10591 10593
f 10595 10593 10592
f 10595 10592 10594
f 10595 10594 10591
f 10596 10593 10591
f 10596 10592 10593
f 10596 10594 10592
f 10596 10591 10594
v -31.013 3.195 -29.503
v -31.792 3.195 -29.503
v -31.402 3.195 -29.892
v -31.402 3.195 -29.113
v -31.402 3.526 -29.503
v -31.402 2.864 -29.503
f 10601 10597 10599
f 10601 10599 10598
f 10601 10598 10600
f 10601 10600 10597
f 10602 10599 10597
f 10602 10598 10599
f 10602 10600 10598
f 10602 10597 10600
v 10.052 -4.833 -23.525
v 9.068 -4.833 -23.525
v 9.560 -4.833 -24.017
v 9.560 -4.833 -23.033
v 9.560 -4.415 -23.525
v 9.560 -5.251 -23.525
f 10607 10603 10605
f 10607 10605 10604
f 10607 10604 10606
f 10607 10606 10603
f 10608 10605 10603
f 10608 10604 10605
f 10608 10606 10604
f 10608 10603 10606
v 20.765 -2.524 -26.636
v 19.986 -2.524 -26.636
v 20.375 -2.524 -27.025
v 20.375 -2.524 -26.246
v 20.375 -2.193 -26.636
v 20.375 -2.855 -26.636
f 10613 10609 10611
f 10613 10611 10610
f 10613 10610 10612
f 10613 10612 10609
f 10614 10611 10609
f 10614 10610 10611
f 10614 10612 10610
f 10614 10609 10612
v 0.424 46.258 -28.492
v -0.355 46.258 -28.492
v 0.034 46.258 -28.881
v 0.034 46.258 -28.102
v 0.034 46.589 -28.492
v 0.034 45.927 -28.492
f 10619 10615 10617
f 10619 10617 10616
f 10619 10616 10618
f 10619 10618 10615
f 10620 10617 10615
f 10620 10616 10617
f 10620 10618 10616
f 10620 10615 10618
v 57.820 -12.515 -26.202
v 56.985 -12.515 -26.202
v 57.402 -12.515 -26.619
v 57.402 -12.515 -25.785
v 57.402 -12.160 -26.202
v 57.402 -12.870 -26.202
f 10625 10621 10623
f 10625 10623 10622
f 10625 10622 10624
f 10625 10624 10621
f 10626 10623 10621
f 10626 10622 10623
f 10626 10624 10622
f 10626 10621 10624
v 70.364 -12.442 -19.602
v 69.585 -12.442 -19.602
v 69.975 -12.442 -19.992
v 69.975 -12.442 -19.213
v 69.975 -12.111 -19.602
v 69.975 -12.773 -19.602
f 10631 10627 10629
f 10631 10629 10628
f 10631 10628 10630
f 10631 10630 10627
f 10632 10629 10627
f 10632 10628 10629
f 10632 10630 10628
f 10632 10627 10630
v 93.091 3.991 -22.962
v 92.204 3.991 -22.962
v 92.648 3.991 -23.406
v 92.648 3.991 -22.518
v 92.648 4.368 -22.962
v 92.648 3.614 -22.962
f 10637 10633 10635
f 10637 10635 10634
f 10637 10634 10636
f 10637 10636 10633
f 10638 10635 10633
f 10638 10634 10635
f 10638 10636 10634
f 10638 10633 10636
v 49.353 46.823 -27.873
v 48.417 46.823 -27.873
v 48.885 46.823 -28.341
v 48.885 46.823 -27.404
v 48.885 47.221 -27.873
v 48.885 46.425 -27.873
f 10643 10639 10641
f 10643 10641 10640
f 10643 10640 10642
f 10643 10642 10639
f 10644 10641 10639
f 10644 10640 10641
f 10644 10642 10640
f 10644 10639 10642
v 85.662 11.937 -20.602
v 84.883 11.937 -20.602
v 85.273 11.937 -20.991
v 85.273 11.937 -20.212
v 85.273 12.268 -20.602
v 85.273 11.606 -20.602
f 10649 10645 10647
f 10649 10647 10646
f 10649 10646 10648
f 10649 10648 10645
f 10650 10647 10645
f 10650 10646 10647
f 10650 10648 10646
f 10650 10645 10648
v -6.075 -95.446 -16.275
v -6.909 -95.446 -16.275
v -6.492 -95.446 -16.692
v -6.492 -95.446 -15.858
v -6.492 -95.091 -16.275
v -6.492 -95.801 -16.275
f 10655 10651 10653
f 10655 10653 10652
f 10655 10652 10654
f 10655 10654 10651
f 10656 10653 10651
f 10656 10652 10653
f 10656 10654 10652
f 10656 10651 10654
v -42.410 -32.606 -22.076
v -43.245 -32.606 -22.076
v -42.828 -32.606 -22.493
v -42.828 -32.606 -21.658
v -42.828 -32.251 -22.076
v -42.828 -32.960 -22.076
f 10661 10657 10659
f 10661 10659 10658
f 10661 10658 10660
f 10661 10660 10657
f 10662 10659 10657
f 10662 10658 10659
f 10662 10660 10658
f 10662 10657 10660
v -51.832 8.808 -27.104
v -52.769 8.808 -27.104
v -52.301 8.808 -27.573
v -52.301 8.808 -26.636
v -52.301 9.206 -27.104
v -52.301 8.410 -27.104
f 10667 10663 10665
f 10667 10665 10664
f 10667 10664 10666
f 10667 10666 10663
f 10668 10665 10663
f 10668 10664 10665
f 10668 10666 10664
f 10668 10663 10666
v -55.331 10.766 -22.224
v -56.165 10.766 -22.224
v -55.748 10.766 -22.641
v -55.748 10.766 -21.807
v -55.748 11.121 -22.224
v -55.748 10.412 -22.224
f 10673 10669 10671
f 10673 10671 10670
f 10673 10670 10672
f 10673 10672 10669
f 10674 10671 10669
f 10674 10670 10671
f 10674 10672 10670
f 10674 10669 10672
v -62.372 12.071 -18.818
v -63.308 12.071 -18.818
v -62.840 12.071 -19.287
v -62.840 12.071 -18.350
v -62.840 12.469 -18.818
v -62.840 11.673 -18.818
f 10679 10675 10677
f 10679 10677 10676
f 10679 10676 10678
f 10679 10678 10675
f 10680 10677 10675
f 10680 10676 10677
f 10680 10678 10676
f 10680 10675 10678
v -43.093 2.050 -19.667
v -43.872 2.050 -19.667
v -43.482 2.050 -20.057
v -43.482 2.050 -19.278
v -43.482 2.381 -19.667
v -43.482 1.719 -19.667
f 10685 10681 10683
f 10685 10683 10682
f 10685 10682 10684
f 10685 10684 10681
f 10686 10683 10681
f 10686 10682 10683
f 10686 10684 10682
f 10686 10681 10684
v -61.808 19.033 -23.116
v -62.642 19.033 -23.116
v -62.225 19.033 -23.533
v -62.225 19.033 -22.698
v -62.225 19.388 -23.116
v -62.225 18.679 -23.116
f 10691 10687 10689
f 10691 10689 10688
f 10691 10688 10690
f 10691 10690 10687
f 10692 10689 10687
f 10692 10688 10689
f 10692 10690 10688
f 10692 10687 10690
v 13.977 -43.740 -18.794
v 13.090 -43.740 -18.794
v 13.533 -43.740 -19.237
v 13.533 -43.740 -18.350
v 13.533 -43.363 -18.794
v 13.533 -44.117 -18.794
f 10697 10693 10695
f 10697 10695 10694
f 10697 10694 10696
f 10697 10696 10693
f 10698 10695 10693
f 10698 10694 10695
f 10698 10696 10694
f 10698 10693 10696
v 19.611 -45.493 -19.866
v 18.832 -45.493 -19.866
v 19.221 -45.493 -20.255
v 19.221 -45.493 -19.476
v 19.221 -45.162 -19.866
v 19.221 -45.824 -19.866
f 10703 10699 10701
f 10703 10701 10700
f 10703 10700 10702
f 10703 10702 10699
f 10704 10701 10699
f 10704 10700 10701
f 10704 10702 10700
f 10704 10699 10702
v -12.475 5.991 -21.556
v -13.310 5.991 -21.556
v -12.893 5.991 -21.973
v -12.893 5.991 -21.138
v -12.893 6.346 -21.556
v -12.893 5.637 -21.556
f 10709 10705 10707
f 10709 10707 10706
f 10709 10706 10708
f 10709 10708 10705
f 10710 10707 10705
f 10710 10706 10707
f 10710 10708 10706
f 10710 10705 10708
v -26.319 15.404 -22.182
v -27.303 15.404 -22.182
v -26.811 15.404 -22.674
v -26.811 15.404 -21.690
v -26.811 15.822 -22.182
v -26.811 14.986 -22.182
f 10715 10711 10713
f 10715 10713 10712
f 10715 10712 10714
f 10715 10714 10711
f 10716 10713 10711
f 10716 10712 10713
f 10716 10714 10712
f 10716 10711 10714
v 8.117 -9.226 -16.273
v 7.230 -9.226 -16.273
v 7.673 -9.226 -16.717
v 7.673 -9.226 -15.829
v 7.673 -8.849 -16.273
v 7.673 -9.603 -16.273
f 10721 10717 10719
f 10721 10719 10718
f 10721 10718 10720
f 10721 10720 10717
f 10722 10719 10717
f 10722 10718 10719
f 10722 10720 10718
f 10722 10717 10720
v 74.669 -37.820 -10.622
v 73.890 -37.820 -10.622
v 74.279 -37.820 -11.012
v 74.279 -37.820 -10.233
v 74.279 -37.489 -10.622
v 74.279 -38.151 -10.622
f 10727 10723 10725
f 10727 10725 10724
f 10727 10724 10726
f 10727 10726 10723
f 10728 10725 10723
f 10728 10724 10725
f 10728 10726 10724
f 10728 10723 10726
v 77.745 -35.839 -12.260
v 76.857 -35.839 -12.260
v 77.301 -35.839 -12.703
v 77.301 -35.839 -11.816
v 77.301 -35.462 -12.260
v 77.301 -36.216 -12.260
f 10733 10729 10731
f 10733 10731 10730
f 10733 10730 10732
f 10733 10732 10729
f 10734 10731 10729
f 10734 10730 10731
f 10734 10732 10730
f 10734 10729 10732
v 67.590 -22.195 -9.848
v 66.606 -22.195 -9.848
v 67.098 -22.195 -10.340
v 67.098 -22.195 -9.356
v 67.098 -21.777 -9.848
v 67.098 -22.613 -9.848
f 10739 10735 10737
f 10739 10737 10736
f 10739 10736 10738
f 10739 10738 10735
f 10740 10737 10735
f 10740 10736 10737
f 10740 10738 10736
f 10740 10735 10738
v 59.608 -20.164 -15.997
v 58.721 -20.164 -15.997
v 59.164 -20.164 -16.441
v 59.164 -20.164 -15.554
v 59.164 -19.787 -15.997
v 59.164 -20.541 -15.997
f 10745 10741 10743
f 10745 10743 10742
f 10745 10742 10744
f 10745 10744 10741
f 10746 10743 10741
f 10746 10742 10743
f 10746 10744 10742
f 10746 10741 10744
v 60.132 -11.288 -15.817
v 59.148 -11.288 -15.817
v 59.640 -11.288 -16.309
v 59.640 -11.288 -15.325
v 59.640 -10.870 -15.817
v 59.640 -11.706 -15.817
f 10751 10747 10749
f 10751 10749 10748
f 10751 10748 10750
f 10751 10750 10747
f 10752 10749 10747
f 10752 10748 10749
f 10752 10750 10748
f 10752 10747 10750
v 57.599 -8.072 -16.731
v 56.764 -8.072 -16.731
v 57.181 -8.072 -17.149
v 57.181 -8.072 -16.314
v 57.181 -7.718 -16.731
v 57.181 -8.427 -16.731
f 10757 10753 10755
f 10757 10755 10754
f 10757 10754 10756
f 10757 10756 10753
f 10758 10755 10753
f 10758 10754 10755
f 10758 10756 10754
f 10758 10753 10756
v 43.174 39.593 -17.076
v 42.190 39.593 -17.076
v 42.682 39.593 -17.568
v 42.682 39.593 -16.585
v 42.682 40.011 -17.076
v 42.682 39.175 -17.076
f 10763 10759 10761
f 10763 10761 10760
f 10763 10760 10762
f 10763 10762 10759
f 10764 10761 10759
f 10764 10760 10761
f 10764 10762 10760
f 10764 10759 10762
v 54.636 48.745 -16.842
v 53.857 48.745 -16.842
v 54.246 48.745 -17.231
v 54.246 48.745 -16.452
v 54.246 49.076 -16.842
v 54.246 48.414 -16.842
f 10769 10765 10767
f 10769 10767 10766
f 10769 10766 10768
f 10769 10768 10765
f 10770 10767 10765
f 10770 10766 10767
f 10770 10768 10766
f 10770 10765 10768
v -91.278 -33.159 -13.800
v -92.057 -33.159 -13.800
v -91.667 -33.159 -14.190
v -91.667 -33.159 -13.411
v -91.667 -32.828 -13.800
v -91.667 -33.490 -13.800
f 10775 10771 10773
f 10775 10773 10772
f 10775 10772 10774
f 10775 10774 10771
f 10776 10773 10771
f 10776 10772 10773
f 10776 10774 10772
f 10776 10771 10774
v -61.712 2.319 -17.269
v -62.648 2.319 -17.269
v -62.180 2.319 -17.738
v -62.180 2.319 -16.801
v -62.180 2.717 -17.269
v -62.180 1.921 -17.269
f 10781 10777 10779
f 10781 10779 10778
f 10781 10778 10780
f 10781 10780 10777
f 10782 10779 10777
f 10782 10778 10779
f 10782 10780 10778
f 10782 10777 10780
v -62.877 9.782 -14.344
v -63.764 9.782 -14.344
v -63.320 9.782 -14.787
v -63.320 9.782 -13.900
v -63.320 10.159 -14.344
v -63.320 9.405 -14.344
f 10787 10783 10785
f 10787 10785 10784
f 10787 10784 10786
f 10787 10786 10783
f 10788 10785 10783
f 10788 10784 10785
f 10788 10786 10784
f 10788 10783 10786
v -60.140 14.005 -19.167
v -61.027 14.005 -19.167
v -60.584 14.005 -19.611
v -60.584 14.005 -18.724
v -60.584 14.382 -19.167
v -60.584 13.628 -19.167
f 10793 10789 10791
f 10793 10791 10790
f 10793 10790 10792
f 10793 10792 10789
f 10794 10791 10789
f 10794 10790 10791
f 10794 10792 10790
f 10794 10789 10792
v -7.274 2.306 -20.025
v -8.109 2.306 -20.025
v -7.692 2.306 -20.443
v -7.692 2.306 -19.608
v -7.692 2.661 -20.025
v -7.692 1.951 -20.025
f 10799 10795 10797
f 10799 10797 10796
f 10799 10796 10798
f 10799 10798 10795
f 10800 10797 10795
f 10800 10796 10797
f 10800 10798 10796
f 10800 10795 10798
v -5.715 -27.869 -2.182
v -6.652 -27.869 -2.182
v -6.183 -27.869 -2.651
v -6.183 -27.869 -1.714
v -6.183 -27.471 -2.182
v -6.183 -28.267 -2.182
f 10805 10801 10803
f 10805 10803 10802
f 10805 10802 10804
f 10805 10804 10801
f 10806 10803 10801
f 10806 10802 10803
f 10806 10804 10802
f 10806 10801 10804
v -14.113 -11.366 -5.906
v -14.948 -11.366 -5.906
v -14.531 -11.366 -6.323
v -14.531 -11.366 -5.488
v -14.531 -11.011 -5.906
v -14.531 -11.720 -5.906
f 10811 10807 10809
f 10811 10809 10808
f 10811 10808 10810
f 10811 10810 10807
f 10812 10809 10807
f 10812 10808 10809
f 10812 10810 10808
f 10812 10807 10810
v -1.621 -10.946 -11.685
v -1.621 -11.510 -11.685
v -1.339 -10.772 -12.141
v -1.903 -10.772 -12.141
v -1.165 -11.228 -11.860
v -2.077 -11.228 -11.860
v -1.621 -11.510 -12.597
v -1.621 -10.946 -12.597
v -1.903 -11.684 -12.141
v -1.339 -11.684 -12.141
v -2.077 -11.228 -12.423
v -1.165 -11.228 -12.423
v -1.621 -11.228 -11.605
v -1.455 -10.794 -11.873
v -1.787 -10.794 -11.873
v -1.353 -11.062 -11.708
v -1.889 -11.062 -11.708
v -1.353 -11.394 -11.708
v -1.889 -11.394 -11.708
v -1.787 -11.662 -11.873
v -1.455 -11.662 -11.873
v -1.621 -10.692 -12.141
v -1.187 -10.960 -11.976
v -1.455 -10.794 -12.409
v -1.187 -10.960 -12.307
v -2.055 -10.960 -11.976
v -1.787 -10.794 -12.409
v -2.055 -10.960 -12.307
v -1.187 -11.496 -11.976
v -1.085 -11.228 -12.141
v -2.055 -11.496 -11.976
v -2.157 -11.228 -12.141
v -1.621 -11.228 -12.677
v -1.787 -11.662 -12.409
v -1.455 -11.662 -12.409
v -1.889 -11.394 -12.575
v -1.353 -11.394 -12.575
v -1.889 -11.062 -12.575
v -1.353 -11.062 -12.575
v -1.621 -11.764 -12.141
v -2.055 -11.496 -12.307
v -1.187 -11.496 -12.307
usemtl mtl-002
f 10813 10829 10825
f 10829 10818 10831
f 10829 10831 10825
f 10825 10831 10814
f 10813 10827 10829
f 10827 10816 10838
f 10827 10838 10829
f 10829 10838 10818
f 10813 10826 10827
f 10826 10815 10834
f 10826 10834 10827
f 10827 10834 10816
f 10813 10828 10826
f 10828 10817 10835
f 10828 10835 10826
f 10826 10835 10815
f 10813 10825 10828
f 10825 10814 10830
f 10825 10830 10828
f 10828 10830 10817
f 10814 10831 10832
f 10831 10818 10843
f 10831 10843 10832
f 10832 10843 10821
f 10818 10838 10844
f 10838 10816 10840
f 10838 10840 10844
f 10844 10840 10823
f 10816 10834 10839
f 10834 10815 10836
f 10834 10836 10839
f 10839 10836 10820
f 10815 10835 10837
f 10835 10817 10842
f 10835 10842 10837
f 10837 10842 10824
f 10817 10830 10841
f 10830 10814 10833
f 10830 10833 10841
f 10841 10833 10822
f 10820 10851 10845
f 10851 10824 10849
f 10851 10849 10845
f 10845 10849 10819
f 10824 10854 10849
f 10854 10822 10847
f 10854 10847 10849
f 10849 10847 10819
f 10822 10852 10847
f 10852 10821 10846
f 10852 10846 10847
f 10847 10846 10819
f 10821 10853 10846
f 10853 10823 10848
f 10853 10848 10846
f 10846 10848 10819
f 10823 10850 10848
f 10850 10820 10845
f 10850 10845 10848
f 10848 10845 10819
f 10815 10837 10836
f 10837 10824 10851
f 10837 10851 10836
f 10836 10851 10820
f 10817 10841 10842
f 10841 10822 10854
f 10841 10854 10842
f 10842 10854 10824
f 10814 10832 10833
f 10832 10821 10852
f 10832 10852 10833
f 10833 10852 10822
f 10818 10844 10843
f 10844 10823 10853
f 10844 10853 10843
f 10843 10853 10821
f 10816 10839 10840
f 10839 10820 10850
f 10839 10850 10840
f 10840 10850 10823
v -26.862 -23.161 12.877
v -26.862 -23.701 12.877
v -26.592 -22.993 12.439
v -27.133 -22.993 12.439
v -26.425 -23.431 12.709
v -27.300 -23.431 12.709
v -26.862 -23.701 12.001
v -26.862 -23.161 12.001
v -27.133 -23.869 12.439
v -26.592 -23.869 12.439
v -27.300 -23.431 12.168
v -26.425 -23.431 12.168
v -26.862 -23.431 12.953
v -26.703 -23.015 12.696
v -27.021 -23.015 12.696
v -26.605 -23.272 12.855
v -27.119 -23.272 12.855
v -26.605 -23.590 12.855
v -27.119 -23.590 12.855
v -27.021 -23.847 12.696
v -26.703 -23.847 12.696
v -26.862 -22.917 12.439
v -26.446 -23.174 12.598
v -26.703 -23.015 12.182
v -26.446 -23.174 12.280
v -27.278 -23.174 12.598
v -27.021 -23.015 12.182
v -27.278 -23.174 12.280
v -26.446 -23.688 12.598
v -26.348 -23.431 12.439
v -27.278 -23.688 12.598
v -27.377 -23.431 12.439
v -26.862 -23.431 11.925
v -27.021 -23.847 12.182
v -26.703 -23.847 12.182
v -27.119 -23.590 12.023
v -26.605 -23.590 12.023
v -27.119 -23.272 12.023
v -26.605 -23.272 12.023
v -26.862 -23.945 12.439
v -27.278 -23.688 12.280
v -26.446 -23.688 12.280
f 10855 10871 10867
f 10871 10860 10873
f 10871 10873 10867
f 10867 10873 10856
f 10855 10869 10871
f 10869 10858 10880
f 10869 10880 10871
f 10871 10880 10860
f 10855 10868 10869
f 10868 10857 10876
f 10868 10876 10869
f 10869 10876 10858
f 10855 10870 10868
f 10870 10859 10877
f 10870 10877 10868
f 10868 10877 10857
f 10855 10867 10870
f 10867 10856 10872
f 10867 10872 10870
f 10870 10872 10859
f 10856 10873 10874
f 10873 10860 10885
f 10873 10885 10874
f 10874 10885 10863
f 10860 10880 10886
f 10880 10858 10882
f 10880 10882 10886
f 10886 10882 10865
f 10858 10876 10881
f 10876 10857 10878
f 10876 10878 10881
f 10881 10878 10862
f 10857 10877 10879
f 10877 10859 10884
f 10877 10884 10879
f 10879 10884 10866
f 10859 10872 10883
f 10872 10856 10875
f 10872 10875 10883
f 10883 10875 10864
f 10862 10893 10887
f 10893 10866 10891
f 10893 10891 10887
f 10887 10891 10861
f 10866 10896 10891
f 10896 10864 10889
f 10896 10889 10891
f 10891 10889 10861
f 10864 10894 10889
f 10894 10863 10888
f 10894 10888 10889
f 10889 10888 10861
f 10863 10895 10888
f 10895 10865 10890
f 10895 10890 10888
f 10888 10890 10861
f 10865 10892 10890
f 10892 10862 10887
f 10892 10887 10890
f 10890 10887 10861
f 10857 10879 10878
f 10879 10866 10893
f 10879 10893 10878
f 10878 10893 10862
f 10859 10883 10884
f 10883 10864 10896
f 10883 10896 10884
f 10884 10896 10866
f 10856 10874 10875
f 10874 10863 10894
f 10874 10894 10875
f 10875 10894 10864
f 10860 10886 10885
f 10886 10865 10895
f 10886 10895 10885
f 10885 10895 10863
f 10858 10881 10882
f 10881 10862 10892
f 10881 10892 10882
f 10882 10892 10865
v 7.101 -0.881 -2.373
v 7.101 -1.466 -2.373
v 7.394 -0.700 -2.846
v 6.808 -0.700 -2.846
v 7.575 -1.173 -2.554
v 6.627 -1.173 -2.554
v 7.101 -1.466 -3.320
v 7.101 -0.881 -3.320
v 6.808 -1.647 -2.846
v 7.394 -1.647 -2.846
v 6.627 -1.173 -3.139
v 7.575 -1.173 -3.139
v 7.101 -1.173 -2.289
v 7.273 -0.723 -2.568
v 6.929 -0.723 -2.568
v 7.379 -1.001 -2.396
v 6.823 -1.001 -2.396
v 7.379 -1.346 -2.396
v 6.823 -1.346 -2.396
v 6.929 -1.624 -2.568
v 7.273 -1.624 -2.568
v 7.101 -0.617 -2.846
v 7.552 -0.895 -2.674
v 7.273 -0.723 -3.125
v 7.552 -0.895 -3.018
v 6.651 -0.895 -2.674
v 6.929 -0.723 -3.125
v 6.651 -0.895 -3.018
v 7.552 -1.452 -2.674
v 7.658 -1.173 -2.846
v 6.651 -1.452 -2.674
v 6.544 -1.173 -2.846
v 7.101 -1.173 -3.403
v 6.929 -1.624 -3.125
v 7.273 -1.624 -3.125
v 6.823 -1.346 -3.297
v 7.379 -1.346 -3.297
v 6.823 -1.001 -3.297
v 7.379 -1.001 -3.297
v 7.101 -1.730 -2.846
v 6.651 -1.452 -3.018
v 7.552 -1.452 -3.018
f 10897 10913 10909
f 10913 10902 10915
f 10913 10915 10909
f 10909 10915 10898
f 10897 10911 10913
f 10911 10900 10922
f 10911 10922 10913
f 10913 10922 10902
f 10897 10910 10911
f 10910 10899 10918
f 10910 10918 10911
f 10911 10918 10900
f 10897 10912 10910
f 10912 10901 10919
f 10912 10919 10910
f 10910 10919 10899
f 10897 10909 10912
f 10909 10898 10914
f 10909 10914 10912
f 10912 10914 10901
f 10898 10915 10916
f 10915 10902 10927
f 10915 10927 10916
f 10916 10927 10905
f 10902 10922 10928
f 10922 10900 10924
f 10922 10924 10928
f 10928 10924 10907
f 10900 10918 10923
f 10918 10899 10920
f 10918 10920 10923
f 10923 10920 10904
f 10899 10919 10921
f 10919 10901 10926
f 10919 10926 10921
f 10921 10926 10908
f 10901 10914 10925
f 10914 10898 10917
f 10914 10917 10925
f 10925 10917 10906
f 10904 10935 10929
f 10935 10908 10933
f 10935 10933 10929
f 10929 10933 10903
f 10908 10938 10933
f 10938 10906 10931
f 10938 10931 10933
f 10933 10931 10903
f 10906 10936 10931
f 10936 10905 10930
f 10936 10930 10931
f 10931 10930 10903
f 10905 10937 10930
f 10937 10907 10932
f 10937 10932 10930
f 10930 10932 10903
f 10907 10934 10932
f 10934 10904 10929
f 10934 10929 10932
f 10932 10929 10903
f 10899 10921 10920
f 10921 10908 10935
f 10921 10935 10920
f 10920 10935 10904
f 10901 10925 10926
f 10925 10906 10938
f 10925 10938 10926
f 10926 10938 10908
f 10898 10916 10917
f 10916 10905 10936
f 10916 10936 10917
f 10917 10936 10906
f 10902 10928 10927
f 10928 10907 10937
f 10928 10937 10927
f 10927 10937 10905
f 10900 10923 10924
f 10923 10904 10934
f 10923 10934 10924
f 10924 10934 10907
v 16.768 5.720 15.653
v 16.768 5.113 15.653
v 17.072 5.907 15.162
v 16.465 5.907 15.162
v 17.259 5.416 15.465
v 16.278 5.416 15.465
v 16.768 5.113 14.671
v 16.768 5.720 14.671
v 16.465 4.926 15.162
v 17.072 4.926 15.162
v 16.278 5.416 14.859
v 17.259 5.416 14.859
v 16.768 5.416 15.739
v 16.947 5.883 15.451
v 16.590 5.883 15.451
v 17.057 5.595 15.629
v 16.480 5.595 15.629
v 17.057 5.238 15.629
v 16.480 5.238 15.629
v 16.590 4.950 15.451
v 16.947 4.950 15.451
v 16.768 5.993 15.162
v 17.235 5.705 15.340
v 16.947 5.883 14.874
v 17.235 5.705 14.984
v 16.302 5.705 15.340
v 16.590 5.883 14.874
v 16.302 5.705 14.984
v 17.235 5.128 15.340
v 17.345 5.416 15.162
v 16.302 5.128 15.340
v 16.191 5.416 15.162
v 16.768 5.416 14.585
v 16.590 4.950 14.874
v 16.947 4.950 14.874
v 16.480 5.238 14.695
v 17.057 5.238 14.695
v 16.480 5.595 14.695
v 17.057 5.595 14.695
v 16.768 4.840 15.162
v 16.302 5.128 14.984
v 17.235 5.128 14.984
f 10939 10955 10951
f 10955 10944 10957
f 10955 10957 10951
f 10951 10957 10940
f 10939 10953 10955
f 10953 10942 10964
f 10953 10964 10955
f 10955 10964 10944
f 10939 10952 10953
f 10952 10941 10960
f 10952 10960 10953
f 10953 10960 10942
f 10939 10954 10952
f 10954 10943 10961
f 10954 10961 10952
f 10952 10961 10941
f 10939 10951 10954
f 10951 10940 10956
f 10951 10956 10954
f 10954 10956 10943
f 10940 10957 10958
f 10957 10944 10969
f 10957 10969 10958
f 10958 10969 10947
f 10944 10964 10970
f 10964 10942 10966
f 10964 10966 10970
f 10970 10966 10949
f 10942 10960 10965
f 10960 10941 10962
f 10960 10962 10965
f 10965 10962 10946
f 10941 10961 10963
f 10961 10943 10968
f 10961 10968 10963
f 10963 10968 10950
f 10943 10956 10967
f 10956 10940 10959
f 10956 10959 10967
f 10967 10959 10948
f 10946 10977 10971
f 10977 10950 10975
f 10977 10975 10971
f 10971 10975 10945
f 10950 10980 10975
f 10980 10948 10973
f 10980 10973 10975
f 10975 10973 10945
f 10948 10978 10973
f 10978 10947 10972
f 10978 10972 10973
f 10973 10972 10945
f 10947 10979 10972
f 10979 10949 10974
f 10979 10974 10972
f 10972 10974 10945
f 10949 10976 10974
f 10976 10946 10971
f 10976 10971 10974
f 10974 10971 10945
f 10941 10963 10962
f 10963 10950 10977
f 10963 10977 10962
f 10962 10977 10946
f 10943 10967 10968
f 10967 10948 10980
f 10967 10980 10968
f 10968 10980 10950
f 10940 10958 10959
f 10958 10947 10978
f 10958 10978 10959
f 10959 10978 10948
f 10944 10970 10969
f 10970 10949 10979
f 10970 10979 10969
f 10969 10979 10947
f 10942 10965 10966
f 10965 10946 10976
f 10965 10976 10966
f 10966 10976 10949
v 23.532 5.597 12.792
v 23.532 5.034 12.792
v 23.814 5.771 12.336
v 23.250 5.771 12.336
v 23.988 5.316 12.617
v 23.076 5.316 12.617
v 23.532 5.034 11.880
v 23.532 5.597 11.880
v 23.250 4.860 12.336
v 23.814 4.860 12.336
v 23.076 5.316 12.054
v 23.988 5.316 12.054
v 23.532 5.316 12.872
v 23.698 5.749 12.604
v 23.367 5.749 12.604
v 23.800 5.481 12.769
v 23.264 5.481 12.769
v 23.800 5.150 12.769
v 23.264 5.150 12.769
v 23.367 4.882 12.604
v 23.698 4.882 12.604
v 23.532 5.852 12.336
v 23.966 5.584 12.501
v 23.698 5.749 12.068
v 23.966 5.584 12.170
v 23.099 5.584 12.501
v 23.367 5.749 12.068
v 23.099 5.584 12.170
v 23.966 5.047 12.501
v 24.068 5.316 12.336
v 23.099 5.047 12.501
v 22.996 5.316 12.336
v 23.532 5.316 11.800
v 23.367 4.882 12.068
v 23.698 4.882 12.068
v 23.264 5.150 11.902
v 23.800 5.150 11.902
v 23.264 5.481 11.902
v 23.800 5.481 11.902
v 23.532 4.779 12.336
v 23.099 5.047 12.170
v 23.966 5.047 12.170
f 10981 10997 10993
f 10997 10986 10999
f 10997 10999 10993
f 10993 10999 10982
f 10981 10995 10997
f 10995 10984 11006
f 10995 11006 10997
f 10997 11006 10986
f 10981 10994 10995
f 10994 10983 11002
f 10994 11002 10995
f 10995 11002 10984
f 10981 10996 10994
f 10996 10985 11003
f 10996 11003 10994
f 10994 11003 10983
f 10981 10993 10996
f 10993 10982 10998
f 10993 10998 10996
f 10996 10998 10985
f 10982 10999 11000
f 10999 10986 11011
f 10999 11011 11000
f 11000 11011 10989
f 10986 11006 11012
f 11006 10984 11008
f 11006 11008 11012
f 11012 11008 10991
f 10984 11002 11007
f 11002 10983 11004
f 11002 11004 11007
f 11007 11004 10988
f 10983 11003 11005
f 11003 10985 11010
f 11003 11010 11005
f 11005 11010 10992
f 10985 10998 11009
f 10998 10982 11001
f 10998 11001 11009
f 11009 11001 10990
f 10988 11019 11013
f 11019 10992 11017
f 11019 11017 11013
f 11013 11017 10987
f 10992 11022 11017
f 11022 10990 11015
f 11022 11015 11017
f 11017 11015 10987
f 10990 11020 11015
f 11020 10989 11014
f 11020 11014 11015
f 11015 11014 10987
f 10989 11021 11014
f 11021 10991 11016
f 11021 11016 11014
f 11014 11016 10987
f 10991 11018 11016
f 11018 10988 11013
f 11018 11013 11016
f 11016 11013 10987
f 10983 11005 11004
f 11005 10992 11019
f 11005 11019 11004
f 11004 11019 10988
f 10985 11009 11010
f 11009 10990 11022
f 11009 11022 11010
f 11010 11022 10992
f 10982 11000 11001
f 11000 10989 11020
f 11000 11020 11001
f 11001 11020 10990
f 10986 11012 11011
f 11012 10991 11021
f 11012 11021 11011
f 11011 11021 10989
f 10984 11007 11008
f 11007 10988 11018
f 11007 11018 11008
f 11008 11018 10991
v 57.214 1.806 18.443
v 57.214 1.159 18.443
v 57.537 2.006 17.920
v 56.890 2.006 17.920
v 57.737 1.482 18.243
v 56.690 1.482 18.243
v 57.214 1.159 17.397
v 57.214 1.806 17.397
v 56.890 0.959 17.920
v 57.537 0.959 17.920
v 56.690 1.482 17.597
v 57.737 1.482 17.597
v 57.214 1.482 18.535
v 57.404 1.980 18.227
v 57.024 1.980 18.227
v 57.521 1.672 18.418
v 56.906 1.672 18.418
v 57.521 1.292 18.418
v 56.906 1.292 18.418
v 57.024 0.985 18.227
v 57.404 0.985 18.227
v 57.214 2.097 17.920
v 57.711 1.790 18.110
v 57.404 1.980 17.612
v 57.711 1.790 17.730
v 56.716 1.790 18.110
v 57.024 1.980 17.612
v 56.716 1.790 17.730
v 57.711 1.175 18.110
v 57.829 1.482 17.920
v 56.716 1.175 18.110
v 56.599 1.482 17.920
v 57.214 1.482 17.305
v 57.024 0.985 17.612
v 57.404 0.985 17.612
v 56.906 1.292 17.422
v 57.521 1.292 17.422
v 56.906 1.672 17.422
v 57.521 1.672 17.422
v 57.214 0.867 17.920
v 56.716 1.175 17.730
v 57.711 1.175 17.730
f 11023 11039 11035
f 11039 11028 11041
f 11039 11041 11035
f 11035 11041 11024
f 11023 11037 11039
f 11037 11026 11048
f 11037 11048 11039
f 11039 11048 11028
f 11023 11036 11037
f 11036 11025 11044
f 11036 11044 11037
f 11037 11044 11026
f 11023 11038 11036
f 11038 11027 11045
f 11038 11045 11036
f 11036 11045 11025
f 11023 11035 11038
f 11035 11024 11040
f 11035 11040 11038
f 11038 11040 11027
f 11024 11041 11042
f 11041 11028 11053
f 11041 11053 11042
f 11042 11053 11031
f 11028 11048 11054
f 11048 11026 11050
f 11048 11050 11054
f 11054 11050 11033
f 11026 11044 11049
f 11044 11025 11046
f 11044 11046 11049
f 11049 11046 11030
f 11025 11045 11047
f 11045 11027 11052
f 11045 11052 11047
f 11047 11052 11034
f 11027 11040 11051
f 11040 11024 11043
f 11040 11043 11051
f 11051 11043 11032
f 11030 11061 11055
f 11061 11034 11059
f 11061 11059 11055
f 11055 11059 11029
f 11034 11064 11059
f 11064 11032 11057
f 11064 11057 11059
f 11059 11057 11029
f 11032 11062 11057
f 11062 11031 11056
f 11062 11056 11057
f 11057 11056 11029
f 11031 11063 11056
f 11063 11033 11058
f 11063 11058 11056
f 11056 11058 11029
f 11033 11060 11058
f 11060 11030 11055
f 11060 11055 11058
f 11058 11055 11029
f 11025 11047 11046
f 11047 11034 11061
f 11047 11061 11046
f 11046 11061 11030
f 11027 11051 11052
f 11051 11032 11064
f 11051 11064 11052
f 11052 11064 11034
f 11024 11042 11043
f 11042 11031 11062
f 11042 11062 11043
f 11043 11062 11032
f 11028 11054 11053
f 11054 11033 11063
f 11054 11063 11053
f 11053 11063 11031
f 11026 11049 11050
f 11049 11030 11060
f 11049 11060 11050
f 11050 11060 11033
v 61.592 83.265 10.974
v 61.592 82.701 10.974
v 61.874 83.439 10.518
v 61.310 83.439 10.518
v 62.048 82.983 10.800
v 61.136 82.983 10.800
v 61.592 82.701 10.062
v 61.592 83.265 10.062
v 61.310 82.527 10.518
v 61.874 82.527 10.518
v 61.136 82.983 10.236
v 62.048 82.983 10.236
v 61.592 82.983 11.054
v 61.757 83.417 10.786
v 61.426 83.417 10.786
v 61.860 83.149 10.952
v 61.324 83.149 10.952
v 61.860 82.817 10.952
v 61.324 82.817 10.952
v 61.426 82.549 10.786
v 61.757 82.549 10.786
v 61.592 83.519 10.518
v 62.025 83.251 10.684
v 61.757 83.417 10.250
v 62.025 83.251 10.353
v 61.158 83.251 10.684
v 61.426 83.417 10.250
v 61.158 83.251 10.353
v 62.025 82.715 10.684
v 62.128 82.983 10.518
v 61.158 82.715 10.684
v 61.056 82.983 10.518
v 61.592 82.983 9.982
v 61.426 82.549 10.250
v 61.757 82.549 10.250
v 61.324 82.817 10.085
v 61.860 82.817 10.085
v 61.324 83.149 10.085
v 61.860 83.149 10.085
v 61.592 82.447 10.518
v 61.158 82.715 10.353
v 62.025 82.715 10.353
f 11065 11081 11077
f 11081 11070 11083
f 11081 11083 11077
f 11077 11083 11066
f 11065 11079 11081
f 11079 11068 11090
f 11079 11090 11081
f 11081 11090 11070
f 11065 11078 11079
f 11078 11067 11086
f 11078 11086 11079
f 11079 11086 11068
f 11065 11080 11078
f 11080 11069 11087
f 11080 11087 11078
f 11078 11087 11067
f 11065 11077 11080
f 11077 11066 11082
f 11077 11082 11080
f 11080 11082 11069
f 11066 11083 11084
f 11083 11070 11095
f 11083 11095 11084
f 11084 11095 11073
f 11070 11090 11096
f 11090 11068 11092
f 11090 11092 11096
f 11096 11092 11075
f 11068 11086 11091
f 11086 11067 11088
f 11086 11088 11091
f 11091 11088 11072
f 11067 11087 11089
f 11087 11069 11094
f 11087 11094 11089
f 11089 11094 11076
f 11069 11082 11093
f 11082 11066 11085
f 11082 11085 11093
f 11093 11085 11074
f 11072 11103 11097
f 11103 11076 11101
f 11103 11101 11097
f 11097 11101 11071
f 11076 11106 11101
f 11106 11074 11099
f 11106 11099 11101
f 11101 11099 11071
f 11074 11104 11099
f 11104 11073 11098
f 11104 11098 11099
f 11099 11098 11071
f 11073 11105 11098
f 11105 11075 11100
f 11105 11100 11098
f 11098 11100 11071
f 11075 11102 11100
f 11102 11072 11097
f 11102 11097 11100
f 11100 11097 11071
f 11067 11089 11088
f 11089 11076 11103
f 11089 11103 11088
f 11088 11103 11072
f 11069 11093 11094
f 11093 11074 11106
f 11093 11106 11094
f 11094 11106 11076
f 11066 11084 11085
f 11084 11073 11104
f 11084 11104 11085
f 11085 11104 11074
f 11070 11096 11095
f 11096 11075 11105
f 11096 11105 11095
f 11095 11105 11073
f 11068 11091 11092
f 11091 11072 11102
f 11091 11102 11092
f 11092 11102 11075
v -65.188 -48.691 24.129
v -65.188 -49.297 24.129
v -64.885 -48.503 23.639
v -65.492 -48.503 23.639
v -64.698 -48.994 23.942
v -65.679 -48.994 23.942
v -65.188 -49.297 23.148
v -65.188 -48.691 23.148
v -65.492 -49.485 23.639
v -64.885 -49.485 23.639
v -65.679 -48.994 23.335
v -64.698 -48.994 23.335
v -65.188 -48.994 24.215
v -65.010 -48.527 23.927
v -65.367 -48.527 23.927
v -64.900 -48.816 24.105
v -65.477 -48.816 24.105
v -64.900 -49.172 24.105
v -65.477 -49.172 24.105
v -65.367 -49.460 23.927
v -65.010 -49.460 23.927
v -65.188 -48.417 23.639
v -64.722 -48.705 23.817
v -65.010 -48.527 23.350
v -64.722 -48.705 23.460
v -65.655 -48.705 23.817
v -65.367 -48.527 23.350
v -65.655 -48.705 23.460
v -64.722 -49.282 23.817
v -64.612 -48.994 23.639
v -65.655 -49.282 23.817
v -65.765 -48.994 23.639
v -65.188 -48.994 23.062
v -65.367 -49.460 23.350
v -65.010 -49.460 23.350
v -65.477 -49.172 23.172
v -64.900 -49.172 23.172
v -65.477 -48.816 23.172
v -64.900 -48.816 23.172
v -65.188 -49.571 23.639
v -65.655 -49.282 23.460
v -64.722 -49.282 23.460
f 11107 11123 11119
f 11123 11112 11125
f 11123 11125 11119
f 11119 11125 11108
f 11107 11121 11123
f 11121 11110 11132
f 11121 11132 11123
f 11123 11132 11112
f 11107 11120 11121
f 11120 11109 11128
f 11120 11128 11121
f 11121 11128 11110
f 11107 11122 11120
f 11122 11111 11129
f 11122 11129 11120
f 11120 11129 11109
f 11107 11119 11122
f 11119 11108 11124
f 11119 11124 11122
f 11122 11124 11111
f 11108 11125 11126
f 11125 11112 11137
f 11125 11137 11126
f 11126 11137 11115
f 11112 11132 11138
f 11132 11110 11134
f 11132 11134 11138
f 11138 11134 11117
f 11110 11128 11133
f 11128 11109 11130
f 11128 11130 11133
f 11133 11130 11114
f 11109 11129 11131
f 11129 11111 11136
f 11129 11136 11131
f 11131 11136 11118
f 11111 11124 11135
f 11124 11108 11127
f 11124 11127 11135
f 11135 11127 11116
f 11114 11145 11139
f 11145 11118 11143
f 11145 11143 11139
f 11139 11143 11113
f 11118 11148 11143
f 11148 11116 11141
f 11148 11141 11143
f 11143 11141 11113
f 11116 11146 11141
f 11146 11115 11140
f 11146 11140 11141
f 11141 11140 11113
f 11115 11147 11140
f 11147 11117 11142
f 11147 11142 11140
f 11140 11142 11113
f 11117 11144 11142
f 11144 11114 11139
f 11144 11139 11142
f 11142 11139 11113
f 11109 11131 11130
f 11131 11118 11145
f 11131 11145 11130
f 11130 11145 11114
f 11111 11135 11136
f 11135 11116 11148
f 11135 11148 11136
f 11136 11148 11118
f 11108 11126 11127
f 11126 11115 11146
f 11126 11146 11127
f 11127 11146 11116
f 11112 11138 11137
f 11138 11117 11147
f 11138 11147 11137
f 11137 11147 11115
f 11110 11133 11134
f 11133 11114 11144
f 11133 11144 11134
f 11134 11144 11117
v -50.139 -47.904 22.289
v -50.139 -48.511 22.289
v -49.835 -47.717 21.799
v -50.442 -47.717 21.799
v -49.648 -48.207 22.102
v -50.629 -48.207 22.102
v -50.139 -48.511 21.308
v -50.139 -47.904 21.308
v -50.442 -48.698 21.799
v -49.835 -48.698 21.799
v -50.629 -48.207 21.496
v -49.648 -48.207 21.496
v -50.139 -48.207 22.376
v -49.960 -47.741 22.087
v -50.317 -47.741 22.087
v -49.850 -48.029 22.265
v -50.427 -48.029 22.265
v -49.850 -48.386 22.265
v -50.427 -48.386 22.265
v -50.317 -48.674 22.087
v -49.960 -48.674 22.087
v -50.139 -47.630 21.799
v -49.672 -47.919 21.977
v -49.960 -47.741 21.510
v -49.672 -47.919 21.621
v -50.605 -47.919 21.977
v -50.317 -47.741 21.510
v -50.605 -47.919 21.621
v -49.672 -48.496 21.977
v -49.562 -48.207 21.799
v -50.605 -48.496 21.977
v -50.715 -48.207 21.799
v -50.139 -48.207 21.222
v -50.317 -48.674 21.510
v -49.960 -48.674 21.510
v -50.427 -48.386 21.332
v -49.850 -48.386 21.332
v -50.427 -48.029 21.332
v -49.850 -48.029 21.332
v -50.139 -48.784 21.799
v -50.605 -48.496 21.621
v -49.672 -48.496 21.621
f 11149 11165 11161
f 11165 11154 11167
f 11165 11167 11161
f 11161 11167 11150
f 11149 11163 11165
f 11163 11152 11174
f 11163 11174 11165
f 11165 11174 11154
f 11149 11162 11163
f 11162 11151 11170
f 11162 11170 11163
f 11163 11170 11152
f 11149 11164 11162
f 11164 11153 11171
f 11164 11171 11162
f 11162 11171 11151
f 11149 11161 11164
f 11161 11150 11166
f 11161 11166 11164
f 11164 11166 11153
f 11150 11167 11168
f 11167 11154 11179
f 11167 11179 11168
f 11168 11179 11157
f 11154 11174 11180
f 11174 11152 11176
f 11174 11176 11180
f 11180 11176 11159
f 11152 11170 11175
f 11170 11151 11172
f 11170 11172 11175
f 11175 11172 11156
f 11151 11171 11173
f 11171 11153 11178
f 11171 11178 11173
f 11173 11178 11160
f 11153 11166 11177
f 11166 11150 11169
f 11166 11169 11177
f 11177 11169 11158
f 11156 11187 11181
f 11187 11160 11185
f 11187 11185 11181
f 11181 11185 11155
f 11160 11190 11185
f 11190 11158 11183
f 11190 11183 11185
f 11185 11183 11155
f 11158 11188 11183
f 11188 11157 11182
f 11188 11182 11183
f 11183 11182 11155
f 11157 11189 11182
f 11189 11159 11184
f 11189 11184 11182
f 11182 11184 11155
f 11159 11186 11184
f 11186 11156 11181
f 11186 11181 11184
f 11184 11181 11155
f 11151 11173 11172
f 11173 11160 11187
f 11173 11187 11172
f 11172 11187 11156
f 11153 11177 11178
f 11177 11158 11190
f 11177 11190 11178
f 11178 11190 11160
f 11150 11168 11169
f 11168 11157 11188
f 11168 11188 11169
f 11169 11188 11158
f 11154 11180 11179
f 11180 11159 11189
f 11180 11189 11179
f 11179 11189 11157
f 11152 11175 11176
f 11175 11156 11186
f 11175 11186 11176
f 11176 11186 11159
v -44.784 -43.752 21.954
v -44.784 -44.316 21.954
v -44.502 -43.578 21.498
v -45.066 -43.578 21.498
v -44.328 -44.034 21.780
v -45.240 -44.034 21.780
v -44.784 -44.316 21.042
v -44.784 -43.752 21.042
v -45.066 -44.490 21.498
v -44.502 -44.490 21.498
v -45.240 -44.034 21.216
v -44.328 -44.034 21.216
v -44.784 -44.034 22.034
v -44.618 -43.600 21.766
v -44.950 -43.600 21.766
v -44.516 -43.868 21.932
v -45.052 -43.868 21.932
v -44.516 -44.200 21.932
v -45.052 -44.200 21.932
v -44.950 -44.468 21.766
v -44.618 -44.468 21.766
v -44.784 -43.498 21.498
v -44.350 -43.766 21.664
v -44.618 -43.600 21.230
v -44.350 -43.766 21.332
v -45.218 -43.766 21.664
v -44.950 -43.600 21.230
v -45.218 -43.766 21.332
v -44.350 -44.302 21.664
v -44.248 -44.034 21.498
v -45.218 -44.302 21.664
v -45.320 -44.034 21.498
v -44.784 -44.034 20.962
v -44.950 -44.468 21.230
v -44.618 -44.468 21.230
v -45.052 -44.200 21.064
v -44.516 -44.200 21.064
v -45.052 -43.868 21.064
v -44.516 -43.868 21.064
v -44.784 -44.570 21.498
v -45.218 -44.302 21.332
v -44.350 -44.302 21.332
f 11191 11207 11203
f 11207 11196 11209
f 11207 11209 11203
f 11203 11209 11192
f 11191 11205 11207
f 11205 11194 11216
f 11205 11216 11207
f 11207 11216 11196
f 11191 11204 11205
f 11204 11193 11212
f 11204 11212 11205
f 11205 11212 11194
f 11191 11206 11204
f 11206 11195 11213
f 11206 11213 11204
f 11204 11213 11193
f 11191 11203 11206
f 11203 11192 11208
f 11203 11208 11206
f 11206 11208 11195
f 11192 11209 11210
f 11209 11196 11221
f 11209 11221 11210
f 11210 11221 11199
f 11196 11216 11222
f 11216 11194 11218
f 11216 11218 11222
f 11222 11218 11201
f 11194 11212 11217
f 11212 11193 11214
f 11212 11214 11217
f 11217 11214 11198
f 11193 11213 11215
f 11213 11195 11220
f 11213 11220 11215
f 11215 11220 11202
f 11195 11208 11219
f 11208 11192 11211
f 11208 11211 11219
f 11219 11211 11200
f 11198 11229 11223
f 11229 11202 11227
f 11229 11227 11223
f 11223 11227 11197
f 11202 11232 11227
f 11232 11200 11225
f 11232 11225 11227
f 11227 11225 11197
f 11200 11230 11225
f 11230 11199 11224
f 11230 11224 11225
f 11225 11224 11197
f 11199 11231 11224
f 11231 11201 11226
f 11231 11226 11224
f 11224 11226 11197
f 11201 11228 11226
f 11228 11198 11223
f 11228 11223 11226
f 11226 11223 11197
f 11193 11215 11214
f 11215 11202 11229
f 11215 11229 11214
f 11214 11229 11198
f 11195 11219 11220
f 11219 11200 11232
f 11219 11232 11220
f 11220 11232 11202
f 11192 11210 11211
f 11210 11199 11230
f 11210 11230 11211
f 11211 11230 11200
f 11196 11222 11221
f 11222 11201 11231
f 11222 11231 11221
f 11221 11231 11199
f 11194 11217 11218
f 11217 11198 11228
f 11217 11228 11218
f 11218 11228 11201
v -29.696 -19.552 17.429
v -29.696 -20.158 17.429
v -29.392 -19.364 16.938
v -29.999 -19.364 16.938
v -29.205 -19.855 17.242
v -30.186 -19.855 17.242
v -29.696 -20.158 16.448
v -29.696 -19.552 16.448
v -29.999 -20.346 16.938
v -29.392 -20.346 16.938
v -30.186 -19.855 16.635
v -29.205 -19.855 16.635
v -29.696 -19.855 17.515
v -29.517 -19.388 17.227
v -29.874 -19.388 17.227
v -29.407 -19.677 17.405
v -29.984 -19.677 17.405
v -29.407 -20.033 17.405
v -29.984 -20.033 17.405
v -29.874 -20.322 17.227
v -29.517 -20.322 17.227
v -29.696 -19.278 16.938
v -29.229 -19.567 17.117
v -29.517 -19.388 16.650
v -29.229 -19.567 16.760
v -30.162 -19.567 17.117
v -29.874 -19.388 16.650
v -30.162 -19.567 16.760
v -29.229 -20.143 17.117
v -29.119 -19.855 16.938
v -30.162 -20.143 17.117
v -30.272 -19.855 16.938
v -29.696 -19.855 16.361
v -29.874 -20.322 16.650
v -29.517 -20.322 16.650
v -29.984 -20.033 16.472
v -29.407 -20.033 16.472
v -29.984 -19.677 16.472
v -29.407 -19.677 16.472
v -29.696 -20.432 16.938
v -30.162 -20.143 16.760
v -29.229 -20.143 16.760
f 11233 11249 11245
f 11249 11238 11251
f 11249 11251 11245
f 11245 11251 11234
f 11233 11247 11249
f 11247 11236 11258
f 11247 11258 11249
f 11249 11258 11238
f 11233 11246 11247
f 11246 11235 11254
f 11246 11254 11247
f 11247 11254 11236
f 11233 11248 11246
f 11248 11237 11255
f 11248 11255 11246
f 11246 11255 11235
f 11233 11245 11248
f 11245 11234 11250
f 11245 11250 11248
f 11248 11250 11237
f 11234 11251 11252
f 11251 11238 11263
f 11251 11263 11252
f 11252 11263 11241
f 11238 11258 11264
f 11258 11236 11260
f 11258 11260 11264
f 11264 11260 11243
f 11236 11254 11259
f 11254 11235 11256
f 11254 11256 11259
f 11259 11256 11240
f 11235 11255 11257
f 11255 11237 11262
f 11255 11262 11257
f 11257 11262 11244
f 11237 11250 11261
f 11250 11234 11253
f 11250 11253 11261
f 11261 11253 11242
f 11240 11271 11265
f 11271 11244 11269
f 11271 11269 11265
f 11265 11269 11239
f 11244 11274 11269
f 11274 11242 11267
f 11274 11267 11269
f 11269 11267 11239
f 11242 11272 11267
f 11272 11241 11266
f 11272 11266 11267
f 11267 11266 11239
f 11241 11273 11266
f 11273 11243 11268
f 11273 11268 11266
f 11266 11268 11239
f 11243 11270 11268
f 11270 11240 11265
f 11270 11265 11268
f 11268 11265 11239
f 11235 11257 11256
f 11257 11244 11271
f 11257 11271 11256
f 11256 11271 11240
f 11237 11261 11262
f 11261 11242 11274
f 11261 11274 11262
f 11262 11274 11244
f 11234 11252 11253
f 11252 11241 11272
f 11252 11272 11253
f 11253 11272 11242
f 11238 11264 11263
f 11264 11243 11273
f 11264 11273 11263
f 11263 11273 11241
f 11236 11259 11260
f 11259 11240 11270
f 11259 11270 11260
f 11260 11270 11243
v -60.566 1.731 13.827
v -60.566 1.167 13.827
v -60.284 1.905 13.371
v -60.848 1.905 13.371
v -60.110 1.449 13.653
v -61.022 1.449 13.653
v -60.566 1.167 12.915
v -60.566 1.731 12.915
v -60.848 0.993 13.371
v -60.284 0.993 13.371
v -61.022 1.449 13.089
v -60.110 1.449 13.089
v -60.566 1.449 13.907
v -60.400 1.883 13.639
v -60.731 1.883 13.639
v -60.298 1.615 13.805
v -60.834 1.615 13.805
v -60.298 1.283 13.805
v -60.834 1.283 13.805
v -60.731 1.015 13.639
v -60.400 1.015 13.639
v -60.566 1.985 13.371
v -60.132 1.717 13.537
v -60.400 1.883 13.103
v -60.132 1.717 13.205
v -60.999 1.717 13.537
v -60.731 1.883 13.103
v -60.999 1.717 13.205
v -60.132 1.181 13.537
v -60.030 1.449 13.371
v -60.999 1.181 13.537
v -61.102 1.449 13.371
v -60.566 1.449 12.835
v -60.731 1.015 13.103
v -60.400 1.015 13.103
v -60.834 1.283 12.937
v -60.298 1.283 12.937
v -60.834 1.615 12.937
v -60.298 1.615 12.937
v -60.566 0.913 13.371
v -60.999 1.181 13.205
v -60.132 1.181 13.205
f 11275 11291 11287
f 11291 11280 11293
f 11291 11293 11287
f 11287 11293 11276
f 11275 11289 11291
f 11289 11278 11300
f 11289 11300 11291
f 11291 11300 11280
f 11275 11288 11289
f 11288 11277 11296
f 11288 11296 11289
f 11289 11296 11278
f 11275 11290 11288
f 11290 11279 11297
f 11290 11297 11288
f 11288 11297 11277
f 11275 11287 11290
f 11287 11276 11292
f 11287 11292 11290
f 11290 11292 11279
f 11276 11293 11294
f 11293 11280 11305
f 11293 11305 11294
f 11294 11305 11283
f 11280 11300 11306
f 11300 11278 11302
f 11300 11302 11306
f 11306 11302 11285
f 11278 11296 11301
f 11296 11277 11298
f 11296 11298 11301
f 11301 11298 11282
f 11277 11297 11299
f 11297 11279 11304
f 11297 11304 11299
f 11299 11304 11286
f 11279 11292 11303
f 11292 11276 11295
f 11292 11295 11303
f 11303 11295 11284
f 11282 11313 11307
f 11313 11286 11311
f 11313 11311 11307
f 11307 11311 11281
f 11286 11316 11311
f 11316 11284 11309
f 11316 11309 11311
f 11311 11309 11281
f 11284 11314 11309
f 11314 11283 11308
f 11314 11308 11309
f 11309 11308 11281
f 11283 11315 11308
f 11315 11285 11310
f 11315 11310 11308
f 11308 11310 11281
f 11285 11312 11310
f 11312 11282 11307
f 11312 11307 11310
f 11310 11307 11281
f 11277 11299 11298
f 11299 11286 11313
f 11299 11313 11298
f 11298 11313 11282
f 11279 11303 11304
f 11303 11284 11316
f 11303 11316 11304
f 11304 11316 11286
f 11276 11294 11295
f 11294 11283 11314
f 11294 11314 11295
f 11295 11314 11284
f 11280 11306 11305
f 11306 11285 11315
f 11306 11315 11305
f 11305 11315 11283
f 11278 11301 11302
f 11301 11282 11312
f 11301 11312 11302
f 11302 11312 11285
v -21.783 -8.462 16.279
v -21.783 -9.048 16.279
v -21.491 -8.281 15.805
v -22.076 -8.281 15.805
v -21.310 -8.755 16.098
v -22.257 -8.755 16.098
v -21.783 -9.048 15.331
v -21.783 -8.462 15.331
v -22.076 -9.229 15.805
v -21.491 -9.229 15.805
v -22.257 -8.755 15.512
v -21.310 -8.755 15.512
v -21.783 -8.755 16.362
v -21.611 -8.304 16.083
v -21.956 -8.304 16.083
v -21.505 -8.583 16.256
v -22.062 -8.583 16.256
v -21.505 -8.927 16.256
v -22.062 -8.927 16.256
v -21.956 -9.205 16.083
v -21.611 -9.205 16.083
v -21.783 -8.198 15.805
v -21.333 -8.477 15.977
v -21.611 -8.304 15.527
v -21.333 -8.477 15.633
v -22.234 -8.477 15.977
v -21.956 -8.304 15.527
v -22.234 -8.477 15.633
v -21.333 -9.033 15.977
v -21.227 -8.755 15.805
v -22.234 -9.033 15.977
v -22.340 -8.755 15.805
v -21.783 -8.755 15.248
v -21.956 -9.205 15.527
v -21.611 -9.205 15.527
v -22.062 -8.927 15.355
v -21.505 -8.927 15.355
v -22.062 -8.583 15.355
v -21.505 -8.583 15.355
v -21.783 -9.312 15.805
v -22.234 -9.033 15.633
v -21.333 -9.033 15.633
f 11317 11333 11329
f 11333 11322 11335
f 11333 11335 11329
f 11329 11335 11318
f 11317 11331 11333
f 11331 11320 11342
f 11331 11342 11333
f 11333 11342 11322
f 11317 11330 11331
f 11330 11319 11338
f 11330 11338 11331
f 11331 11338 11320
f 11317 11332 11330
f 11332 11321 11339
f 11332 11339 11330
f 11330 11339 11319
f 11317 11329 11332
f 11329 11318 11334
f 11329 11334 11332
f 11332 11334 11321
f 11318 11335 11336
f 11335 11322 11347
f 11335 11347 11336
f 11336 11347 11325
f 11322 11342 11348
f 11342 11320 11344
f 11342 11344 11348
f 11348 11344 11327
f 11320 11338 11343
f 11338 11319 11340
f 11338 11340 11343
f 11343 11340 11324
f 11319 11339 11341
f 11339 11321 11346
f 11339 11346 11341
f 11341 11346 11328
f 11321 11334 11345
f 11334 11318 11337
f 11334 11337 11345
f 11345 11337 11326
f 11324 11355 11349
f 11355 11328 11353
f 11355 11353 11349
f 11349 11353 11323
f 11328 11358 11353
f 11358 11326 11351
f 11358 11351 11353
f 11353 11351 11323
f 11326 11356 11351
f 11356 11325 11350
f 11356 11350 11351
f 11351 11350 11323
f 11325 11357 11350
f 11357 11327 11352
f 11357 11352 11350
f 11350 11352 11323
f 11327 11354 11352
f 11354 11324 11349
f 11354 11349 11352
f 11352 11349 11323
f 11319 11341 11340
f 11341 11328 11355
f 11341 11355 11340
f 11340 11355 11324
f 11321 11345 11346
f 11345 11326 11358
f 11345 11358 11346
f 11346 11358 11328
f 11318 11336 11337
f 11336 11325 11356
f 11336 11356 11337
f 11337 11356 11326
f 11322 11348 11347
f 11348 11327 11357
f 11348 11357 11347
f 11347 11357 11325
f 11320 11343 11344
f 11343 11324 11354
f 11343 11354 11344
f 11344 11354 11327
v -33.776 -5.219 14.690
v -33.776 -5.760 14.690
v -33.505 -5.052 14.253
v -34.046 -5.052 14.253
v -33.338 -5.490 14.523
v -34.213 -5.490 14.523
v -33.776 -5.760 13.815
v -33.776 -5.219 13.815
v -34.046 -5.927 14.253
v -33.505 -5.927 14.253
v -34.213 -5.490 13.982
v -33.338 -5.490 13.982
v -33.776 -5.490 14.767
v -33.617 -5.074 14.510
v -33.935 -5.074 14.510
v -33.519 -5.331 14.669
v -34.033 -5.331 14.669
v -33.519 -5.649 14.669
v -34.033 -5.649 14.669
v -33.935 -5.906 14.510
v -33.617 -5.906 14.510
v -33.776 -4.975 14.253
v -33.360 -5.233 14.411
v -33.617 -5.074 13.995
v -33.360 -5.233 14.094
v -34.192 -5.233 14.411
v -33.935 -5.074 13.995
v -34.192 -5.233 14.094
v -33.360 -5.747 14.411
v -33.261 -5.490 14.253
v -34.192 -5.747 14.411
v -34.290 -5.490 14.253
v -33.776 -5.490 13.738
v -33.935 -5.906 13.995
v -33.617 -5.906 13.995
v -34.033 -5.649 13.836
v -33.519 -5.649 13.836
v -34.033 -5.331 13.836
v -33.519 -5.331 13.836
v -33.776 -6.004 14.253
v -34.192 -5.747 14.094
v -33.360 -5.747 14.094
f 11359 11375 11371
f 11375 11364 11377
f 11375 11377 11371
f 11371 11377 11360
f 11359 11373 11375
f 11373 11362 11384
f 11373 11384 11375
f 11375 11384 11364
f 11359 11372 11373
f 11372 11361 11380
f 11372 11380 11373
f 11373 11380 11362
f 11359 11374 11372
f 11374 11363 11381
f 11374 11381 11372
f 11372 11381 11361
f 11359 11371 11374
f 11371 11360 11376
f 11371 11376 11374
f 11374 11376 11363
f 11360 11377 11378
f 11377 11364 11389
f 11377 11389 11378
f 11378 11389 11367
f 11364 11384 11390
f 11384 11362 11386
f 11384 11386 11390
f 11390 11386 11369
f 11362 11380 11385
f 11380 11361 11382
f 11380 11382 11385
f 11385 11382 11366
f 11361 11381 11383
f 11381 11363 11388
f 11381 11388 11383
f 11383 11388 11370
f 11363 11376 11387
f 11376 11360 11379
f 11376 11379 11387
f 11387 11379 11368
f 11366 11397 11391
f 11397 11370 11395
f 11397 11395 11391
f 11391 11395 11365
f 11370 11400 11395
f 11400 11368 11393
f 11400 11393 11395
f 11395 11393 11365
f 11368 11398 11393
f 11398 11367 11392
f 11398 11392 11393
f 11393 11392 11365
f 11367 11399 11392
f 11399 11369 11394
f 11399 11394 11392
f 11392 11394 11365
f 11369 11396 11394
f 11396 11366 11391
f 11396 11391 11394
f 11394 11391 11365
f 11361 11383 11382
f 11383 11370 11397
f 11383 11397 11382
f 11382 11397 11366
f 11363 11387 11388
f 11387 11368 11400
f 11387 11400 11388
f 11388 11400 11370
f 11360 11378 11379
f 11378 11367 11398
f 11378 11398 11379
f 11379 11398 11368
f 11364 11390 11389
f 11390 11369 11399
f 11390 11399 11389
f 11389 11399 11367
f 11362 11385 11386
f 11385 11366 11396
f 11385 11396 11386
f 11386 11396 11369
v -14.250 -6.885 16.412
v -14.250 -7.449 16.412
v -13.968 -6.711 15.956
v -14.532 -6.711 15.956
v -13.794 -7.167 16.238
v -14.706 -7.167 16.238
v -14.250 -7.449 15.500
v -14.250 -6.885 15.500
v -14.532 -7.623 15.956
v -13.968 -7.623 15.956
v -14.706 -7.167 15.674
v -13.794 -7.167 15.674
v -14.250 -7.167 16.492
v -14.084 -6.733 16.224
v -14.415 -6.733 16.224
v -13.982 -7.002 16.390
v -14.518 -7.002 16.390
v -13.982 -7.333 16.390
v -14.518 -7.333 16.390
v -14.415 -7.601 16.224
v -14.084 -7.601 16.224
v -14.250 -6.631 15.956
v -13.816 -6.899 16.122
v -14.084 -6.733 15.688
v -13.816 -6.899 15.791
v -14.683 -6.899 16.122
v -14.415 -6.733 15.688
v -14.683 -6.899 15.791
v -13.816 -7.435 16.122
v -13.714 -7.167 15.956
v -14.683 -7.435 16.122
v -14.786 -7.167 15.956
v -14.250 -7.167 15.420
v -14.415 -7.601 15.688
v -14.084 -7.601 15.688
v -14.518 -7.333 15.523
v -13.982 -7.333 15.523
v -14.518 -7.002 15.523
v -13.982 -7.002 15.523
v -14.250 -7.703 15.956
v -14.683 -7.435 15.791
v -13.816 -7.435 15.791
f 11401 11417 11413
f 11417 11406 11419
f 11417 11419 11413
f 11413 11419 11402
f 11401 11415 11417
f 11415 11404 11426
f 11415 11426 11417
f 11417 11426 11406
f 11401 11414 11415
f 11414 11403 11422
f 11414 11422 11415
f 11415 11422 11404
f 11401 11416 11414
f 11416 11405 11423
f 11416 11423 11414
f 11414 11423 11403
f 11401 11413 11416
f 11413 11402 11418
f 11413 11418 11416
f 11416 11418 11405
f 11402 11419 11420
f 11419 11406 11431
f 11419 11431 11420
f 11420 11431 11409
f 11406 11426 11432
f 11426 11404 11428
f 11426 11428 11432
f 11432 11428 11411
f 11404 11422 11427
f 11422 11403 11424
f 11422 11424 11427
f 11427 11424 11408
f 11403 11423 11425
f 11423 11405 11430
f 11423 11430 11425
f 11425 11430 11412
f 11405 11418 11429
f 11418 11402 11421
f 11418 11421 11429
f 11429 11421 11410
f 11408 11439 11433
f 11439 11412 11437
f 11439 11437 11433
f 11433 11437 11407
f 11412 11442 11437
f 11442 11410 11435
f 11442 11435 11437
f 11437 11435 11407
f 11410 11440 11435
f 11440 11409 11434
f 11440 11434 11435
f 11435 11434 11407
f 11409 11441 11434
f 11441 11411 11436
f 11441 11436 11434
f 11434 11436 11407
f 11411 11438 11436
f 11438 11408 11433
f 11438 11433 11436
f 11436 11433 11407
f 11403 11425 11424
f 11425 11412 11439
f 11425 11439 11424
f 11424 11439 11408
f 11405 11429 11430
f 11429 11410 11442
f 11429 11442 11430
f 11430 11442 11412
f 11402 11420 11421
f 11420 11409 11440
f 11420 11440 11421
f 11421 11440 11410
f 11406 11432 11431
f 11432 11411 11441
f 11432 11441 11431
f 11431 11441 11409
f 11404 11427 11428
f 11427 11408 11438
f 11427 11438 11428
f 11428 11438 11411
v -0.548 -4.022 15.085
v -0.548 -4.649 15.085
v -0.234 -3.828 14.578
v -0.861 -3.828 14.578
v -0.040 -4.336 14.892
v -1.055 -4.336 14.892
v -0.548 -4.649 14.071
v -0.548 -4.022 14.071
v -0.861 -4.843 14.578
v -0.234 -4.843 14.578
v -1.055 -4.336 14.265
v -0.040 -4.336 14.265
v -0.548 -4.336 15.175
v -0.363 -3.853 14.876
v -0.732 -3.853 14.876
v -0.249 -4.151 15.061
v -0.846 -4.151 15.061
v -0.249 -4.520 15.061
v -0.846 -4.520 15.061
v -0.732 -4.818 14.876
v -0.363 -4.818 14.876
v -0.548 -3.739 14.578
v -0.065 -4.037 14.763
v -0.363 -3.853 14.280
v -0.065 -4.037 14.394
v -1.030 -4.037 14.763
v -0.732 -3.853 14.280
v -1.030 -4.037 14.394
v -0.065 -4.634 14.763
v 0.049 -4.336 14.578
v -1.030 -4.634 14.763
v -1.144 -4.336 14.578
v -0.548 -4.336 13.982
v -0.732 -4.818 14.280
v -0.363 -4.818 14.280
v -0.846 -4.520 14.096
v -0.249 -4.520 14.096
v -0.846 -4.151 14.096
v -0.249 -4.151 14.096
v -0.548 -4.932 14.578
v -1.030 -4.634 14.394
v -0.065 -4.634 14.394
f 11443 11459 11455
f 11459 11448 11461
f 11459 11461 11455
f 11455 11461 11444
f 11443 11457 11459
f 11457 11446 11468
f 11457 11468 11459
f 11459 11468 11448
f 11443 11456 11457
f 11456 11445 11464
f 11456 11464 11457
f 11457 11464 11446
f 11443 11458 11456
f 11458 11447 11465
f 11458 11465 11456
f 11456 11465 11445
f 11443 11455 11458
f 11455 11444 11460
f 11455 11460 11458
f 11458 11460 11447
f 11444 11461 11462
f 11461 11448 11473
f 11461 11473 11462
f 11462 11473 11451
f 11448 11468 11474
f 11468 11446 11470
f 11468 11470 11474
f 11474 11470 11453
f 11446 11464 11469
f 11464 11445 11466
f 11464 11466 11469
f 11469 11466 11450
f 11445 11465 11467
f 11465 11447 11472
f 11465 11472 11467
f 11467 11472 11454
f 11447 11460 11471
f 11460 11444 11463
f 11460 11463 11471
f 11471 11463 11452
f 11450 11481 11475
f 11481 11454 11479
f 11481 11479 11475
f 11475 11479 11449
f 11454 11484 11479
f 11484 11452 11477
f 11484 11477 11479
f 11479 11477 11449
f 11452 11482 11477
f 11482 11451 11476
f 11482 11476 11477
f 11477 11476 11449
f 11451 11483 11476
f 11483 11453 11478
f 11483 11478 11476
f 11476 11478 11449
f 11453 11480 11478
f 11480 11450 11475
f 11480 11475 11478
f 11478 11475 11449
f 11445 11467 11466
f 11467 11454 11481
f 11467 11481 11466
f 11466 11481 11450
f 11447 11471 11472
f 11471 11452 11484
f 11471 11484 11472
f 11472 11484 11454
f 11444 11462 11463
f 11462 11451 11482
f 11462 11482 11463
f 11463 11482 11452
f 11448 11474 11473
f 11474 11453 11483
f 11474 11483 11473
f 11473 11483 11451
f 11446 11469 11470
f 11469 11450 11480
f 11469 11480 11470
f 11470 11480 11453
v 62.778 -34.209 35.370
v 62.778 -34.773 35.370
v 63.060 -34.035 34.914
v 62.496 -34.035 34.914
v 63.234 -34.491 35.196
v 62.322 -34.491 35.196
v 62.778 -34.773 34.458
v 62.778 -34.209 34.458
v 62.496 -34.947 34.914
v 63.060 -34.947 34.914
v 62.322 -34.491 34.632
v 63.234 -34.491 34.632
v 62.778 -34.491 35.450
v 62.944 -34.057 35.182
v 62.612 -34.057 35.182
v 63.046 -34.325 35.347
v 62.510 -34.325 35.347
v 63.046 -34.657 35.347
v 62.510 -34.657 35.347
v 62.612 -34.925 35.182
v 62.944 -34.925 35.182
v 62.778 -33.955 34.914
v 63.212 -34.223 35.079
v 62.944 -34.057 34.646
v 63.212 -34.223 34.748
v 62.344 -34.223 35.079
v 62.612 -34.057 34.646
v 62.344 -34.223 34.748
v 63.212 -34.759 35.079
v 63.314 -34.491 34.914
v 62.344 -34.759 35.079
v 62.242 -34.491 34.914
v 62.778 -34.491 34.378
v 62.612 -34.925 34.646
v 62.944 -34.925 34.646
v 62.510 -34.657 34.480
v 63.046 -34.657 34.480
v 62.510 -34.325 34.480
v 63.046 -34.325 34.480
v 62.778 -35.027 34.914
v 62.344 -34.759 34.748
v 63.212 -34.759 34.748
f 11485 11501 11497
f 11501 11490 11503
f 11501 11503 11497
f 11497 11503 11486
f 11485 11499 11501
f 11499 11488 11510
f 11499 11510 11501
f 11501 11510 11490
f 11485 11498 11499
f 11498 11487 11506
f 11498 11506 11499
f 11499 11506 11488
f 11485 11500 11498
f 11500 11489 11507
f 11500 11507 11498
f 11498 11507 11487
f 11485 11497 11500
f 11497 11486 11502
f 11497 11502 11500
f 11500 11502 11489
f 11486 11503 11504
f 11503 11490 11515
f 11503 11515 11504
f 11504 11515 11493
f 11490 11510 11516
f 11510 11488 11512
f 11510 11512 11516
f 11516 11512 11495
f 11488 11506 11511
f 11506 11487 11508
f 11506 11508 11511
f 11511 11508 11492
f 11487 11507 11509
f 11507 11489 11514
f 11507 11514 11509
f 11509 11514 11496
f 11489 11502 11513
f 11502 11486 11505
f 11502 11505 11513
f 11513 11505 11494
f 11492 11523 11517
f 11523 11496 11521
f 11523 11521 11517
f 11517 11521 11491
f 11496 11526 11521
f 11526 11494 11519
f 11526 11519 11521
f 11521 11519 11491
f 11494 11524 11519
f 11524 11493 11518
f 11524 11518 11519
f 11519 11518 11491
f 11493 11525 11518
f 11525 11495 11520
f 11525 11520 11518
f 11518 11520 11491
f 11495 11522 11520
f 11522 11492 11517
f 11522 11517 11520
f 11520 11517 11491
f 11487 11509 11508
f 11509 11496 11523
f 11509 11523 11508
f 11508 11523 11492
f 11489 11513 11514
f 11513 11494 11526
f 11513 11526 11514
f 11514 11526 11496
f 11486 11504 11505
f 11504 11493 11524
f 11504 11524 11505
f 11505 11524 11494
f 11490 11516 11515
f 11516 11495 11525
f 11516 11525 11515
f 11515 11525 11493
f 11488 11511 11512
f 11511 11492 11522
f 11511 11522 11512
f 11512 11522 11495
v 53.000 6.435 24.300
v 53.000 5.829 24.300
v 53.303 6.623 23.809
v 52.696 6.623 23.809
v 53.490 6.132 24.113
v 52.509 6.132 24.113
v 53.000 5.829 23.319
v 53.000 6.435 23.319
v 52.696 5.641 23.809
v 53.303 5.641 23.809
v 52.509 6.132 23.506
v 53.490 6.132 23.506
v 53.000 6.132 24.386
v 53.178 6.599 24.098
v 52.821 6.599 24.098
v 53.288 6.310 24.276
v 52.711 6.310 24.276
v 53.288 5.954 24.276
v 52.711 5.954 24.276
v 52.821 5.665 24.098
v 53.178 5.665 24.098
v 53.000 6.709 23.809
v 53.466 6.420 23.988
v 53.178 6.599 23.521
v 53.466 6.420 23.631
v 52.533 6.420 23.988
v 52.821 6.599 23.521
v 52.533 6.420 23.631
v 53.466 5.844 23.988
v 53.576 6.132 23.809
v 52.533 5.844 23.988
v 52.423 6.132 23.809
v 53.000 6.132 23.232
v 52.821 5.665 23.521
v 53.178 5.665 23.521
v 52.711 5.954 23.343
v 53.288 5.954 23.343
v 52.711 6.310 23.343
v 53.288 6.310 23.343
v 53.000 5.555 23.809
v 52.533 5.844 23.631
v 53.466 5.844 23.631
f 11527 11543 11539
f 11543 11532 11545
f 11543 11545 11539
f 11539 11545 11528
f 11527 11541 11543
f 11541 11530 11552
f 11541 11552 11543
f 11543 11552 11532
f 11527 11540 11541
f 11540 11529 11548
f 11540 11548 11541
f 11541 11548 11530
f 11527 11542 11540
f 11542 11531 11549
f 11542 11549 11540
f 11540 11549 11529
f 11527 11539 11542
f 11539 11528 11544
f 11539 11544 11542
f 11542 11544 11531
f 11528 11545 11546
f 11545 11532 11557
f 11545 11557 11546
f 11546 11557 11535
f 11532 11552 11558
f 11552 11530 11554
f 11552 11554 11558
f 11558 11554 11537
f 11530 11548 11553
f 11548 11529 11550
f 11548 11550 11553
f 11553 11550 11534
f 11529 11549 11551
f 11549 11531 11556
f 11549 11556 11551
f 11551 11556 11538
f 11531 11544 11555
f 11544 11528 11547
f 11544 11547 11555
f 11555 11547 11536
f 11534 11565 11559
f 11565 11538 11563
f 11565 11563 11559
f 11559 11563 11533
f 11538 11568 11563
f 11568 11536 11561
f 11568 11561 11563
f 11563 11561 11533
f 11536 11566 11561
f 11566 11535 11560
f 11566 11560 11561
f 11561 11560 11533
f 11535 11567 11560
f 11567 11537 11562
f 11567 11562 11560
f 11560 11562 11533
f 11537 11564 11562
f 11564 11534 11559
f 11564 11559 11562
f 11562 11559 11533
f 11529 11551 11550
f 11551 11538 11565
f 11551 11565 11550
f 11550 11565 11534
f 11531 11555 11556
f 11555 11536 11568
f 11555 11568 11556
f 11556 11568 11538
f 11528 11546 11547
f 11546 11535 11566
f 11546 11566 11547
f 11547 11566 11536
f 11532 11558 11557
f 11558 11537 11567
f 11558 11567 11557
f 11557 11567 11535
f 11530 11553 11554
f 11553 11534 11564
f 11553 11564 11554
f 11554 11564 11537
v -22.420 -36.725 28.428
v -22.420 -37.310 28.428
v -22.127 -36.544 27.955
v -22.712 -36.544 27.955
v -21.946 -37.017 28.247
v -22.893 -37.017 28.247
v -22.420 -37.310 27.481
v -22.420 -36.725 27.481
v -22.712 -37.491 27.955
v -22.127 -37.491 27.955
v -22.893 -37.017 27.662
v -21.946 -37.017 27.662
v -22.420 -37.017 28.511
v -22.247 -36.567 28.233
v -22.592 -36.567 28.233
v -22.141 -36.845 28.405
v -22.698 -36.845 28.405
v -22.141 -37.189 28.405
v -22.698 -37.189 28.405
v -22.592 -37.468 28.233
v -22.247 -37.468 28.233
v -22.420 -36.460 27.955
v -21.969 -36.739 28.127
v -22.247 -36.567 27.676
v -21.969 -36.739 27.782
v -22.870 -36.739 28.127
v -22.592 -36.567 27.676
v -22.870 -36.739 27.782
v -21.969 -37.296 28.127
v -21.863 -37.017 27.955
v -22.870 -37.296 28.127
v -22.976 -37.017 27.955
v -22.420 -37.017 27.398
v -22.592 -37.468 27.676
v -22.247 -37.468 27.676
v -22.698 -37.189 27.504
v -22.141 -37.189 27.504
v -22.698 -36.845 27.504
v -22.141 -36.845 27.504
v -22.420 -37.574 27.955
v -22.870 -37.296 27.782
v -21.969 -37.296 27.782
f 11569 11585 11581
f 11585 11574 11587
f 11585 11587 11581
f 11581 11587 11570
f 11569 11583 11585
f 11583 11572 11594
f 11583 11594 11585
f 11585 11594 11574
f 11569 11582 11583
f 11582 11571 11590
f 11582 11590 11583
f 11583 11590 11572
f 11569 11584 11582
f 11584 11573 11591
f 11584 11591 11582
f 11582 11591 11571
f 11569 11581 11584
f 11581 11570 11586
f 11581 11586 11584
f 11584 11586 11573
f 11570 11587 11588
f 11587 11574 11599
f 11587 11599 11588
f 11588 11599 11577
f 11574 11594 11600
f 11594 11572 11596
f 11594 11596 11600
f 11600 11596 11579
f 11572 11590 11595
f 11590 11571 11592
f 11590 11592 11595
f 11595 11592 11576
f 11571 11591 11593
f 11591 11573 11598
f 11591 11598 11593
f 11593 11598 11580
f 11573 11586 11597
f 11586 11570 11589
f 11586 11589 11597
f 11597 11589 11578
f 11576 11607 11601
f 11607 11580 11605
f 11607 11605 11601
f 11601 11605 11575
f 11580 11610 11605
f 11610 11578 11603
f 11610 11603 11605
f 11605 11603 11575
f 11578 11608 11603
f 11608 11577 11602
f 11608 11602 11603
f 11603 11602 11575
f 11577 11609 11602
f 11609 11579 11604
f 11609 11604 11602
f 11602 11604 11575
f 11579 11606 11604
f 11606 11576 11601
f 11606 11601 11604
f 11604 11601 11575
f 11571 11593 11592
f 11593 11580 11607
f 11593 11607 11592
f 11592 11607 11576
f 11573 11597 11598
f 11597 11578 11610
f 11597 11610 11598
f 11598 11610 11580
f 11570 11588 11589
f 11588 11577 11608
f 11588 11608 11589
f 11589 11608 11578
f 11574 11600 11599
f 11600 11579 11609
f 11600 11609 11599
f 11599 11609 11577
f 11572 11595 11596
f 11595 11576 11606
f 11595 11606 11596
f 11596 11606 11579
v -24.653 -32.784 28.423
v -24.653 -33.430 28.423
v -24.329 -32.584 27.900
v -24.976 -32.584 27.900
v -24.129 -33.107 28.223
v -25.176 -33.107 28.223
v -24.653 -33.430 27.377
v -24.653 -32.784 27.377
v -24.976 -33.630 27.900
v -24.329 -33.630 27.900
v -25.176 -33.107 27.576
v -24.129 -33.107 27.576
v -24.653 -33.107 28.515
v -24.462 -32.610 28.207
v -24.843 -32.610 28.207
v -24.345 -32.917 28.397
v -24.960 -32.917 28.397
v -24.345 -33.297 28.397
v -24.960 -33.297 28.397
v -24.843 -33.605 28.207
v -24.462 -33.605 28.207
v -24.653 -32.492 27.900
v -24.155 -32.800 28.090
v -24.462 -32.610 27.592
v -24.155 -32.800 27.710
v -25.150 -32.800 28.090
v -24.843 -32.610 27.592
v -25.150 -32.800 27.710
v -24.155 -33.415 28.090
v -24.038 -33.107 27.900
v -25.150 -33.415 28.090
v -25.268 -33.107 27.900
v -24.653 -33.107 27.285
v -24.843 -33.605 27.592
v -24.462 -33.605 27.592
v -24.960 -33.297 27.402
v -24.345 -33.297 27.402
v -24.960 -32.917 27.402
v -24.345 -32.917 27.402
v -24.653 -33.722 27.900
v -25.150 -33.415 27.710
v -24.155 -33.415 27.710
f 11611 11627 11623
f 11627 11616 11629
f 11627 11629 11623
f 11623 11629 11612
f 11611 11625 11627
f 11625 11614 11636
f 11625 11636 11627
f 11627 11636 11616
f 11611 11624 11625
f 11624 11613 11632
f 11624 11632 11625
f 11625 11632 11614
f 11611 11626 11624
f 11626 11615 11633
f 11626 11633 11624
f 11624 11633 11613
f 11611 11623 11626
f 11623 11612 11628
f 11623 11628 11626
f 11626 11628 11615
f 11612 11629 11630
f 11629 11616 11641
f 11629 11641 11630
f 11630 11641 11619
f 11616 11636 11642
f 11636 11614 11638
f 11636 11638 11642
f 11642 11638 11621
f 11614 11632 11637
f 11632 11613 11634
f 11632 11634 11637
f 11637 11634 11618
f 11613 11633 11635
f 11633 11615 11640
f 11633 11640 11635
f 11635 11640 11622
f 11615 11628 11639
f 11628 11612 11631
f 11628 11631 11639
f 11639 11631 11620
f 11618 11649 11643
f 11649 11622 11647
f 11649 11647 11643
f 11643 11647 11617
f 11622 11652 11647
f 11652 11620 11645
f 11652 11645 11647
f 11647 11645 11617
f 11620 11650 11645
f 11650 11619 11644
f 11650 11644 11645
f 11645 11644 11617
f 11619 11651 11644
f 11651 11621 11646
f 11651 11646 11644
f 11644 11646 11617
f 11621 11648 11646
f 11648 11618 11643
f 11648 11643 11646
f 11646 11643 11617
f 11613 11635 11634
f 11635 11622 11649
f 11635 11649 11634
f 11634 11649 11618
f 11615 11639 11640
f 11639 11620 11652
f 11639 11652 11640
f 11640 11652 11622
f 11612 11630 11631
f 11630 11619 11650
f 11630 11650 11631
f 11631 11650 11620
f 11616 11642 11641
f 11642 11621 11651
f 11642 11651 11641
f 11641 11651 11619
f 11614 11637 11638
f 11637 11618 11648
f 11637 11648 11638
f 11638 11648 11621
v -46.322 79.071 32.982
v -46.322 78.530 32.982
v -46.051 79.238 32.544
v -46.592 79.238 32.544
v -45.884 78.800 32.815
v -46.760 78.800 32.815
v -46.322 78.530 32.107
v -46.322 79.071 32.107
v -46.592 78.363 32.544
v -46.051 78.363 32.544
v -46.760 78.800 32.274
v -45.884 78.800 32.274
v -46.322 78.800 33.059
v -46.163 79.216 32.801
v -46.481 79.216 32.801
v -46.065 78.959 32.960
v -46.579 78.959 32.960
v -46.065 78.641 32.960
v -46.579 78.641 32.960
v -46.481 78.384 32.801
v -46.163 78.384 32.801
v -46.322 79.315 32.544
v -45.906 79.057 32.703
v -46.163 79.216 32.287
v -45.906 79.057 32.385
v -46.738 79.057 32.703
v -46.481 79.216 32.287
v -46.738 79.057 32.385
v -45.906 78.543 32.703
v -45.807 78.800 32.544
v -46.738 78.543 32.703
v -46.836 78.800 32.544
v -46.322 78.800 32.030
v -46.481 78.384 32.287
v -46.163 78.384 32.287
v -46.579 78.641 32.128
v -46.065 78.641 32.128
v -46.579 78.959 32.128
v -46.065 78.959 32.128
v -46.322 78.286 32.544
v -46.738 78.543 32.385
v -45.906 78.543 32.385
f 11653 11669 11665
f 11669 11658 11671
f 11669 11671 11665
f 11665 11671 11654
f 11653 11667 11669
f 11667 11656 11678
f 11667 11678 11669
f 11669 11678 11658
f 11653 11666 11667
f 11666 11655 11674
f 11666 11674 11667
f 11667 11674 11656
f 11653 11668 11666
f 11668 11657 11675
f 11668 11675 11666
f 11666 11675 11655
f 11653 11665 11668
f 11665 11654 11670
f 11665 11670 11668
f 11668 11670 11657
f 11654 11671 11672
f 11671 11658 11683
f 11671 11683 11672
f 11672 11683 11661
f 11658 11678 11684
f 11678 11656 11680
f 11678 11680 11684
f 11684 11680 11663
f 11656 11674 11679
f 11674 11655 11676
f 11674 11676 11679
f 11679 11676 11660
f 11655 11675 11677
f 11675 11657 11682
f 11675 11682 11677
f 11677 11682 11664
f 11657 11670 11681
f 11670 11654 11673
f 11670 11673 11681
f 11681 11673 11662
f 11660 11691 11685
f 11691 11664 11689
f 11691 11689 11685
f 11685 11689 11659
f 11664 11694 11689
f 11694 11662 11687
f 11694 11687 11689
f 11689 11687 11659
f 11662 11692 11687
f 11692 11661 11686
f 11692 11686 11687
f 11687 11686 11659
f 11661 11693 11686
f 11693 11663 11688
f 11693 11688 11686
f 11686 11688 11659
f 11663 11690 11688
f 11690 11660 11685
f 11690 11685 11688
f 11688 11685 11659
f 11655 11677 11676
f 11677 11664 11691
f 11677 11691 11676
f 11676 11691 11660
f 11657 11681 11682
f 11681 11662 11694
f 11681 11694 11682
f 11682 11694 11664
f 11654 11672 11673
f 11672 11661 11692
f 11672 11692 11673
f 11673 11692 11662
f 11658 11684 11683
f 11684 11663 11693
f 11684 11693 11683
f 11683 11693 11661
f 11656 11679 11680
f 11679 11660 11690
f 11679 11690 11680
f 11680 11690 11663
v -56.838 -7.846 35.425
v -56.838 -8.431 35.425
v -56.546 -7.665 34.951
v -57.131 -7.665 34.951
v -56.365 -8.138 35.244
v -57.312 -8.138 35.244
v -56.838 -8.431 34.478
v -56.838 -7.846 34.478
v -57.131 -8.612 34.951
v -56.546 -8.612 34.951
v -57.312 -8.138 34.659
v -56.365 -8.138 34.659
v -56.838 -8.138 35.508
v -56.666 -7.688 35.230
v -57.010 -7.688 35.230
v -56.560 -7.966 35.402
v -57.117 -7.966 35.402
v -56.560 -8.310 35.402
v -57.117 -8.310 35.402
v -57.010 -8.589 35.230
v -56.666 -8.589 35.230
v -56.838 -7.581 34.951
v -56.388 -7.860 35.123
v -56.666 -7.688 34.673
v -56.388 -7.860 34.779
v -57.289 -7.860 35.123
v -57.010 -7.688 34.673
v -57.289 -7.860 34.779
v -56.388 -8.417 35.123
v -56.282 -8.138 34.951
v -57.289 -8.417 35.123
v -57.395 -8.138 34.951
v -56.838 -8.138 34.394
v -57.010 -8.589 34.673
v -56.666 -8.589 34.673
v -57.117 -8.310 34.501
v -56.560 -8.310 34.501
v -57.117 -7.966 34.501
v -56.560 -7.966 34.501
v -56.838 -8.695 34.951
v -57.289 -8.417 34.779
v -56.388 -8.417 34.779
f 11695 11711 11707
f 11711 11700 11713
f 11711 11713 11707
f 11707 11713 11696
f 11695 11709 11711
f 11709 11698 11720
f 11709 11720 11711
f 11711 11720 11700
f 11695 11708 11709
f 11708 11697 11716
f 11708 11716 11709
f 11709 11716 11698
f 11695 11710 11708
f 11710 11699 11717
f 11710 11717 11708
f 11708 11717 11697
f 11695 11707 11710
f 11707 11696 11712
f 11707 11712 11710
f 11710 11712 11699
f 11696 11713 11714
f 11713 11700 11725
f 11713 11725 11714
f 11714 11725 11703
f 11700 11720 11726
f 11720 11698 11722
f 11720 11722 11726
f 11726 11722 11705
f 11698 11716 11721
f 11716 11697 11718
f 11716 11718 11721
f 11721 11718 11702
f 11697 11717 11719
f 11717 11699 11724
f 11717 11724 11719
f 11719 11724 11706
f 11699 11712 11723
f 11712 11696 11715
f 11712 11715 11723
f 11723 11715 11704
f 11702 11733 11727
f 11733 11706 11731
f 11733 11731 11727
f 11727 11731 11701
f 11706 11736 11731
f 11736 11704 11729
f 11736 11729 11731
f 11731 11729 11701
f 11704 11734 11729
f 11734 11703 11728
f 11734 11728 11729
f 11729 11728 11701
f 11703 11735 11728
f 11735 11705 11730
f 11735 11730 11728
f 11728 11730 11701
f 11705 11732 11730
f 11732 11702 11727
f 11732 11727 11730
f 11730 11727 11701
f 11697 11719 11718
f 11719 11706 11733
f 11719 11733 11718
f 11718 11733 11702
f 11699 11723 11724
f 11723 11704 11736
f 11723 11736 11724
f 11724 11736 11706
f 11696 11714 11715
f 11714 11703 11734
f 11714 11734 11715
f 11715 11734 11704
f 11700 11726 11725
f 11726 11705 11735
f 11726 11735 11725
f 11725 11735 11703
f 11698 11721 11722
f 11721 11702 11732
f 11721 11732 11722
f 11722 11732 11705
v -55.587 5.593 35.536
v -55.587 5.029 35.536
v -55.305 5.767 35.080
v -55.869 5.767 35.080
v -55.131 5.311 35.362
v -56.043 5.311 35.362
v -55.587 5.029 34.624
v -55.587 5.593 34.624
v -55.869 4.855 35.080
v -55.305 4.855 35.080
v -56.043 5.311 34.799
v -55.131 5.311 34.799
v -55.587 5.311 35.616
v -55.422 5.744 35.348
v -55.753 5.744 35.348
v -55.319 5.476 35.514
v -55.855 5.476 35.514
v -55.319 5.145 35.514
v -55.855 5.145 35.514
v -55.753 4.877 35.348
v -55.422 4.877 35.348
v -55.587 5.847 35.080
v -55.154 5.579 35.246
v -55.422 5.744 34.812
v -55.154 5.579 34.915
v -56.021 5.579 35.246
v -55.753 5.744 34.812
v -56.021 5.579 34.915
v -55.154 5.043 35.246
v -55.051 5.311 35.080
v -56.021 5.043 35.246
v -56.123 5.311 35.080
v -55.587 5.311 34.544
v -55.753 4.877 34.812
v -55.422 4.877 34.812
v -55.855 5.145 34.647
v -55.319 5.145 34.647
v -55.855 5.476 34.647
v -55.319 5.476 34.647
v -55.587 4.775 35.080
v -56.021 5.043 34.915
v -55.154 5.043 34.915
f 11737 11753 11749
f 11753 11742 11755
f 11753 11755 11749
f 11749 11755 11738
f 11737 11751 11753
f 11751 11740 11762
f 11751 11762 11753
f 11753 11762 11742
f 11737 11750 11751
f 11750 11739 11758
f 11750 11758 11751
f 11751 11758 11740
f 11737 11752 11750
f 11752 11741 11759
f 11752 11759 11750
f 11750 11759 11739
f 11737 11749 11752
f 11749 11738 11754
f 11749 11754 11752
f 11752 11754 11741
f 11738 11755 11756
f 11755 11742 11767
f 11755 11767 11756
f 11756 11767 11745
f 11742 11762 11768
f 11762 11740 11764
f 11762 11764 11768
f 11768 11764 11747
f 11740 11758 11763
f 11758 11739 11760
f 11758 11760 11763
f 11763 11760 11744
f 11739 11759 11761
f 11759 11741 11766
f 11759 11766 11761
f 11761 11766 11748
f 11741 11754 11765
f 11754 11738 11757
f 11754 11757 11765
f 11765 11757 11746
f 11744 11775 11769
f 11775 11748 11773
f 11775 11773 11769
f 11769 11773 11743
f 11748 11778 11773
f 11778 11746 11771
f 11778 11771 11773
f 11773 11771 11743
f 11746 11776 11771
f 11776 11745 11770
f 11776 11770 11771
f 11771 11770 11743
f 11745 11777 11770
f 11777 11747 11772
f 11777 11772 11770
f 11770 11772 11743
f 11747 11774 11772
f 11774 11744 11769
f 11774 11769 11772
f 11772 11769 11743
f 11739 11761 11760
f 11761 11748 11775
f 11761 11775 11760
f 11760 11775 11744
f 11741 11765 11766
f 11765 11746 11778
f 11765 11778 11766
f 11766 11778 11748
f 11738 11756 11757
f 11756 11745 11776
f 11756 11776 11757
f 11757 11776 11746
f 11742 11768 11767
f 11768 11747 11777
f 11768 11777 11767
f 11767 11777 11745
f 11740 11763 11764
f 11763 11744 11774
f 11763 11774 11764
f 11764 11774 11747
v 68.778 -35.680 50.869
v 68.778 -36.244 50.869
v 69.059 -35.506 50.413
v 68.496 -35.506 50.413
v 69.234 -35.962 50.695
v 68.322 -35.962 50.695
v 68.778 -36.244 49.957
v 68.778 -35.680 49.957
v 68.496 -36.418 50.413
v 69.059 -36.418 50.413
v 68.322 -35.962 50.131
v 69.234 -35.962 50.131
v 68.778 -35.962 50.949
v 68.943 -35.528 50.681
v 68.612 -35.528 50.681
v 69.046 -35.796 50.847
v 68.510 -35.796 50.847
v 69.046 -36.128 50.847
v 68.510 -36.128 50.847
v 68.612 -36.396 50.681
v 68.943 -36.396 50.681
v 68.778 -35.426 50.413
v 69.211 -35.694 50.579
v 68.943 -35.528 50.145
v 69.211 -35.694 50.248
v 68.344 -35.694 50.579
v 68.612 -35.528 50.145
v 68.344 -35.694 50.248
v 69.211 -36.230 50.579
v 69.314 -35.962 50.413
v 68.344 -36.230 50.579
v 68.242 -35.962 50.413
v 68.778 -35.962 49.877
v 68.612 -36.396 50.145
v 68.943 -36.396 50.145
v 68.510 -36.128 49.980
v 69.046 -36.128 49.980
v 68.510 -35.796 49.980
v 69.046 -35.796 49.980
v 68.778 -36.498 50.413
v 68.344 -36.230 50.248
v 69.211 -36.230 50.248
f 11779 11795 11791
f 11795 11784 11797
f 11795 11797 11791
f 11791 11797 11780
f 11779 11793 11795
f 11793 11782 11804
f 11793 11804 11795
f 11795 11804 11784
f 11779 11792 11793
f 11792 11781 11800
f 11792 11800 11793
f 11793 11800 11782
f 11779 11794 11792
f 11794 11783 11801
f 11794 11801 11792
f 11792 11801 11781
f 11779 11791 11794
f 11791 11780 11796
f 11791 11796 11794
f 11794 11796 11783
f 11780 11797 11798
f 11797 11784 11809
f 11797 11809 11798
f 11798 11809 11787
f 11784 11804 11810
f 11804 11782 11806
f 11804 11806 11810
f 11810 11806 11789
f 11782 11800 11805
f 11800 11781 11802
f 11800 11802 11805
f 11805 11802 11786
f 11781 11801 11803
f 11801 11783 11808
f 11801 11808 11803
f 11803 11808 11790
f 11783 11796 11807
f 11796 11780 11799
f 11796 11799 11807
f 11807 11799 11788
f 11786 11817 11811
f 11817 11790 11815
f 11817 11815 11811
f 11811 11815 11785
f 11790 11820 11815
f 11820 11788 11813
f 11820 11813 11815
f 11815 11813 11785
f 11788 11818 11813
f 11818 11787 11812
f 11818 11812 11813
f 11813 11812 11785
f 11787 11819 11812
f 11819 11789 11814
f 11819 11814 11812
f 11812 11814 11785
f 11789 11816 11814
f 11816 11786 11811
f 11816 11811 11814
f 11814 11811 11785
f 11781 11803 11802
f 11803 11790 11817
f 11803 11817 11802
f 11802 11817 11786
f 11783 11807 11808
f 11807 11788 11820
f 11807 11820 11808
f 11808 11820 11790
f 11780 11798 11799
f 11798 11787 11818
f 11798 11818 11799
f 11799 11818 11788
f 11784 11810 11809
f 11810 11789 11819
f 11810 11819 11809
f 11809 11819 11787
f 11782 11805 11806
f 11805 11786 11816
f 11805 11816 11806
f 11806 11816 11789
v -17.915 -60.639 57.101
v -17.915 -61.266 57.101
v -17.601 -60.445 56.594
v -18.228 -60.445 56.594
v -17.407 -60.952 56.907
v -18.422 -60.952 56.907
v -17.915 -61.266 56.087
v -17.915 -60.639 56.087
v -18.228 -61.459 56.594
v -17.601 -61.459 56.594
v -18.422 -60.952 56.281
v -17.407 -60.952 56.281
v -17.915 -60.952 57.190
v -17.730 -60.470 56.892
v -18.099 -60.470 56.892
v -17.617 -60.768 57.076
v -18.213 -60.768 57.076
v -17.617 -61.136 57.076
v -18.213 -61.136 57.076
v -18.099 -61.435 56.892
v -17.730 -61.435 56.892
v -17.915 -60.356 56.594
v -17.432 -60.654 56.778
v -17.730 -60.470 56.296
v -17.432 -60.654 56.410
v -18.397 -60.654 56.778
v -18.099 -60.470 56.296
v -18.397 -60.654 56.410
v -17.432 -61.250 56.778
v -17.318 -60.952 56.594
v -18.397 -61.250 56.778
v -18.511 -60.952 56.594
v -17.915 -60.952 55.998
v -18.099 -61.435 56.296
v -17.730 -61.435 56.296
v -18.213 -61.136 56.112
v -17.617 -61.136 56.112
v -18.213 -60.768 56.112
v -17.617 -60.768 56.112
v -17.915 -61.548 56.594
v -18.397 -61.250 56.410
v -17.432 -61.250 56.410
f 11821 11837 11833
f 11837 11826 11839
f 11837 11839 11833
f 11833 11839 11822
f 11821 11835 11837
f 11835 11824 11846
f 11835 11846 11837
f 11837 11846 11826
f 11821 11834 11835
f 11834 11823 11842
f 11834 11842 11835
f 11835 11842 11824
f 11821 11836 11834
f 11836 11825 11843
f 11836 11843 11834
f 11834 11843 11823
f 11821 11833 11836
f 11833 11822 11838
f 11833 11838 11836
f 11836 11838 11825
f 11822 11839 11840
f 11839 11826 11851
f 11839 11851 11840
f 11840 11851 11829
f 11826 11846 11852
f 11846 11824 11848
f 11846 11848 11852
f 11852 11848 11831
f 11824 11842 11847
f 11842 11823 11844
f 11842 11844 11847
f 11847 11844 11828
f 11823 11843 11845
f 11843 11825 11850
f 11843 11850 11845
f 11845 11850 11832
f 11825 11838 11849
f 11838 11822 11841
f 11838 11841 11849
f 11849 11841 11830
f 11828 11859 11853
f 11859 11832 11857
f 11859 11857 11853
f 11853 11857 11827
f 11832 11862 11857
f 11862 11830 11855
f 11862 11855 11857
f 11857 11855 11827
f 11830 11860 11855
f 11860 11829 11854
f 11860 11854 11855
f 11855 11854 11827
f 11829 11861 11854
f 11861 11831 11856
f 11861 11856 11854
f 11854 11856 11827
f 11831 11858 11856
f 11858 11828 11853
f 11858 11853 11856
f 11856 11853 11827
f 11823 11845 11844
f 11845 11832 11859
f 11845 11859 11844
f 11844 11859 11828
f 11825 11849 11850
f 11849 11830 11862
f 11849 11862 11850
f 11850 11862 11832
f 11822 11840 11841
f 11840 11829 11860
f 11840 11860 11841
f 11841 11860 11830
f 11826 11852 11851
f 11852 11831 11861
f 11852 11861 11851
f 11851 11861 11829
f 11824 11847 11848
f 11847 11828 11858
f 11847 11858 11848
f 11848 11858 11831
v -65.019 8.276 43.648
v -65.019 7.713 43.648
v -64.737 8.450 43.192
v -65.301 8.450 43.192
v -64.563 7.995 43.474
v -65.475 7.995 43.474
v -65.019 7.713 42.736
v -65.019 8.276 42.736
v -65.301 7.539 43.192
v -64.737 7.539 43.192
v -65.475 7.995 42.910
v -64.563 7.995 42.910
v -65.019 7.995 43.728
v -64.853 8.428 43.460
v -65.184 8.428 43.460
v -64.751 8.160 43.625
v -65.287 8.160 43.625
v -64.751 7.829 43.625
v -65.287 7.829 43.625
v -65.184 7.561 43.460
v -64.853 7.561 43.460
v -65.019 8.531 43.192
v -64.585 8.263 43.357
v -64.853 8.428 42.924
v -64.585 8.263 43.026
v -65.452 8.263 43.357
v -65.184 8.428 42.924
v -65.452 8.263 43.026
v -64.585 7.727 43.357
v -64.483 7.995 43.192
v -65.452 7.727 43.357
v -65.555 7.995 43.192
v -65.019 7.995 42.656
v -65.184 7.561 42.924
v -64.853 7.561 42.924
v -65.287 7.829 42.758
v -64.751 7.829 42.758
v -65.287 8.160 42.758
v -64.751 8.160 42.758
v -65.019 7.459 43.192
v -65.452 7.727 43.026
v -64.585 7.727 43.026
f 11863 11879 11875
f 11879 11868 11881
f 11879 11881 11875
f 11875 11881 11864
f 11863 11877 11879
f 11877 11866 11888
f 11877 11888 11879
f 11879 11888 11868
f 11863 11876 11877
f 11876 11865 11884
f 11876 11884 11877
f 11877 11884 11866
f 11863 11878 11876
f 11878 11867 11885
f 11878 11885 11876
f 11876 11885 11865
f 11863 11875 11878
f 11875 11864 11880
f 11875 11880 11878
f 11878 11880 11867
f 11864 11881 11882
f 11881 11868 11893
f 11881 11893 11882
f 11882 11893 11871
f 11868 11888 11894
f 11888 11866 11890
f 11888 11890 11894
f 11894 11890 11873
f 11866 11884 11889
f 11884 11865 11886
f 11884 11886 11889
f 11889 11886 11870
f 11865 11885 11887
f 11885 11867 11892
f 11885 11892 11887
f 11887 11892 11874
f 11867 11880 11891
f 11880 11864 11883
f 11880 11883 11891
f 11891 11883 11872
f 11870 11901 11895
f 11901 11874 11899
f 11901 11899 11895
f 11895 11899 11869
f 11874 11904 11899
f 11904 11872 11897
f 11904 11897 11899
f 11899 11897 11869
f 11872 11902 11897
f 11902 11871 11896
f 11902 11896 11897
f 11897 11896 11869
f 11871 11903 11896
f 11903 11873 11898
f 11903 11898 11896
f 11896 11898 11869
f 11873 11900 11898
f 11900 11870 11895
f 11900 11895 11898
f 11898 11895 11869
f 11865 11887 11886
f 11887 11874 11901
f 11887 11901 11886
f 11886 11901 11870
f 11867 11891 11892
f 11891 11872 11904
f 11891 11904 11892
f 11892 11904 11874
f 11864 11882 11883
f 11882 11871 11902
f 11882 11902 11883
f 11883 11902 11872
f 11868 11894 11893
f 11894 11873 11903
f 11894 11903 11893
f 11893 11903 11871
f 11866 11889 11890
f 11889 11870 11900
f 11889 11900 11890
f 11890 11900 11873
v 25.790 53.629 55.441
v 25.790 53.065 55.441
v 26.072 53.803 54.985
v 25.508 53.803 54.985
v 26.246 53.347 55.267
v 25.334 53.347 55.267
v 25.790 53.065 54.529
v 25.790 53.629 54.529
v 25.508 52.891 54.985
v 26.072 52.891 54.985
v 25.334 53.347 54.703
v 26.246 53.347 54.703
v 25.790 53.347 55.521
v 25.956 53.781 55.253
v 25.624 53.781 55.253
v 26.058 53.513 55.419
v 25.522 53.513 55.419
v 26.058 53.181 55.419
v 25.522 53.181 55.419
v 25.624 52.913 55.253
v 25.956 52.913 55.253
v 25.790 53.883 54.985
v 26.224 53.615 55.151
v 25.956 53.781 54.717
v 26.224 53.615 54.820
v 25.356 53.615 55.151
v 25.624 53.781 54.717
v 25.356 53.615 54.820
v 26.224 53.079 55.151
v 26.326 53.347 54.985
v 25.356 53.079 55.151
v 25.254 53.347 54.985
v 25.790 53.347 54.449
v 25.624 52.913 54.717
v 25.956 52.913 54.717
v 25.522 53.181 54.552
v 26.058 53.181 54.552
v 25.522 53.513 54.552
v 26.058 53.513 54.552
v 25.790 52.811 54.985
v 25.356 53.079 54.820
v 26.224 53.079 54.820
f 11905 11921 11917
f 11921 11910 11923
f 11921 11923 11917
f 11917 11923 11906
f 11905 11919 11921
f 11919 11908 11930
f 11919 11930 11921
f 11921 11930 11910
f 11905 11918 11919
f 11918 11907 11926
f 11918 11926 11919
f 11919 11926 11908
f 11905 11920 11918
f 11920 11909 11927
f 11920 11927 11918
f 11918 11927 11907
f 11905 11917 11920
f 11917 11906 11922
f 11917 11922 11920
f 11920 11922 11909
f 11906 11923 11924
f 11923 11910 11935
f 11923 11935 11924
f 11924 11935 11913
f 11910 11930 11936
f 11930 11908 11932
f 11930 11932 11936
f 11936 11932 11915
f 11908 11926 11931
f 11926 11907 11928
f 11926 11928 11931
f 11931 11928 11912
f 11907 11927 11929
f 11927 11909 11934
f 11927 11934 11929
f 11929 11934 11916
f 11909 11922 11933
f 11922 11906 11925
f 11922 11925 11933
f 11933 11925 11914
f 11912 11943 11937
f 11943 11916 11941
f 11943 11941 11937
f 11937 11941 11911
f 11916 11946 11941
f 11946 11914 11939
f 11946 11939 11941
f 11941 11939 11911
f 11914 11944 11939
f 11944 11913 11938
f 11944 11938 11939
f 11939 11938 11911
f 11913 11945 11938
f 11945 11915 11940
f 11945 11940 11938
f 11938 11940 11911
f 11915 11942 11940
f 11942 11912 11937
f 11942 11937 11940
f 11940 11937 11911
f 11907 11929 11928
f 11929 11916 11943
f 11929 11943 11928
f 11928 11943 11912
f 11909 11933 11934
f 11933 11914 11946
f 11933 11946 11934
f 11934 11946 11916
f 11906 11924 11925
f 11924 11913 11944
f 11924 11944 11925
f 11925 11944 11914
f 11910 11936 11935
f 11936 11915 11945
f 11936 11945 11935
f 11935 11945 11913
f 11908 11931 11932
f 11931 11912 11942
f 11931 11942 11932
f 11932 11942 11915
v 91.630 -32.900 66.687
v 91.630 -33.486 66.687
v 91.923 -32.719 66.213
v 91.337 -32.719 66.213
v 92.104 -33.193 66.506
v 91.156 -33.193 66.506
v 91.630 -33.486 65.740
v 91.630 -32.900 65.740
v 91.337 -33.667 66.213
v 91.923 -33.667 66.213
v 91.156 -33.193 65.920
v 92.104 -33.193 65.920
v 91.630 -33.193 66.770
v 91.802 -32.742 66.492
v 91.458 -32.742 66.492
v 91.908 -33.021 66.664
v 91.352 -33.021 66.664
v 91.908 -33.365 66.664
v 91.352 -33.365 66.664
v 91.458 -33.643 66.492
v 91.802 -33.643 66.492
v 91.630 -32.636 66.213
v 92.080 -32.914 66.385
v 91.802 -32.742 65.935
v 92.080 -32.914 66.041
v 91.180 -32.914 66.385
v 91.458 -32.742 65.935
v 91.180 -32.914 66.041
v 92.080 -33.471 66.385
v 92.187 -33.193 66.213
v 91.180 -33.471 66.385
v 91.073 -33.193 66.213
v 91.630 -33.193 65.656
v 91.458 -33.643 65.935
v 91.802 -33.643 65.935
v 91.352 -33.365 65.763
v 91.908 -33.365 65.763
v 91.352 -33.021 65.763
v 91.908 -33.021 65.763
v 91.630 -33.750 66.213
v 91.180 -33.471 66.041
v 92.080 -33.471 66.041
f 11947 11963 11959
f 11963 11952 11965
f 11963 11965 11959
f 11959 11965 11948
f 11947 11961 11963
f 11961 11950 11972
f 11961 11972 11963
f 11963 11972 11952
f 11947 11960 11961
f 11960 11949 11968
f 11960 11968 11961
f 11961 11968 11950
f 11947 11962 11960
f 11962 11951 11969
f 11962 11969 11960
f 11960 11969 11949
f 11947 11959 11962
f 11959 11948 11964
f 11959 11964 11962
f 11962 11964 11951
f 11948 11965 11966
f 11965 11952 11977
f 11965 11977 11966
f 11966 11977 11955
f 11952 11972 11978
f 11972 11950 11974
f 11972 11974 11978
f 11978 11974 11957
f 11950 11968 11973
f 11968 11949 11970
f 11968 11970 11973
f 11973 11970 11954
f 11949 11969 11971
f 11969 11951 11976
f 11969 11976 11971
f 11971 11976 11958
f 11951 11964 11975
f 11964 11948 11967
f 11964 11967 11975
f 11975 11967 11956
f 11954 11985 11979
f 11985 11958 11983
f 11985 11983 11979
f 11979 11983 11953
f 11958 11988 11983
f 11988 11956 11981
f 11988 11981 11983
f 11983 11981 11953
f 11956 11986 11981
f 11986 11955 11980
f 11986 11980 11981
f 11981 11980 11953
f 11955 11987 11980
f 11987 11957 11982
f 11987 11982 11980
f 11980 11982 11953
f 11957 11984 11982
f 11984 11954 11979
f 11984 11979 11982
f 11982 11979 11953
f 11949 11971 11970
f 11971 11958 11985
f 11971 11985 11970
f 11970 11985 11954
f 11951 11975 11976
f 11975 11956 11988
f 11975 11988 11976
f 11976 11988 11958
f 11948 11966 11967
f 11966 11955 11986
f 11966 11986 11967
f 11967 11986 11956
f 11952 11978 11977
f 11978 11957 11987
f 11978 11987 11977
f 11977 11987 11955
f 11950 11973 11974
f 11973 11954 11984
f 11973 11984 11974
f 11974 11984 11957
v -71.126 -7.085 63.520
v -71.126 -7.648 63.520
v -70.844 -6.911 63.064
v -71.408 -6.911 63.064
v -70.670 -7.367 63.345
v -71.582 -7.367 63.345
v -71.126 -7.648 62.608
v -71.126 -7.085 62.608
v -71.408 -7.823 63.064
v -70.844 -7.823 63.064
v -71.582 -7.367 62.782
v -70.670 -7.367 62.782
v -71.126 -7.367 63.600
v -70.960 -6.933 63.332
v -71.292 -6.933 63.332
v -70.858 -7.201 63.497
v -71.394 -7.201 63.497
v -70.858 -7.532 63.497
v -71.394 -7.532 63.497
v -71.292 -7.800 63.332
v -70.960 -7.800 63.332
v -71.126 -6.831 63.064
v -70.692 -7.099 63.229
v -70.960 -6.933 62.796
v -70.692 -7.099 62.898
v -71.560 -7.099 63.229
v -71.292 -6.933 62.796
v -71.560 -7.099 62.898
v -70.692 -7.635 63.229
v -70.590 -7.367 63.064
v -71.560 -7.635 63.229
v -71.662 -7.367 63.064
v -71.126 -7.367 62.528
v -71.292 -7.800 62.796
v -70.960 -7.800 62.796
v -71.394 -7.532 62.630
v -70.858 -7.532 62.630
v -71.394 -7.201 62.630
v -70.858 -7.201 62.630
v -71.126 -7.903 63.064
v -71.560 -7.635 62.898
v -70.692 -7.635 62.898
f 11989 12005 12001
f 12005 11994 12007
f 12005 12007 12001
f 12001 12007 11990
f 11989 12003 12005
f 12003 11992 12014
f 12003 12014 12005
f 12005 12014 11994
f 11989 12002 12003
f 12002 11991 12010
f 12002 12010 12003
f 12003 12010 11992
f 11989 12004 12002
f 12004 11993 12011
f 12004 12011 12002
f 12002 12011 11991
f 11989 12001 12004
f 12001 11990 12006
f 12001 12006 12004
f 12004 12006 11993
f 11990 12007 12008
f 12007 11994 12019
f 12007 12019 12008
f 12008 12019 11997
f 11994 12014 12020
f 12014 11992 12016
f 12014 12016 12020
f 12020 12016 11999
f 11992 12010 12015
f 12010 11991 12012
f 12010 12012 12015
f 12015 12012 11996
f 11991 12011 12013
f 12011 11993 12018
f 12011 12018 12013
f 12013 12018 12000
f 11993 12006 12017
f 12006 11990 12009
f 12006 12009 12017
f 12017 12009 11998
f 11996 12027 12021
f 12027 12000 12025
f 12027 12025 12021
f 12021 12025 11995
f 12000 12030 12025
f 12030 11998 12023
f 12030 12023 12025
f 12025 12023 11995
f 11998 12028 12023
f 12028 11997 12022
f 12028 12022 12023
f 12023 12022 11995
f 11997 12029 12022
f 12029 11999 12024
f 12029 12024 12022
f 12022 12024 11995
f 11999 12026 12024
f 12026 11996 12021
f 12026 12021 12024
f 12024 12021 11995
f 11991 12013 12012
f 12013 12000 12027
f 12013 12027 12012
f 12012 12027 11996
f 11993 12017 12018
f 12017 11998 12030
f 12017 12030 12018
f 12018 12030 12000
f 11990 12008 12009
f 12008 11997 12028
f 12008 12028 12009
f 12009 12028 11998
f 11994 12020 12019
f 12020 11999 12029
f 12020 12029 12019
f 12019 12029 11997
f 11992 12015 12016
f 12015 11996 12026
f 12015 12026 12016
f 12016 12026 11999
v -73.244 3.427 64.843
v -73.244 2.820 64.843
v -72.940 3.614 64.352
v -73.547 3.614 64.352
v -72.753 3.123 64.656
v -73.734 3.123 64.656
v -73.244 2.820 63.862
v -73.244 3.427 63.862
v -73.547 2.633 64.352
v -72.940 2.633 64.352
v -73.734 3.123 64.049
v -72.753 3.123 64.049
v -73.244 3.123 64.929
v -73.065 3.590 64.641
v -73.422 3.590 64.641
v -72.955 3.302 64.819
v -73.532 3.302 64.819
v -72.955 2.945 64.819
v -73.532 2.945 64.819
v -73.422 2.657 64.641
v -73.065 2.657 64.641
v -73.244 3.700 64.352
v -72.777 3.412 64.531
v -73.065 3.590 64.064
v -72.777 3.412 64.174
v -73.710 3.412 64.531
v -73.422 3.590 64.064
v -73.710 3.412 64.174
v -72.777 2.835 64.531
v -72.667 3.123 64.352
v -73.710 2.835 64.531
v -73.820 3.123 64.352
v -73.244 3.123 63.775
v -73.422 2.657 64.064
v -73.065 2.657 64.064
v -73.532 2.945 63.886
v -72.955 2.945 63.886
v -73.532 3.302 63.886
v -72.955 3.302 63.886
v -73.244 2.547 64.352
v -73.710 2.835 64.174
v -72.777 2.835 64.174
f 12031 12047 12043
f 12047 12036 12049
f 12047 12049 12043
f 12043 12049 12032
f 12031 12045 12047
f 12045 12034 12056
f 12045 12056 12047
f 12047 12056 12036
f 12031 12044 12045
f 12044 12033 12052
f 12044 12052 12045
f 12045 12052 12034
f 12031 12046 12044
f 12046 12035 12053
f 12046 12053 12044
f 12044 12053 12033
f 12031 12043 12046
f 12043 12032 12048
f 12043 12048 12046
f 12046 12048 12035
f 12032 12049 12050
f 12049 12036 12061
f 12049 12061 12050
f 12050 12061 12039
f 12036 12056 12062
f 12056 12034 12058
f 12056 12058 12062
f 12062 12058 12041
f 12034 12052 12057
f 12052 12033 12054
f 12052 12054 12057
f 12057 12054 12038
f 12033 12053 12055
f 12053 12035 12060
f 12053 12060 12055
f 12055 12060 12042
f 12035 12048 12059
f 12048 12032 12051
f 12048 12051 12059
f 12059 12051 12040
f 12038 12069 12063
f 12069 12042 12067
f 12069 12067 12063
f 12063 12067 12037
f 12042 12072 12067
f 12072 12040 12065
f 12072 12065 12067
f 12067 12065 12037
f 12040 12070 12065
f 12070 12039 12064
f 12070 12064 12065
f 12065 12064 12037
f 12039 12071 12064
f 12071 12041 12066
f 12071 12066 12064
f 12064 12066 12037
f 12041 12068 12066
f 12068 12038 12063
f 12068 12063 12066
f 12066 12063 12037
f 12033 12055 12054
f 12055 12042 12069
f 12055 12069 12054
f 12054 12069 12038
f 12035 12059 12060
f 12059 12040 12072
f 12059 12072 12060
f 12060 12072 12042
f 12032 12050 12051
f 12050 12039 12070
f 12050 12070 12051
f 12051 12070 12040
f 12036 12062 12061
f 12062 12041 12071
f 12062 12071 12061
f 12061 12071 12039
f 12034 12057 12058
f 12057 12038 12068
f 12057 12068 12058
f 12058 12068 12041
v -46.574 -51.142 82.381
v -46.574 -51.706 82.381
v -46.293 -50.968 81.925
v -46.856 -50.968 81.925
v -46.118 -51.424 82.207
v -47.030 -51.424 82.207
v -46.574 -51.706 81.469
v -46.574 -51.142 81.469
v -46.856 -51.880 81.925
v -46.293 -51.880 81.925
v -47.030 -51.424 81.643
v -46.118 -51.424 81.643
v -46.574 -51.424 82.461
v -46.409 -50.990 82.193
v -46.740 -50.990 82.193
v -46.306 -51.258 82.359
v -46.842 -51.258 82.359
v -46.306 -51.590 82.359
v -46.842 -51.590 82.359
v -46.740 -51.858 82.193
v -46.409 -51.858 82.193
v -46.574 -50.888 81.925
v -46.141 -51.156 82.091
v -46.409 -50.990 81.657
v -46.141 -51.156 81.759
v -47.008 -51.156 82.091
v -46.740 -50.990 81.657
v -47.008 -51.156 81.759
v -46.141 -51.692 82.091
v -46.038 -51.424 81.925
v -47.008 -51.692 82.091
v -47.110 -51.424 81.925
v -46.574 -51.424 81.389
v -46.740 -51.858 81.657
v -46.409 -51.858 81.657
v -46.842 -51.590 81.491
v -46.306 -51.590 81.491
v -46.842 -51.258 81.491
v -46.306 -51.258 81.491
v -46.574 -51.960 81.925
v -47.008 -51.692 81.759
v -46.141 -51.692 81.759
f 12073 12089 12085
f 12089 12078 12091
f 12089 12091 12085
f 12085 12091 12074
f 12073 12087 12089
f 12087 12076 12098
f 12087 12098 12089
f 12089 12098 12078
f 12073 12086 12087
f 12086 12075 12094
f 12086 12094 12087
f 12087 12094 12076
f 12073 12088 12086
f 12088 12077 12095
f 12088 12095 12086
f 12086 12095 12075
f 12073 12085 12088
f 12085 12074 12090
f 12085 12090 12088
f 12088 12090 12077
f 12074 12091 12092
f 12091 12078 12103
f 12091 12103 12092
f 12092 12103 12081
f 12078 12098 12104
f 12098 12076 12100
f 12098 12100 12104
f 12104 12100 12083
f 12076 12094 12099
f 12094 12075 12096
f 12094 12096 12099
f 12099 12096 12080
f 12075 12095 12097
f 12095 12077 12102
f 12095 12102 12097
f 12097 12102 12084
f 12077 12090 12101
f 12090 12074 12093
f 12090 12093 12101
f 12101 12093 12082
f 12080 12111 12105
f 12111 12084 12109
f 12111 12109 12105
f 12105 12109 12079
f 12084 12114 12109
f 12114 12082 12107
f 12114 12107 12109
f 12109 12107 12079
f 12082 12112 12107
f 12112 12081 12106
f 12112 12106 12107
f 12107 12106 12079
f 12081 12113 12106
f 12113 12083 12108
f 12113 12108 12106
f 12106 12108 12079
f 12083 12110 12108
f 12110 12080 12105
f 12110 12105 12108
f 12108 12105 12079
f 12075 12097 12096
f 12097 12084 12111
f 12097 12111 12096
f 12096 12111 12080
f 12077 12101 12102
f 12101 12082 12114
f 12101 12114 12102
f 12102 12114 12084
f 12074 12092 12093
f 12092 12081 12112
f 12092 12112 12093
f 12093 12112 12082
f 12078 12104 12103
f 12104 12083 12113
f 12104 12113 12103
f 12103 12113 12081
f 12076 12099 12100
f 12099 12080 12110
f 12099 12110 12100
f 12100 12110 12083
v -41.695 -39.506 78.235
v -41.695 -40.091 78.235
v -41.402 -39.325 77.761
v -41.988 -39.325 77.761
v -41.221 -39.799 78.054
v -42.168 -39.799 78.054
v -41.695 -40.091 77.288
v -41.695 -39.506 77.288
v -41.988 -40.272 77.761
v -41.402 -40.272 77.761
v -42.168 -39.799 77.468
v -41.221 -39.799 77.468
v -41.695 -39.799 78.318
v -41.523 -39.348 78.040
v -41.867 -39.348 78.040
v -41.416 -39.627 78.212
v -41.973 -39.627 78.212
v -41.416 -39.971 78.212
v -41.973 -39.971 78.212
v -41.867 -40.249 78.040
v -41.523 -40.249 78.040
v -41.695 -39.242 77.761
v -41.244 -39.520 77.933
v -41.523 -39.348 77.483
v -41.244 -39.520 77.589
v -42.145 -39.520 77.933
v -41.867 -39.348 77.483
v -42.145 -39.520 77.589
v -41.244 -40.077 77.933
v -41.138 -39.799 77.761
v -42.145 -40.077 77.933
v -42.252 -39.799 77.761
v -41.695 -39.799 77.204
v -41.867 -40.249 77.483
v -41.523 -40.249 77.483
v -41.973 -39.971 77.311
v -41.416 -39.971 77.311
v -41.973 -39.627 77.311
v -41.416 -39.627 77.311
v -41.695 -40.355 77.761
v -42.145 -40.077 77.589
v -41.244 -40.077 77.589
f 12115 12131 12127
f 12131 12120 12133
f 12131 12133 12127
f 12127 12133 12116
f 12115 12129 12131
f 12129 12118 12140
f 12129 12140 12131
f 12131 12140 12120
f 12115 12128 12129
f 12128 12117 12136
f 12128 12136 12129
f 12129 12136 12118
f 12115 12130 12128
f 12130 12119 12137
f 12130 12137 12128
f 12128 12137 12117
f 12115 12127 12130
f 12127 12116 12132
f 12127 12132 12130
f 12130 12132 12119
f 12116 12133 12134
f 12133 12120 12145
f 12133 12145 12134
f 12134 12145 12123
f 12120 12140 12146
f 12140 12118 12142
f 12140 12142 12146
f 12146 12142 12125
f 12118 12136 12141
f 12136 12117 12138
f 12136 12138 12141
f 12141 12138 12122
f 12117 12137 12139
f 12137 12119 12144
f 12137 12144 12139
f 12139 12144 12126
f 12119 12132 12143
f 12132 12116 12135
f 12132 12135 12143
f 12143 12135 12124
f 12122 12153 12147
f 12153 12126 12151
f 12153 12151 12147
f 12147 12151 12121
f 12126 12156 12151
f 12156 12124 12149
f 12156 12149 12151
f 12151 12149 12121
f 12124 12154 12149
f 12154 12123 12148
f 12154 12148 12149
f 12149 12148 12121
f 12123 12155 12148
f 12155 12125 12150
f 12155 12150 12148
f 12148 12150 12121
f 12125 12152 12150
f 12152 12122 12147
f 12152 12147 12150
f 12150 12147 12121
f 12117 12139 12138
f 12139 12126 12153
f 12139 12153 12138
f 12138 12153 12122
f 12119 12143 12144
f 12143 12124 12156
f 12143 12156 12144
f 12144 12156 12126
f 12116 12134 12135
f 12134 12123 12154
f 12134 12154 12135
f 12135 12154 12124
f 12120 12146 12145
f 12146 12125 12155
f 12146 12155 12145
f 12145 12155 12123
f 12118 12141 12142
f 12141 12122 12152
f 12141 12152 12142
f 12142 12152 12125
v -59.068 7.048 69.871
v -59.068 6.507 69.871
v -58.798 7.215 69.433
v -59.338 7.215 69.433
v -58.630 6.777 69.704
v -59.506 6.777 69.704
v -59.068 6.507 68.996
v -59.068 7.048 68.996
v -59.338 6.340 69.433
v -58.798 6.340 69.433
v -59.506 6.777 69.163
v -58.630 6.777 69.163
v -59.068 6.777 69.948
v -58.909 7.193 69.691
v -59.227 7.193 69.691
v -58.811 6.936 69.850
v -59.325 6.936 69.850
v -58.811 6.618 69.850
v -59.325 6.618 69.850
v -59.227 6.361 69.691
v -58.909 6.361 69.691
v -59.068 7.292 69.433
v -58.652 7.034 69.592
v -58.909 7.193 69.176
v -58.652 7.034 69.274
v -59.484 7.034 69.592
v -59.227 7.193 69.176
v -59.484 7.034 69.274
v -58.652 6.520 69.592
v -58.554 6.777 69.433
v -59.484 6.520 69.592
v -59.582 6.777 69.433
v -59.068 6.777 68.919
v -59.227 6.361 69.176
v -58.909 6.361 69.176
v -59.325 6.618 69.017
v -58.811 6.618 69.017
v -59.325 6.936 69.017
v -58.811 6.936 69.017
v -59.068 6.263 69.433
v -59.484 6.520 69.274
v -58.652 6.520 69.274
f 12157 12173 12169
f 12173 12162 12175
f 12173 12175 12169
f 12169 12175 12158
f 12157 12171 12173
f 12171 12160 12182
f 12171 12182 12173
f 12173 12182 12162
f 12157 12170 12171
f 12170 12159 12178
f 12170 12178 12171
f 12171 12178 12160
f 12157 12172 12170
f 12172 12161 12179
f 12172 12179 12170
f 12170 12179 12159
f 12157 12169 12172
f 12169 12158 12174
f 12169 12174 12172
f 12172 12174 12161
f 12158 12175 12176
f 12175 12162 12187
f 12175 12187 12176
f 12176 12187 12165
f 12162 12182 12188
f 12182 12160 12184
f 12182 12184 12188
f 12188 12184 12167
f 12160 12178 12183
f 12178 12159 12180
f 12178 12180 12183
f 12183 12180 12164
f 12159 12179 12181
f 12179 12161 12186
f 12179 12186 12181
f 12181 12186 12168
f 12161 12174 12185
f 12174 12158 12177
f 12174 12177 12185
f 12185 12177 12166
f 12164 12195 12189
f 12195 12168 12193
f 12195 12193 12189
f 12189 12193 12163
f 12168 12198 12193
f 12198 12166 12191
f 12198 12191 12193
f 12193 12191 12163
f 12166 12196 12191
f 12196 12165 12190
f 12196 12190 12191
f 12191 12190 12163
f 12165 12197 12190
f 12197 12167 12192
f 12197 12192 12190
f 12190 12192 12163
f 12167 12194 12192
f 12194 12164 12189
f 12194 12189 12192
f 12192 12189 12163
f 12159 12181 12180
f 12181 12168 12195
f 12181 12195 12180
f 12180 12195 12164
f 12161 12185 12186
f 12185 12166 12198
f 12185 12198 12186
f 12186 12198 12168
f 12158 12176 12177
f 12176 12165 12196
f 12176 12196 12177
f 12177 12196 12166
f 12162 12188 12187
f 12188 12167 12197
f 12188 12197 12187
f 12187 12197 12165
f 12160 12183 12184
f 12183 12164 12194
f 12183 12194 12184
f 12184 12194 12167
v 28.453 -76.378 87.782
v 28.453 -77.005 87.782
v 28.767 -76.185 87.275
v 28.140 -76.185 87.275
v 28.960 -76.692 87.588
v 27.946 -76.692 87.588
v 28.453 -77.005 86.768
v 28.453 -76.378 86.768
v 28.140 -77.199 87.275
v 28.767 -77.199 87.275
v 27.946 -76.692 86.961
v 28.960 -76.692 86.961
v 28.453 -76.692 87.871
v 28.637 -76.209 87.573
v 28.269 -76.209 87.573
v 28.751 -76.508 87.757
v 28.155 -76.508 87.757
v 28.751 -76.876 87.757
v 28.155 -76.876 87.757
v 28.269 -77.174 87.573
v 28.637 -77.174 87.573
v 28.453 -76.096 87.275
v 28.935 -76.394 87.459
v 28.637 -76.209 86.977
v 28.935 -76.394 87.090
v 27.971 -76.394 87.459
v 28.269 -76.209 86.977
v 27.971 -76.394 87.090
v 28.935 -76.990 87.459
v 29.049 -76.692 87.275
v 27.971 -76.990 87.459
v 27.857 -76.692 87.275
v 28.453 -76.692 86.678
v 28.269 -77.174 86.977
v 28.637 -77.174 86.977
v 28.155 -76.876 86.792
v 28.751 -76.876 86.792
v 28.155 -76.508 86.792
v 28.751 -76.508 86.792
v 28.453 -77.288 87.275
v 27.971 -76.990 87.090
v 28.935 -76.990 87.090
f 12199 12215 12211
f 12215 12204 12217
f 12215 12217 12211
f 12211 12217 12200
f 12199 12213 12215
f 12213 12202 12224
f 12213 12224 12215
f 12215 12224 12204
f 12199 12212 12213
f 12212 12201 12220
f 12212 12220 12213
f 12213 12220 12202
f 12199 12214 12212
f 12214 12203 12221
f 12214 12221 12212
f 12212 12221 12201
f 12199 12211 12214
f 12211 12200 12216
f 12211 12216 12214
f 12214 12216 12203
f 12200 12217 12218
f 12217 12204 12229
f 12217 12229 12218
f 12218 12229 12207
f 12204 12224 12230
f 12224 12202 12226
f 12224 12226 12230
f 12230 12226 12209
f 12202 12220 12225
f 12220 12201 12222
f 12220 12222 12225
f 12225 12222 12206
f 12201 12221 12223
f 12221 12203 12228
f 12221 12228 12223
f 12223 12228 12210
f 12203 12216 12227
f 12216 12200 12219
f 12216 12219 12227
f 12227 12219 12208
f 12206 12237 12231
f 12237 12210 12235
f 12237 12235 12231
f 12231 12235 12205
f 12210 12240 12235
f 12240 12208 12233
f 12240 12233 12235
f 12235 12233 12205
f 12208 12238 12233
f 12238 12207 12232
f 12238 12232 12233
f 12233 12232 12205
f 12207 12239 12232
f 12239 12209 12234
f 12239 12234 12232
f 12232 12234 12205
f 12209 12236 12234
f 12236 12206 12231
f 12236 12231 12234
f 12234 12231 12205
f 12201 12223 12222
f 12223 12210 12237
f 12223 12237 12222
f 12222 12237 12206
f 12203 12227 12228
f 12227 12208 12240
f 12227 12240 12228
f 12228 12240 12210
f 12200 12218 12219
f 12218 12207 12238
f 12218 12238 12219
f 12219 12238 12208
f 12204 12230 12229
f 12230 12209 12239
f 12230 12239 12229
f 12229 12239 12207
f 12202 12225 12226
f 12225 12206 12236
f 12225 12236 12226
f 12226 12236 12209
v -0.622 -35.060 81.284
v -0.622 -35.624 81.284
v -0.341 -34.886 80.828
v -0.904 -34.886 80.828
v -0.166 -35.342 81.110
v -1.078 -35.342 81.110
v -0.622 -35.624 80.372
v -0.622 -35.060 80.372
v -0.904 -35.798 80.828
v -0.341 -35.798 80.828
v -1.078 -35.342 80.546
v -0.166 -35.342 80.546
v -0.622 -35.342 81.364
v -0.457 -34.909 81.096
v -0.788 -34.909 81.096
v -0.354 -35.177 81.262
v -0.890 -35.177 81.262
v -0.354 -35.508 81.262
v -0.890 -35.508 81.262
v -0.788 -35.776 81.096
v -0.457 -35.776 81.096
v -0.622 -34.806 80.828
v -0.189 -35.074 80.994
v -0.457 -34.909 80.560
v -0.189 -35.074 80.662
v -1.056 -35.074 80.994
v -0.788 -34.909 80.560
v -1.056 -35.074 80.662
v -0.189 -35.610 80.994
v -0.086 -35.342 80.828
v -1.056 -35.610 80.994
v -1.158 -35.342 80.828
v -0.622 -35.342 80.292
v -0.788 -35.776 80.560
v -0.457 -35.776 80.560
v -0.890 -35.508 80.394
v -0.354 -35.508 80.394
v -0.890 -35.177 80.394
v -0.354 -35.177 80.394
v -0.622 -35.878 80.828
v -1.056 -35.610 80.662
v -0.189 -35.610 80.662
f 12241 12257 12253
f 12257 12246 12259
f 12257 12259 12253
f 12253 12259 12242
f 12241 12255 12257
f 12255 12244 12266
f 12255 12266 12257
f 12257 12266 12246
f 12241 12254 12255
f 12254 12243 12262
f 12254 12262 12255
f 12255 12262 12244
f 12241 12256 12254
f 12256 12245 12263
f 12256 12263 12254
f 12254 12263 12243
f 12241 12253 12256
f 12253 12242 12258
f 12253 12258 12256
f 12256 12258 12245
f 12242 12259 12260
f 12259 12246 12271
f 12259 12271 12260
f 12260 12271 12249
f 12246 12266 12272
f 12266 12244 12268
f 12266 12268 12272
f 12272 12268 12251
f 12244 12262 12267
f 12262 12243 12264
f 12262 12264 12267
f 12267 12264 12248
f 12243 12263 12265
f 12263 12245 12270
f 12263 12270 12265
f 12265 12270 12252
f 12245 12258 12269
f 12258 12242 12261
f 12258 12261 12269
f 12269 12261 12250
f 12248 12279 12273
f 12279 12252 12277
f 12279 12277 12273
f 12273 12277 12247
f 12252 12282 12277
f 12282 12250 12275
f 12282 12275 12277
f 12277 12275 12247
f 12250 12280 12275
f 12280 12249 12274
f 12280 12274 12275
f 12275 12274 12247
f 12249 12281 12274
f 12281 12251 12276
f 12281 12276 12274
f 12274 12276 12247
f 12251 12278 12276
f 12278 12248 12273
f 12278 12273 12276
f 12276 12273 12247
f 12243 12265 12264
f 12265 12252 12279
f 12265 12279 12264
f 12264 12279 12248
f 12245 12269 12270
f 12269 12250 12282
f 12269 12282 12270
f 12270 12282 12252
f 12242 12260 12261
f 12260 12249 12280
f 12260 12280 12261
f 12261 12280 12250
f 12246 12272 12271
f 12272 12251 12281
f 12272 12281 12271
f 12271 12281 12249
f 12244 12267 12268
f 12267 12248 12278
f 12267 12278 12268
f 12268 12278 12251
v -28.400 26.123 71.637
v -28.400 25.496 71.637
v -28.087 26.316 71.130
v -28.714 26.316 71.130
v -27.893 25.809 71.444
v -28.907 25.809 71.444
v -28.400 25.496 70.623
v -28.400 26.123 70.623
v -28.714 25.302 71.130
v -28.087 25.302 71.130
v -28.907 25.809 70.817
v -27.893 25.809 70.817
v -28.400 25.809 71.726
v -28.216 26.292 71.428
v -28.584 26.292 71.428
v -28.102 25.993 71.613
v -28.698 25.993 71.613
v -28.102 25.625 71.613
v -28.698 25.625 71.613
v -28.584 25.327 71.428
v -28.216 25.327 71.428
v -28.400 26.405 71.130
v -27.918 26.107 71.314
v -28.216 26.292 70.832
v -27.918 26.107 70.946
v -28.883 26.107 71.314
v -28.584 26.292 70.832
v -28.883 26.107 70.946
v -27.918 25.511 71.314
v -27.804 25.809 71.130
v -28.883 25.511 71.314
v -28.996 25.809 71.130
v -28.400 25.809 70.534
v -28.584 25.327 70.832
v -28.216 25.327 70.832
v -28.698 25.625 70.648
v -28.102 25.625 70.648
v -28.698 25.993 70.648
v -28.102 25.993 70.648
v -28.400 25.213 71.130
v -28.883 25.511 70.946
v -27.918 25.511 70.946
f 12283 12299 12295
f 12299 12288 12301
f 12299 12301 12295
f 12295 12301 12284
f 12283 12297 12299
f 12297 12286 12308
f 12297 12308 12299
f 12299 12308 12288
f 12283 12296 12297
f 12296 12285 12304
f 12296 12304 12297
f 12297 12304 12286
f 12283 12298 12296
f 12298 12287 12305
f 12298 12305 12296
f 12296 12305 12285
f 12283 12295 12298
f 12295 12284 12300
f 12295 12300 12298
f 12298 12300 12287
f 12284 12301 12302
f 12301 12288 12313
f 12301 12313 12302
f 12302 12313 12291
f 12288 12308 12314
f 12308 12286 12310
f 12308 12310 12314
f 12314 12310 12293
f 12286 12304 12309
f 12304 12285 12306
f 12304 12306 12309
f 12309 12306 12290
f 12285 12305 12307
f 12305 12287 12312
f 12305 12312 12307
f 12307 12312 12294
f 12287 12300 12311
f 12300 12284 12303
f 12300 12303 12311
f 12311 12303 12292
f 12290 12321 12315
f 12321 12294 12319
f 12321 12319 12315
f 12315 12319 12289
f 12294 12324 12319
f 12324 12292 12317
f 12324 12317 12319
f 12319 12317 12289
f 12292 12322 12317
f 12322 12291 12316
f 12322 12316 12317
f 12317 12316 12289
f 12291 12323 12316
f 12323 12293 12318
f 12323 12318 12316
f 12316 12318 12289
f 12293 12320 12318
f 12320 12290 12315
f 12320 12315 12318
f 12318 12315 12289
f 12285 12307 12306
f 12307 12294 12321
f 12307 12321 12306
f 12306 12321 12290
f 12287 12311 12312
f 12311 12292 12324
f 12311 12324 12312
f 12312 12324 12294
f 12284 12302 12303
f 12302 12291 12322
f 12302 12322 12303
f 12303 12322 12292
f 12288 12314 12313
f 12314 12293 12323
f 12314 12323 12313
f 12313 12323 12291
f 12286 12309 12310
f 12309 12290 12320
f 12309 12320 12310
f 12310 12320 12293
v 36.253 -28.404 79.164
v 36.253 -29.031 79.164
v 36.567 -28.210 78.657
v 35.940 -28.210 78.657
v 36.760 -28.718 78.971
v 35.746 -28.718 78.971
v 36.253 -29.031 78.150
v 36.253 -28.404 78.150
v 35.940 -29.225 78.657
v 36.567 -29.225 78.657
v 35.746 -28.718 78.344
v 36.760 -28.718 78.344
v 36.253 -28.718 79.253
v 36.437 -28.235 78.955
v 36.069 -28.235 78.955
v 36.551 -28.533 79.140
v 35.955 -28.533 79.140
v 36.551 -28.902 79.140
v 35.955 -28.902 79.140
v 36.069 -29.200 78.955
v 36.437 -29.200 78.955
v 36.253 -28.121 78.657
v 36.735 -28.420 78.841
v 36.437 -28.235 78.359
v 36.735 -28.420 78.473
v 35.771 -28.420 78.841
v 36.069 -28.235 78.359
v 35.771 -28.420 78.473
v 36.735 -29.016 78.841
v 36.849 -28.718 78.657
v 35.771 -29.016 78.841
v 35.657 -28.718 78.657
v 36.253 -28.718 78.061
v 36.069 -29.200 78.359
v 36.437 -29.200 78.359
v 35.955 -28.902 78.175
v 36.551 -28.902 78.175
v 35.955 -28.533 78.175
v 36.551 -28.533 78.175
v 36.253 -29.314 78.657
v 35.771 -29.016 78.473
v 36.735 -29.016 78.473
f 12325 12341 12337
f 12341 12330 12343
f 12341 12343 12337
f 12337 12343 12326
f 12325 12339 12341
f 12339 12328 12350
f 12339 12350 12341
f 12341 12350 12330
f 12325 12338 12339
f 12338 12327 12346
f 12338 12346 12339
f 12339 12346 12328
f 12325 12340 12338
f 12340 12329 12347
f 12340 12347 12338
f 12338 12347 12327
f 12325 12337 12340
f 12337 12326 12342
f 12337 12342 12340
f 12340 12342 12329
f 12326 12343 12344
f 12343 12330 12355
f 12343 12355 12344
f 12344 12355 12333
f 12330 12350 12356
f 12350 12328 12352
f 12350 12352 12356
f 12356 12352 12335
f 12328 12346 12351
f 12346 12327 12348
f 12346 12348 12351
f 12351 12348 12332
f 12327 12347 12349
f 12347 12329 12354
f 12347 12354 12349
f 12349 12354 12336
f 12329 12342 12353
f 12342 12326 12345
f 12342 12345 12353
f 12353 12345 12334
f 12332 12363 12357
f 12363 12336 12361
f 12363 12361 12357
f 12357 12361 12331
f 12336 12366 12361
f 12366 12334 12359
f 12366 12359 12361
f 12361 12359 12331
f 12334 12364 12359
f 12364 12333 12358
f 12364 12358 12359
f 12359 12358 12331
f 12333 12365 12358
f 12365 12335 12360
f 12365 12360 12358
f 12358 12360 12331
f 12335 12362 12360
f 12362 12332 12357
f 12362 12357 12360
f 12360 12357 12331
f 12327 12349 12348
f 12349 12336 12363
f 12349 12363 12348
f 12348 12363 12332
f 12329 12353 12354
f 12353 12334 12366
f 12353 12366 12354
f 12354 12366 12336
f 12326 12344 12345
f 12344 12333 12364
f 12344 12364 12345
f 12345 12364 12334
f 12330 12356 12355
f 12356 12335 12365
f 12356 12365 12355
f 12355 12365 12333
f 12328 12351 12352
f 12351 12332 12362
f 12351 12362 12352
f 12352 12362 12335
v -39.611 19.171 84.017
v -39.611 18.607 84.017
v -39.329 19.345 83.561
v -39.893 19.345 83.561
v -39.155 18.889 83.843
v -40.067 18.889 83.843
v -39.611 18.607 83.105
v -39.611 19.171 83.105
v -39.893 18.433 83.561
v -39.329 18.433 83.561
v -40.067 18.889 83.279
v -39.155 18.889 83.279
v -39.611 18.889 84.097
v -39.445 19.323 83.829
v -39.777 19.323 83.829
v -39.343 19.055 83.995
v -39.879 19.055 83.995
v -39.343 18.723 83.995
v -39.879 18.723 83.995
v -39.777 18.455 83.829
v -39.445 18.455 83.829
v -39.611 19.425 83.561
v -39.177 19.157 83.727
v -39.445 19.323 83.293
v -39.177 19.157 83.395
v -40.045 19.157 83.727
v -39.777 19.323 83.293
v -40.045 19.157 83.395
v -39.177 18.621 83.727
v -39.075 18.889 83.561
v -40.045 18.621 83.727
v -40.147 18.889 83.561
v -39.611 18.889 83.025
v -39.777 18.455 83.293
v -39.445 18.455 83.293
v -39.879 18.723 83.127
v -39.343 18.723 83.127
v -39.879 19.055 83.127
v -39.343 19.055 83.127
v -39.611 18.353 83.561
v -40.045 18.621 83.395
v -39.177 18.621 83.395
f 12367 12383 12379
f 12383 12372 12385
f 12383 12385 12379
f 12379 12385 12368
f 12367 12381 12383
f 12381 12370 12392
f 12381 12392 12383
f 12383 12392 12372
f 12367 12380 12381
f 12380 12369 12388
f 12380 12388 12381
f 12381 12388 12370
f 12367 12382 12380
f 12382 12371 12389
f 12382 12389 12380
f 12380 12389 12369
f 12367 12379 12382
f 12379 12368 12384
f 12379 12384 12382
f 12382 12384 12371
f 12368 12385 12386
f 12385 12372 12397
f 12385 12397 12386
f 12386 12397 12375
f 12372 12392 12398
f 12392 12370 12394
f 12392 12394 12398
f 12398 12394 12377
f 12370 12388 12393
f 12388 12369 12390
f 12388 12390 12393
f 12393 12390 12374
f 12369 12389 12391
f 12389 12371 12396
f 12389 12396 12391
f 12391 12396 12378
f 12371 12384 12395
f 12384 12368 12387
f 12384 12387 12395
f 12395 12387 12376
f 12374 12405 12399
f 12405 12378 12403
f 12405 12403 12399
f 12399 12403 12373
f 12378 12408 12403
f 12408 12376 12401
f 12408 12401 12403
f 12403 12401 12373
f 12376 12406 12401
f 12406 12375 12400
f 12406 12400 12401
f 12401 12400 12373
f 12375 12407 12400
f 12407 12377 12402
f 12407 12402 12400
f 12400 12402 12373
f 12377 12404 12402
f 12404 12374 12399
f 12404 12399 12402
f 12402 12399 12373
f 12369 12391 12390
f 12391 12378 12405
f 12391 12405 12390
f 12390 12405 12374
f 12371 12395 12396
f 12395 12376 12408
f 12395 12408 12396
f 12396 12408 12378
f 12368 12386 12387
f 12386 12375 12406
f 12386 12406 12387
f 12387 12406 12376
f 12372 12398 12397
f 12398 12377 12407
f 12398 12407 12397
f 12397 12407 12375
f 12370 12393 12394
f 12393 12374 12404
f 12393 12404 12394
f 12394 12404 12377
v -35.006 46.588 91.699
v -35.006 46.003 91.699
v -34.713 46.769 91.225
v -35.298 46.769 91.225
v -34.532 46.295 91.518
v -35.479 46.295 91.518
v -35.006 46.003 90.751
v -35.006 46.588 90.751
v -35.298 45.822 91.225
v -34.713 45.822 91.225
v -35.479 46.295 90.932
v -34.532 46.295 90.932
v -35.006 46.295 91.782
v -34.834 46.746 91.503
v -35.178 46.746 91.503
v -34.727 46.468 91.675
v -35.284 46.468 91.675
v -34.727 46.123 91.675
v -35.284 46.123 91.675
v -35.178 45.845 91.503
v -34.834 45.845 91.503
v -35.006 46.852 91.225
v -34.555 46.574 91.397
v -34.834 46.746 90.946
v -34.555 46.574 91.053
v -35.456 46.574 91.397
v -35.178 46.746 90.946
v -35.456 46.574 91.053
v -34.555 46.017 91.397
v -34.449 46.295 91.225
v -35.456 46.017 91.397
v -35.562 46.295 91.225
v -35.006 46.295 90.668
v -35.178 45.845 90.946
v -34.834 45.845 90.946
v -35.284 46.123 90.774
v -34.727 46.123 90.774
v -35.284 46.468 90.774
v -34.727 46.468 90.774
v -35.006 45.739 91.225
v -35.456 46.017 91.053
v -34.555 46.017 91.053
f 12409 12425 12421
f 12425 12414 12427
f 12425 12427 12421
f 12421 12427 12410
f 12409 12423 12425
f 12423 12412 12434
f 12423 12434 12425
f 12425 12434 12414
f 12409 12422 12423
f 12422 12411 12430
f 12422 12430 12423
f 12423 12430 12412
f 12409 12424 12422
f 12424 12413 12431
f 12424 12431 12422
f 12422 12431 12411
f 12409 12421 12424
f 12421 12410 12426
f 12421 12426 12424
f 12424 12426 12413
f 12410 12427 12428
f 12427 12414 12439
f 12427 12439 12428
f 12428 12439 12417
f 12414 12434 12440
f 12434 12412 12436
f 12434 12436 12440
f 12440 12436 12419
f 12412 12430 12435
f 12430 12411 12432
f 12430 12432 12435
f 12435 12432 12416
f 12411 12431 12433
f 12431 12413 12438
f 12431 12438 12433
f 12433 12438 12420
f 12413 12426 12437
f 12426 12410 12429
f 12426 12429 12437
f 12437 12429 12418
f 12416 12447 12441
f 12447 12420 12445
f 12447 12445 12441
f 12441 12445 12415
f 12420 12450 12445
f 12450 12418 12443
f 12450 12443 12445
f 12445 12443 12415
f 12418 12448 12443
f 12448 12417 12442
f 12448 12442 12443
f 12443 12442 12415
f 12417 12449 12442
f 12449 12419 12444
f 12449 12444 12442
f 12442 12444 12415
f 12419 12446 12444
f 12446 12416 12441
f 12446 12441 12444
f 12444 12441 12415
f 12411 12433 12432
f 12433 12420 12447
f 12433 12447 12432
f 12432 12447 12416
f 12413 12437 12438
f 12437 12418 12450
f 12437 12450 12438
f 12438 12450 12420
f 12410 12428 12429
f 12428 12417 12448
f 12428 12448 12429
f 12429 12448 12418
f 12414 12440 12439
f 12440 12419 12449
f 12440 12449 12439
f 12439 12449 12417
f 12412 12435 12436
f 12435 12416 12446
f 12435 12446 12436
f 12436 12446 12419
v 7.284 28.919 95.165
v 7.284 28.378 95.165
v 7.554 29.086 94.728
v 7.014 29.086 94.728
v 7.722 28.649 94.998
v 6.846 28.649 94.998
v 7.284 28.378 94.290
v 7.284 28.919 94.290
v 7.014 28.211 94.728
v 7.554 28.211 94.728
v 6.846 28.649 94.457
v 7.722 28.649 94.457
v 7.284 28.649 95.242
v 7.443 29.065 94.985
v 7.125 29.065 94.985
v 7.541 28.808 95.144
v 7.027 28.808 95.144
v 7.541 28.490 95.144
v 7.027 28.490 95.144
v 7.125 28.232 94.985
v 7.443 28.232 94.985
v 7.284 29.163 94.728
v 7.700 28.906 94.887
v 7.443 29.065 94.471
v 7.700 28.906 94.569
v 6.868 28.906 94.887
v 7.125 29.065 94.471
v 6.868 28.906 94.569
v 7.700 28.391 94.887
v 7.798 28.649 94.728
v 6.868 28.391 94.887
v 6.770 28.649 94.728
v 7.284 28.649 94.213
v 7.125 28.232 94.471
v 7.443 28.232 94.471
v 7.027 28.490 94.312
v 7.541 28.490 94.312
v 7.027 28.808 94.312
v 7.541 28.808 94.312
v 7.284 28.134 94.728
v 6.868 28.391 94.569
v 7.700 28.391 94.569
f 12451 12467 12463
f 12467 12456 12469
f 12467 12469 12463
f 12463 12469 12452
f 12451 12465 12467
f 12465 12454 12476
f 12465 12476 12467
f 12467 12476 12456
f 12451 12464 12465
f 12464 12453 12472
f 12464 12472 12465
f 12465 12472 12454
f 12451 12466 12464
f 12466 12455 12473
f 12466 12473 12464
f 12464 12473 12453
f 12451 12463 12466
f 12463 12452 12468
f 12463 12468 12466
f 12466 12468 12455
f 12452 12469 12470
f 12469 12456 12481
f 12469 12481 12470
f 12470 12481 12459
f 12456 12476 12482
f 12476 12454 12478
f 12476 12478 12482
f 12482 12478 12461
f 12454 12472 12477
f 12472 12453 12474
f 12472 12474 12477
f 12477 12474 12458
f 12453 12473 12475
f 12473 12455 12480
f 12473 12480 12475
f 12475 12480 12462
f 12455 12468 12479
f 12468 12452 12471
f 12468 12471 12479
f 12479 12471 12460
f 12458 12489 12483
f 12489 12462 12487
f 12489 12487 12483
f 12483 12487 12457
f 12462 12492 12487
f 12492 12460 12485
f 12492 12485 12487
f 12487 12485 12457
f 12460 12490 12485
f 12490 12459 12484
f 12490 12484 12485
f 12485 12484 12457
f 12459 12491 12484
f 12491 12461 12486
f 12491 12486 12484
f 12484 12486 12457
f 12461 12488 12486
f 12488 12458 12483
f 12488 12483 12486
f 12486 12483 12457
f 12453 12475 12474
f 12475 12462 12489
f 12475 12489 12474
f 12474 12489 12458
f 12455 12479 12480
f 12479 12460 12492
f 12479 12492 12480
f 12480 12492 12462
f 12452 12470 12471
f 12470 12459 12490
f 12470 12490 12471
f 12471 12490 12460
f 12456 12482 12481
f 12482 12461 12491
f 12482 12491 12481
f 12481 12491 12459
f 12454 12477 12478
f 12477 12458 12488
f 12477 12488 12478
f 12478 12488 12461
v -26.241 -7.607 94.808
v -26.241 -8.214 94.808
v -25.938 -7.420 94.318
v -26.545 -7.420 94.318
v -25.751 -7.911 94.621
v -26.732 -7.911 94.621
v -26.241 -8.214 93.827
v -26.241 -7.607 93.827
v -26.545 -8.401 94.318
v -25.938 -8.401 94.318
v -26.732 -7.911 94.014
v -25.751 -7.911 94.014
v -26.241 -7.911 94.894
v -26.063 -7.444 94.606
v -26.420 -7.444 94.606
v -25.953 -7.732 94.784
v -26.530 -7.732 94.784
v -25.953 -8.089 94.784
v -26.530 -8.089 94.784
v -26.420 -8.377 94.606
v -26.063 -8.377 94.606
v -26.241 -7.334 94.318
v -25.775 -7.622 94.496
v -26.063 -7.444 94.029
v -25.775 -7.622 94.139
v -26.708 -7.622 94.496
v -26.420 -7.444 94.029
v -26.708 -7.622 94.139
v -25.775 -8.199 94.496
v -25.665 -7.911 94.318
v -26.708 -8.199 94.496
v -26.818 -7.911 94.318
v -26.241 -7.911 93.741
v -26.420 -8.377 94.029
v -26.063 -8.377 94.029
v -26.530 -8.089 93.851
v -25.953 -8.089 93.851
v -26.530 -7.732 93.851
v -25.953 -7.732 93.851
v -26.241 -8.487 94.318
v -26.708 -8.199 94.139
v -25.775 -8.199 94.139
f 12493 12509 12505
f 12509 12498 12511
f 12509 12511 12505
f 12505 12511 12494
f 12493 12507 12509
f 12507 12496 12518
f 12507 12518 12509
f 12509 12518 12498
f 12493 12506 12507
f 12506 12495 12514
f 12506 12514 12507
f 12507 12514 12496
f 12493 12508 12506
f 12508 12497 12515
f 12508 12515 12506
f 12506 12515 12495
f 12493 12505 12508
f 12505 12494 12510
f 12505 12510 12508
f 12508 12510 12497
f 12494 12511 12512
f 12511 12498 12523
f 12511 12523 12512
f 12512 12523 12501
f 12498 12518 12524
f 12518 12496 12520
f 12518 12520 12524
f 12524 12520 12503
f 12496 12514 12519
f 12514 12495 12516
f 12514 12516 12519
f 12519 12516 12500
f 12495 12515 12517
f 12515 12497 12522
f 12515 12522 12517
f 12517 12522 12504
f 12497 12510 12521
f 12510 12494 12513
f 12510 12513 12521
f 12521 12513 12502
f 12500 12531 12525
f 12531 12504 12529
f 12531 12529 12525
f 12525 12529 12499
f 12504 12534 12529
f 12534 12502 12527
f 12534 12527 12529
f 12529 12527 12499
f 12502 12532 12527
f 12532 12501 12526
f 12532 12526 12527
f 12527 12526 12499
f 12501 12533 12526
f 12533 12503 12528
f 12533 12528 12526
f 12526 12528 12499
f 12503 12530 12528
f 12530 12500 12525
f 12530 12525 12528
f 12528 12525 12499
f 12495 12517 12516
f 12517 12504 12531
f 12517 12531 12516
f 12516 12531 12500
f 12497 12521 12522
f 12521 12502 12534
f 12521 12534 12522
f 12522 12534 12504
f 12494 12512 12513
f 12512 12501 12532
f 12512 12532 12513
f 12513 12532 12502
f 12498 12524 12523
f 12524 12503 12533
f 12524 12533 12523
f 12523 12533 12501
f 12496 12519 12520
f 12519 12500 12530
f 12519 12530 12520
f 12520 12530 12503
v -35.425 34.596 84.611
v -35.425 34.055 84.611
v -35.155 34.763 84.173
v -35.696 34.763 84.173
v -34.988 34.326 84.443
v -35.863 34.326 84.443
v -35.425 34.055 83.735
v -35.425 34.596 83.735
v -35.696 33.888 84.173
v -35.155 33.888 84.173
v -35.863 34.326 83.903
v -34.988 34.326 83.903
v -35.425 34.326 84.687
v -35.266 34.742 84.430
v -35.584 34.742 84.430
v -35.168 34.484 84.589
v -35.682 34.484 84.589
v -35.168 34.167 84.589
v -35.682 34.167 84.589
v -35.584 33.909 84.430
v -35.266 33.909 84.430
v -35.425 34.840 84.173
v -35.009 34.583 84.332
v -35.266 34.742 83.916
v -35.009 34.583 84.014
v -35.841 34.583 84.332
v -35.584 34.742 83.916
v -35.841 34.583 84.014
v -35.009 34.068 84.332
v -34.911 34.326 84.173
v -35.841 34.068 84.332
v -35.940 34.326 84.173
v -35.425 34.326 83.659
v -35.584 33.909 83.916
v -35.266 33.909 83.916
v -35.682 34.167 83.757
v -35.168 34.167 83.757
v -35.682 34.484 83.757
v -35.168 34.484 83.757
v -35.425 33.811 84.173
v -35.841 34.068 84.014
v -35.009 34.068 84.014
f 12535 12551 12547
f 12551 12540 12553
f 12551 12553 12547
f 12547 12553 12536
f 12535 12549 12551
f 12549 12538 12560
f 12549 12560 12551
f 12551 12560 12540
f 12535 12548 12549
f 12548 12537 12556
f 12548 12556 12549
f 12549 12556 12538
f 12535 12550 12548
f 12550 12539 12557
f 12550 12557 12548
f 12548 12557 12537
f 12535 12547 12550
f 12547 12536 12552
f 12547 12552 12550
f 12550 12552 12539
f 12536 12553 12554
f 12553 12540 12565
f 12553 12565 12554
f 12554 12565 12543
f 12540 12560 12566
f 12560 12538 12562
f 12560 12562 12566
f 12566 12562 12545
f 12538 12556 12561
f 12556 12537 12558
f 12556 12558 12561
f 12561 12558 12542
f 12537 12557 12559
f 12557 12539 12564
f 12557 12564 12559
f 12559 12564 12546
f 12539 12552 12563
f 12552 12536 12555
f 12552 12555 12563
f 12563 12555 12544
f 12542 12573 12567
f 12573 12546 12571
f 12573 12571 12567
f 12567 12571 12541
f 12546 12576 12571
f 12576 12544 12569
f 12576 12569 12571
f 12571 12569 12541
f 12544 12574 12569
f 12574 12543 12568
f 12574 12568 12569
f 12569 12568 12541
f 12543 12575 12568
f 12575 12545 12570
f 12575 12570 12568
f 12568 12570 12541
f 12545 12572 12570
f 12572 12542 12567
f 12572 12567 12570
f 12570 12567 12541
f 12537 12559 12558
f 12559 12546 12573
f 12559 12573 12558
f 12558 12573 12542
f 12539 12563 12564
f 12563 12544 12576
f 12563 12576 12564
f 12564 12576 12546
f 12536 12554 12555
f 12554 12543 12574
f 12554 12574 12555
f 12555 12574 12544
f 12540 12566 12565
f 12566 12545 12575
f 12566 12575 12565
f 12565 12575 12543
f 12538 12561 12562
f 12561 12542 12572
f 12561 12572 12562
f 12562 12572 12545
v 9.895 29.522 97.225
v 9.895 28.915 97.225
v 10.198 29.709 96.735
v 9.592 29.709 96.735
v 10.385 29.218 97.038
v 9.404 29.218 97.038
v 9.895 28.915 96.244
v 9.895 29.522 96.244
v 9.592 28.728 96.735
v 10.198 28.728 96.735
v 9.404 29.218 96.431
v 10.385 29.218 96.431
v 9.895 29.218 97.311
v 10.073 29.685 97.023
v 9.717 29.685 97.023
v 10.183 29.397 97.201
v 9.606 29.397 97.201
v 10.183 29.040 97.201
v 9.606 29.040 97.201
v 9.717 28.752 97.023
v 10.073 28.752 97.023
v 9.895 29.795 96.735
v 10.361 29.507 96.913
v 10.073 29.685 96.446
v 10.361 29.507 96.556
v 9.428 29.507 96.913
v 9.717 29.685 96.446
v 9.428 29.507 96.556
v 10.361 28.930 96.913
v 10.472 29.218 96.735
v 9.428 28.930 96.913
v 9.318 29.218 96.735
v 9.895 29.218 96.158
v 9.717 28.752 96.446
v 10.073 28.752 96.446
v 9.606 29.040 96.268
v 10.183 29.040 96.268
v 9.606 29.397 96.268
v 10.183 29.397 96.268
v 9.895 28.641 96.735
v 9.428 28.930 96.556
v 10.361 28.930 96.556
f 12577 12593 12589
f 12593 12582 12595
f 12593 12595 12589
f 12589 12595 12578
f 12577 12591 12593
f 12591 12580 12602
f 12591 12602 12593
f 12593 12602 12582
f 12577 12590 12591
f 12590 12579 12598
f 12590 12598 12591
f 12591 12598 12580
f 12577 12592 12590
f 12592 12581 12599
f 12592 12599 12590
f 12590 12599 12579
f 12577 12589 12592
f 12589 12578 12594
f 12589 12594 12592
f 12592 12594 12581
f 12578 12595 12596
f 12595 12582 12607
f 12595 12607 12596
f 12596 12607 12585
f 12582 12602 12608
f 12602 12580 12604
f 12602 12604 12608
f 12608 12604 12587
f 12580 12598 12603
f 12598 12579 12600
f 12598 12600 12603
f 12603 12600 12584
f 12579 12599 12601
f 12599 12581 12606
f 12599 12606 12601
f 12601 12606 12588
f 12581 12594 12605
f 12594 12578 12597
f 12594 12597 12605
f 12605 12597 12586
f 12584 12615 12609
f 12615 12588 12613
f 12615 12613 12609
f 12609 12613 12583
f 12588 12618 12613
f 12618 12586 12611
f 12618 12611 12613
f 12613 12611 12583
f 12586 12616 12611
f 12616 12585 12610
f 12616 12610 12611
f 12611 12610 12583
f 12585 12617 12610
f 12617 12587 12612
f 12617 12612 12610
f 12610 12612 12583
f 12587 12614 12612
f 12614 12584 12609
f 12614 12609 12612
f 12612 12609 12583
f 12579 12601 12600
f 12601 12588 12615
f 12601 12615 12600
f 12600 12615 12584
f 12581 12605 12606
f 12605 12586 12618
f 12605 12618 12606
f 12606 12618 12588
f 12578 12596 12597
f 12596 12585 12616
f 12596 12616 12597
f 12597 12616 12586
f 12582 12608 12607
f 12608 12587 12617
f 12608 12617 12607
f 12607 12617 12585
f 12580 12603 12604
f 12603 12584 12614
f 12603 12614 12604
f 12604 12614 12587
v 1.776 5.816 103.643
v 1.776 5.275 103.643
v 2.046 5.984 103.206
v 1.505 5.984 103.206
v 2.213 5.546 103.476
v 1.338 5.546 103.476
v 1.776 5.275 102.768
v 1.776 5.816 102.768
v 1.505 5.108 103.206
v 2.046 5.108 103.206
v 1.338 5.546 102.935
v 2.213 5.546 102.935
v 1.776 5.546 103.720
v 1.935 5.962 103.463
v 1.617 5.962 103.463
v 2.033 5.705 103.622
v 1.519 5.705 103.622
v 2.033 5.387 103.622
v 1.519 5.387 103.622
v 1.617 5.130 103.463
v 1.935 5.130 103.463
v 1.776 6.060 103.206
v 2.192 5.803 103.365
v 1.935 5.962 102.948
v 2.192 5.803 103.047
v 1.360 5.803 103.365
v 1.617 5.962 102.948
v 1.360 5.803 103.047
v 2.192 5.289 103.365
v 2.290 5.546 103.206
v 1.360 5.289 103.365
v 1.261 5.546 103.206
v 1.776 5.546 102.691
v 1.617 5.130 102.948
v 1.935 5.130 102.948
v 1.519 5.387 102.790
v 2.033 5.387 102.790
v 1.519 5.705 102.790
v 2.033 5.705 102.790
v 1.776 5.031 103.206
v 1.360 5.289 103.047
v 2.192 5.289 103.047
f 12619 12635 12631
f 12635 12624 12637
f 12635 12637 12631
f 12631 12637 12620
f 12619 12633 12635
f 12633 12622 12644
f 12633 12644 12635
f 12635 12644 12624
f 12619 12632 12633
f 12632 12621 12640
f 12632 12640 12633
f 12633 12640 12622
f 12619 12634 12632
f 12634 12623 12641
f 12634 12641 12632
f 12632 12641 12621
f 12619 12631 12634
f 12631 12620 12636
f 12631 12636 12634
f 12634 12636 12623
f 12620 12637 12638
f 12637 12624 12649
f 12637 12649 12638
f 12638 12649 12627
f 12624 12644 12650
f 12644 12622 12646
f 12644 12646 12650
f 12650 12646 12629
f 12622 12640 12645
f 12640 12621 12642
f 12640 12642 12645
f 12645 12642 12626
f 12621 12641 12643
f 12641 12623 12648
f 12641 12648 12643
f 12643 12648 12630
f 12623 12636 12647
f 12636 12620 12639
f 12636 12639 12647
f 12647 12639 12628
f 12626 12657 12651
f 12657 12630 12655
f 12657 12655 12651
f 12651 12655 12625
f 12630 12660 12655
f 12660 12628 12653
f 12660 12653 12655
f 12655 12653 12625
f 12628 12658 12653
f 12658 12627 12652
f 12658 12652 12653
f 12653 12652 12625
f 12627 12659 12652
f 12659 12629 12654
f 12659 12654 12652
f 12652 12654 12625
f 12629 12656 12654
f 12656 12626 12651
f 12656 12651 12654
f 12654 12651 12625
f 12621 12643 12642
f 12643 12630 12657
f 12643 12657 12642
f 12642 12657 12626
f 12623 12647 12648
f 12647 12628 12660
f 12647 12660 12648
f 12648 12660 12630
f 12620 12638 12639
f 12638 12627 12658
f 12638 12658 12639
f 12639 12658 12628
f 12624 12650 12649
f 12650 12629 12659
f 12650 12659 12649
f 12649 12659 12627
f 12622 12645 12646
f 12645 12626 12656
f 12645 12656 12646
f 12646 12656 12629
v 7.729 -5.509 115.600
v 7.729 -6.072 115.600
v 8.010 -5.334 115.144
v 7.447 -5.334 115.144
v 8.184 -5.790 115.425
v 7.273 -5.790 115.425
v 7.729 -6.072 114.688
v 7.729 -5.509 114.688
v 7.447 -6.246 115.144
v 8.010 -6.246 115.144
v 7.273 -5.790 114.862
v 8.184 -5.790 114.862
v 7.729 -5.790 115.680
v 7.894 -5.357 115.412
v 7.563 -5.357 115.412
v 7.997 -5.625 115.577
v 7.460 -5.625 115.577
v 7.997 -5.956 115.577
v 7.460 -5.956 115.577
v 7.563 -6.224 115.412
v 7.894 -6.224 115.412
v 7.729 -5.254 115.144
v 8.162 -5.522 115.309
v 7.894 -5.357 114.876
v 8.162 -5.522 114.978
v 7.295 -5.522 115.309
v 7.563 -5.357 114.876
v 7.295 -5.522 114.978
v 8.162 -6.058 115.309
v 8.265 -5.790 115.144
v 7.295 -6.058 115.309
v 7.192 -5.790 115.144
v 7.729 -5.790 114.608
v 7.563 -6.224 114.876
v 7.894 -6.224 114.876
v 7.460 -5.956 114.710
v 7.997 -5.956 114.710
v 7.460 -5.625 114.710
v 7.997 -5.625 114.710
v 7.729 -6.326 115.144
v 7.295 -6.058 114.978
v 8.162 -6.058 114.978
f 12661 12677 12673
f 12677 12666 12679
f 12677 12679 12673
f 12673 12679 12662
f 12661 12675 12677
f 12675 12664 12686
f 12675 12686 12677
f 12677 12686 12666
f 12661 12674 12675
f 12674 12663 12682
f 12674 12682 12675
f 12675 12682 12664
f 12661 12676 12674
f 12676 12665 12683
f 12676 12683 12674
f 12674 12683 12663
f 12661 12673 12676
f 12673 12662 12678
f 12673 12678 12676
f 12676 12678 12665
f 12662 12679 12680
f 12679 12666 12691
f 12679 12691 12680
f 12680 12691 12669
f 12666 12686 12692
f 12686 12664 12688
f 12686 12688 12692
f 12692 12688 12671
f 12664 12682 12687
f 12682 12663 12684
f 12682 12684 12687
f 12687 12684 12668
f 12663 12683 12685
f 12683 12665 12690
f 12683 12690 12685
f 12685 12690 12672
f 12665 12678 12689
f 12678 12662 12681
f 12678 12681 12689
f 12689 12681 12670
f 12668 12699 12693
f 12699 12672 12697
f 12699 12697 12693
f 12693 12697 12667
f 12672 12702 12697
f 12702 12670 12695
f 12702 12695 12697
f 12697 12695 12667
f 12670 12700 12695
f 12700 12669 12694
f 12700 12694 12695
f 12695 12694 12667
f 12669 12701 12694
f 12701 12671 12696
f 12701 12696 12694
f 12694 12696 12667
f 12671 12698 12696
f 12698 12668 12693
f 12698 12693 12696
f 12696 12693 12667
f 12663 12685 12684
f 12685 12672 12699
f 12685 12699 12684
f 12684 12699 12668
f 12665 12689 12690
f 12689 12670 12702
f 12689 12702 12690
f 12690 12702 12672
f 12662 12680 12681
f 12680 12669 12700
f 12680 12700 12681
f 12681 12700 12670
f 12666 12692 12691
f 12692 12671 12701
f 12692 12701 12691
f 12691 12701 12669
f 12664 12687 12688
f 12687 12668 12698
f 12687 12698 12688
f 12688 12698 12671
v 6.089 0.369 109.811
v 6.089 -0.217 109.811
v 6.382 0.549 109.337
v 5.796 0.549 109.337
v 6.563 0.076 109.630
v 5.615 0.076 109.630
v 6.089 -0.217 108.864
v 6.089 0.369 108.864
v 5.796 -0.398 109.337
v 6.382 -0.398 109.337
v 5.615 0.076 109.045
v 6.563 0.076 109.045
v 6.089 0.076 109.894
v 6.261 0.526 109.616
v 5.917 0.526 109.616
v 6.367 0.248 109.788
v 5.811 0.248 109.788
v 6.367 -0.096 109.788
v 5.811 -0.096 109.788
v 5.917 -0.375 109.616
v 6.261 -0.375 109.616
v 6.089 0.633 109.337
v 6.539 0.354 109.509
v 6.261 0.526 109.059
v 6.539 0.354 109.165
v 5.639 0.354 109.509
v 5.917 0.526 109.059
v 5.639 0.354 109.165
v 6.539 -0.203 109.509
v 6.646 0.076 109.337
v 5.639 -0.203 109.509
v 5.532 0.076 109.337
v 6.089 0.076 108.781
v 5.917 -0.375 109.059
v 6.261 -0.375 109.059
v 5.811 -0.096 108.887
v 6.367 -0.096 108.887
v 5.811 0.248 108.887
v 6.367 0.248 108.887
v 6.089 -0.481 109.337
v 5.639 -0.203 109.165
v 6.539 -0.203 109.165
f 12703 12719 12715
f 12719 12708 12721
f 12719 12721 12715
f 12715 12721 12704
f 12703 12717 12719
f 12717 12706 12728
f 12717 12728 12719
f 12719 12728 12708
f 12703 12716 12717
f 12716 12705 12724
f 12716 12724 12717
f 12717 12724 12706
f 12703 12718 12716
f 12718 12707 12725
f 12718 12725 12716
f 12716 12725 12705
f 12703 12715 12718
f 12715 12704 12720
f 12715 12720 12718
f 12718 12720 12707
f 12704 12721 12722
f 12721 12708 12733
f 12721 12733 12722
f 12722 12733 12711
f 12708 12728 12734
f 12728 12706 12730
f 12728 12730 12734
f 12734 12730 12713
f 12706 12724 12729
f 12724 12705 12726
f 12724 12726 12729
f 12729 12726 12710
f 12705 12725 12727
f 12725 12707 12732
f 12725 12732 12727
f 12727 12732 12714
f 12707 12720 12731
f 12720 12704 12723
f 12720 12723 12731
f 12731 12723 12712
f 12710 12741 12735
f 12741 12714 12739
f 12741 12739 12735
f 12735 12739 12709
f 12714 12744 12739
f 12744 12712 12737
f 12744 12737 12739
f 12739 12737 12709
f 12712 12742 12737
f 12742 12711 12736
f 12742 12736 12737
f 12737 12736 12709
f 12711 12743 12736
f 12743 12713 12738
f 12743 12738 12736
f 12736 12738 12709
f 12713 12740 12738
f 12740 12710 12735
f 12740 12735 12738
f 12738 12735 12709
f 12705 12727 12726
f 12727 12714 12741
f 12727 12741 12726
f 12726 12741 12710
f 12707 12731 12732
f 12731 12712 12744
f 12731 12744 12732
f 12732 12744 12714
f 12704 12722 12723
f 12722 12711 12742
f 12722 12742 12723
f 12723 12742 12712
f 12708 12734 12733
f 12734 12713 12743
f 12734 12743 12733
f 12733 12743 12711
f 12706 12729 12730
f 12729 12710 12740
f 12729 12740 12730
f 12730 12740 12713
v -31.264 29.538 -110.809
v -31.264 28.931 -110.809
v -30.961 29.725 -111.300
v -31.568 29.725 -111.300
v -30.774 29.234 -110.996
v -31.755 29.234 -110.996
v -31.264 28.931 -111.790
v -31.264 29.538 -111.790
v -31.568 28.744 -111.300
v -30.961 28.744 -111.300
v -31.755 29.234 -111.603
v -30.774 29.234 -111.603
v -31.264 29.234 -110.723
v -31.086 29.701 -111.011
v -31.443 29.701 -111.011
v -30.976 29.413 -110.833
v -31.553 29.413 -110.833
v -30.976 29.056 -110.833
v -31.553 29.056 -110.833
v -31.443 28.768 -111.011
v -31.086 28.768 -111.011
v -31.264 29.811 -111.300
v -30.798 29.523 -111.122
v -31.086 29.701 -111.588
v -30.798 29.523 -111.478
v -31.731 29.523 -111.122
v -31.443 29.701 -111.588
v -31.731 29.523 -111.478
v -30.798 28.946 -111.122
v -30.687 29.234 -111.300
v -31.731 28.946 -111.122
v -31.841 29.234 -111.300
v -31.264 29.234 -111.877
v -31.443 28.768 -111.588
v -31.086 28.768 -111.588
v -31.553 29.056 -111.766
v -30.976 29.056 -111.766
v -31.553 29.413 -111.766
v -30.976 29.413 -111.766
v -31.264 28.658 -111.300
v -31.731 28.946 -111.478
v -30.798 28.946 -111.478
f 12745 12761 12757
f 12761 12750 12763
f 12761 12763 12757
f 12757 12763 12746
f 12745 12759 12761
f 12759 12748 12770
f 12759 12770 12761
f 12761 12770 12750
f 12745 12758 12759
f 12758 12747 12766
f 12758 12766 12759
f 12759 12766 12748
f 12745 12760 12758
f 12760 12749 12767
f 12760 12767 12758
f 12758 12767 12747
f 12745 12757 12760
f 12757 12746 12762
f 12757 12762 12760
f 12760 12762 12749
f 12746 12763 12764
f 12763 12750 12775
f 12763 12775 12764
f 12764 12775 12753
f 12750 12770 12776
f 12770 12748 12772
f 12770 12772 12776
f 12776 12772 12755
f 12748 12766 12771
f 12766 12747 12768
f 12766 12768 12771
f 12771 12768 12752
f 12747 12767 12769
f 12767 12749 12774
f 12767 12774 12769
f 12769 12774 12756
f 12749 12762 12773
f 12762 12746 12765
f 12762 12765 12773
f 12773 12765 12754
f 12752 12783 12777
f 12783 12756 12781
f 12783 12781 12777
f 12777 12781 12751
f 12756 12786 12781
f 12786 12754 12779
f 12786 12779 12781
f 12781 12779 12751
f 12754 12784 12779
f 12784 12753 12778
f 12784 12778 12779
f 12779 12778 12751
f 12753 12785 12778
f 12785 12755 12780
f 12785 12780 12778
f 12778 12780 12751
f 12755 12782 12780
f 12782 12752 12777
f 12782 12777 12780
f 12780 12777 12751
f 12747 12769 12768
f 12769 12756 12783
f 12769 12783 12768
f 12768 12783 12752
f 12749 12773 12774
f 12773 12754 12786
f 12773 12786 12774
f 12774 12786 12756
f 12746 12764 12765
f 12764 12753 12784
f 12764 12784 12765
f 12765 12784 12754
f 12750 12776 12775
f 12776 12755 12785
f 12776 12785 12775
f 12775 12785 12753
f 12748 12771 12772
f 12771 12752 12782
f 12771 12782 12772
f 12772 12782 12755
v 33.579 -63.852 -94.879
v 33.579 -64.392 -94.879
v 33.849 -63.684 -95.317
v 33.308 -63.684 -95.317
v 34.016 -64.122 -95.047
v 33.141 -64.122 -95.047
v 33.579 -64.392 -95.755
v 33.579 -63.852 -95.755
v 33.308 -64.560 -95.317
v 33.849 -64.560 -95.317
v 33.141 -64.122 -95.587
v 34.016 -64.122 -95.587
v 33.579 -64.122 -94.803
v 33.738 -63.706 -95.060
v 33.420 -63.706 -95.060
v 33.836 -63.963 -94.901
v 33.322 -63.963 -94.901
v 33.836 -64.281 -94.901
v 33.322 -64.281 -94.901
v 33.420 -64.538 -95.060
v 33.738 -64.538 -95.060
v 33.579 -63.608 -95.317
v 33.995 -63.865 -95.158
v 33.738 -63.706 -95.574
v 33.995 -63.865 -95.476
v 33.163 -63.865 -95.158
v 33.420 -63.706 -95.574
v 33.163 -63.865 -95.476
v 33.995 -64.379 -95.158
v 34.093 -64.122 -95.317
v 33.163 -64.379 -95.158
v 33.064 -64.122 -95.317
v 33.579 -64.122 -95.831
v 33.420 -64.538 -95.574
v 33.738 -64.538 -95.574
v 33.322 -64.281 -95.733
v 33.836 -64.281 -95.733
v 33.322 -63.963 -95.733
v 33.836 -63.963 -95.733
v 33.579 -64.636 -95.317
v 33.163 -64.379 -95.476
v 33.995 -64.379 -95.476
f 12787 12803 12799
f 12803 12792 12805
f 12803 12805 12799
f 12799 12805 12788
f 12787 12801 12803
f 12801 12790 12812
f 12801 12812 12803
f 12803 12812 12792
f 12787 12800 12801
f 12800 12789 12808
f 12800 12808 12801
f 12801 12808 12790
f 12787 12802 12800
f 12802 12791 12809
f 12802 12809 12800
f 12800 12809 12789
f 12787 12799 12802
f 12799 12788 12804
f 12799 12804 12802
f 12802 12804 12791
f 12788 12805 12806
f 12805 12792 12817
f 12805 12817 12806
f 12806 12817 12795
f 12792 12812 12818
f 12812 12790 12814
f 12812 12814 12818
f 12818 12814 12797
f 12790 12808 12813
f 12808 12789 12810
f 12808 12810 12813
f 12813 12810 12794
f 12789 12809 12811
f 12809 12791 12816
f 12809 12816 12811
f 12811 12816 12798
f 12791 12804 12815
f 12804 12788 12807
f 12804 12807 12815
f 12815 12807 12796
f 12794 12825 12819
f 12825 12798 12823
f 12825 12823 12819
f 12819 12823 12793
f 12798 12828 12823
f 12828 12796 12821
f 12828 12821 12823
f 12823 12821 12793
f 12796 12826 12821
f 12826 12795 12820
f 12826 12820 12821
f 12821 12820 12793
f 12795 12827 12820
f 12827 12797 12822
f 12827 12822 12820
f 12820 12822 12793
f 12797 12824 12822
f 12824 12794 12819
f 12824 12819 12822
f 12822 12819 12793
f 12789 12811 12810
f 12811 12798 12825
f 12811 12825 12810
f 12810 12825 12794
f 12791 12815 12816
f 12815 12796 12828
f 12815 12828 12816
f 12816 12828 12798
f 12788 12806 12807
f 12806 12795 12826
f 12806 12826 12807
f 12807 12826 12796
f 12792 12818 12817
f 12818 12797 12827
f 12818 12827 12817
f 12817 12827 12795
f 12790 12813 12814
f 12813 12794 12824
f 12813 12824 12814
f 12814 12824 12797
v -29.712 -21.326 -85.606
v -29.712 -21.953 -85.606
v -29.398 -21.132 -86.114
v -30.025 -21.132 -86.114
v -29.204 -21.639 -85.800
v -30.219 -21.639 -85.800
v -29.712 -21.953 -86.621
v -29.712 -21.326 -86.621
v -30.025 -22.147 -86.114
v -29.398 -22.147 -86.114
v -30.219 -21.639 -86.427
v -29.204 -21.639 -86.427
v -29.712 -21.639 -85.517
v -29.527 -21.157 -85.815
v -29.896 -21.157 -85.815
v -29.414 -21.455 -85.631
v -30.010 -21.455 -85.631
v -29.414 -21.824 -85.631
v -30.010 -21.824 -85.631
v -29.896 -22.122 -85.815
v -29.527 -22.122 -85.815
v -29.712 -21.043 -86.114
v -29.229 -21.341 -85.929
v -29.527 -21.157 -86.412
v -29.229 -21.341 -86.298
v -30.194 -21.341 -85.929
v -29.896 -21.157 -86.412
v -30.194 -21.341 -86.298
v -29.229 -21.938 -85.929
v -29.115 -21.639 -86.114
v -30.194 -21.938 -85.929
v -30.308 -21.639 -86.114
v -29.712 -21.639 -86.710
v -29.896 -22.122 -86.412
v -29.527 -22.122 -86.412
v -30.010 -21.824 -86.596
v -29.414 -21.824 -86.596
v -30.010 -21.455 -86.596
v -29.414 -21.455 -86.596
v -29.712 -22.236 -86.114
v -30.194 -21.938 -86.298
v -29.229 -21.938 -86.298
f 12829 12845 12841
f 12845 12834 12847
f 12845 12847 12841
f 12841 12847 12830
f 12829 12843 12845
f 12843 12832 12854
f 12843 12854 12845
f 12845 12854 12834
f 12829 12842 12843
f 12842 12831 12850
f 12842 12850 12843
f 12843 12850 12832
f 12829 12844 12842
f 12844 12833 12851
f 12844 12851 12842
f 12842 12851 12831
f 12829 12841 12844
f 12841 12830 12846
f 12841 12846 12844
f 12844 12846 12833
f 12830 12847 12848
f 12847 12834 12859
f 12847 12859 12848
f 12848 12859 12837
f 12834 12854 12860
f 12854 12832 12856
f 12854 12856 12860
f 12860 12856 12839
f 12832 12850 12855
f 12850 12831 12852
f 12850 12852 12855
f 12855 12852 12836
f 12831 12851 12853
f 12851 12833 12858
f 12851 12858 12853
f 12853 12858 12840
f 12833 12846 12857
f 12846 12830 12849
f 12846 12849 12857
f 12857 12849 12838
f 12836 12867 12861
f 12867 12840 12865
f 12867 12865 12861
f 12861 12865 12835
f 12840 12870 12865
f 12870 12838 12863
f 12870 12863 12865
f 12865 12863 12835
f 12838 12868 12863
f 12868 12837 12862
f 12868 12862 12863
f 12863 12862 12835
f 12837 12869 12862
f 12869 12839 12864
f 12869 12864 12862
f 12862 12864 12835
f 12839 12866 12864
f 12866 12836 12861
f 12866 12861 12864
f 12864 12861 12835
f 12831 12853 12852
f 12853 12840 12867
f 12853 12867 12852
f 12852 12867 12836
f 12833 12857 12858
f 12857 12838 12870
f 12857 12870 12858
f 12858 12870 12840
f 12830 12848 12849
f 12848 12837 12868
f 12848 12868 12849
f 12849 12868 12838
f 12834 12860 12859
f 12860 12839 12869
f 12860 12869 12859
f 12859 12869 12837
f 12832 12855 12856
f 12855 12836 12866
f 12855 12866 12856
f 12856 12866 12839
v 53.942 -63.080 -79.554
v 53.942 -63.643 -79.554
v 54.224 -62.906 -80.010
v 53.661 -62.906 -80.010
v 54.398 -63.362 -79.728
v 53.487 -63.362 -79.728
v 53.942 -63.643 -80.466
v 53.942 -63.080 -80.466
v 53.661 -63.818 -80.010
v 54.224 -63.818 -80.010
v 53.487 -63.362 -80.291
v 54.398 -63.362 -80.291
v 53.942 -63.362 -79.474
v 54.108 -62.928 -79.742
v 53.777 -62.928 -79.742
v 54.211 -63.196 -79.576
v 53.674 -63.196 -79.576
v 54.211 -63.527 -79.576
v 53.674 -63.527 -79.576
v 53.777 -63.795 -79.742
v 54.108 -63.795 -79.742
v 53.942 -62.826 -80.010
v 54.376 -63.094 -79.844
v 54.108 -62.928 -80.278
v 54.376 -63.094 -80.175
v 53.509 -63.094 -79.844
v 53.777 -62.928 -80.278
v 53.509 -63.094 -80.175
v 54.376 -63.630 -79.844
v 54.479 -63.362 -80.010
v 53.509 -63.630 -79.844
v 53.406 -63.362 -80.010
v 53.942 -63.362 -80.546
v 53.777 -63.795 -80.278
v 54.108 -63.795 -80.278
v 53.674 -63.527 -80.443
v 54.211 -63.527 -80.443
v 53.674 -63.196 -80.443
v 54.211 -63.196 -80.443
v 53.942 -63.898 -80.010
v 53.509 -63.630 -80.175
v 54.376 -63.630 -80.175
f 12871 12887 12883
f 12887 12876 12889
f 12887 12889 12883
f 12883 12889 12872
f 12871 12885 12887
f 12885 12874 12896
f 12885 12896 12887
f 12887 12896 12876
f 12871 12884 12885
f 12884 12873 12892
f 12884 12892 12885
f 12885 12892 12874
f 12871 12886 12884
f 12886 12875 12893
f 12886 12893 12884
f 12884 12893 12873
f 12871 12883 12886
f 12883 12872 12888
f 12883 12888 12886
f 12886 12888 12875
f 12872 12889 12890
f 12889 12876 12901
f 12889 12901 12890
f 12890 12901 12879
f 12876 12896 12902
f 12896 12874 12898
f 12896 12898 12902
f 12902 12898 12881
f 12874 12892 12897
f 12892 12873 12894
f 12892 12894 12897
f 12897 12894 12878
f 12873 12893 12895
f 12893 12875 12900
f 12893 12900 12895
f 12895 12900 12882
f 12875 12888 12899
f 12888 12872 12891
f 12888 12891 12899
f 12899 12891 12880
f 12878 12909 12903
f 12909 12882 12907
f 12909 12907 12903
f 12903 12907 12877
f 12882 12912 12907
f 12912 12880 12905
f 12912 12905 12907
f 12907 12905 12877
f 12880 12910 12905
f 12910 12879 12904
f 12910 12904 12905
f 12905 12904 12877
f 12879 12911 12904
f 12911 12881 12906
f 12911 12906 12904
f 12904 12906 12877
f 12881 12908 12906
f 12908 12878 12903
f 12908 12903 12906
f 12906 12903 12877
f 12873 12895 12894
f 12895 12882 12909
f 12895 12909 12894
f 12894 12909 12878
f 12875 12899 12900
f 12899 12880 12912
f 12899 12912 12900
f 12900 12912 12882
f 12872 12890 12891
f 12890 12879 12910
f 12890 12910 12891
f 12891 12910 12880
f 12876 12902 12901
f 12902 12881 12911
f 12902 12911 12901
f 12901 12911 12879
f 12874 12897 12898
f 12897 12878 12908
f 12897 12908 12898
f 12898 12908 12881
v 26.958 -4.405 -72.057
v 26.958 -4.991 -72.057
v 27.251 -4.224 -72.530
v 26.665 -4.224 -72.530
v 27.432 -4.698 -72.238
v 26.484 -4.698 -72.238
v 26.958 -4.991 -73.004
v 26.958 -4.405 -73.004
v 26.665 -5.172 -72.530
v 27.251 -5.172 -72.530
v 26.484 -4.698 -72.823
v 27.432 -4.698 -72.823
v 26.958 -4.698 -71.973
v 27.130 -4.248 -72.252
v 26.786 -4.248 -72.252
v 27.236 -4.526 -72.080
v 26.680 -4.526 -72.080
v 27.236 -4.870 -72.080
v 26.680 -4.870 -72.080
v 26.786 -5.148 -72.252
v 27.130 -5.148 -72.252
v 26.958 -4.141 -72.530
v 27.408 -4.420 -72.358
v 27.130 -4.248 -72.809
v 27.408 -4.420 -72.702
v 26.507 -4.420 -72.358
v 26.786 -4.248 -72.809
v 26.507 -4.420 -72.702
v 27.408 -4.976 -72.358
v 27.515 -4.698 -72.530
v 26.507 -4.976 -72.358
v 26.401 -4.698 -72.530
v 26.958 -4.698 -73.087
v 26.786 -5.148 -72.809
v 27.130 -5.148 -72.809
v 26.680 -4.870 -72.981
v 27.236 -4.870 -72.981
v 26.680 -4.526 -72.981
v 27.236 -4.526 -72.981
v 26.958 -5.255 -72.530
v 26.507 -4.976 -72.702
v 27.408 -4.976 -72.702
f 12913 12929 12925
f 12929 12918 12931
f 12929 12931 12925
f 12925 12931 12914
f 12913 12927 12929
f 12927 12916 12938
f 12927 12938 12929
f 12929 12938 12918
f 12913 12926 12927
f 12926 12915 12934
f 12926 12934 12927
f 12927 12934 12916
f 12913 12928 12926
f 12928 12917 12935
f 12928 12935 12926
f 12926 12935 12915
f 12913 12925 12928
f 12925 12914 12930
f 12925 12930 12928
f 12928 12930 12917
f 12914 12931 12932
f 12931 12918 12943
f 12931 12943 12932
f 12932 12943 12921
f 12918 12938 12944
f 12938 12916 12940
f 12938 12940 12944
f 12944 12940 12923
f 12916 12934 12939
f 12934 12915 12936
f 12934 12936 12939
f 12939 12936 12920
f 12915 12935 12937
f 12935 12917 12942
f 12935 12942 12937
f 12937 12942 12924
f 12917 12930 12941
f 12930 12914 12933
f 12930 12933 12941
f 12941 12933 12922
f 12920 12951 12945
f 12951 12924 12949
f 12951 12949 12945
f 12945 12949 12919
f 12924 12954 12949
f 12954 12922 12947
f 12954 12947 12949
f 12949 12947 12919
f 12922 12952 12947
f 12952 12921 12946
f 12952 12946 12947
f 12947 12946 12919
f 12921 12953 12946
f 12953 12923 12948
f 12953 12948 12946
f 12946 12948 12919
f 12923 12950 12948
f 12950 12920 12945
f 12950 12945 12948
f 12948 12945 12919
f 12915 12937 12936
f 12937 12924 12951
f 12937 12951 12936
f 12936 12951 12920
f 12917 12941 12942
f 12941 12922 12954
f 12941 12954 12942
f 12942 12954 12924
f 12914 12932 12933
f 12932 12921 12952
f 12932 12952 12933
f 12933 12952 12922
f 12918 12944 12943
f 12944 12923 12953
f 12944 12953 12943
f 12943 12953 12921
f 12916 12939 12940
f 12939 12920 12950
f 12939 12950 12940
f 12940 12950 12923
v 29.364 24.862 -82.368
v 29.364 24.255 -82.368
v 29.667 25.049 -82.859
v 29.061 25.049 -82.859
v 29.855 24.559 -82.555
v 28.873 24.559 -82.555
v 29.364 24.255 -83.349
v 29.364 24.862 -83.349
v 29.061 24.068 -82.859
v 29.667 24.068 -82.859
v 28.873 24.559 -83.162
v 29.855 24.559 -83.162
v 29.364 24.559 -82.282
v 29.542 25.025 -82.570
v 29.186 25.025 -82.570
v 29.652 24.737 -82.392
v 29.076 24.737 -82.392
v 29.652 24.380 -82.392
v 29.076 24.380 -82.392
v 29.186 24.092 -82.570
v 29.542 24.092 -82.570
v 29.364 25.135 -82.859
v 29.831 24.847 -82.680
v 29.542 25.025 -83.147
v 29.831 24.847 -83.037
v 28.897 24.847 -82.680
v 29.186 25.025 -83.147
v 28.897 24.847 -83.037
v 29.831 24.270 -82.680
v 29.941 24.559 -82.859
v 28.897 24.270 -82.680
v 28.787 24.559 -82.859
v 29.364 24.559 -83.436
v 29.186 24.092 -83.147
v 29.542 24.092 -83.147
v 29.076 24.380 -83.325
v 29.652 24.380 -83.325
v 29.076 24.737 -83.325
v 29.652 24.737 -83.325
v 29.364 23.982 -82.859
v 28.897 24.270 -83.037
v 29.831 24.270 -83.037
f 12955 12971 12967
f 12971 12960 12973
f 12971 12973 12967
f 12967 12973 12956
f 12955 12969 12971
f 12969 12958 12980
f 12969 12980 12971
f 12971 12980 12960
f 12955 12968 12969
f 12968 12957 12976
f 12968 12976 12969
f 12969 12976 12958
f 12955 12970 12968
f 12970 12959 12977
f 12970 12977 12968
f 12968 12977 12957
f 12955 12967 12970
f 12967 12956 12972
f 12967 12972 12970
f 12970 12972 12959
f 12956 12973 12974
f 12973 12960 12985
f 12973 12985 12974
f 12974 12985 12963
f 12960 12980 12986
f 12980 12958 12982
f 12980 12982 12986
f 12986 12982 12965
f 12958 12976 12981
f 12976 12957 12978
f 12976 12978 12981
f 12981 12978 12962
f 12957 12977 12979
f 12977 12959 12984
f 12977 12984 12979
f 12979 12984 12966
f 12959 12972 12983
f 12972 12956 12975
f 12972 12975 12983
f 12983 12975 12964
f 12962 12993 12987
f 12993 12966 12991
f 12993 12991 12987
f 12987 12991 12961
f 12966 12996 12991
f 12996 12964 12989
f 12996 12989 12991
f 12991 12989 12961
f 12964 12994 12989
f 12994 12963 12988
f 12994 12988 12989
f 12989 12988 12961
f 12963 12995 12988
f 12995 12965 12990
f 12995 12990 12988
f 12988 12990 12961
f 12965 12992 12990
f 12992 12962 12987
f 12992 12987 12990
f 12990 12987 12961
f 12957 12979 12978
f 12979 12966 12993
f 12979 12993 12978
f 12978 12993 12962
f 12959 12983 12984
f 12983 12964 12996
f 12983 12996 12984
f 12984 12996 12966
f 12956 12974 12975
f 12974 12963 12994
f 12974 12994 12975
f 12975 12994 12964
f 12960 12986 12985
f 12986 12965 12995
f 12986 12995 12985
f 12985 12995 12963
f 12958 12981 12982
f 12981 12962 12992
f 12981 12992 12982
f 12982 12992 12965
v -27.113 -28.473 -80.531
v -27.113 -29.014 -80.531
v -26.842 -28.306 -80.969
v -27.383 -28.306 -80.969
v -26.675 -28.743 -80.699
v -27.550 -28.743 -80.699
v -27.113 -29.014 -81.407
v -27.113 -28.473 -81.407
v -27.383 -29.181 -80.969
v -26.842 -29.181 -80.969
v -27.550 -28.743 -81.240
v -26.675 -28.743 -81.240
v -27.113 -28.743 -80.455
v -26.954 -28.327 -80.712
v -27.272 -28.327 -80.712
v -26.856 -28.584 -80.553
v -27.370 -28.584 -80.553
v -26.856 -28.902 -80.553
v -27.370 -28.902 -80.553
v -27.272 -29.159 -80.712
v -26.954 -29.159 -80.712
v -27.113 -28.229 -80.969
v -26.697 -28.486 -80.810
v -26.954 -28.327 -81.226
v -26.697 -28.486 -81.128
v -27.529 -28.486 -80.810
v -27.272 -28.327 -81.226
v -27.529 -28.486 -81.128
v -26.697 -29.000 -80.810
v -26.598 -28.743 -80.969
v -27.529 -29.000 -80.810
v -27.627 -28.743 -80.969
v -27.113 -28.743 -81.483
v -27.272 -29.159 -81.226
v -26.954 -29.159 -81.226
v -27.370 -28.902 -81.385
v -26.856 -28.902 -81.385
v -27.370 -28.584 -81.385
v -26.856 -28.584 -81.385
v -27.113 -29.258 -80.969
v -27.529 -29.000 -81.128
v -26.697 -29.000 -81.128
f 12997 13013 13009
f 13013 13002 13015
f 13013 13015 13009
f 13009 13015 12998
f 12997 13011 13013
f 13011 13000 13022
f 13011 13022 13013
f 13013 13022 13002
f 12997 13010 13011
f 13010 12999 13018
f 13010 13018 13011
f 13011 13018 13000
f 12997 13012 13010
f 13012 13001 13019
f 13012 13019 13010
f 13010 13019 12999
f 12997 13009 13012
f 13009 12998 13014
f 13009 13014 13012
f 13012 13014 13001
f 12998 13015 13016
f 13015 13002 13027
f 13015 13027 13016
f 13016 13027 13005
f 13002 13022 13028
f 13022 13000 13024
f 13022 13024 13028
f 13028 13024 13007
f 13000 13018 13023
f 13018 12999 13020
f 13018 13020 13023
f 13023 13020 13004
f 12999 13019 13021
f 13019 13001 13026
f 13019 13026 13021
f 13021 13026 13008
f 13001 13014 13025
f 13014 12998 13017
f 13014 13017 13025
f 13025 13017 13006
f 13004 13035 13029
f 13035 13008 13033
f 13035 13033 13029
f 13029 13033 13003
f 13008 13038 13033
f 13038 13006 13031
f 13038 13031 13033
f 13033 13031 13003
f 13006 13036 13031
f 13036 13005 13030
f 13036 13030 13031
f 13031 13030 13003
f 13005 13037 13030
f 13037 13007 13032
f 13037 13032 13030
f 13030 13032 13003
f 13007 13034 13032
f 13034 13004 13029
f 13034 13029 13032
f 13032 13029 13003
f 12999 13021 13020
f 13021 13008 13035
f 13021 13035 13020
f 13020 13035 13004
f 13001 13025 13026
f 13025 13006 13038
f 13025 13038 13026
f 13026 13038 13008
f 12998 13016 13017
f 13016 13005 13036
f 13016 13036 13017
f 13017 13036 13006
f 13002 13028 13027
f 13028 13007 13037
f 13028 13037 13027
f 13027 13037 13005
f 13000 13023 13024
f 13023 13004 13034
f 13023 13034 13024
f 13024 13034 13007
v -36.247 81.319 -70.237
v -36.247 80.778 -70.237
v -35.977 81.486 -70.674
v -36.518 81.486 -70.674
v -35.810 81.049 -70.404
v -36.685 81.049 -70.404
v -36.247 80.778 -71.112
v -36.247 81.319 -71.112
v -36.518 80.611 -70.674
v -35.977 80.611 -70.674
v -36.685 81.049 -70.945
v -35.810 81.049 -70.945
v -36.247 81.049 -70.160
v -36.088 81.465 -70.417
v -36.406 81.465 -70.417
v -35.990 81.208 -70.258
v -36.504 81.208 -70.258
v -35.990 80.890 -70.258
v -36.504 80.890 -70.258
v -36.406 80.632 -70.417
v -36.088 80.632 -70.417
v -36.247 81.563 -70.674
v -35.831 81.306 -70.515
v -36.088 81.465 -70.932
v -35.831 81.306 -70.833
v -36.663 81.306 -70.515
v -36.406 81.465 -70.932
v -36.663 81.306 -70.833
v -35.831 80.791 -70.515
v -35.733 81.049 -70.674
v -36.663 80.791 -70.515
v -36.762 81.049 -70.674
v -36.247 81.049 -71.189
v -36.406 80.632 -70.932
v -36.088 80.632 -70.932
v -36.504 80.890 -71.090
v -35.990 80.890 -71.090
v -36.504 81.208 -71.090
v -35.990 81.208 -71.090
v -36.247 80.534 -70.674
v -36.663 80.791 -70.833
v -35.831 80.791 -70.833
f 13039 13055 13051
f 13055 13044 13057
f 13055 13057 13051
f 13051 13057 13040
f 13039 13053 13055
f 13053 13042 13064
f 13053 13064 13055
f 13055 13064 13044
f 13039 13052 13053
f 13052 13041 13060
f 13052 13060 13053
f 13053 13060 13042
f 13039 13054 13052
f 13054 13043 13061
f 13054 13061 13052
f 13052 13061 13041
f 13039 13051 13054
f 13051 13040 13056
f 13051 13056 13054
f 13054 13056 13043
f 13040 13057 13058
f 13057 13044 13069
f 13057 13069 13058
f 13058 13069 13047
f 13044 13064 13070
f 13064 13042 13066
f 13064 13066 13070
f 13070 13066 13049
f 13042 13060 13065
f 13060 13041 13062
f 13060 13062 13065
f 13065 13062 13046
f 13041 13061 13063
f 13061 13043 13068
f 13061 13068 13063
f 13063 13068 13050
f 13043 13056 13067
f 13056 13040 13059
f 13056 13059 13067
f 13067 13059 13048
f 13046 13077 13071
f 13077 13050 13075
f 13077 13075 13071
f 13071 13075 13045
f 13050 13080 13075
f 13080 13048 13073
f 13080 13073 13075
f 13075 13073 13045
f 13048 13078 13073
f 13078 13047 13072
f 13078 13072 13073
f 13073 13072 13045
f 13047 13079 13072
f 13079 13049 13074
f 13079 13074 13072
f 13072 13074 13045
f 13049 13076 13074
f 13076 13046 13071
f 13076 13071 13074
f 13074 13071 13045
f 13041 13063 13062
f 13063 13050 13077
f 13063 13077 13062
f 13062 13077 13046
f 13043 13067 13068
f 13067 13048 13080
f 13067 13080 13068
f 13068 13080 13050
f 13040 13058 13059
f 13058 13047 13078
f 13058 13078 13059
f 13059 13078 13048
f 13044 13070 13069
f 13070 13049 13079
f 13070 13079 13069
f 13069 13079 13047
f 13042 13065 13066
f 13065 13046 13076
f 13065 13076 13066
f 13066 13076 13049
v -21.355 82.349 -74.921
v -21.355 81.742 -74.921
v -21.052 82.536 -75.412
v -21.658 82.536 -75.412
v -20.864 82.045 -75.109
v -21.846 82.045 -75.109
v -21.355 81.742 -75.903
v -21.355 82.349 -75.903
v -21.658 81.555 -75.412
v -21.052 81.555 -75.412
v -21.846 82.045 -75.715
v -20.864 82.045 -75.715
v -21.355 82.045 -74.835
v -21.177 82.512 -75.124
v -21.533 82.512 -75.124
v -21.067 82.224 -74.945
v -21.644 82.224 -74.945
v -21.067 81.867 -74.945
v -21.644 81.867 -74.945
v -21.533 81.579 -75.124
v -21.177 81.579 -75.124
v -21.355 82.622 -75.412
v -20.888 82.334 -75.234
v -21.177 82.512 -75.701
v -20.888 82.334 -75.590
v -21.822 82.334 -75.234
v -21.533 82.512 -75.701
v -21.822 82.334 -75.590
v -20.888 81.757 -75.234
v -20.778 82.045 -75.412
v -21.822 81.757 -75.234
v -21.932 82.045 -75.412
v -21.355 82.045 -75.989
v -21.533 81.579 -75.701
v -21.177 81.579 -75.701
v -21.644 81.867 -75.879
v -21.067 81.867 -75.879
v -21.644 82.224 -75.879
v -21.067 82.224 -75.879
v -21.355 81.469 -75.412
v -21.822 81.757 -75.590
v -20.888 81.757 -75.590
f 13081 13097 13093
f 13097 13086 13099
f 13097 13099 13093
f 13093 13099 13082
f 13081 13095 13097
f 13095 13084 13106
f 13095 13106 13097
f 13097 13106 13086
f 13081 13094 13095
f 13094 13083 13102
f 13094 13102 13095
f 13095 13102 13084
f 13081 13096 13094
f 13096 13085 13103
f 13096 13103 13094
f 13094 13103 13083
f 13081 13093 13096
f 13093 13082 13098
f 13093 13098 13096
f 13096 13098 13085
f 13082 13099 13100
f 13099 13086 13111
f 13099 13111 13100
f 13100 13111 13089
f 13086 13106 13112
f 13106 13084 13108
f 13106 13108 13112
f 13112 13108 13091
f 13084 13102 13107
f 13102 13083 13104
f 13102 13104 13107
f 13107 13104 13088
f 13083 13103 13105
f 13103 13085 13110
f 13103 13110 13105
f 13105 13110 13092
f 13085 13098 13109
f 13098 13082 13101
f 13098 13101 13109
f 13109 13101 13090
f 13088 13119 13113
f 13119 13092 13117
f 13119 13117 13113
f 13113 13117 13087
f 13092 13122 13117
f 13122 13090 13115
f 13122 13115 13117
f 13117 13115 13087
f 13090 13120 13115
f 13120 13089 13114
f 13120 13114 13115
f 13115 13114 13087
f 13089 13121 13114
f 13121 13091 13116
f 13121 13116 13114
f 13114 13116 13087
f 13091 13118 13116
f 13118 13088 13113
f 13118 13113 13116
f 13116 13113 13087
f 13083 13105 13104
f 13105 13092 13119
f 13105 13119 13104
f 13104 13119 13088
f 13085 13109 13110
f 13109 13090 13122
f 13109 13122 13110
f 13110 13122 13092
f 13082 13100 13101
f 13100 13089 13120
f 13100 13120 13101
f 13101 13120 13090
f 13086 13112 13111
f 13112 13091 13121
f 13112 13121 13111
f 13111 13121 13089
f 13084 13107 13108
f 13107 13088 13118
f 13107 13118 13108
f 13108 13118 13091
v -34.087 79.377 -61.062
v -34.087 78.730 -61.062
v -33.763 79.577 -61.585
v -34.410 79.577 -61.585
v -33.564 79.054 -61.261
v -34.610 79.054 -61.261
v -34.087 78.730 -62.108
v -34.087 79.377 -62.108
v -34.410 78.531 -61.585
v -33.763 78.531 -61.585
v -34.610 79.054 -61.908
v -33.564 79.054 -61.908
v -34.087 79.054 -60.970
v -33.897 79.551 -61.277
v -34.277 79.551 -61.277
v -33.779 79.244 -61.087
v -34.394 79.244 -61.087
v -33.779 78.864 -61.087
v -34.394 78.864 -61.087
v -34.277 78.556 -61.277
v -33.897 78.556 -61.277
v -34.087 79.669 -61.585
v -33.589 79.361 -61.395
v -33.897 79.551 -61.892
v -33.589 79.361 -61.775
v -34.584 79.361 -61.395
v -34.277 79.551 -61.892
v -34.584 79.361 -61.775
v -33.589 78.746 -61.395
v -33.472 79.054 -61.585
v -34.584 78.746 -61.395
v -34.702 79.054 -61.585
v -34.087 79.054 -62.200
v -34.277 78.556 -61.892
v -33.897 78.556 -61.892
v -34.394 78.864 -62.082
v -33.779 78.864 -62.082
v -34.394 79.244 -62.082
v -33.779 79.244 -62.082
v -34.087 78.439 -61.585
v -34.584 78.746 -61.775
v -33.589 78.746 -61.775
f 13123 13139 13135
f 13139 13128 13141
f 13139 13141 13135
f 13135 13141 13124
f 13123 13137 13139
f 13137 13126 13148
f 13137 13148 13139
f 13139 13148 13128
f 13123 13136 13137
f 13136 13125 13144
f 13136 13144 13137
f 13137 13144 13126
f 13123 13138 13136
f 13138 13127 13145
f 13138 13145 13136
f 13136 13145 13125
f 13123 13135 13138
f 13135 13124 13140
f 13135 13140 13138
f 13138 13140 13127
f 13124 13141 13142
f 13141 13128 13153
f 13141 13153 13142
f 13142 13153 13131
f 13128 13148 13154
f 13148 13126 13150
f 13148 13150 13154
f 13154 13150 13133
f 13126 13144 13149
f 13144 13125 13146
f 13144 13146 13149
f 13149 13146 13130
f 13125 13145 13147
f 13145 13127 13152
f 13145 13152 13147
f 13147 13152 13134
f 13127 13140 13151
f 13140 13124 13143
f 13140 13143 13151
f 13151 13143 13132
f 13130 13161 13155
f 13161 13134 13159
f 13161 13159 13155
f 13155 13159 13129
f 13134 13164 13159
f 13164 13132 13157
f 13164 13157 13159
f 13159 13157 13129
f 13132 13162 13157
f 13162 13131 13156
f 13162 13156 13157
f 13157 13156 13129
f 13131 13163 13156
f 13163 13133 13158
f 13163 13158 13156
f 13156 13158 13129
f 13133 13160 13158
f 13160 13130 13155
f 13160 13155 13158
f 13158 13155 13129
f 13125 13147 13146
f 13147 13134 13161
f 13147 13161 13146
f 13146 13161 13130
f 13127 13151 13152
f 13151 13132 13164
f 13151 13164 13152
f 13152 13164 13134
f 13124 13142 13143
f 13142 13131 13162
f 13142 13162 13143
f 13143 13162 13132
f 13128 13154 13153
f 13154 13133 13163
f 13154 13163 13153
f 13153 13163 13131
f 13126 13149 13150
f 13149 13130 13160
f 13149 13160 13150
f 13150 13160 13133
v 55.590 18.768 -52.917
v 55.590 18.183 -52.917
v 55.883 18.949 -53.391
v 55.298 18.949 -53.391
v 56.064 18.476 -53.098
v 55.117 18.476 -53.098
v 55.590 18.183 -53.864
v 55.590 18.768 -53.864
v 55.298 18.002 -53.391
v 55.883 18.002 -53.391
v 55.117 18.476 -53.683
v 56.064 18.476 -53.683
v 55.590 18.476 -52.834
v 55.762 18.926 -53.112
v 55.418 18.926 -53.112
v 55.869 18.648 -52.940
v 55.312 18.648 -52.940
v 55.869 18.304 -52.940
v 55.312 18.304 -52.940
v 55.418 18.025 -53.112
v 55.762 18.025 -53.112
v 55.590 19.032 -53.391
v 56.041 18.754 -53.218
v 55.762 18.926 -53.669
v 56.041 18.754 -53.563
v 55.140 18.754 -53.218
v 55.418 18.926 -53.669
v 55.140 18.754 -53.563
v 56.041 18.197 -53.218
v 56.147 18.476 -53.391
v 55.140 18.197 -53.218
v 55.034 18.476 -53.391
v 55.590 18.476 -53.947
v 55.418 18.025 -53.669
v 55.762 18.025 -53.669
v 55.312 18.304 -53.841
v 55.869 18.304 -53.841
v 55.312 18.648 -53.841
v 55.869 18.648 -53.841
v 55.590 17.919 -53.391
v 55.140 18.197 -53.563
v 56.041 18.197 -53.563
f 13165 13181 13177
f 13181 13170 13183
f 13181 13183 13177
f 13177 13183 13166
f 13165 13179 13181
f 13179 13168 13190
f 13179 13190 13181
f 13181 13190 13170
f 13165 13178 13179
f 13178 13167 13186
f 13178 13186 13179
f 13179 13186 13168
f 13165 13180 13178
f 13180 13169 13187
f 13180 13187 13178
f 13178 13187 13167
f 13165 13177 13180
f 13177 13166 13182
f 13177 13182 13180
f 13180 13182 13169
f 13166 13183 13184
f 13183 13170 13195
f 13183 13195 13184
f 13184 13195 13173
f 13170 13190 13196
f 13190 13168 13192
f 13190 13192 13196
f 13196 13192 13175
f 13168 13186 13191
f 13186 13167 13188
f 13186 13188 13191
f 13191 13188 13172
f 13167 13187 13189
f 13187 13169 13194
f 13187 13194 13189
f 13189 13194 13176
f 13169 13182 13193
f 13182 13166 13185
f 13182 13185 13193
f 13193 13185 13174
f 13172 13203 13197
f 13203 13176 13201
f 13203 13201 13197
f 13197 13201 13171
f 13176 13206 13201
f 13206 13174 13199
f 13206 13199 13201
f 13201 13199 13171
f 13174 13204 13199
f 13204 13173 13198
f 13204 13198 13199
f 13199 13198 13171
f 13173 13205 13198
f 13205 13175 13200
f 13205 13200 13198
f 13198 13200 13171
f 13175 13202 13200
f 13202 13172 13197
f 13202 13197 13200
f 13200 13197 13171
f 13167 13189 13188
f 13189 13176 13203
f 13189 13203 13188
f 13188 13203 13172
f 13169 13193 13194
f 13193 13174 13206
f 13193 13206 13194
f 13194 13206 13176
f 13166 13184 13185
f 13184 13173 13204
f 13184 13204 13185
f 13185 13204 13174
f 13170 13196 13195
f 13196 13175 13205
f 13196 13205 13195
f 13195 13205 13173
f 13168 13191 13192
f 13191 13172 13202
f 13191 13202 13192
f 13192 13202 13175
v 73.436 25.984 -53.590
v 73.436 25.444 -53.590
v 73.707 26.152 -54.027
v 73.166 26.152 -54.027
v 73.874 25.714 -53.757
v 72.998 25.714 -53.757
v 73.436 25.444 -54.465
v 73.436 25.984 -54.465
v 73.166 25.276 -54.027
v 73.707 25.276 -54.027
v 72.998 25.714 -54.298
v 73.874 25.714 -54.298
v 73.436 25.714 -53.513
v 73.595 26.130 -53.770
v 73.277 26.130 -53.770
v 73.693 25.873 -53.611
v 73.179 25.873 -53.611
v 73.693 25.555 -53.611
v 73.179 25.555 -53.611
v 73.277 25.298 -53.770
v 73.595 25.298 -53.770
v 73.436 26.228 -54.027
v 73.852 25.971 -53.868
v 73.595 26.130 -54.285
v 73.852 25.971 -54.186
v 73.020 25.971 -53.868
v 73.277 26.130 -54.285
v 73.020 25.971 -54.186
v 73.852 25.457 -53.868
v 73.951 25.714 -54.027
v 73.020 25.457 -53.868
v 72.922 25.714 -54.027
v 73.436 25.714 -54.542
v 73.277 25.298 -54.285
v 73.595 25.298 -54.285
v 73.179 25.555 -54.444
v 73.693 25.555 -54.444
v 73.179 25.873 -54.444
v 73.693 25.873 -54.444
v 73.436 25.200 -54.027
v 73.020 25.457 -54.186
v 73.852 25.457 -54.186
f 13207 13223 13219
f 13223 13212 13225
f 13223 13225 13219
f 13219 13225 13208
f 13207 13221 13223
f 13221 13210 13232
f 13221 13232 13223
f 13223 13232 13212
f 13207 13220 13221
f 13220 13209 13228
f 13220 13228 13221
f 13221 13228 13210
f 13207 13222 13220
f 13222 13211 13229
f 13222 13229 13220
f 13220 13229 13209
f 13207 13219 13222
f 13219 13208 13224
f 13219 13224 13222
f 13222 13224 13211
f 13208 13225 13226
f 13225 13212 13237
f 13225 13237 13226
f 13226 13237 13215
f 13212 13232 13238
f 13232 13210 13234
f 13232 13234 13238
f 13238 13234 13217
f 13210 13228 13233
f 13228 13209 13230
f 13228 13230 13233
f 13233 13230 13214
f 13209 13229 13231
f 13229 13211 13236
f 13229 13236 13231
f 13231 13236 13218
f 13211 13224 13235
f 13224 13208 13227
f 13224 13227 13235
f 13235 13227 13216
f 13214 13245 13239
f 13245 13218 13243
f 13245 13243 13239
f 13239 13243 13213
f 13218 13248 13243
f 13248 13216 13241
f 13248 13241 13243
f 13243 13241 13213
f 13216 13246 13241
f 13246 13215 13240
f 13246 13240 13241
f 13241 13240 13213
f 13215 13247 13240
f 13247 13217 13242
f 13247 13242 13240
f 13240 13242 13213
f 13217 13244 13242
f 13244 13214 13239
f 13244 13239 13242
f 13242 13239 13213
f 13209 13231 13230
f 13231 13218 13245
f 13231 13245 13230
f 13230 13245 13214
f 13211 13235 13236
f 13235 13216 13248
f 13235 13248 13236
f 13236 13248 13218
f 13208 13226 13227
f 13226 13215 13246
f 13226 13246 13227
f 13227 13246 13216
f 13212 13238 13237
f 13238 13217 13247
f 13238 13247 13237
f 13237 13247 13215
f 13210 13233 13234
f 13233 13214 13244
f 13233 13244 13234
f 13234 13244 13217
v -40.795 -41.970 -45.242
v -40.795 -42.597 -45.242
v -40.481 -41.777 -45.749
v -41.108 -41.777 -45.749
v -40.288 -42.284 -45.436
v -41.302 -42.284 -45.436
v -40.795 -42.597 -46.257
v -40.795 -41.970 -46.257
v -41.108 -42.791 -45.749
v -40.481 -42.791 -45.749
v -41.302 -42.284 -46.063
v -40.288 -42.284 -46.063
v -40.795 -42.284 -45.153
v -40.611 -41.801 -45.451
v -40.979 -41.801 -45.451
v -40.497 -42.099 -45.267
v -41.093 -42.099 -45.267
v -40.497 -42.468 -45.267
v -41.093 -42.468 -45.267
v -40.979 -42.766 -45.451
v -40.611 -42.766 -45.451
v -40.795 -41.687 -45.749
v -40.313 -41.986 -45.565
v -40.611 -41.801 -46.048
v -40.313 -41.986 -45.934
v -41.277 -41.986 -45.565
v -40.979 -41.801 -46.048
v -41.277 -41.986 -45.934
v -40.313 -42.582 -45.565
v -40.199 -42.284 -45.749
v -41.277 -42.582 -45.565
v -41.391 -42.284 -45.749
v -40.795 -42.284 -46.346
v -40.979 -42.766 -46.048
v -40.611 -42.766 -46.048
v -41.093 -42.468 -46.232
v -40.497 -42.468 -46.232
v -41.093 -42.099 -46.232
v -40.497 -42.099 -46.232
v -40.795 -42.880 -45.749
v -41.277 -42.582 -45.934
v -40.313 -42.582 -45.934
f 13249 13265 13261
f 13265 13254 13267
f 13265 13267 13261
f 13261 13267 13250
f 13249 13263 13265
f 13263 13252 13274
f 13263 13274 13265
f 13265 13274 13254
f 13249 13262 13263
f 13262 13251 13270
f 13262 13270 13263
f 13263 13270 13252
f 13249 13264 13262
f 13264 13253 13271
f 13264 13271 13262
f 13262 13271 13251
f 13249 13261 13264
f 13261 13250 13266
f 13261 13266 13264
f 13264 13266 13253
f 13250 13267 13268
f 13267 13254 13279
f 13267 13279 13268
f 13268 13279 13257
f 13254 13274 13280
f 13274 13252 13276
f 13274 13276 13280
f 13280 13276 13259
f 13252 13270 13275
f 13270 13251 13272
f 13270 13272 13275
f 13275 13272 13256
f 13251 13271 13273
f 13271 13253 13278
f 13271 13278 13273
f 13273 13278 13260
f 13253 13266 13277
f 13266 13250 13269
f 13266 13269 13277
f 13277 13269 13258
f 13256 13287 13281
f 13287 13260 13285
f 13287 13285 13281
f 13281 13285 13255
f 13260 13290 13285
f 13290 13258 13283
f 13290 13283 13285
f 13285 13283 13255
f 13258 13288 13283
f 13288 13257 13282
f 13288 13282 13283
f 13283 13282 13255
f 13257 13289 13282
f 13289 13259 13284
f 13289 13284 13282
f 13282 13284 13255
f 13259 13286 13284
f 13286 13256 13281
f 13286 13281 13284
f 13284 13281 13255
f 13251 13273 13272
f 13273 13260 13287
f 13273 13287 13272
f 13272 13287 13256
f 13253 13277 13278
f 13277 13258 13290
f 13277 13290 13278
f 13278 13290 13260
f 13250 13268 13269
f 13268 13257 13288
f 13268 13288 13269
f 13269 13288 13258
f 13254 13280 13279
f 13280 13259 13289
f 13280 13289 13279
f 13279 13289 13257
f 13252 13275 13276
f 13275 13256 13286
f 13275 13286 13276
f 13276 13286 13259
v -37.932 -43.356 -43.551
v -37.932 -43.897 -43.551
v -37.662 -43.189 -43.988
v -38.203 -43.189 -43.988
v -37.495 -43.627 -43.718
v -38.370 -43.627 -43.718
v -37.932 -43.897 -44.426
v -37.932 -43.356 -44.426
v -38.203 -44.064 -43.988
v -37.662 -44.064 -43.988
v -38.370 -43.627 -44.259
v -37.495 -43.627 -44.259
v -37.932 -43.627 -43.474
v -37.773 -43.211 -43.731
v -38.091 -43.211 -43.731
v -37.675 -43.468 -43.572
v -38.190 -43.468 -43.572
v -37.675 -43.786 -43.572
v -38.190 -43.786 -43.572
v -38.091 -44.043 -43.731
v -37.773 -44.043 -43.731
v -37.932 -43.112 -43.988
v -37.516 -43.370 -43.829
v -37.773 -43.211 -44.245
v -37.516 -43.370 -44.147
v -38.349 -43.370 -43.829
v -38.091 -43.211 -44.245
v -38.349 -43.370 -44.147
v -37.516 -43.884 -43.829
v -37.418 -43.627 -43.988
v -38.349 -43.884 -43.829
v -38.447 -43.627 -43.988
v -37.932 -43.627 -44.503
v -38.091 -44.043 -44.245
v -37.773 -44.043 -44.245
v -38.190 -43.786 -44.404
v -37.675 -43.786 -44.404
v -38.190 -43.468 -44.404
v -37.675 -43.468 -44.404
v -37.932 -44.141 -43.988
v -38.349 -43.884 -44.147
v -37.516 -43.884 -44.147
f 13291 13307 13303
f 13307 13296 13309
f 13307 13309 13303
f 13303 13309 13292
f 13291 13305 13307
f 13305 13294 13316
f 13305 13316 13307
f 13307 13316 13296
f 13291 13304 13305
f 13304 13293 13312
f 13304 13312 13305
f 13305 13312 13294
f 13291 13306 13304
f 13306 13295 13313
f 13306 13313 13304
f 13304 13313 13293
f 13291 13303 13306
f 13303 13292 13308
f 13303 13308 13306
f 13306 13308 13295
f 13292 13309 13310
f 13309 13296 13321
f 13309 13321 13310
f 13310 13321 13299
f 13296 13316 13322
f 13316 13294 13318
f 13316 13318 13322
f 13322 13318 13301
f 13294 13312 13317
f 13312 13293 13314
f 13312 13314 13317
f 13317 13314 13298
f 13293 13313 13315
f 13313 13295 13320
f 13313 13320 13315
f 13315 13320 13302
f 13295 13308 13319
f 13308 13292 13311
f 13308 13311 13319
f 13319 13311 13300
f 13298 13329 13323
f 13329 13302 13327
f 13329 13327 13323
f 13323 13327 13297
f 13302 13332 13327
f 13332 13300 13325
f 13332 13325 13327
f 13327 13325 13297
f 13300 13330 13325
f 13330 13299 13324
f 13330 13324 13325
f 13325 13324 13297
f 13299 13331 13324
f 13331 13301 13326
f 13331 13326 13324
f 13324 13326 13297
f 13301 13328 13326
f 13328 13298 13323
f 13328 13323 13326
f 13326 13323 13297
f 13293 13315 13314
f 13315 13302 13329
f 13315 13329 13314
f 13314 13329 13298
f 13295 13319 13320
f 13319 13300 13332
f 13319 13332 13320
f 13320 13332 13302
f 13292 13310 13311
f 13310 13299 13330
f 13310 13330 13311
f 13311 13330 13300
f 13296 13322 13321
f 13322 13301 13331
f 13322 13331 13321
f 13321 13331 13299
f 13294 13317 13318
f 13317 13298 13328
f 13317 13328 13318
f 13318 13328 13301
v 21.285 -27.452 -53.063
v 21.285 -28.038 -53.063
v 21.578 -27.271 -53.536
v 20.993 -27.271 -53.536
v 21.759 -27.745 -53.244
v 20.812 -27.745 -53.244
v 21.285 -28.038 -54.010
v 21.285 -27.452 -54.010
v 20.993 -28.218 -53.536
v 21.578 -28.218 -53.536
v 20.812 -27.745 -53.829
v 21.759 -27.745 -53.829
v 21.285 -27.745 -52.980
v 21.457 -27.294 -53.258
v 21.113 -27.294 -53.258
v 21.564 -27.573 -53.086
v 21.007 -27.573 -53.086
v 21.564 -27.917 -53.086
v 21.007 -27.917 -53.086
v 21.113 -28.195 -53.258
v 21.457 -28.195 -53.258
v 21.285 -27.188 -53.536
v 21.736 -27.466 -53.364
v 21.457 -27.294 -53.815
v 21.736 -27.466 -53.708
v 20.835 -27.466 -53.364
v 21.113 -27.294 -53.815
v 20.835 -27.466 -53.708
v 21.736 -28.023 -53.364
v 21.842 -27.745 -53.536
v 20.835 -28.023 -53.364
v 20.729 -27.745 -53.536
v 21.285 -27.745 -54.093
v 21.113 -28.195 -53.815
v 21.457 -28.195 -53.815
v 21.007 -27.917 -53.987
v 21.564 -27.917 -53.987
v 21.007 -27.573 -53.987
v 21.564 -27.573 -53.987
v 21.285 -28.302 -53.536
v 20.835 -28.023 -53.708
v 21.736 -28.023 -53.708
f 13333 13349 13345
f 13349 13338 13351
f 13349 13351 13345
f 13345 13351 13334
f 13333 13347 13349
f 13347 13336 13358
f 13347 13358 13349
f 13349 13358 13338
f 13333 13346 13347
f 13346 13335 13354
f 13346 13354 13347
f 13347 13354 13336
f 13333 13348 13346
f 13348 13337 13355
f 13348 13355 13346
f 13346 13355 13335
f 13333 13345 13348
f 13345 13334 13350
f 13345 13350 13348
f 13348 13350 13337
f 13334 13351 13352
f 13351 13338 13363
f 13351 13363 13352
f 13352 13363 13341
f 13338 13358 13364
f 13358 13336 13360
f 13358 13360 13364
f 13364 13360 13343
f 13336 13354 13359
f 13354 13335 13356
f 13354 13356 13359
f 13359 13356 13340
f 13335 13355 13357
f 13355 13337 13362
f 13355 13362 13357
f 13357 13362 13344
f 13337 13350 13361
f 13350 13334 13353
f 13350 13353 13361
f 13361 13353 13342
f 13340 13371 13365
f 13371 13344 13369
f 13371 13369 13365
f 13365 13369 13339
f 13344 13374 13369
f 13374 13342 13367
f 13374 13367 13369
f 13369 13367 13339
f 13342 13372 13367
f 13372 13341 13366
f 13372 13366 13367
f 13367 13366 13339
f 13341 13373 13366
f 13373 13343 13368
f 13373 13368 13366
f 13366 13368 13339
f 13343 13370 13368
f 13370 13340 13365
f 13370 13365 13368
f 13368 13365 13339
f 13335 13357 13356
f 13357 13344 13371
f 13357 13371 13356
f 13356 13371 13340
f 13337 13361 13362
f 13361 13342 13374
f 13361 13374 13362
f 13362 13374 13344
f 13334 13352 13353
f 13352 13341 13372
f 13352 13372 13353
f 13353 13372 13342
f 13338 13364 13363
f 13364 13343 13373
f 13364 13373 13363
f 13363 13373 13341
f 13336 13359 13360
f 13359 13340 13370
f 13359 13370 13360
f 13360 13370 13343
v 64.493 45.954 -51.440
v 64.493 45.368 -51.440
v 64.786 46.135 -51.914
v 64.200 46.135 -51.914
v 64.967 45.661 -51.621
v 64.019 45.661 -51.621
v 64.493 45.368 -52.388
v 64.493 45.954 -52.388
v 64.200 45.187 -51.914
v 64.786 45.187 -51.914
v 64.019 45.661 -52.207
v 64.967 45.661 -52.207
v 64.493 45.661 -51.357
v 64.665 46.111 -51.636
v 64.321 46.111 -51.636
v 64.771 45.833 -51.463
v 64.215 45.833 -51.463
v 64.771 45.489 -51.463
v 64.215 45.489 -51.463
v 64.321 45.210 -51.636
v 64.665 45.210 -51.636
v 64.493 46.218 -51.914
v 64.943 45.939 -51.742
v 64.665 46.111 -52.192
v 64.943 45.939 -52.086
v 64.043 45.939 -51.742
v 64.321 46.111 -52.192
v 64.043 45.939 -52.086
v 64.943 45.382 -51.742
v 65.050 45.661 -51.914
v 64.043 45.382 -51.742
v 63.936 45.661 -51.914
v 64.493 45.661 -52.471
v 64.321 45.210 -52.192
v 64.665 45.210 -52.192
v 64.215 45.489 -52.364
v 64.771 45.489 -52.364
v 64.215 45.833 -52.364
v 64.771 45.833 -52.364
v 64.493 45.104 -51.914
v 64.043 45.382 -52.086
v 64.943 45.382 -52.086
f 13375 13391 13387
f 13391 13380 13393
f 13391 13393 13387
f 13387 13393 13376
f 13375 13389 13391
f 13389 13378 13400
f 13389 13400 13391
f 13391 13400 13380
f 13375 13388 13389
f 13388 13377 13396
f 13388 13396 13389
f 13389 13396 13378
f 13375 13390 13388
f 13390 13379 13397
f 13390 13397 13388
f 13388 13397 13377
f 13375 13387 13390
f 13387 13376 13392
f 13387 13392 13390
f 13390 13392 13379
f 13376 13393 13394
f 13393 13380 13405
f 13393 13405 13394
f 13394 13405 13383
f 13380 13400 13406
f 13400 13378 13402
f 13400 13402 13406
f 13406 13402 13385
f 13378 13396 13401
f 13396 13377 13398
f 13396 13398 13401
f 13401 13398 13382
f 13377 13397 13399
f 13397 13379 13404
f 13397 13404 13399
f 13399 13404 13386
f 13379 13392 13403
f 13392 13376 13395
f 13392 13395 13403
f 13403 13395 13384
f 13382 13413 13407
f 13413 13386 13411
f 13413 13411 13407
f 13407 13411 13381
f 13386 13416 13411
f 13416 13384 13409
f 13416 13409 13411
f 13411 13409 13381
f 13384 13414 13409
f 13414 13383 13408
f 13414 13408 13409
f 13409 13408 13381
f 13383 13415 13408
f 13415 13385 13410
f 13415 13410 13408
f 13408 13410 13381
f 13385 13412 13410
f 13412 13382 13407
f 13412 13407 13410
f 13410 13407 13381
f 13377 13399 13398
f 13399 13386 13413
f 13399 13413 13398
f 13398 13413 13382
f 13379 13403 13404
f 13403 13384 13416
f 13403 13416 13404
f 13404 13416 13386
f 13376 13394 13395
f 13394 13383 13414
f 13394 13414 13395
f 13395 13414 13384
f 13380 13406 13405
f 13406 13385 13415
f 13406 13415 13405
f 13405 13415 13383
f 13378 13401 13402
f 13401 13382 13412
f 13401 13412 13402
f 13402 13412 13385
v 23.992 -36.921 -32.972
v 23.992 -37.528 -32.972
v 24.295 -36.734 -33.462
v 23.689 -36.734 -33.462
v 24.483 -37.224 -33.159
v 23.501 -37.224 -33.159
v 23.992 -37.528 -33.953
v 23.992 -36.921 -33.953
v 23.689 -37.715 -33.462
v 24.295 -37.715 -33.462
v 23.501 -37.224 -33.766
v 24.483 -37.224 -33.766
v 23.992 -37.224 -32.886
v 24.170 -36.758 -33.174
v 23.814 -36.758 -33.174
v 24.280 -37.046 -32.996
v 23.704 -37.046 -32.996
v 24.280 -37.403 -32.996
v 23.704 -37.403 -32.996
v 23.814 -37.691 -33.174
v 24.170 -37.691 -33.174
v 23.992 -36.648 -33.462
v 24.459 -36.936 -33.284
v 24.170 -36.758 -33.751
v 24.459 -36.936 -33.641
v 23.525 -36.936 -33.284
v 23.814 -36.758 -33.751
v 23.525 -36.936 -33.641
v 24.459 -37.513 -33.284
v 24.569 -37.224 -33.462
v 23.525 -37.513 -33.284
v 23.415 -37.224 -33.462
v 23.992 -37.224 -34.039
v 23.814 -37.691 -33.751
v 24.170 -37.691 -33.751
v 23.704 -37.403 -33.929
v 24.280 -37.403 -33.929
v 23.704 -37.046 -33.929
v 24.280 -37.046 -33.929
v 23.992 -37.801 -33.462
v 23.525 -37.513 -33.641
v 24.459 -37.513 -33.641
f 13417 13433 13429
f 13433 13422 13435
f 13433 13435 13429
f 13429 13435 13418
f 13417 13431 13433
f 13431 13420 13442
f 13431 13442 13433
f 13433 13442 13422
f 13417 13430 13431
f 13430 13419 13438
f 13430 13438 13431
f 13431 13438 13420
f 13417 13432 13430
f 13432 13421 13439
f 13432 13439 13430
f 13430 13439 13419
f 13417 13429 13432
f 13429 13418 13434
f 13429 13434 13432
f 13432 13434 13421
f 13418 13435 13436
f 13435 13422 13447
f 13435 13447 13436
f 13436 13447 13425
f 13422 13442 13448
f 13442 13420 13444
f 13442 13444 13448
f 13448 13444 13427
f 13420 13438 13443
f 13438 13419 13440
f 13438 13440 13443
f 13443 13440 13424
f 13419 13439 13441
f 13439 13421 13446
f 13439 13446 13441
f 13441 13446 13428
f 13421 13434 13445
f 13434 13418 13437
f 13434 13437 13445
f 13445 13437 13426
f 13424 13455 13449
f 13455 13428 13453
f 13455 13453 13449
f 13449 13453 13423
f 13428 13458 13453
f 13458 13426 13451
f 13458 13451 13453
f 13453 13451 13423
f 13426 13456 13451
f 13456 13425 13450
f 13456 13450 13451
f 13451 13450 13423
f 13425 13457 13450
f 13457 13427 13452
f 13457 13452 13450
f 13450 13452 13423
f 13427 13454 13452
f 13454 13424 13449
f 13454 13449 13452
f 13452 13449 13423
f 13419 13441 13440
f 13441 13428 13455
f 13441 13455 13440
f 13440 13455 13424
f 13421 13445 13446
f 13445 13426 13458
f 13445 13458 13446
f 13446 13458 13428
f 13418 13436 13437
f 13436 13425 13456
f 13436 13456 13437
f 13437 13456 13426
f 13422 13448 13447
f 13448 13427 13457
f 13448 13457 13447
f 13447 13457 13425
f 13420 13443 13444
f 13443 13424 13454
f 13443 13454 13444
f 13444 13454 13427
v -49.989 48.259 -39.155
v -49.989 47.718 -39.155
v -49.719 48.426 -39.592
v -50.260 48.426 -39.592
v -49.551 47.989 -39.322
v -50.427 47.989 -39.322
v -49.989 47.718 -40.030
v -49.989 48.259 -40.030
v -50.260 47.551 -39.592
v -49.719 47.551 -39.592
v -50.427 47.989 -39.863
v -49.551 47.989 -39.863
v -49.989 47.989 -39.078
v -49.830 48.405 -39.335
v -50.148 48.405 -39.335
v -49.732 48.148 -39.176
v -50.246 48.148 -39.176
v -49.732 47.830 -39.176
v -50.246 47.830 -39.176
v -50.148 47.572 -39.335
v -49.830 47.572 -39.335
v -49.989 48.503 -39.592
v -49.573 48.246 -39.433
v -49.830 48.405 -39.849
v -49.573 48.246 -39.751
v -50.405 48.246 -39.433
v -50.148 48.405 -39.849
v -50.405 48.246 -39.751
v -49.573 47.731 -39.433
v -49.475 47.989 -39.592
v -50.405 47.731 -39.433
v -50.503 47.989 -39.592
v -49.989 47.989 -40.107
v -50.148 47.572 -39.849
v -49.830 47.572 -39.849
v -50.246 47.830 -40.008
v -49.732 47.830 -40.008
v -50.246 48.148 -40.008
v -49.732 48.148 -40.008
v -49.989 47.474 -39.592
v -50.405 47.731 -39.751
v -49.573 47.731 -39.751
f 13459 13475 13471
f 13475 13464 13477
f 13475 13477 13471
f 13471 13477 13460
f 13459 13473 13475
f 13473 13462 13484
f 13473 13484 13475
f 13475 13484 13464
f 13459 13472 13473
f 13472 13461 13480
f 13472 13480 13473
f 13473 13480 13462
f 13459 13474 13472
f 13474 13463 13481
f 13474 13481 13472
f 13472 13481 13461
f 13459 13471 13474
f 13471 13460 13476
f 13471 13476 13474
f 13474 13476 13463
f 13460 13477 13478
f 13477 13464 13489
f 13477 13489 13478
f 13478 13489 13467
f 13464 13484 13490
f 13484 13462 13486
f 13484 13486 13490
f 13490 13486 13469
f 13462 13480 13485
f 13480 13461 13482
f 13480 13482 13485
f 13485 13482 13466
f 13461 13481 13483
f 13481 13463 13488
f 13481 13488 13483
f 13483 13488 13470
f 13463 13476 13487
f 13476 13460 13479
f 13476 13479 13487
f 13487 13479 13468
f 13466 13497 13491
f 13497 13470 13495
f 13497 13495 13491
f 13491 13495 13465
f 13470 13500 13495
f 13500 13468 13493
f 13500 13493 13495
f 13495 13493 13465
f 13468 13498 13493
f 13498 13467 13492
f 13498 13492 13493
f 13493 13492 13465
f 13467 13499 13492
f 13499 13469 13494
f 13499 13494 13492
f 13492 13494 13465
f 13469 13496 13494
f 13496 13466 13491
f 13496 13491 13494
f 13494 13491 13465
f 13461 13483 13482
f 13483 13470 13497
f 13483 13497 13482
f 13482 13497 13466
f 13463 13487 13488
f 13487 13468 13500
f 13487 13500 13488
f 13488 13500 13470
f 13460 13478 13479
f 13478 13467 13498
f 13478 13498 13479
f 13479 13498 13468
f 13464 13490 13489
f 13490 13469 13499
f 13490 13499 13489
f 13489 13499 13467
f 13462 13485 13486
f 13485 13466 13496
f 13485 13496 13486
f 13486 13496 13469
v 19.985 19.550 -36.253
v 19.985 19.009 -36.253
v 20.255 19.717 -36.690
v 19.714 19.717 -36.690
v 20.422 19.280 -36.420
v 19.547 19.280 -36.420
v 19.985 19.009 -37.128
v 19.985 19.550 -37.128
v 19.714 18.842 -36.690
v 20.255 18.842 -36.690
v 19.547 19.280 -36.961
v 20.422 19.280 -36.961
v 19.985 19.280 -36.176
v 20.144 19.696 -36.433
v 19.826 19.696 -36.433
v 20.242 19.439 -36.274
v 19.727 19.439 -36.274
v 20.242 19.121 -36.274
v 19.727 19.121 -36.274
v 19.826 18.863 -36.433
v 20.144 18.863 -36.433
v 19.985 19.794 -36.690
v 20.401 19.537 -36.531
v 20.144 19.696 -36.947
v 20.401 19.537 -36.849
v 19.568 19.537 -36.531
v 19.826 19.696 -36.947
v 19.568 19.537 -36.849
v 20.401 19.022 -36.531
v 20.499 19.280 -36.690
v 19.568 19.022 -36.531
v 19.470 19.280 -36.690
v 19.985 19.280 -37.205
v 19.826 18.863 -36.947
v 20.144 18.863 -36.947
v 19.727 19.121 -37.106
v 20.242 19.121 -37.106
v 19.727 19.439 -37.106
v 20.242 19.439 -37.106
v 19.985 18.765 -36.690
v 19.568 19.022 -36.849
v 20.401 19.022 -36.849
f 13501 13517 13513
f 13517 13506 13519
f 13517 13519 13513
f 13513 13519 13502
f 13501 13515 13517
f 13515 13504 13526
f 13515 13526 13517
f 13517 13526 13506
f 13501 13514 13515
f 13514 13503 13522
f 13514 13522 13515
f 13515 13522 13504
f 13501 13516 13514
f 13516 13505 13523
f 13516 13523 13514
f 13514 13523 13503
f 13501 13513 13516
f 13513 13502 13518
f 13513 13518 13516
f 13516 13518 13505
f 13502 13519 13520
f 13519 13506 13531
f 13519 13531 13520
f 13520 13531 13509
f 13506 13526 13532
f 13526 13504 13528
f 13526 13528 13532
f 13532 13528 13511
f 13504 13522 13527
f 13522 13503 13524
f 13522 13524 13527
f 13527 13524 13508
f 13503 13523 13525
f 13523 13505 13530
f 13523 13530 13525
f 13525 13530 13512
f 13505 13518 13529
f 13518 13502 13521
f 13518 13521 13529
f 13529 13521 13510
f 13508 13539 13533
f 13539 13512 13537
f 13539 13537 13533
f 13533 13537 13507
f 13512 13542 13537
f 13542 13510 13535
f 13542 13535 13537
f 13537 13535 13507
f 13510 13540 13535
f 13540 13509 13534
f 13540 13534 13535
f 13535 13534 13507
f 13509 13541 13534
f 13541 13511 13536
f 13541 13536 13534
f 13534 13536 13507
f 13511 13538 13536
f 13538 13508 13533
f 13538 13533 13536
f 13536 13533 13507
f 13503 13525 13524
f 13525 13512 13539
f 13525 13539 13524
f 13524 13539 13508
f 13505 13529 13530
f 13529 13510 13542
f 13529 13542 13530
f 13530 13542 13512
f 13502 13520 13521
f 13520 13509 13540
f 13520 13540 13521
f 13521 13540 13510
f 13506 13532 13531
f 13532 13511 13541
f 13532 13541 13531
f 13531 13541 13509
f 13504 13527 13528
f 13527 13508 13538
f 13527 13538 13528
f 13528 13538 13511
v -68.192 -3.336 -31.579
v -68.192 -3.963 -31.579
v -67.879 -3.142 -32.086
v -68.506 -3.142 -32.086
v -67.685 -3.649 -31.772
v -68.699 -3.649 -31.772
v -68.192 -3.963 -32.593
v -68.192 -3.336 -32.593
v -68.506 -4.157 -32.086
v -67.879 -4.157 -32.086
v -68.699 -3.649 -32.399
v -67.685 -3.649 -32.399
v -68.192 -3.649 -31.490
v -68.008 -3.167 -31.788
v -68.377 -3.167 -31.788
v -67.894 -3.465 -31.604
v -68.490 -3.465 -31.604
v -67.894 -3.834 -31.604
v -68.490 -3.834 -31.604
v -68.377 -4.132 -31.788
v -68.008 -4.132 -31.788
v -68.192 -3.053 -32.086
v -67.710 -3.351 -31.902
v -68.008 -3.167 -32.384
v -67.710 -3.351 -32.270
v -68.675 -3.351 -31.902
v -68.377 -3.167 -32.384
v -68.675 -3.351 -32.270
v -67.710 -3.948 -31.902
v -67.596 -3.649 -32.086
v -68.675 -3.948 -31.902
v -68.789 -3.649 -32.086
v -68.192 -3.649 -32.682
v -68.377 -4.132 -32.384
v -68.008 -4.132 -32.384
v -68.490 -3.834 -32.568
v -67.894 -3.834 -32.568
v -68.490 -3.465 -32.568
v -67.894 -3.465 -32.568
v -68.192 -4.246 -32.086
v -68.675 -3.948 -32.270
v -67.710 -3.948 -32.270
f 13543 13559 13555
f 13559 13548 13561
f 13559 13561 13555
f 13555 13561 13544
f 13543 13557 13559
f 13557 13546 13568
f 13557 13568 13559
f 13559 13568 13548
f 13543 13556 13557
f 13556 13545 13564
f 13556 13564 13557
f 13557 13564 13546
f 13543 13558 13556
f 13558 13547 13565
f 13558 13565 13556
f 13556 13565 13545
f 13543 13555 13558
f 13555 13544 13560
f 13555 13560 13558
f 13558 13560 13547
f 13544 13561 13562
f 13561 13548 13573
f 13561 13573 13562
f 13562 13573 13551
f 13548 13568 13574
f 13568 13546 13570
f 13568 13570 13574
f 13574 13570 13553
f 13546 13564 13569
f 13564 13545 13566
f 13564 13566 13569
f 13569 13566 13550
f 13545 13565 13567
f 13565 13547 13572
f 13565 13572 13567
f 13567 13572 13554
f 13547 13560 13571
f 13560 13544 13563
f 13560 13563 13571
f 13571 13563 13552
f 13550 13581 13575
f 13581 13554 13579
f 13581 13579 13575
f 13575 13579 13549
f 13554 13584 13579
f 13584 13552 13577
f 13584 13577 13579
f 13579 13577 13549
f 13552 13582 13577
f 13582 13551 13576
f 13582 13576 13577
f 13577 13576 13549
f 13551 13583 13576
f 13583 13553 13578
f 13583 13578 13576
f 13576 13578 13549
f 13553 13580 13578
f 13580 13550 13575
f 13580 13575 13578
f 13578 13575 13549
f 13545 13567 13566
f 13567 13554 13581
f 13567 13581 13566
f 13566 13581 13550
f 13547 13571 13572
f 13571 13552 13584
f 13571 13584 13572
f 13572 13584 13554
f 13544 13562 13563
f 13562 13551 13582
f 13562 13582 13563
f 13563 13582 13552
f 13548 13574 13573
f 13574 13553 13583
f 13574 13583 13573
f 13573 13583 13551
f 13546 13569 13570
f 13569 13550 13580
f 13569 13580 13570
f 13570 13580 13553
v -56.336 34.301 -32.326
v -56.336 33.654 -32.326
v -56.013 34.501 -32.849
v -56.659 34.501 -32.849
v -55.813 33.977 -32.526
v -56.859 33.977 -32.526
v -56.336 33.654 -33.372
v -56.336 34.301 -33.372
v -56.659 33.454 -32.849
v -56.013 33.454 -32.849
v -56.859 33.977 -33.172
v -55.813 33.977 -33.172
v -56.336 33.977 -32.234
v -56.146 34.475 -32.542
v -56.526 34.475 -32.542
v -56.029 34.168 -32.352
v -56.644 34.168 -32.352
v -56.029 33.787 -32.352
v -56.644 33.787 -32.352
v -56.526 33.480 -32.542
v -56.146 33.480 -32.542
v -56.336 34.593 -32.849
v -55.838 34.285 -32.659
v -56.146 34.475 -33.157
v -55.838 34.285 -33.039
v -56.834 34.285 -32.659
v -56.526 34.475 -33.157
v -56.834 34.285 -33.039
v -55.838 33.670 -32.659
v -55.721 33.977 -32.849
v -56.834 33.670 -32.659
v -56.951 33.977 -32.849
v -56.336 33.977 -33.464
v -56.526 33.480 -33.157
v -56.146 33.480 -33.157
v -56.644 33.787 -33.347
v -56.029 33.787 -33.347
v -56.644 34.168 -33.347
v -56.029 34.168 -33.347
v -56.336 33.362 -32.849
v -56.834 33.670 -33.039
v -55.838 33.670 -33.039
f 13585 13601 13597
f 13601 13590 13603
f 13601 13603 13597
f 13597 13603 13586
f 13585 13599 13601
f 13599 13588 13610
f 13599 13610 13601
f 13601 13610 13590
f 13585 13598 13599
f 13598 13587 13606
f 13598 13606 13599
f 13599 13606 13588
f 13585 13600 13598
f 13600 13589 13607
f 13600 13607 13598
f 13598 13607 13587
f 13585 13597 13600
f 13597 13586 13602
f 13597 13602 13600
f 13600 13602 13589
f 13586 13603 13604
f 13603 13590 13615
f 13603 13615 13604
f 13604 13615 13593
f 13590 13610 13616
f 13610 13588 13612
f 13610 13612 13616
f 13616 13612 13595
f 13588 13606 13611
f 13606 13587 13608
f 13606 13608 13611
f 13611 13608 13592
f 13587 13607 13609
f 13607 13589 13614
f 13607 13614 13609
f 13609 13614 13596
f 13589 13602 13613
f 13602 13586 13605
f 13602 13605 13613
f 13613 13605 13594
f 13592 13623 13617
f 13623 13596 13621
f 13623 13621 13617
f 13617 13621 13591
f 13596 13626 13621
f 13626 13594 13619
f 13626 13619 13621
f 13621 13619 13591
f 13594 13624 13619
f 13624 13593 13618
f 13624 13618 13619
f 13619 13618 13591
f 13593 13625 13618
f 13625 13595 13620
f 13625 13620 13618
f 13618 13620 13591
f 13595 13622 13620
f 13622 13592 13617
f 13622 13617 13620
f 13620 13617 13591
f 13587 13609 13608
f 13609 13596 13623
f 13609 13623 13608
f 13608 13623 13592
f 13589 13613 13614
f 13613 13594 13626
f 13613 13626 13614
f 13614 13626 13596
f 13586 13604 13605
f 13604 13593 13624
f 13604 13624 13605
f 13605 13624 13594
f 13590 13616 13615
f 13616 13595 13625
f 13616 13625 13615
f 13615 13625 13593
f 13588 13611 13612
f 13611 13592 13622
f 13611 13622 13612
f 13612 13622 13595
v 25.798 -36.997 -22.411
v 25.798 -37.624 -22.411
v 26.112 -36.803 -22.918
v 25.485 -36.803 -22.918
v 26.305 -37.310 -22.605
v 25.291 -37.310 -22.605
v 25.798 -37.624 -23.426
v 25.798 -36.997 -23.426
v 25.485 -37.818 -22.918
v 26.112 -37.818 -22.918
v 25.291 -37.310 -23.232
v 26.305 -37.310 -23.232
v 25.798 -37.310 -22.322
v 25.983 -36.828 -22.620
v 25.614 -36.828 -22.620
v 26.096 -37.126 -22.436
v 25.500 -37.126 -22.436
v 26.096 -37.495 -22.436
v 25.500 -37.495 -22.436
v 25.614 -37.793 -22.620
v 25.983 -37.793 -22.620
v 25.798 -36.714 -22.918
v 26.281 -37.012 -22.734
v 25.983 -36.828 -23.217
v 26.281 -37.012 -23.103
v 25.316 -37.012 -22.734
v 25.614 -36.828 -23.217
v 25.316 -37.012 -23.103
v 26.281 -37.608 -22.734
v 26.395 -37.310 -22.918
v 25.316 -37.608 -22.734
v 25.202 -37.310 -22.918
v 25.798 -37.310 -23.515
v 25.614 -37.793 -23.217
v 25.983 -37.793 -23.217
v 25.500 -37.495 -23.401
v 26.096 -37.495 -23.401
v 25.500 -37.126 -23.401
v 26.096 -37.126 -23.401
v 25.798 -37.907 -22.918
v 25.316 -37.608 -23.103
v 26.281 -37.608 -23.103
f 13627 13643 13639
f 13643 13632 13645
f 13643 13645 13639
f 13639 13645 13628
f 13627 13641 13643
f 13641 13630 13652
f 13641 13652 13643
f 13643 13652 13632
f 13627 13640 13641
f 13640 13629 13648
f 13640 13648 13641
f 13641 13648 13630
f 13627 13642 13640
f 13642 13631 13649
f 13642 13649 13640
f 13640 13649 13629
f 13627 13639 13642
f 13639 13628 13644
f 13639 13644 13642
f 13642 13644 13631
f 13628 13645 13646
f 13645 13632 13657
f 13645 13657 13646
f 13646 13657 13635
f 13632 13652 13658
f 13652 13630 13654
f 13652 13654 13658
f 13658 13654 13637
f 13630 13648 13653
f 13648 13629 13650
f 13648 13650 13653
f 13653 13650 13634
f 13629 13649 13651
f 13649 13631 13656
f 13649 13656 13651
f 13651 13656 13638
f 13631 13644 13655
f 13644 13628 13647
f 13644 13647 13655
f 13655 13647 13636
f 13634 13665 13659
f 13665 13638 13663
f 13665 13663 13659
f 13659 13663 13633
f 13638 13668 13663
f 13668 13636 13661
f 13668 13661 13663
f 13663 13661 13633
f 13636 13666 13661
f 13666 13635 13660
f 13666 13660 13661
f 13661 13660 13633
f 13635 13667 13660
f 13667 13637 13662
f 13667 13662 13660
f 13660 13662 13633
f 13637 13664 13662
f 13664 13634 13659
f 13664 13659 13662
f 13662 13659 13633
f 13629 13651 13650
f 13651 13638 13665
f 13651 13665 13650
f 13650 13665 13634
f 13631 13655 13656
f 13655 13636 13668
f 13655 13668 13656
f 13656 13668 13638
f 13628 13646 13647
f 13646 13635 13666
f 13646 13666 13647
f 13647 13666 13636
f 13632 13658 13657
f 13658 13637 13667
f 13658 13667 13657
f 13657 13667 13635
f 13630 13653 13654
f 13653 13634 13664
f 13653 13664 13654
f 13654 13664 13637
v -6.551 5.151 -20.226
v -6.551 4.504 -20.226
v -6.228 5.351 -20.749
v -6.875 5.351 -20.749
v -6.028 4.828 -20.426
v -7.075 4.828 -20.426
v -6.551 4.504 -21.272
v -6.551 5.151 -21.272
v -6.875 4.304 -20.749
v -6.228 4.304 -20.749
v -7.075 4.828 -21.072
v -6.028 4.828 -21.072
v -6.551 4.828 -20.134
v -6.361 5.325 -20.441
v -6.741 5.325 -20.441
v -6.244 5.018 -20.251
v -6.859 5.018 -20.251
v -6.244 4.637 -20.251
v -6.859 4.637 -20.251
v -6.741 4.330 -20.441
v -6.361 4.330 -20.441
v -6.551 5.443 -20.749
v -6.054 5.135 -20.559
v -6.361 5.325 -21.056
v -6.054 5.135 -20.939
v -7.049 5.135 -20.559
v -6.741 5.325 -21.056
v -7.049 5.135 -20.939
v -6.054 4.520 -20.559
v -5.936 4.828 -20.749
v -7.049 4.520 -20.559
v -7.166 4.828 -20.749
v -6.551 4.828 -21.364
v -6.741 4.330 -21.056
v -6.361 4.330 -21.056
v -6.859 4.637 -21.246
v -6.244 4.637 -21.246
v -6.859 5.018 -21.246
v -6.244 5.018 -21.246
v -6.551 4.212 -20.749
v -7.049 4.520 -20.939
v -6.054 4.520 -20.939
f 13669 13685 13681
f 13685 13674 13687
f 13685 13687 13681
f 13681 13687 13670
f 13669 13683 13685
f 13683 13672 13694
f 13683 13694 13685
f 13685 13694 13674
f 13669 13682 13683
f 13682 13671 13690
f 13682 13690 13683
f 13683 13690 13672
f 13669 13684 13682
f 13684 13673 13691
f 13684 13691 13682
f 13682 13691 13671
f 13669 13681 13684
f 13681 13670 13686
f 13681 13686 13684
f 13684 13686 13673
f 13670 13687 13688
f 13687 13674 13699
f 13687 13699 13688
f 13688 13699 13677
f 13674 13694 13700
f 13694 13672 13696
f 13694 13696 13700
f 13700 13696 13679
f 13672 13690 13695
f 13690 13671 13692
f 13690 13692 13695
f 13695 13692 13676
f 13671 13691 13693
f 13691 13673 13698
f 13691 13698 13693
f 13693 13698 13680
f 13673 13686 13697
f 13686 13670 13689
f 13686 13689 13697
f 13697 13689 13678
f 13676 13707 13701
f 13707 13680 13705
f 13707 13705 13701
f 13701 13705 13675
f 13680 13710 13705
f 13710 13678 13703
f 13710 13703 13705
f 13705 13703 13675
f 13678 13708 13703
f 13708 13677 13702
f 13708 13702 13703
f 13703 13702 13675
f 13677 13709 13702
f 13709 13679 13704
f 13709 13704 13702
f 13702 13704 13675
f 13679 13706 13704
f 13706 13676 13701
f 13706 13701 13704
f 13704 13701 13675
f 13671 13693 13692
f 13693 13680 13707
f 13693 13707 13692
f 13692 13707 13676
f 13673 13697 13698
f 13697 13678 13710
f 13697 13710 13698
f 13698 13710 13680
f 13670 13688 13689
f 13688 13677 13708
f 13688 13708 13689
f 13689 13708 13678
f 13674 13700 13699
f 13700 13679 13709
f 13700 13709 13699
f 13699 13709 13677
f 13672 13695 13696
f 13695 13676 13706
f 13695 13706 13696
f 13696 13706 13679
v -11.350 14.935 -29.332
v -11.350 14.288 -29.332
v -11.027 15.134 -29.855
v -11.673 15.134 -29.855
v -10.827 14.611 -29.532
v -11.873 14.611 -29.532
v -11.350 14.288 -30.378
v -11.350 14.935 -30.378
v -11.673 14.088 -29.855
v -11.027 14.088 -29.855
v -11.873 14.611 -30.179
v -10.827 14.611 -30.179
v -11.350 14.611 -29.240
v -11.160 15.109 -29.548
v -11.540 15.109 -29.548
v -11.042 14.801 -29.358
v -11.657 14.801 -29.358
v -11.042 14.421 -29.358
v -11.657 14.421 -29.358
v -11.540 14.114 -29.548
v -11.160 14.114 -29.548
v -11.350 15.226 -29.855
v -10.852 14.919 -29.665
v -11.160 15.109 -30.163
v -10.852 14.919 -30.045
v -11.847 14.919 -29.665
v -11.540 15.109 -30.163
v -11.847 14.919 -30.045
v -10.852 14.304 -29.665
v -10.735 14.611 -29.855
v -11.847 14.304 -29.665
v -11.965 14.611 -29.855
v -11.350 14.611 -30.470
v -11.540 14.114 -30.163
v -11.160 14.114 -30.163
v -11.657 14.421 -30.353
v -11.042 14.421 -30.353
v -11.657 14.801 -30.353
v -11.042 14.801 -30.353
v -11.350 13.996 -29.855
v -11.847 14.304 -30.045
v -10.852 14.304 -30.045
f 13711 13727 13723
f 13727 13716 13729
f 13727 13729 13723
f 13723 13729 13712
f 13711 13725 13727
f 13725 13714 13736
f 13725 13736 13727
f 13727 13736 13716
f 13711 13724 13725
f 13724 13713 13732
f 13724 13732 13725
f 13725 13732 13714
f 13711 13726 13724
f 13726 13715 13733
f 13726 13733 13724
f 13724 13733 13713
f 13711 13723 13726
f 13723 13712 13728
f 13723 13728 13726
f 13726 13728 13715
f 13712 13729 13730
f 13729 13716 13741
f 13729 13741 13730
f 13730 13741 13719
f 13716 13736 13742
f 13736 13714 13738
f 13736 13738 13742
f 13742 13738 13721
f 13714 13732 13737
f 13732 13713 13734
f 13732 13734 13737
f 13737 13734 13718
f 13713 13733 13735
f 13733 13715 13740
f 13733 13740 13735
f 13735 13740 13722
f 13715 13728 13739
f 13728 13712 13731
f 13728 13731 13739
f 13739 13731 13720
f 13718 13749 13743
f 13749 13722 13747
f 13749 13747 13743
f 13743 13747 13717
f 13722 13752 13747
f 13752 13720 13745
f 13752 13745 13747
f 13747 13745 13717
f 13720 13750 13745
f 13750 13719 13744
f 13750 13744 13745
f 13745 13744 13717
f 13719 13751 13744
f 13751 13721 13746
f 13751 13746 13744
f 13744 13746 13717
f 13721 13748 13746
f 13748 13718 13743
f 13748 13743 13746
f 13746 13743 13717
f 13713 13735 13734
f 13735 13722 13749
f 13735 13749 13734
f 13734 13749 13718
f 13715 13739 13740
f 13739 13720 13752
f 13739 13752 13740
f 13740 13752 13722
f 13712 13730 13731
f 13730 13719 13750
f 13730 13750 13731
f 13731 13750 13720
f 13716 13742 13741
f 13742 13721 13751
f 13742 13751 13741
f 13741 13751 13719
f 13714 13737 13738
f 13737 13718 13748
f 13737 13748 13738
f 13738 13748 13721
v 60.157 -33.540 -15.408
v 60.157 -34.125 -15.408
v 60.450 -33.359 -15.881
v 59.865 -33.359 -15.881
v 60.631 -33.832 -15.589
v 59.684 -33.832 -15.589
v 60.157 -34.125 -16.355
v 60.157 -33.540 -16.355
v 59.865 -34.306 -15.881
v 60.450 -34.306 -15.881
v 59.684 -33.832 -16.174
v 60.631 -33.832 -16.174
v 60.157 -33.832 -15.325
v 60.329 -33.382 -15.603
v 59.985 -33.382 -15.603
v 60.436 -33.660 -15.431
v 59.879 -33.660 -15.431
v 60.436 -34.004 -15.431
v 59.879 -34.004 -15.431
v 59.985 -34.283 -15.603
v 60.329 -34.283 -15.603
v 60.157 -33.276 -15.881
v 60.608 -33.554 -15.709
v 60.329 -33.382 -16.160
v 60.608 -33.554 -16.054
v 59.707 -33.554 -15.709
v 59.985 -33.382 -16.160
v 59.707 -33.554 -16.054
v 60.608 -34.111 -15.709
v 60.714 -33.832 -15.881
v 59.707 -34.111 -15.709
v 59.600 -33.832 -15.881
v 60.157 -33.832 -16.438
v 59.985 -34.283 -16.160
v 60.329 -34.283 -16.160
v 59.879 -34.004 -16.332
v 60.436 -34.004 -16.332
v 59.879 -33.660 -16.332
v 60.436 -33.660 -16.332
v 60.157 -34.389 -15.881
v 59.707 -34.111 -16.054
v 60.608 -34.111 -16.054
f 13753 13769 13765
f 13769 13758 13771
f 13769 13771 13765
f 13765 13771 13754
f 13753 13767 13769
f 13767 13756 13778
f 13767 13778 13769
f 13769 13778 13758
f 13753 13766 13767
f 13766 13755 13774
f 13766 13774 13767
f 13767 13774 13756
f 13753 13768 13766
f 13768 13757 13775
f 13768 13775 13766
f 13766 13775 13755
f 13753 13765 13768
f 13765 13754 13770
f 13765 13770 13768
f 13768 13770 13757
f 13754 13771 13772
f 13771 13758 13783
f 13771 13783 13772
f 13772 13783 13761
f 13758 13778 13784
f 13778 13756 13780
f 13778 13780 13784
f 13784 13780 13763
f 13756 13774 13779
f 13774 13755 13776
f 13774 13776 13779
f 13779 13776 13760
f 13755 13775 13777
f 13775 13757 13782
f 13775 13782 13777
f 13777 13782 13764
f 13757 13770 13781
f 13770 13754 13773
f 13770 13773 13781
f 13781 13773 13762
f 13760 13791 13785
f 13791 13764 13789
f 13791 13789 13785
f 13785 13789 13759
f 13764 13794 13789
f 13794 13762 13787
f 13794 13787 13789
f 13789 13787 13759
f 13762 13792 13787
f 13792 13761 13786
f 13792 13786 13787
f 13787 13786 13759
f 13761 13793 13786
f 13793 13763 13788
f 13793 13788 13786
f 13786 13788 13759
f 13763 13790 13788
f 13790 13760 13785
f 13790 13785 13788
f 13788 13785 13759
f 13755 13777 13776
f 13777 13764 13791
f 13777 13791 13776
f 13776 13791 13760
f 13757 13781 13782
f 13781 13762 13794
f 13781 13794 13782
f 13782 13794 13764
f 13754 13772 13773
f 13772 13761 13792
f 13772 13792 13773
f 13773 13792 13762
f 13758 13784 13783
f 13784 13763 13793
f 13784 13793 13783
f 13783 13793 13761
f 13756 13779 13780
f 13779 13760 13790
f 13779 13790 13780
f 13780 13790 13763
v 57.632 -14.386 -25.072
v 57.632 -14.972 -25.072
v 57.925 -14.205 -25.545
v 57.339 -14.205 -25.545
v 58.105 -14.679 -25.252
v 57.158 -14.679 -25.252
v 57.632 -14.972 -26.019
v 57.632 -14.386 -26.019
v 57.339 -15.153 -25.545
v 57.925 -15.153 -25.545
v 57.158 -14.679 -25.838
v 58.105 -14.679 -25.838
v 57.632 -14.679 -24.988
v 57.804 -14.229 -25.267
v 57.460 -14.229 -25.267
v 57.910 -14.507 -25.095
v 57.353 -14.507 -25.095
v 57.910 -14.851 -25.095
v 57.353 -14.851 -25.095
v 57.460 -15.129 -25.267
v 57.804 -15.129 -25.267
v 57.632 -14.122 -25.545
v 58.082 -14.401 -25.373
v 57.804 -14.229 -25.824
v 58.082 -14.401 -25.717
v 57.181 -14.401 -25.373
v 57.460 -14.229 -25.824
v 57.181 -14.401 -25.717
v 58.082 -14.957 -25.373
v 58.189 -14.679 -25.545
v 57.181 -14.957 -25.373
v 57.075 -14.679 -25.545
v 57.632 -14.679 -26.102
v 57.460 -15.129 -25.824
v 57.804 -15.129 -25.824
v 57.353 -14.851 -25.996
v 57.910 -14.851 -25.996
v 57.353 -14.507 -25.996
v 57.910 -14.507 -25.996
v 57.632 -15.236 -25.545
v 57.181 -14.957 -25.717
v 58.082 -14.957 -25.717
f 13795 13811 13807
f 13811 13800 13813
f 13811 13813 13807
f 13807 13813 13796
f 13795 13809 13811
f 13809 13798 13820
f 13809 13820 13811
f 13811 13820 13800
f 13795 13808 13809
f 13808 13797 13816
f 13808 13816 13809
f 13809 13816 13798
f 13795 13810 13808
f 13810 13799 13817
f 13810 13817 13808
f 13808 13817 13797
f 13795 13807 13810
f 13807 13796 13812
f 13807 13812 13810
f 13810 13812 13799
f 13796 13813 13814
f 13813 13800 13825
f 13813 13825 13814
f 13814 13825 13803
f 13800 13820 13826
f 13820 13798 13822
f 13820 13822 13826
f 13826 13822 13805
f 13798 13816 13821
f 13816 13797 13818
f 13816 13818 13821
f 13821 13818 13802
f 13797 13817 13819
f 13817 13799 13824
f 13817 13824 13819
f 13819 13824 13806
f 13799 13812 13823
f 13812 13796 13815
f 13812 13815 13823
f 13823 13815 13804
f 13802 13833 13827
f 13833 13806 13831
f 13833 13831 13827
f 13827 13831 13801
f 13806 13836 13831
f 13836 13804 13829
f 13836 13829 13831
f 13831 13829 13801
f 13804 13834 13829
f 13834 13803 13828
f 13834 13828 13829
f 13829 13828 13801
f 13803 13835 13828
f 13835 13805 13830
f 13835 13830 13828
f 13828 13830 13801
f 13805 13832 13830
f 13832 13802 13827
f 13832 13827 13830
f 13830 13827 13801
f 13797 13819 13818
f 13819 13806 13833
f 13819 13833 13818
f 13818 13833 13802
f 13799 13823 13824
f 13823 13804 13836
f 13823 13836 13824
f 13824 13836 13806
f 13796 13814 13815
f 13814 13803 13834
f 13814 13834 13815
f 13815 13834 13804
f 13800 13826 13825
f 13826 13805 13835
f 13826 13835 13825
f 13825 13835 13803
f 13798 13821 13822
f 13821 13802 13832
f 13821 13832 13822
f 13822 13832 13805
v 75.821 -13.983 -19.451
v 75.821 -14.568 -19.451
v 76.114 -13.802 -19.925
v 75.529 -13.802 -19.925
v 76.295 -14.276 -19.632
v 75.348 -14.276 -19.632
v 75.821 -14.568 -20.399
v 75.821 -13.983 -20.399
v 75.529 -14.749 -19.925
v 76.114 -14.749 -19.925
v 75.348 -14.276 -20.218
v 76.295 -14.276 -20.218
v 75.821 -14.276 -19.368
v 75.994 -13.825 -19.646
v 75.649 -13.825 -19.646
v 76.100 -14.103 -19.474
v 75.543 -14.103 -19.474
v 76.100 -14.448 -19.474
v 75.543 -14.448 -19.474
v 75.649 -14.726 -19.646
v 75.994 -14.726 -19.646
v 75.821 -13.719 -19.925
v 76.272 -13.997 -19.753
v 75.994 -13.825 -20.203
v 76.272 -13.997 -20.097
v 75.371 -13.997 -19.753
v 75.649 -13.825 -20.203
v 75.371 -13.997 -20.097
v 76.272 -14.554 -19.753
v 76.378 -14.276 -19.925
v 75.371 -14.554 -19.753
v 75.265 -14.276 -19.925
v 75.821 -14.276 -20.482
v 75.649 -14.726 -20.203
v 75.994 -14.726 -20.203
v 75.543 -14.448 -20.375
v 76.100 -14.448 -20.375
v 75.543 -14.103 -20.375
v 76.100 -14.103 -20.375
v 75.821 -14.832 -19.925
v 75.371 -14.554 -20.097
v 76.272 -14.554 -20.097
f 13837 13853 13849
f 13853 13842 13855
f 13853 13855 13849
f 13849 13855 13838
f 13837 13851 13853
f 13851 13840 13862
f 13851 13862 13853
f 13853 13862 13842
f 13837 13850 13851
f 13850 13839 13858
f 13850 13858 13851
f 13851 13858 13840
f 13837 13852 13850
f 13852 13841 13859
f 13852 13859 13850
f 13850 13859 13839
f 13837 13849 13852
f 13849 13838 13854
f 13849 13854 13852
f 13852 13854 13841
f 13838 13855 13856
f 13855 13842 13867
f 13855 13867 13856
f 13856 13867 13845
f 13842 13862 13868
f 13862 13840 13864
f 13862 13864 13868
f 13868 13864 13847
f 13840 13858 13863
f 13858 13839 13860
f 13858 13860 13863
f 13863 13860 13844
f 13839 13859 13861
f 13859 13841 13866
f 13859 13866 13861
f 13861 13866 13848
f 13841 13854 13865
f 13854 13838 13857
f 13854 13857 13865
f 13865 13857 13846
f 13844 13875 13869
f 13875 13848 13873
f 13875 13873 13869
f 13869 13873 13843
f 13848 13878 13873
f 13878 13846 13871
f 13878 13871 13873
f 13873 13871 13843
f 13846 13876 13871
f 13876 13845 13870
f 13876 13870 13871
f 13871 13870 13843
f 13845 13877 13870
f 13877 13847 13872
f 13877 13872 13870
f 13870 13872 13843
f 13847 13874 13872
f 13874 13844 13869
f 13874 13869 13872
f 13872 13869 13843
f 13839 13861 13860
f 13861 13848 13875
f 13861 13875 13860
f 13860 13875 13844
f 13841 13865 13866
f 13865 13846 13878
f 13865 13878 13866
f 13866 13878 13848
f 13838 13856 13857
f 13856 13845 13876
f 13856 13876 13857
f 13857 13876 13846
f 13842 13868 13867
f 13868 13847 13877
f 13868 13877 13867
f 13867 13877 13845
f 13840 13863 13864
f 13863 13844 13874
f 13863 13874 13864
f 13864 13874 13847
v 113.102 -13.497 -20.498
v 113.102 -14.061 -20.498
v 113.384 -13.323 -20.954
v 112.821 -13.323 -20.954
v 113.558 -13.779 -20.672
v 112.646 -13.779 -20.672
v 113.102 -14.061 -21.410
v 113.102 -13.497 -21.410
v 112.821 -14.235 -20.954
v 113.384 -14.235 -20.954
v 112.646 -13.779 -21.236
v 113.558 -13.779 -21.236
v 113.102 -13.779 -20.418
v 113.268 -13.346 -20.686
v 112.937 -13.346 -20.686
v 113.370 -13.614 -20.520
v 112.834 -13.614 -20.520
v 113.370 -13.945 -20.520
v 112.834 -13.945 -20.520
v 112.937 -14.213 -20.686
v 113.268 -14.213 -20.686
v 113.102 -13.243 -20.954
v 113.536 -13.511 -20.788
v 113.268 -13.346 -21.222
v 113.536 -13.511 -21.119
v 112.669 -13.511 -20.788
v 112.937 -13.346 -21.222
v 112.669 -13.511 -21.119
v 113.536 -14.047 -20.788
v 113.638 -13.779 -20.954
v 112.669 -14.047 -20.788
v 112.566 -13.779 -20.954
v 113.102 -13.779 -21.490
v 112.937 -14.213 -21.222
v 113.268 -14.213 -21.222
v 112.834 -13.945 -21.387
v 113.370 -13.945 -21.387
v 112.834 -13.614 -21.387
v 113.370 -13.614 -21.387
v 113.102 -14.315 -20.954
v 112.669 -14.047 -21.119
v 113.536 -14.047 -21.119
f 13879 13895 13891
f 13895 13884 13897
f 13895 13897 13891
f 13891 13897 13880
f 13879 13893 13895
f 13893 13882 13904
f 13893 13904 13895
f 13895 13904 13884
f 13879 13892 13893
f 13892 13881 13900
f 13892 13900 13893
f 13893 13900 13882
f 13879 13894 13892
f 13894 13883 13901
f 13894 13901 13892
f 13892 13901 13881
f 13879 13891 13894
f 13891 13880 13896
f 13891 13896 13894
f 13894 13896 13883
f 13880 13897 13898
f 13897 13884 13909
f 13897 13909 13898
f 13898 13909 13887
f 13884 13904 13910
f 13904 13882 13906
f 13904 13906 13910
f 13910 13906 13889
f 13882 13900 13905
f 13900 13881 13902
f 13900 13902 13905
f 13905 13902 13886
f 13881 13901 13903
f 13901 13883 13908
f 13901 13908 13903
f 13903 13908 13890
f 13883 13896 13907
f 13896 13880 13899
f 13896 13899 13907
f 13907 13899 13888
f 13886 13917 13911
f 13917 13890 13915
f 13917 13915 13911
f 13911 13915 13885
f 13890 13920 13915
f 13920 13888 13913
f 13920 13913 13915
f 13915 13913 13885
f 13888 13918 13913
f 13918 13887 13912
f 13918 13912 13913
f 13913 13912 13885
f 13887 13919 13912
f 13919 13889 13914
f 13919 13914 13912
f 13912 13914 13885
f 13889 13916 13914
f 13916 13886 13911
f 13916 13911 13914
f 13914 13911 13885
f 13881 13903 13902
f 13903 13890 13917
f 13903 13917 13902
f 13902 13917 13886
f 13883 13907 13908
f 13907 13888 13920
f 13907 13920 13908
f 13908 13920 13890
f 13880 13898 13899
f 13898 13887 13918
f 13898 13918 13899
f 13899 13918 13888
f 13884 13910 13909
f 13910 13889 13919
f 13910 13919 13909
f 13909 13919 13887
f 13882 13905 13906
f 13905 13886 13916
f 13905 13916 13906
f 13906 13916 13889
v 59.444 34.409 -24.059
v 59.444 33.868 -24.059
v 59.714 34.576 -24.496
v 59.173 34.576 -24.496
v 59.881 34.138 -24.226
v 59.006 34.138 -24.226
v 59.444 33.868 -24.934
v 59.444 34.409 -24.934
v 59.173 33.701 -24.496
v 59.714 33.701 -24.496
v 59.006 34.138 -24.767
v 59.881 34.138 -24.767
v 59.444 34.138 -23.982
v 59.603 34.554 -24.239
v 59.285 34.554 -24.239
v 59.701 34.297 -24.080
v 59.187 34.297 -24.080
v 59.701 33.979 -24.080
v 59.187 33.979 -24.080
v 59.285 33.722 -24.239
v 59.603 33.722 -24.239
v 59.444 34.653 -24.496
v 59.860 34.395 -24.337
v 59.603 34.554 -24.754
v 59.860 34.395 -24.655
v 59.028 34.395 -24.337
v 59.285 34.554 -24.754
v 59.028 34.395 -24.655
v 59.860 33.881 -24.337
v 59.958 34.138 -24.496
v 59.028 33.881 -24.337
v 58.929 34.138 -24.496
v 59.444 34.138 -25.011
v 59.285 33.722 -24.754
v 59.603 33.722 -24.754
v 59.187 33.979 -24.912
v 59.701 33.979 -24.912
v 59.187 34.297 -24.912
v 59.701 34.297 -24.912
v 59.444 33.624 -24.496
v 59.028 33.881 -24.655
v 59.860 33.881 -24.655
f 13921 13937 13933
f 13937 13926 13939
f 13937 13939 13933
f 13933 13939 13922
f 13921 13935 13937
f 13935 13924 13946
f 13935 13946 13937
f 13937 13946 13926
f 13921 13934 13935
f 13934 13923 13942
f 13934 13942 13935
f 13935 13942 13924
f 13921 13936 13934
f 13936 13925 13943
f 13936 13943 13934
f 13934 13943 13923
f 13921 13933 13936
f 13933 13922 13938
f 13933 13938 13936
f 13936 13938 13925
f 13922 13939 13940
f 13939 13926 13951
f 13939 13951 13940
f 13940 13951 13929
f 13926 13946 13952
f 13946 13924 13948
f 13946 13948 13952
f 13952 13948 13931
f 13924 13942 13947
f 13942 13923 13944
f 13942 13944 13947
f 13947 13944 13928
f 13923 13943 13945
f 13943 13925 13950
f 13943 13950 13945
f 13945 13950 13932
f 13925 13938 13949
f 13938 13922 13941
f 13938 13941 13949
f 13949 13941 13930
f 13928 13959 13953
f 13959 13932 13957
f 13959 13957 13953
f 13953 13957 13927
f 13932 13962 13957
f 13962 13930 13955
f 13962 13955 13957
f 13957 13955 13927
f 13930 13960 13955
f 13960 13929 13954
f 13960 13954 13955
f 13955 13954 13927
f 13929 13961 13954
f 13961 13931 13956
f 13961 13956 13954
f 13954 13956 13927
f 13931 13958 13956
f 13958 13928 13953
f 13958 13953 13956
f 13956 13953 13927
f 13923 13945 13944
f 13945 13932 13959
f 13945 13959 13944
f 13944 13959 13928
f 13925 13949 13950
f 13949 13930 13962
f 13949 13962 13950
f 13950 13962 13932
f 13922 13940 13941
f 13940 13929 13960
f 13940 13960 13941
f 13941 13960 13930
f 13926 13952 13951
f 13952 13931 13961
f 13952 13961 13951
f 13951 13961 13929
f 13924 13947 13948
f 13947 13928 13958
f 13947 13958 13948
f 13948 13958 13931
v 56.766 53.525 -31.437
v 56.766 52.962 -31.437
v 57.048 53.699 -31.893
v 56.485 53.699 -31.893
v 57.222 53.243 -31.611
v 56.310 53.243 -31.611
v 56.766 52.962 -32.349
v 56.766 53.525 -32.349
v 56.485 52.787 -31.893
v 57.048 52.787 -31.893
v 56.310 53.243 -32.174
v 57.222 53.243 -32.174
v 56.766 53.243 -31.357
v 56.932 53.677 -31.625
v 56.601 53.677 -31.625
v 57.034 53.409 -31.459
v 56.498 53.409 -31.459
v 57.034 53.078 -31.459
v 56.498 53.078 -31.459
v 56.601 52.810 -31.625
v 56.932 52.810 -31.625
v 56.766 53.779 -31.893
v 57.200 53.511 -31.727
v 56.932 53.677 -32.161
v 57.200 53.511 -32.058
v 56.333 53.511 -31.727
v 56.601 53.677 -32.161
v 56.333 53.511 -32.058
v 57.200 52.975 -31.727
v 57.302 53.243 -31.893
v 56.333 52.975 -31.727
v 56.230 53.243 -31.893
v 56.766 53.243 -32.429
v 56.601 52.810 -32.161
v 56.932 52.810 -32.161
v 56.498 53.078 -32.326
v 57.034 53.078 -32.326
v 56.498 53.409 -32.326
v 57.034 53.409 -32.326
v 56.766 52.707 -31.893
v 56.333 52.975 -32.058
v 57.200 52.975 -32.058
f 13963 13979 13975
f 13979 13968 13981
f 13979 13981 13975
f 13975 13981 13964
f 13963 13977 13979
f 13977 13966 13988
f 13977 13988 13979
f 13979 13988 13968
f 13963 13976 13977
f 13976 13965 13984
f 13976 13984 13977
f 13977 13984 13966
f 13963 13978 13976
f 13978 13967 13985
f 13978 13985 13976
f 13976 13985 13965
f 13963 13975 13978
f 13975 13964 13980
f 13975 13980 13978
f 13978 13980 13967
f 13964 13981 13982
f 13981 13968 13993
f 13981 13993 13982
f 13982 13993 13971
f 13968 13988 13994
f 13988 13966 13990
f 13988 13990 13994
f 13994 13990 13973
f 13966 13984 13989
f 13984 13965 13986
f 13984 13986 13989
f 13989 13986 13970
f 13965 13985 13987
f 13985 13967 13992
f 13985 13992 13987
f 13987 13992 13974
f 13967 13980 13991
f 13980 13964 13983
f 13980 13983 13991
f 13991 13983 13972
f 13970 14001 13995
f 14001 13974 13999
f 14001 13999 13995
f 13995 13999 13969
f 13974 14004 13999
f 14004 13972 13997
f 14004 13997 13999
f 13999 13997 13969
f 13972 14002 13997
f 14002 13971 13996
f 14002 13996 13997
f 13997 13996 13969
f 13971 14003 13996
f 14003 13973 13998
f 14003 13998 13996
f 13996 13998 13969
f 13973 14000 13998
f 14000 13970 13995
f 14000 13995 13998
f 13998 13995 13969
f 13965 13987 13986
f 13987 13974 14001
f 13987 14001 13986
f 13986 14001 13970
f 13967 13991 13992
f 13991 13972 14004
f 13991 14004 13992
f 13992 14004 13974
f 13964 13982 13983
f 13982 13971 14002
f 13982 14002 13983
f 13983 14002 13972
f 13968 13994 13993
f 13994 13973 14003
f 13994 14003 13993
f 13993 14003 13971
f 13966 13989 13990
f 13989 13970 14000
f 13989 14000 13990
f 13990 14000 13973
v 53.651 52.895 -27.590
v 53.651 52.289 -27.590
v 53.954 53.083 -28.081
v 53.348 53.083 -28.081
v 54.142 52.592 -27.778
v 53.160 52.592 -27.778
v 53.651 52.289 -28.572
v 53.651 52.895 -28.572
v 53.348 52.101 -28.081
v 53.954 52.101 -28.081
v 53.160 52.592 -28.384
v 54.142 52.592 -28.384
v 53.651 52.592 -27.504
v 53.829 53.059 -27.793
v 53.473 53.059 -27.793
v 53.940 52.770 -27.614
v 53.363 52.770 -27.614
v 53.940 52.414 -27.614
v 53.363 52.414 -27.614
v 53.473 52.125 -27.793
v 53.829 52.125 -27.793
v 53.651 53.169 -28.081
v 54.118 52.880 -27.903
v 53.829 53.059 -28.370
v 54.118 52.880 -28.259
v 53.184 52.880 -27.903
v 53.473 53.059 -28.370
v 53.184 52.880 -28.259
v 54.118 52.304 -27.903
v 54.228 52.592 -28.081
v 53.184 52.304 -27.903
v 53.074 52.592 -28.081
v 53.651 52.592 -28.658
v 53.473 52.125 -28.370
v 53.829 52.125 -28.370
v 53.363 52.414 -28.548
v 53.940 52.414 -28.548
v 53.363 52.770 -28.548
v 53.940 52.770 -28.548
v 53.651 52.015 -28.081
v 53.184 52.304 -28.259
v 54.118 52.304 -28.259
f 14005 14021 14017
f 14021 14010 14023
f 14021 14023 14017
f 14017 14023 14006
f 14005 14019 14021
f 14019 14008 14030
f 14019 14030 14021
f 14021 14030 14010
f 14005 14018 14019
f 14018 14007 14026
f 14018 14026 14019
f 14019 14026 14008
f 14005 14020 14018
f 14020 14009 14027
f 14020 14027 14018
f 14018 14027 14007
f 14005 14017 14020
f 14017 14006 14022
f 14017 14022 14020
f 14020 14022 14009
f 14006 14023 14024
f 14023 14010 14035
f 14023 14035 14024
f 14024 14035 14013
f 14010 14030 14036
f 14030 14008 14032
f 14030 14032 14036
f 14036 14032 14015
f 14008 14026 14031
f 14026 14007 14028
f 14026 14028 14031
f 14031 14028 14012
f 14007 14027 14029
f 14027 14009 14034
f 14027 14034 14029
f 14029 14034 14016
f 14009 14022 14033
f 14022 14006 14025
f 14022 14025 14033
f 14033 14025 14014
f 14012 14043 14037
f 14043 14016 14041
f 14043 14041 14037
f 14037 14041 14011
f 14016 14046 14041
f 14046 14014 14039
f 14046 14039 14041
f 14041 14039 14011
f 14014 14044 14039
f 14044 14013 14038
f 14044 14038 14039
f 14039 14038 14011
f 14013 14045 14038
f 14045 14015 14040
f 14045 14040 14038
f 14038 14040 14011
f 14015 14042 14040
f 14042 14012 14037
f 14042 14037 14040
f 14040 14037 14011
f 14007 14029 14028
f 14029 14016 14043
f 14029 14043 14028
f 14028 14043 14012
f 14009 14033 14034
f 14033 14014 14046
f 14033 14046 14034
f 14034 14046 14016
f 14006 14024 14025
f 14024 14013 14044
f 14024 14044 14025
f 14025 14044 14014
f 14010 14036 14035
f 14036 14015 14045
f 14036 14045 14035
f 14035 14045 14013
f 14008 14031 14032
f 14031 14012 14042
f 14031 14042 14032
f 14032 14042 14015
v 58.353 57.346 -27.245
v 58.353 56.805 -27.245
v 58.624 57.513 -27.682
v 58.083 57.513 -27.682
v 58.791 57.076 -27.412
v 57.916 57.076 -27.412
v 58.353 56.805 -28.120
v 58.353 57.346 -28.120
v 58.083 56.638 -27.682
v 58.624 56.638 -27.682
v 57.916 57.076 -27.953
v 58.791 57.076 -27.953
v 58.353 57.076 -27.168
v 58.512 57.492 -27.425
v 58.194 57.492 -27.425
v 58.611 57.234 -27.266
v 58.096 57.234 -27.266
v 58.611 56.917 -27.266
v 58.096 56.917 -27.266
v 58.194 56.659 -27.425
v 58.512 56.659 -27.425
v 58.353 57.590 -27.682
v 58.769 57.333 -27.523
v 58.512 57.492 -27.939
v 58.769 57.333 -27.841
v 57.937 57.333 -27.523
v 58.194 57.492 -27.939
v 57.937 57.333 -27.841
v 58.769 56.818 -27.523
v 58.868 57.076 -27.682
v 57.937 56.818 -27.523
v 57.839 57.076 -27.682
v 58.353 57.076 -28.197
v 58.194 56.659 -27.939
v 58.512 56.659 -27.939
v 58.096 56.917 -28.098
v 58.611 56.917 -28.098
v 58.096 57.234 -28.098
v 58.611 57.234 -28.098
v 58.353 56.561 -27.682
v 57.937 56.818 -27.841
v 58.769 56.818 -27.841
f 14047 14063 14059
f 14063 14052 14065
f 14063 14065 14059
f 14059 14065 14048
f 14047 14061 14063
f 14061 14050 14072
f 14061 14072 14063
f 14063 14072 14052
f 14047 14060 14061
f 14060 14049 14068
f 14060 14068 14061
f 14061 14068 14050
f 14047 14062 14060
f 14062 14051 14069
f 14062 14069 14060
f 14060 14069 14049
f 14047 14059 14062
f 14059 14048 14064
f 14059 14064 14062
f 14062 14064 14051
f 14048 14065 14066
f 14065 14052 14077
f 14065 14077 14066
f 14066 14077 14055
f 14052 14072 14078
f 14072 14050 14074
f 14072 14074 14078
f 14078 14074 14057
f 14050 14068 14073
f 14068 14049 14070
f 14068 14070 14073
f 14073 14070 14054
f 14049 14069 14071
f 14069 14051 14076
f 14069 14076 14071
f 14071 14076 14058
f 14051 14064 14075
f 14064 14048 14067
f 14064 14067 14075
f 14075 14067 14056
f 14054 14085 14079
f 14085 14058 14083
f 14085 14083 14079
f 14079 14083 14053
f 14058 14088 14083
f 14088 14056 14081
f 14088 14081 14083
f 14083 14081 14053
f 14056 14086 14081
f 14086 14055 14080
f 14086 14080 14081
f 14081 14080 14053
f 14055 14087 14080
f 14087 14057 14082
f 14087 14082 14080
f 14080 14082 14053
f 14057 14084 14082
f 14084 14054 14079
f 14084 14079 14082
f 14082 14079 14053
f 14049 14071 14070
f 14071 14058 14085
f 14071 14085 14070
f 14070 14085 14054
f 14051 14075 14076
f 14075 14056 14088
f 14075 14088 14076
f 14076 14088 14058
f 14048 14066 14067
f 14066 14055 14086
f 14066 14086 14067
f 14067 14086 14056
f 14052 14078 14077
f 14078 14057 14087
f 14078 14087 14077
f 14077 14087 14055
f 14050 14073 14074
f 14073 14054 14084
f 14073 14084 14074
f 14074 14084 14057
v -64.618 -0.657 -23.272
v -64.618 -1.243 -23.272
v -64.325 -0.477 -23.746
v -64.911 -0.477 -23.746
v -64.144 -0.950 -23.453
v -65.092 -0.950 -23.453
v -64.618 -1.243 -24.219
v -64.618 -0.657 -24.219
v -64.911 -1.424 -23.746
v -64.325 -1.424 -23.746
v -65.092 -0.950 -24.038
v -64.144 -0.950 -24.038
v -64.618 -0.950 -23.189
v -64.446 -0.500 -23.467
v -64.790 -0.500 -23.467
v -64.339 -0.778 -23.295
v -64.896 -0.778 -23.295
v -64.339 -1.122 -23.295
v -64.896 -1.122 -23.295
v -64.790 -1.401 -23.467
v -64.446 -1.401 -23.467
v -64.618 -0.393 -23.746
v -64.167 -0.672 -23.574
v -64.446 -0.500 -24.024
v -64.167 -0.672 -23.918
v -65.068 -0.672 -23.574
v -64.790 -0.500 -24.024
v -65.068 -0.672 -23.918
v -64.167 -1.229 -23.574
v -64.061 -0.950 -23.746
v -65.068 -1.229 -23.574
v -65.175 -0.950 -23.746
v -64.618 -0.950 -24.302
v -64.790 -1.401 -24.024
v -64.446 -1.401 -24.024
v -64.896 -1.122 -24.196
v -64.339 -1.122 -24.196
v -64.896 -0.778 -24.196
v -64.339 -0.778 -24.196
v -64.618 -1.507 -23.746
v -65.068 -1.229 -23.918
v -64.167 -1.229 -23.918
f 14089 14105 14101
f 14105 14094 14107
f 14105 14107 14101
f 14101 14107 14090
f 14089 14103 14105
f 14103 14092 14114
f 14103 14114 14105
f 14105 14114 14094
f 14089 14102 14103
f 14102 14091 14110
f 14102 14110 14103
f 14103 14110 14092
f 14089 14104 14102
f 14104 14093 14111
f 14104 14111 14102
f 14102 14111 14091
f 14089 14101 14104
f 14101 14090 14106
f 14101 14106 14104
f 14104 14106 14093
f 14090 14107 14108
f 14107 14094 14119
f 14107 14119 14108
f 14108 14119 14097
f 14094 14114 14120
f 14114 14092 14116
f 14114 14116 14120
f 14120 14116 14099
f 14092 14110 14115
f 14110 14091 14112
f 14110 14112 14115
f 14115 14112 14096
f 14091 14111 14113
f 14111 14093 14118
f 14111 14118 14113
f 14113 14118 14100
f 14093 14106 14117
f 14106 14090 14109
f 14106 14109 14117
f 14117 14109 14098
f 14096 14127 14121
f 14127 14100 14125
f 14127 14125 14121
f 14121 14125 14095
f 14100 14130 14125
f 14130 14098 14123
f 14130 14123 14125
f 14125 14123 14095
f 14098 14128 14123
f 14128 14097 14122
f 14128 14122 14123
f 14123 14122 14095
f 14097 14129 14122
f 14129 14099 14124
f 14129 14124 14122
f 14122 14124 14095
f 14099 14126 14124
f 14126 14096 14121
f 14126 14121 14124
f 14124 14121 14095
f 14091 14113 14112
f 14113 14100 14127
f 14113 14127 14112
f 14112 14127 14096
f 14093 14117 14118
f 14117 14098 14130
f 14117 14130 14118
f 14118 14130 14100
f 14090 14108 14109
f 14108 14097 14128
f 14108 14128 14109
f 14109 14128 14098
f 14094 14120 14119
f 14120 14099 14129
f 14120 14129 14119
f 14119 14129 14097
f 14092 14115 14116
f 14115 14096 14126
f 14115 14126 14116
f 14116 14126 14099
v 25.456 -50.949 -19.882
v 25.456 -51.490 -19.882
v 25.726 -50.782 -20.320
v 25.185 -50.782 -20.320
v 25.893 -51.220 -20.049
v 25.018 -51.220 -20.049
v 25.456 -51.490 -20.757
v 25.456 -50.949 -20.757
v 25.185 -51.657 -20.320
v 25.726 -51.657 -20.320
v 25.018 -51.220 -20.590
v 25.893 -51.220 -20.590
v 25.456 -51.220 -19.805
v 25.615 -50.803 -20.063
v 25.297 -50.803 -20.063
v 25.713 -51.061 -19.904
v 25.198 -51.061 -19.904
v 25.713 -51.379 -19.904
v 25.198 -51.379 -19.904
v 25.297 -51.636 -20.063
v 25.615 -51.636 -20.063
v 25.456 -50.705 -20.320
v 25.872 -50.962 -20.161
v 25.615 -50.803 -20.577
v 25.872 -50.962 -20.479
v 25.039 -50.962 -20.161
v 25.297 -50.803 -20.577
v 25.039 -50.962 -20.479
v 25.872 -51.477 -20.161
v 25.970 -51.220 -20.320
v 25.039 -51.477 -20.161
v 24.941 -51.220 -20.320
v 25.456 -51.220 -20.834
v 25.297 -51.636 -20.577
v 25.615 -51.636 -20.577
v 25.198 -51.379 -20.736
v 25.713 -51.379 -20.736
v 25.198 -51.061 -20.736
v 25.713 -51.061 -20.736
v 25.456 -51.734 -20.320
v 25.039 -51.477 -20.479
v 25.872 -51.477 -20.479
f 14131 14147 14143
f 14147 14136 14149
f 14147 14149 14143
f 14143 14149 14132
f 14131 14145 14147
f 14145 14134 14156
f 14145 14156 14147
f 14147 14156 14136
f 14131 14144 14145
f 14144 14133 14152
f 14144 14152 14145
f 14145 14152 14134
f 14131 14146 14144
f 14146 14135 14153
f 14146 14153 14144
f 14144 14153 14133
f 14131 14143 14146
f 14143 14132 14148
f 14143 14148 14146
f 14146 14148 14135
f 14132 14149 14150
f 14149 14136 14161
f 14149 14161 14150
f 14150 14161 14139
f 14136 14156 14162
f 14156 14134 14158
f 14156 14158 14162
f 14162 14158 14141
f 14134 14152 14157
f 14152 14133 14154
f 14152 14154 14157
f 14157 14154 14138
f 14133 14153 14155
f 14153 14135 14160
f 14153 14160 14155
f 14155 14160 14142
f 14135 14148 14159
f 14148 14132 14151
f 14148 14151 14159
f 14159 14151 14140
f 14138 14169 14163
f 14169 14142 14167
f 14169 14167 14163
f 14163 14167 14137
f 14142 14172 14167
f 14172 14140 14165
f 14172 14165 14167
f 14167 14165 14137
f 14140 14170 14165
f 14170 14139 14164
f 14170 14164 14165
f 14165 14164 14137
f 14139 14171 14164
f 14171 14141 14166
f 14171 14166 14164
f 14164 14166 14137
f 14141 14168 14166
f 14168 14138 14163
f 14168 14163 14166
f 14166 14163 14137
f 14133 14155 14154
f 14155 14142 14169
f 14155 14169 14154
f 14154 14169 14138
f 14135 14159 14160
f 14159 14140 14172
f 14159 14172 14160
f 14160 14172 14142
f 14132 14150 14151
f 14150 14139 14170
f 14150 14170 14151
f 14151 14170 14140
f 14136 14162 14161
f 14162 14141 14171
f 14162 14171 14161
f 14161 14171 14139
f 14134 14157 14158
f 14157 14138 14168
f 14157 14168 14158
f 14158 14168 14141
v -29.942 -29.737 -11.303
v -29.942 -30.278 -11.303
v -29.671 -29.570 -11.740
v -30.212 -29.570 -11.740
v -29.504 -30.008 -11.470
v -30.379 -30.008 -11.470
v -29.942 -30.278 -12.178
v -29.942 -29.737 -12.178
v -30.212 -30.445 -11.740
v -29.671 -30.445 -11.740
v -30.379 -30.008 -12.011
v -29.504 -30.008 -12.011
v -29.942 -30.008 -11.226
v -29.783 -29.592 -11.483
v -30.101 -29.592 -11.483
v -29.684 -29.849 -11.324
v -30.199 -29.849 -11.324
v -29.684 -30.167 -11.324
v -30.199 -30.167 -11.324
v -30.101 -30.424 -11.483
v -29.783 -30.424 -11.483
v -29.942 -29.493 -11.740
v -29.525 -29.750 -11.581
v -29.783 -29.592 -11.997
v -29.525 -29.750 -11.899
v -30.358 -29.750 -11.581
v -30.101 -29.592 -11.997
v -30.358 -29.750 -11.899
v -29.525 -30.265 -11.581
v -29.427 -30.008 -11.740
v -30.358 -30.265 -11.581
v -30.456 -30.008 -11.740
v -29.942 -30.008 -12.255
v -30.101 -30.424 -11.997
v -29.783 -30.424 -11.997
v -30.199 -30.167 -12.156
v -29.684 -30.167 -12.156
v -30.199 -29.849 -12.156
v -29.684 -29.849 -12.156
v -29.942 -30.522 -11.740
v -30.358 -30.265 -11.899
v -29.525 -30.265 -11.899
f 14173 14189 14185
f 14189 14178 14191
f 14189 14191 14185
f 14185 14191 14174
f 14173 14187 14189
f 14187 14176 14198
f 14187 14198 14189
f 14189 14198 14178
f 14173 14186 14187
f 14186 14175 14194
f 14186 14194 14187
f 14187 14194 14176
f 14173 14188 14186
f 14188 14177 14195
f 14188 14195 14186
f 14186 14195 14175
f 14173 14185 14188
f 14185 14174 14190
f 14185 14190 14188
f 14188 14190 14177
f 14174 14191 14192
f 14191 14178 14203
f 14191 14203 14192
f 14192 14203 14181
f 14178 14198 14204
f 14198 14176 14200
f 14198 14200 14204
f 14204 14200 14183
f 14176 14194 14199
f 14194 14175 14196
f 14194 14196 14199
f 14199 14196 14180
f 14175 14195 14197
f 14195 14177 14202
f 14195 14202 14197
f 14197 14202 14184
f 14177 14190 14201
f 14190 14174 14193
f 14190 14193 14201
f 14201 14193 14182
f 14180 14211 14205
f 14211 14184 14209
f 14211 14209 14205
f 14205 14209 14179
f 14184 14214 14209
f 14214 14182 14207
f 14214 14207 14209
f 14209 14207 14179
f 14182 14212 14207
f 14212 14181 14206
f 14212 14206 14207
f 14207 14206 14179
f 14181 14213 14206
f 14213 14183 14208
f 14213 14208 14206
f 14206 14208 14179
f 14183 14210 14208
f 14210 14180 14205
f 14210 14205 14208
f 14208 14205 14179
f 14175 14197 14196
f 14197 14184 14211
f 14197 14211 14196
f 14196 14211 14180
f 14177 14201 14202
f 14201 14182 14214
f 14201 14214 14202
f 14202 14214 14184
f 14174 14192 14193
f 14192 14181 14212
f 14192 14212 14193
f 14193 14212 14182
f 14178 14204 14203
f 14204 14183 14213
f 14204 14213 14203
f 14203 14213 14181
f 14176 14199 14200
f 14199 14180 14210
f 14199 14210 14200
f 14200 14210 14183
v -3.972 -8.823 -9.133
v -3.972 -9.450 -9.133
v -3.659 -8.629 -9.640
v -4.286 -8.629 -9.640
v -3.465 -9.137 -9.326
v -4.480 -9.137 -9.326
v -3.972 -9.450 -10.147
v -3.972 -8.823 -10.147
v -4.286 -9.644 -9.640
v -3.659 -9.644 -9.640
v -4.480 -9.137 -9.953
v -3.465 -9.137 -9.953
v -3.972 -9.137 -9.044
v -3.788 -8.654 -9.342
v -4.157 -8.654 -9.342
v -3.674 -8.952 -9.157
v -4.271 -8.952 -9.157
v -3.674 -9.321 -9.157
v -4.271 -9.321 -9.157
v -4.157 -9.619 -9.342
v -3.788 -9.619 -9.342
v -3.972 -8.540 -9.640
v -3.490 -8.839 -9.456
v -3.788 -8.654 -9.938
v -3.490 -8.839 -9.824
v -4.455 -8.839 -9.456
v -4.157 -8.654 -9.938
v -4.455 -8.839 -9.824
v -3.490 -9.435 -9.456
v -3.376 -9.137 -9.640
v -4.455 -9.435 -9.456
v -4.569 -9.137 -9.640
v -3.972 -9.137 -10.236
v -4.157 -9.619 -9.938
v -3.788 -9.619 -9.938
v -4.271 -9.321 -10.122
v -3.674 -9.321 -10.122
v -4.271 -8.952 -10.122
v -3.674 -8.952 -10.122
v -3.972 -9.733 -9.640
v -4.455 -9.435 -9.824
v -3.490 -9.435 -9.824
f 14215 14231 14227
f 14231 14220 14233
f 14231 14233 14227
f 14227 14233 14216
f 14215 14229 14231
f 14229 14218 14240
f 14229 14240 14231
f 14231 14240 14220
f 14215 14228 14229
f 14228 14217 14236
f 14228 14236 14229
f 14229 14236 14218
f 14215 14230 14228
f 14230 14219 14237
f 14230 14237 14228
f 14228 14237 14217
f 14215 14227 14230
f 14227 14216 14232
f 14227 14232 14230
f 14230 14232 14219
f 14216 14233 14234
f 14233 14220 14245
f 14233 14245 14234
f 14234 14245 14223
f 14220 14240 14246
f 14240 14218 14242
f 14240 14242 14246
f 14246 14242 14225
f 14218 14236 14241
f 14236 14217 14238
f 14236 14238 14241
f 14241 14238 14222
f 14217 14237 14239
f 14237 14219 14244
f 14237 14244 14239
f 14239 14244 14226
f 14219 14232 14243
f 14232 14216 14235
f 14232 14235 14243
f 14243 14235 14224
f 14222 14253 14247
f 14253 14226 14251
f 14253 14251 14247
f 14247 14251 14221
f 14226 14256 14251
f 14256 14224 14249
f 14256 14249 14251
f 14251 14249 14221
f 14224 14254 14249
f 14254 14223 14248
f 14254 14248 14249
f 14249 14248 14221
f 14223 14255 14248
f 14255 14225 14250
f 14255 14250 14248
f 14248 14250 14221
f 14225 14252 14250
f 14252 14222 14247
f 14252 14247 14250
f 14250 14247 14221
f 14217 14239 14238
f 14239 14226 14253
f 14239 14253 14238
f 14238 14253 14222
f 14219 14243 14244
f 14243 14224 14256
f 14243 14256 14244
f 14244 14256 14226
f 14216 14234 14235
f 14234 14223 14254
f 14234 14254 14235
f 14235 14254 14224
f 14220 14246 14245
f 14246 14225 14255
f 14246 14255 14245
f 14245 14255 14223
f 14218 14241 14242
f 14241 14222 14252
f 14241 14252 14242
f 14242 14252 14225
v -28.118 -20.521 -1.573
v -28.118 -21.062 -1.573
v -27.847 -20.354 -2.010
v -28.388 -20.354 -2.010
v -27.680 -20.791 -1.740
v -28.555 -20.791 -1.740
v -28.118 -21.062 -2.448
v -28.118 -20.521 -2.448
v -28.388 -21.229 -2.010
v -27.847 -21.229 -2.010
v -28.555 -20.791 -2.281
v -27.680 -20.791 -2.281
v -28.118 -20.791 -1.496
v -27.959 -20.375 -1.753
v -28.277 -20.375 -1.753
v -27.860 -20.632 -1.594
v -28.375 -20.632 -1.594
v -27.860 -20.950 -1.594
v -28.375 -20.950 -1.594
v -28.277 -21.207 -1.753
v -27.959 -21.207 -1.753
v -28.118 -20.277 -2.010
v -27.701 -20.534 -1.851
v -27.959 -20.375 -2.268
v -27.701 -20.534 -2.169
v -28.534 -20.534 -1.851
v -28.277 -20.375 -2.268
v -28.534 -20.534 -2.169
v -27.701 -21.049 -1.851
v -27.603 -20.791 -2.010
v -28.534 -21.049 -1.851
v -28.632 -20.791 -2.010
v -28.118 -20.791 -2.525
v -28.277 -21.207 -2.268
v -27.959 -21.207 -2.268
v -28.375 -20.950 -2.427
v -27.860 -20.950 -2.427
v -28.375 -20.632 -2.427
v -27.860 -20.632 -2.427
v -28.118 -21.306 -2.010
v -28.534 -21.049 -2.169
v -27.701 -21.049 -2.169
f 14257 14273 14269
f 14273 14262 14275
f 14273 14275 14269
f 14269 14275 14258
f 14257 14271 14273
f 14271 14260 14282
f 14271 14282 14273
f 14273 14282 14262
f 14257 14270 14271
f 14270 14259 14278
f 14270 14278 14271
f 14271 14278 14260
f 14257 14272 14270
f 14272 14261 14279
f 14272 14279 14270
f 14270 14279 14259
f 14257 14269 14272
f 14269 14258 14274
f 14269 14274 14272
f 14272 14274 14261
f 14258 14275 14276
f 14275 14262 14287
f 14275 14287 14276
f 14276 14287 14265
f 14262 14282 14288
f 14282 14260 14284
f 14282 14284 14288
f 14288 14284 14267
f 14260 14278 14283
f 14278 14259 14280
f 14278 14280 14283
f 14283 14280 14264
f 14259 14279 14281
f 14279 14261 14286
f 14279 14286 14281
f 14281 14286 14268
f 14261 14274 14285
f 14274 14258 14277
f 14274 14277 14285
f 14285 14277 14266
f 14264 14295 14289
f 14295 14268 14293
f 14295 14293 14289
f 14289 14293 14263
f 14268 14298 14293
f 14298 14266 14291
f 14298 14291 14293
f 14293 14291 14263
f 14266 14296 14291
f 14296 14265 14290
f 14296 14290 14291
f 14291 14290 14263
f 14265 14297 14290
f 14297 14267 14292
f 14297 14292 14290
f 14290 14292 14263
f 14267 14294 14292
f 14294 14264 14289
f 14294 14289 14292
f 14292 14289 14263
f 14259 14281 14280
f 14281 14268 14295
f 14281 14295 14280
f 14280 14295 14264
f 14261 14285 14286
f 14285 14266 14298
f 14285 14298 14286
f 14286 14298 14268
f 14258 14276 14277
f 14276 14265 14296
f 14276 14296 14277
f 14277 14296 14266
f 14262 14288 14287
f 14288 14267 14297
f 14288 14297 14287
f 14287 14297 14265
f 14260 14283 14284
f 14283 14264 14294
f 14283 14294 14284
f 14284 14294 14267
v -4.681 -28.550 -2.883
v -4.681 -29.157 -2.883
v -4.378 -28.363 -3.373
v -4.984 -28.363 -3.373
v -4.190 -28.853 -3.070
v -5.172 -28.853 -3.070
v -4.681 -29.157 -3.864
v -4.681 -28.550 -3.864
v -4.984 -29.344 -3.373
v -4.378 -29.344 -3.373
v -5.172 -28.853 -3.677
v -4.190 -28.853 -3.677
v -4.681 -28.853 -2.796
v -4.503 -28.387 -3.085
v -4.859 -28.387 -3.085
v -4.393 -28.675 -2.907
v -4.970 -28.675 -2.907
v -4.393 -29.032 -2.907
v -4.970 -29.032 -2.907
v -4.859 -29.320 -3.085
v -4.503 -29.320 -3.085
v -4.681 -28.277 -3.373
v -4.214 -28.565 -3.195
v -4.503 -28.387 -3.662
v -4.214 -28.565 -3.552
v -5.148 -28.565 -3.195
v -4.859 -28.387 -3.662
v -5.148 -28.565 -3.552
v -4.214 -29.142 -3.195
v -4.104 -28.853 -3.373
v -5.148 -29.142 -3.195
v -5.258 -28.853 -3.373
v -4.681 -28.853 -3.950
v -4.859 -29.320 -3.662
v -4.503 -29.320 -3.662
v -4.970 -29.032 -3.840
v -4.393 -29.032 -3.840
v -4.970 -28.675 -3.840
v -4.393 -28.675 -3.840
v -4.681 -29.430 -3.373
v -5.148 -29.142 -3.552
v -4.214 -29.142 -3.552
f 14299 14315 14311
f 14315 14304 14317
f 14315 14317 14311
f 14311 14317 14300
f 14299 14313 14315
f 14313 14302 14324
f 14313 14324 14315
f 14315 14324 14304
f 14299 14312 14313
f 14312 14301 14320
f 14312 14320 14313
f 14313 14320 14302
f 14299 14314 14312
f 14314 14303 14321
f 14314 14321 14312
f 14312 14321 14301
f 14299 14311 14314
f 14311 14300 14316
f 14311 14316 14314
f 14314 14316 14303
f 14300 14317 14318
f 14317 14304 14329
f 14317 14329 14318
f 14318 14329 14307
f 14304 14324 14330
f 14324 14302 14326
f 14324 14326 14330
f 14330 14326 14309
f 14302 14320 14325
f 14320 14301 14322
f 14320 14322 14325
f 14325 14322 14306
f 14301 14321 14323
f 14321 14303 14328
f 14321 14328 14323
f 14323 14328 14310
f 14303 14316 14327
f 14316 14300 14319
f 14316 14319 14327
f 14327 14319 14308
f 14306 14337 14331
f 14337 14310 14335
f 14337 14335 14331
f 14331 14335 14305
f 14310 14340 14335
f 14340 14308 14333
f 14340 14333 14335
f 14335 14333 14305
f 14308 14338 14333
f 14338 14307 14332
f 14338 14332 14333
f 14333 14332 14305
f 14307 14339 14332
f 14339 14309 14334
f 14339 14334 14332
f 14332 14334 14305
f 14309 14336 14334
f 14336 14306 14331
f 14336 14331 14334
f 14334 14331 14305
f 14301 14323 14322
f 14323 14310 14337
f 14323 14337 14322
f 14322 14337 14306
f 14303 14327 14328
f 14327 14308 14340
f 14327 14340 14328
f 14328 14340 14310
f 14300 14318 14319
f 14318 14307 14338
f 14318 14338 14319
f 14319 14338 14308
f 14304 14330 14329
f 14330 14309 14339
f 14330 14339 14329
f 14329 14339 14307
f 14302 14325 14326
f 14325 14306 14336
f 14325 14336 14326
f 14326 14336 14309
v 0.759 0.579 9.837
v 0.759 -0.192 9.837
v 1.144 0.817 9.213
v 0.373 0.817 9.213
v 1.383 0.193 9.599
v 0.135 0.193 9.599
v 0.759 -0.192 8.589
v 0.759 0.579 8.589
v 0.373 -0.431 9.213
v 1.144 -0.431 9.213
v 0.135 0.193 8.828
v 1.383 0.193 8.828
v 0.759 0.193 9.947
v 0.985 0.787 9.580
v 0.532 0.787 9.580
v 1.126 0.420 9.807
v 0.392 0.420 9.807
v 1.126 -0.034 9.807
v 0.392 -0.034 9.807
v 0.532 -0.400 9.580
v 0.985 -0.400 9.580
v 0.759 0.927 9.213
v 1.352 0.560 9.440
v 0.985 0.787 8.847
v 1.352 0.560 8.987
v 0.165 0.560 9.440
v 0.532 0.787 8.847
v 0.165 0.560 8.987
v 1.352 -0.174 9.440
v 1.492 0.193 9.213
v 0.165 -0.174 9.440
v 0.025 0.193 9.213
v 0.759 0.193 8.480
v 0.532 -0.400 8.847
v 0.985 -0.400 8.847
v 0.392 -0.034 8.620
v 1.126 -0.034 8.620
v 0.392 0.420 8.620
v 1.126 0.420 8.620
v 0.759 -0.540 9.213
v 0.165 -0.174 8.987
v 1.352 -0.174 8.987
usemtl mtl-003
f 14341 14357 14353
f 14357 14346 14359
f 14357 14359 14353
f 14353 14359 14342
f 14341 14355 14357
f 14355 14344 14366
f 14355 14366 14357
f 14357 14366 14346
f 14341 14354 14355
f 14354 14343 14362
f 14354 14362 14355
f 14355 14362 14344
f 14341 14356 14354
f 14356 14345 14363
f 14356 14363 14354
f 14354 14363 14343
f 14341 14353 14356
f 14353 14342 14358
f 14353 14358 14356
f 14356 14358 14345
f 14342 14359 14360
f 14359 14346 14371
f 14359 14371 14360
f 14360 14371 14349
f 14346 14366 14372
f 14366 14344 14368
f 14366 14368 14372
f 14372 14368 14351
f 14344 14362 14367
f 14362 14343 14364
f 14362 14364 14367
f 14367 14364 14348
f 14343 14363 14365
f 14363 14345 14370
f 14363 14370 14365
f 14365 14370 14352
f 14345 14358 14369
f 14358 14342 14361
f 14358 14361 14369
f 14369 14361 14350
f 14348 14379 14373
f 14379 14352 14377
f 14379 14377 14373
f 14373 14377 14347
f 14352 14382 14377
f 14382 14350 14375
f 14382 14375 14377
f 14377 14375 14347
f 14350 14380 14375
f 14380 14349 14374
f 14380 14374 14375
f 14375 14374 14347
f 14349 14381 14374
f 14381 14351 14376
f 14381 14376 14374
f 14374 14376 14347
f 14351 14378 14376
f 14378 14348 14373
f 14378 14373 14376
f 14376 14373 14347
f 14343 14365 14364
f 14365 14352 14379
f 14365 14379 14364
f 14364 14379 14348
f 14345 14369 14370
f 14369 14350 14382
f 14369 14382 14370
f 14370 14382 14352
f 14342 14360 14361
f 14360 14349 14380
f 14360 14380 14361
f 14361 14380 14350
f 14346 14372 14371
f 14372 14351 14381
f 14372 14381 14371
f 14371 14381 14349
f 14344 14367 14368
f 14367 14348 14378
f 14367 14378 14368
f 14368 14378 14351
v -10.942 12.423 16.623
v -10.942 11.757 16.623
v -10.609 12.629 16.084
v -11.275 12.629 16.084
v -10.403 12.090 16.417
v -11.480 12.090 16.417
v -10.942 11.757 15.546
v -10.942 12.423 15.546
v -11.275 11.552 16.084
v -10.609 11.552 16.084
v -11.480 12.090 15.751
v -10.403 12.090 15.751
v -10.942 12.090 16.718
v -10.746 12.603 16.401
v -11.137 12.603 16.401
v -10.625 12.286 16.597
v -11.258 12.286 16.597
v -10.625 11.895 16.597
v -11.258 11.895 16.597
v -11.137 11.578 16.401
v -10.746 11.578 16.401
v -10.942 12.724 16.084
v -10.429 12.407 16.280
v -10.746 12.603 15.768
v -10.429 12.407 15.889
v -11.454 12.407 16.280
v -11.137 12.603 15.768
v -11.454 12.407 15.889
v -10.429 11.774 16.280
v -10.308 12.090 16.084
v -11.454 11.774 16.280
v -11.575 12.090 16.084
v -10.942 12.090 15.451
v -11.137 11.578 15.768
v -10.746 11.578 15.768
v -11.258 11.895 15.572
v -10.625 11.895 15.572
v -11.258 12.286 15.572
v -10.625 12.286 15.572
v -10.942 11.457 16.084
v -11.454 11.774 15.889
v -10.429 11.774 15.889
f 14383 14399 14395
f 14399 14388 14401
f 14399 14401 14395
f 14395 14401 14384
f 14383 14397 14399
f 14397 14386 14408
f 14397 14408 14399
f 14399 14408 14388
f 14383 14396 14397
f 14396 14385 14404
f 14396 14404 14397
f 14397 14404 14386
f 14383 14398 14396
f 14398 14387 14405
f 14398 14405 14396
f 14396 14405 14385
f 14383 14395 14398
f 14395 14384 14400
f 14395 14400 14398
f 14398 14400 14387
f 14384 14401 14402
f 14401 14388 14413
f 14401 14413 14402
f 14402 14413 14391
f 14388 14408 14414
f 14408 14386 14410
f 14408 14410 14414
f 14414 14410 14393
f 14386 14404 14409
f 14404 14385 14406
f 14404 14406 14409
f 14409 14406 14390
f 14385 14405 14407
f 14405 14387 14412
f 14405 14412 14407
f 14407 14412 14394
f 14387 14400 14411
f 14400 14384 14403
f 14400 14403 14411
f 14411 14403 14392
f 14390 14421 14415
f 14421 14394 14419
f 14421 14419 14415
f 14415 14419 14389
f 14394 14424 14419
f 14424 14392 14417
f 14424 14417 14419
f 14419 14417 14389
f 14392 14422 14417
f 14422 14391 14416
f 14422 14416 14417
f 14417 14416 14389
f 14391 14423 14416
f 14423 14393 14418
f 14423 14418 14416
f 14416 14418 14389
f 14393 14420 14418
f 14420 14390 14415
f 14420 14415 14418
f 14418 14415 14389
f 14385 14407 14406
f 14407 14394 14421
f 14407 14421 14406
f 14406 14421 14390
f 14387 14411 14412
f 14411 14392 14424
f 14411 14424 14412
f 14412 14424 14394
f 14384 14402 14403
f 14402 14391 14422
f 14402 14422 14403
f 14403 14422 14392
f 14388 14414 14413
f 14414 14393 14423
f 14414 14423 14413
f 14413 14423 14391
f 14386 14409 14410
f 14409 14390 14420
f 14409 14420 14410
f 14410 14420 14393
v -21.404 -25.915 14.491
v -21.404 -26.581 14.491
v -21.071 -25.709 13.952
v -21.737 -25.709 13.952
v -20.866 -26.248 14.285
v -21.943 -26.248 14.285
v -21.404 -26.581 13.414
v -21.404 -25.915 13.414
v -21.737 -26.787 13.952
v -21.071 -26.787 13.952
v -21.943 -26.248 13.620
v -20.866 -26.248 13.620
v -21.404 -26.248 14.586
v -21.209 -25.735 14.269
v -21.600 -25.735 14.269
v -21.088 -26.052 14.465
v -21.721 -26.052 14.465
v -21.088 -26.444 14.465
v -21.721 -26.444 14.465
v -21.600 -26.760 14.269
v -21.209 -26.760 14.269
v -21.404 -25.615 13.952
v -20.892 -25.931 14.148
v -21.209 -25.735 13.636
v -20.892 -25.931 13.757
v -21.917 -25.931 14.148
v -21.600 -25.735 13.636
v -21.917 -25.931 13.757
v -20.892 -26.564 14.148
v -20.771 -26.248 13.952
v -21.917 -26.564 14.148
v -22.038 -26.248 13.952
v -21.404 -26.248 13.319
v -21.600 -26.760 13.636
v -21.209 -26.760 13.636
v -21.721 -26.444 13.440
v -21.088 -26.444 13.440
v -21.721 -26.052 13.440
v -21.088 -26.052 13.440
v -21.404 -26.881 13.952
v -21.917 -26.564 13.757
v -20.892 -26.564 13.757
f 14425 14441 14437
f 14441 14430 14443
f 14441 14443 14437
f 14437 14443 14426
f 14425 14439 14441
f 14439 14428 14450
f 14439 14450 14441
f 14441 14450 14430
f 14425 14438 14439
f 14438 14427 14446
f 14438 14446 14439
f 14439 14446 14428
f 14425 14440 14438
f 14440 14429 14447
f 14440 14447 14438
f 14438 14447 14427
f 14425 14437 14440
f 14437 14426 14442
f 14437 14442 14440
f 14440 14442 14429
f 14426 14443 14444
f 14443 14430 14455
f 14443 14455 14444
f 14444 14455 14433
f 14430 14450 14456
f 14450 14428 14452
f 14450 14452 14456
f 14456 14452 14435
f 14428 14446 14451
f 14446 14427 14448
f 14446 14448 14451
f 14451 14448 14432
f 14427 14447 14449
f 14447 14429 14454
f 14447 14454 14449
f 14449 14454 14436
f 14429 14442 14453
f 14442 14426 14445
f 14442 14445 14453
f 14453 14445 14434
f 14432 14463 14457
f 14463 14436 14461
f 14463 14461 14457
f 14457 14461 14431
f 14436 14466 14461
f 14466 14434 14459
f 14466 14459 14461
f 14461 14459 14431
f 14434 14464 14459
f 14464 14433 14458
f 14464 14458 14459
f 14459 14458 14431
f 14433 14465 14458
f 14465 14435 14460
f 14465 14460 14458
f 14458 14460 14431
f 14435 14462 14460
f 14462 14432 14457
f 14462 14457 14460
f 14460 14457 14431
f 14427 14449 14448
f 14449 14436 14463
f 14449 14463 14448
f 14448 14463 14432
f 14429 14453 14454
f 14453 14434 14466
f 14453 14466 14454
f 14454 14466 14436
f 14426 14444 14445
f 14444 14433 14464
f 14444 14464 14445
f 14445 14464 14434
f 14430 14456 14455
f 14456 14435 14465
f 14456 14465 14455
f 14455 14465 14433
f 14428 14451 14452
f 14451 14432 14462
f 14451 14462 14452
f 14452 14462 14435
v -37.259 -4.320 25.651
v -37.259 -5.074 25.651
v -36.882 -4.086 25.041
v -37.637 -4.086 25.041
v -36.649 -4.697 25.418
v -37.870 -4.697 25.418
v -37.259 -5.074 24.430
v -37.259 -4.320 24.430
v -37.637 -5.307 25.041
v -36.882 -5.307 25.041
v -37.870 -4.697 24.663
v -36.649 -4.697 24.663
v -37.259 -4.697 25.759
v -37.037 -4.116 25.400
v -37.481 -4.116 25.400
v -36.900 -4.475 25.621
v -37.618 -4.475 25.621
v -36.900 -4.919 25.621
v -37.618 -4.919 25.621
v -37.481 -5.278 25.400
v -37.037 -5.278 25.400
v -37.259 -3.979 25.041
v -36.679 -4.338 25.263
v -37.037 -4.116 24.682
v -36.679 -4.338 24.819
v -37.840 -4.338 25.263
v -37.481 -4.116 24.682
v -37.840 -4.338 24.819
v -36.679 -5.056 25.263
v -36.541 -4.697 25.041
v -37.840 -5.056 25.263
v -37.977 -4.697 25.041
v -37.259 -4.697 24.323
v -37.481 -5.278 24.682
v -37.037 -5.278 24.682
v -37.618 -4.919 24.460
v -36.900 -4.919 24.460
v -37.618 -4.475 24.460
v -36.900 -4.475 24.460
v -37.259 -5.415 25.041
v -37.840 -5.056 24.819
v -36.679 -5.056 24.819
f 14467 14483 14479
f 14483 14472 14485
f 14483 14485 14479
f 14479 14485 14468
f 14467 14481 14483
f 14481 14470 14492
f 14481 14492 14483
f 14483 14492 14472
f 14467 14480 14481
f 14480 14469 14488
f 14480 14488 14481
f 14481 14488 14470
f 14467 14482 14480
f 14482 14471 14489
f 14482 14489 14480
f 14480 14489 14469
f 14467 14479 14482
f 14479 14468 14484
f 14479 14484 14482
f 14482 14484 14471
f 14468 14485 14486
f 14485 14472 14497
f 14485 14497 14486
f 14486 14497 14475
f 14472 14492 14498
f 14492 14470 14494
f 14492 14494 14498
f 14498 14494 14477
f 14470 14488 14493
f 14488 14469 14490
f 14488 14490 14493
f 14493 14490 14474
f 14469 14489 14491
f 14489 14471 14496
f 14489 14496 14491
f 14491 14496 14478
f 14471 14484 14495
f 14484 14468 14487
f 14484 14487 14495
f 14495 14487 14476
f 14474 14505 14499
f 14505 14478 14503
f 14505 14503 14499
f 14499 14503 14473
f 14478 14508 14503
f 14508 14476 14501
f 14508 14501 14503
f 14503 14501 14473
f 14476 14506 14501
f 14506 14475 14500
f 14506 14500 14501
f 14501 14500 14473
f 14475 14507 14500
f 14507 14477 14502
f 14507 14502 14500
f 14500 14502 14473
f 14477 14504 14502
f 14504 14474 14499
f 14504 14499 14502
f 14502 14499 14473
f 14469 14491 14490
f 14491 14478 14505
f 14491 14505 14490
f 14490 14505 14474
f 14471 14495 14496
f 14495 14476 14508
f 14495 14508 14496
f 14496 14508 14478
f 14468 14486 14487
f 14486 14475 14506
f 14486 14506 14487
f 14487 14506 14476
f 14472 14498 14497
f 14498 14477 14507
f 14498 14507 14497
f 14497 14507 14475
f 14470 14493 14494
f 14493 14474 14504
f 14493 14504 14494
f 14494 14504 14477
v -35.146 -5.769 28.015
v -35.146 -6.435 28.015
v -34.814 -5.563 27.477
v -35.479 -5.563 27.477
v -34.608 -6.102 27.809
v -35.685 -6.102 27.809
v -35.146 -6.435 26.938
v -35.146 -5.769 26.938
v -35.479 -6.641 27.477
v -34.814 -6.641 27.477
v -35.685 -6.102 27.144
v -34.608 -6.102 27.144
v -35.146 -6.102 28.110
v -34.951 -5.590 27.793
v -35.342 -5.590 27.793
v -34.830 -5.906 27.989
v -35.463 -5.906 27.989
v -34.830 -6.298 27.989
v -35.463 -6.298 27.989
v -35.342 -6.614 27.793
v -34.951 -6.614 27.793
v -35.146 -5.469 27.477
v -34.634 -5.785 27.672
v -34.951 -5.590 27.160
v -34.634 -5.785 27.281
v -35.659 -5.785 27.672
v -35.342 -5.590 27.160
v -35.659 -5.785 27.281
v -34.634 -6.419 27.672
v -34.513 -6.102 27.477
v -35.659 -6.419 27.672
v -35.780 -6.102 27.477
v -35.146 -6.102 26.843
v -35.342 -6.614 27.160
v -34.951 -6.614 27.160
v -35.463 -6.298 26.964
v -34.830 -6.298 26.964
v -35.463 -5.906 26.964
v -34.830 -5.906 26.964
v -35.146 -6.735 27.477
v -35.659 -6.419 27.281
v -34.634 -6.419 27.281
f 14509 14525 14521
f 14525 14514 14527
f 14525 14527 14521
f 14521 14527 14510
f 14509 14523 14525
f 14523 14512 14534
f 14523 14534 14525
f 14525 14534 14514
f 14509 14522 14523
f 14522 14511 14530
f 14522 14530 14523
f 14523 14530 14512
f 14509 14524 14522
f 14524 14513 14531
f 14524 14531 14522
f 14522 14531 14511
f 14509 14521 14524
f 14521 14510 14526
f 14521 14526 14524
f 14524 14526 14513
f 14510 14527 14528
f 14527 14514 14539
f 14527 14539 14528
f 14528 14539 14517
f 14514 14534 14540
f 14534 14512 14536
f 14534 14536 14540
f 14540 14536 14519
f 14512 14530 14535
f 14530 14511 14532
f 14530 14532 14535
f 14535 14532 14516
f 14511 14531 14533
f 14531 14513 14538
f 14531 14538 14533
f 14533 14538 14520
f 14513 14526 14537
f 14526 14510 14529
f 14526 14529 14537
f 14537 14529 14518
f 14516 14547 14541
f 14547 14520 14545
f 14547 14545 14541
f 14541 14545 14515
f 14520 14550 14545
f 14550 14518 14543
f 14550 14543 14545
f 14545 14543 14515
f 14518 14548 14543
f 14548 14517 14542
f 14548 14542 14543
f 14543 14542 14515
f 14517 14549 14542
f 14549 14519 14544
f 14549 14544 14542
f 14542 14544 14515
f 14519 14546 14544
f 14546 14516 14541
f 14546 14541 14544
f 14544 14541 14515
f 14511 14533 14532
f 14533 14520 14547
f 14533 14547 14532
f 14532 14547 14516
f 14513 14537 14538
f 14537 14518 14550
f 14537 14550 14538
f 14538 14550 14520
f 14510 14528 14529
f 14528 14517 14548
f 14528 14548 14529
f 14529 14548 14518
f 14514 14540 14539
f 14540 14519 14549
f 14540 14549 14539
f 14539 14549 14517
f 14512 14535 14536
f 14535 14516 14546
f 14535 14546 14536
f 14536 14546 14519
v -45.757 -0.068 25.556
v -45.757 -0.771 25.556
v -45.406 0.149 24.988
v -46.108 0.149 24.988
v -45.189 -0.419 25.339
v -46.326 -0.419 25.339
v -45.757 -0.771 24.419
v -45.757 -0.068 24.419
v -46.108 -0.988 24.988
v -45.406 -0.988 24.988
v -46.326 -0.419 24.636
v -45.189 -0.419 24.636
v -45.757 -0.419 25.656
v -45.551 0.121 25.322
v -45.964 0.121 25.322
v -45.423 -0.213 25.528
v -46.091 -0.213 25.528
v -45.423 -0.626 25.528
v -46.091 -0.626 25.528
v -45.964 -0.960 25.322
v -45.551 -0.960 25.322
v -45.757 0.249 24.988
v -45.216 -0.085 25.194
v -45.551 0.121 24.653
v -45.216 -0.085 24.781
v -46.298 -0.085 25.194
v -45.964 0.121 24.653
v -46.298 -0.085 24.781
v -45.216 -0.754 25.194
v -45.089 -0.419 24.988
v -46.298 -0.754 25.194
v -46.425 -0.419 24.988
v -45.757 -0.419 24.319
v -45.964 -0.960 24.653
v -45.551 -0.960 24.653
v -46.091 -0.626 24.447
v -45.423 -0.626 24.447
v -46.091 -0.213 24.447
v -45.423 -0.213 24.447
v -45.757 -1.088 24.988
v -46.298 -0.754 24.781
v -45.216 -0.754 24.781
f 14551 14567 14563
f 14567 14556 14569
f 14567 14569 14563
f 14563 14569 14552
f 14551 14565 14567
f 14565 14554 14576
f 14565 14576 14567
f 14567 14576 14556
f 14551 14564 14565
f 14564 14553 14572
f 14564 14572 14565
f 14565 14572 14554
f 14551 14566 14564
f 14566 14555 14573
f 14566 14573 14564
f 14564 14573 14553
f 14551 14563 14566
f 14563 14552 14568
f 14563 14568 14566
f 14566 14568 14555
f 14552 14569 14570
f 14569 14556 14581
f 14569 14581 14570
f 14570 14581 14559
f 14556 14576 14582
f 14576 14554 14578
f 14576 14578 14582
f 14582 14578 14561
f 14554 14572 14577
f 14572 14553 14574
f 14572 14574 14577
f 14577 14574 14558
f 14553 14573 14575
f 14573 14555 14580
f 14573 14580 14575
f 14575 14580 14562
f 14555 14568 14579
f 14568 14552 14571
f 14568 14571 14579
f 14579 14571 14560
f 14558 14589 14583
f 14589 14562 14587
f 14589 14587 14583
f 14583 14587 14557
f 14562 14592 14587
f 14592 14560 14585
f 14592 14585 14587
f 14587 14585 14557
f 14560 14590 14585
f 14590 14559 14584
f 14590 14584 14585
f 14585 14584 14557
f 14559 14591 14584
f 14591 14561 14586
f 14591 14586 14584
f 14584 14586 14557
f 14561 14588 14586
f 14588 14558 14583
f 14588 14583 14586
f 14586 14583 14557
f 14553 14575 14574
f 14575 14562 14589
f 14575 14589 14574
f 14574 14589 14558
f 14555 14579 14580
f 14579 14560 14592
f 14579 14592 14580
f 14580 14592 14562
f 14552 14570 14571
f 14570 14559 14590
f 14570 14590 14571
f 14571 14590 14560
f 14556 14582 14581
f 14582 14561 14591
f 14582 14591 14581
f 14581 14591 14559
f 14554 14577 14578
f 14577 14558 14588
f 14577 14588 14578
f 14578 14588 14561
v 6.283 12.216 31.261
v 6.283 11.550 31.261
v 6.616 12.422 30.722
v 5.950 12.422 30.722
v 6.821 11.883 31.055
v 5.744 11.883 31.055
v 6.283 11.550 30.184
v 6.283 12.216 30.184
v 5.950 11.344 30.722
v 6.616 11.344 30.722
v 5.744 11.883 30.389
v 6.821 11.883 30.389
v 6.283 11.883 31.356
v 6.478 12.395 31.039
v 6.087 12.395 31.039
v 6.599 12.079 31.235
v 5.966 12.079 31.235
v 6.599 11.687 31.235
v 5.966 11.687 31.235
v 6.087 11.371 31.039
v 6.478 11.371 31.039
v 6.283 12.516 30.722
v 6.795 12.200 30.918
v 6.478 12.395 30.406
v 6.795 12.200 30.527
v 5.770 12.200 30.918
v 6.087 12.395 30.406
v 5.770 12.200 30.527
v 6.795 11.566 30.918
v 6.916 11.883 30.722
v 5.770 11.566 30.918
v 5.649 11.883 30.722
v 6.283 11.883 30.089
v 6.087 11.371 30.406
v 6.478 11.371 30.406
v 5.966 11.687 30.210
v 6.599 11.687 30.210
v 5.966 12.079 30.210
v 6.599 12.079 30.210
v 6.283 11.250 30.722
v 5.770 11.566 30.527
v 6.795 11.566 30.527
f 14593 14609 14605
f 14609 14598 14611
f 14609 14611 14605
f 14605 14611 14594
f 14593 14607 14609
f 14607 14596 14618
f 14607 14618 14609
f 14609 14618 14598
f 14593 14606 14607
f 14606 14595 14614
f 14606 14614 14607
f 14607 14614 14596
f 14593 14608 14606
f 14608 14597 14615
f 14608 14615 14606
f 14606 14615 14595
f 14593 14605 14608
f 14605 14594 14610
f 14605 14610 14608
f 14608 14610 14597
f 14594 14611 14612
f 14611 14598 14623
f 14611 14623 14612
f 14612 14623 14601
f 14598 14618 14624
f 14618 14596 14620
f 14618 14620 14624
f 14624 14620 14603
f 14596 14614 14619
f 14614 14595 14616
f 14614 14616 14619
f 14619 14616 14600
f 14595 14615 14617
f 14615 14597 14622
f 14615 14622 14617
f 14617 14622 14604
f 14597 14610 14621
f 14610 14594 14613
f 14610 14613 14621
f 14621 14613 14602
f 14600 14631 14625
f 14631 14604 14629
f 14631 14629 14625
f 14625 14629 14599
f 14604 14634 14629
f 14634 14602 14627
f 14634 14627 14629
f 14629 14627 14599
f 14602 14632 14627
f 14632 14601 14626
f 14632 14626 14627
f 14627 14626 14599
f 14601 14633 14626
f 14633 14603 14628
f 14633 14628 14626
f 14626 14628 14599
f 14603 14630 14628
f 14630 14600 14625
f 14630 14625 14628
f 14628 14625 14599
f 14595 14617 14616
f 14617 14604 14631
f 14617 14631 14616
f 14616 14631 14600
f 14597 14621 14622
f 14621 14602 14634
f 14621 14634 14622
f 14622 14634 14604
f 14594 14612 14613
f 14612 14601 14632
f 14612 14632 14613
f 14613 14632 14602
f 14598 14624 14623
f 14624 14603 14633
f 14624 14633 14623
f 14623 14633 14601
f 14596 14619 14620
f 14619 14600 14630
f 14619 14630 14620
f 14620 14630 14603
v 66.280 -33.257 37.293
v 66.280 -33.977 37.293
v 66.640 -33.034 36.711
v 65.920 -33.034 36.711
v 66.863 -33.617 37.071
v 65.697 -33.617 37.071
v 66.280 -33.977 36.128
v 66.280 -33.257 36.128
v 65.920 -34.200 36.711
v 66.640 -34.200 36.711
v 65.697 -33.617 36.350
v 66.863 -33.617 36.350
v 66.280 -33.617 37.396
v 66.492 -33.063 37.053
v 66.068 -33.063 37.053
v 66.623 -33.405 37.265
v 65.938 -33.405 37.265
v 66.623 -33.829 37.265
v 65.938 -33.829 37.265
v 66.068 -34.171 37.053
v 66.492 -34.171 37.053
v 66.280 -32.932 36.711
v 66.834 -33.274 36.922
v 66.492 -33.063 36.368
v 66.834 -33.274 36.499
v 65.726 -33.274 36.922
v 66.068 -33.063 36.368
v 65.726 -33.274 36.499
v 66.834 -33.959 36.922
v 66.965 -33.617 36.711
v 65.726 -33.959 36.922
v 65.595 -33.617 36.711
v 66.280 -33.617 36.025
v 66.068 -34.171 36.368
v 66.492 -34.171 36.368
v 65.938 -33.829 36.156
v 66.623 -33.829 36.156
v 65.938 -33.405 36.156
v 66.623 -33.405 36.156
v 66.280 -34.302 36.711
v 65.726 -33.959 36.499
v 66.834 -33.959 36.499
f 14635 14651 14647
f 14651 14640 14653
f 14651 14653 14647
f 14647 14653 14636
f 14635 14649 14651
f 14649 14638 14660
f 14649 14660 14651
f 14651 14660 14640
f 14635 14648 14649
f 14648 14637 14656
f 14648 14656 14649
f 14649 14656 14638
f 14635 14650 14648
f 14650 14639 14657
f 14650 14657 14648
f 14648 14657 14637
f 14635 14647 14650
f 14647 14636 14652
f 14647 14652 14650
f 14650 14652 14639
f 14636 14653 14654
f 14653 14640 14665
f 14653 14665 14654
f 14654 14665 14643
f 14640 14660 14666
f 14660 14638 14662
f 14660 14662 14666
f 14666 14662 14645
f 14638 14656 14661
f 14656 14637 14658
f 14656 14658 14661
f 14661 14658 14642
f 14637 14657 14659
f 14657 14639 14664
f 14657 14664 14659
f 14659 14664 14646
f 14639 14652 14663
f 14652 14636 14655
f 14652 14655 14663
f 14663 14655 14644
f 14642 14673 14667
f 14673 14646 14671
f 14673 14671 14667
f 14667 14671 14641
f 14646 14676 14671
f 14676 14644 14669
f 14676 14669 14671
f 14671 14669 14641
f 14644 14674 14669
f 14674 14643 14668
f 14674 14668 14669
f 14669 14668 14641
f 14643 14675 14668
f 14675 14645 14670
f 14675 14670 14668
f 14668 14670 14641
f 14645 14672 14670
f 14672 14642 14667
f 14672 14667 14670
f 14670 14667 14641
f 14637 14659 14658
f 14659 14646 14673
f 14659 14673 14658
f 14658 14673 14642
f 14639 14663 14664
f 14663 14644 14676
f 14663 14676 14664
f 14664 14676 14646
f 14636 14654 14655
f 14654 14643 14674
f 14654 14674 14655
f 14655 14674 14644
f 14640 14666 14665
f 14666 14645 14675
f 14666 14675 14665
f 14665 14675 14643
f 14638 14661 14662
f 14661 14642 14672
f 14661 14672 14662
f 14662 14672 14645
v -48.990 102.494 28.318
v -48.990 101.809 28.318
v -48.648 102.705 27.764
v -49.332 102.705 27.764
v -48.436 102.151 28.107
v -49.544 102.151 28.107
v -48.990 101.809 27.211
v -48.990 102.494 27.211
v -49.332 101.598 27.764
v -48.648 101.598 27.764
v -49.544 102.151 27.422
v -48.436 102.151 27.422
v -48.990 102.151 28.415
v -48.789 102.678 28.090
v -49.191 102.678 28.090
v -48.665 102.353 28.291
v -49.316 102.353 28.291
v -48.665 101.950 28.291
v -49.316 101.950 28.291
v -49.191 101.625 28.090
v -48.789 101.625 28.090
v -48.990 102.802 27.764
v -48.463 102.477 27.966
v -48.789 102.678 27.439
v -48.463 102.477 27.563
v -49.517 102.477 27.966
v -49.191 102.678 27.439
v -49.517 102.477 27.563
v -48.463 101.826 27.966
v -48.339 102.151 27.764
v -49.517 101.826 27.966
v -49.641 102.151 27.764
v -48.990 102.151 27.113
v -49.191 101.625 27.439
v -48.789 101.625 27.439
v -49.316 101.950 27.238
v -48.665 101.950 27.238
v -49.316 102.353 27.238
v -48.665 102.353 27.238
v -48.990 101.500 27.764
v -49.517 101.826 27.563
v -48.463 101.826 27.563
f 14677 14693 14689
f 14693 14682 14695
f 14693 14695 14689
f 14689 14695 14678
f 14677 14691 14693
f 14691 14680 14702
f 14691 14702 14693
f 14693 14702 14682
f 14677 14690 14691
f 14690 14679 14698
f 14690 14698 14691
f 14691 14698 14680
f 14677 14692 14690
f 14692 14681 14699
f 14692 14699 14690
f 14690 14699 14679
f 14677 14689 14692
f 14689 14678 14694
f 14689 14694 14692
f 14692 14694 14681
f 14678 14695 14696
f 14695 14682 14707
f 14695 14707 14696
f 14696 14707 14685
f 14682 14702 14708
f 14702 14680 14704
f 14702 14704 14708
f 14708 14704 14687
f 14680 14698 14703
f 14698 14679 14700
f 14698 14700 14703
f 14703 14700 14684
f 14679 14699 14701
f 14699 14681 14706
f 14699 14706 14701
f 14701 14706 14688
f 14681 14694 14705
f 14694 14678 14697
f 14694 14697 14705
f 14705 14697 14686
f 14684 14715 14709
f 14715 14688 14713
f 14715 14713 14709
f 14709 14713 14683
f 14688 14718 14713
f 14718 14686 14711
f 14718 14711 14713
f 14713 14711 14683
f 14686 14716 14711
f 14716 14685 14710
f 14716 14710 14711
f 14711 14710 14683
f 14685 14717 14710
f 14717 14687 14712
f 14717 14712 14710
f 14710 14712 14683
f 14687 14714 14712
f 14714 14684 14709
f 14714 14709 14712
f 14712 14709 14683
f 14679 14701 14700
f 14701 14688 14715
f 14701 14715 14700
f 14700 14715 14684
f 14681 14705 14706
f 14705 14686 14718
f 14705 14718 14706
f 14706 14718 14688
f 14678 14696 14697
f 14696 14685 14716
f 14696 14716 14697
f 14697 14716 14686
f 14682 14708 14707
f 14708 14687 14717
f 14708 14717 14707
f 14707 14717 14685
f 14680 14703 14704
f 14703 14684 14714
f 14703 14714 14704
f 14704 14714 14687
v -48.282 -1.135 31.468
v -48.282 -1.838 31.468
v -47.931 -0.918 30.899
v -48.634 -0.918 30.899
v -47.714 -1.486 31.251
v -48.851 -1.486 31.251
v -48.282 -1.838 30.331
v -48.282 -1.135 30.331
v -48.634 -2.055 30.899
v -47.931 -2.055 30.899
v -48.851 -1.486 30.548
v -47.714 -1.486 30.548
v -48.282 -1.486 31.568
v -48.076 -0.946 31.234
v -48.489 -0.946 31.234
v -47.948 -1.280 31.440
v -48.616 -1.280 31.440
v -47.948 -1.693 31.440
v -48.616 -1.693 31.440
v -48.489 -2.027 31.234
v -48.076 -2.027 31.234
v -48.282 -0.818 30.899
v -47.742 -1.152 31.106
v -48.076 -0.946 30.565
v -47.742 -1.152 30.693
v -48.823 -1.152 31.106
v -48.489 -0.946 30.565
v -48.823 -1.152 30.693
v -47.742 -1.821 31.106
v -47.614 -1.486 30.899
v -48.823 -1.821 31.106
v -48.951 -1.486 30.899
v -48.282 -1.486 30.231
v -48.489 -2.027 30.565
v -48.076 -2.027 30.565
v -48.616 -1.693 30.359
v -47.948 -1.693 30.359
v -48.616 -1.280 30.359
v -47.948 -1.280 30.359
v -48.282 -2.155 30.899
v -48.823 -1.821 30.693
v -47.742 -1.821 30.693
f 14719 14735 14731
f 14735 14724 14737
f 14735 14737 14731
f 14731 14737 14720
f 14719 14733 14735
f 14733 14722 14744
f 14733 14744 14735
f 14735 14744 14724
f 14719 14732 14733
f 14732 14721 14740
f 14732 14740 14733
f 14733 14740 14722
f 14719 14734 14732
f 14734 14723 14741
f 14734 14741 14732
f 14732 14741 14721
f 14719 14731 14734
f 14731 14720 14736
f 14731 14736 14734
f 14734 14736 14723
f 14720 14737 14738
f 14737 14724 14749
f 14737 14749 14738
f 14738 14749 14727
f 14724 14744 14750
f 14744 14722 14746
f 14744 14746 14750
f 14750 14746 14729
f 14722 14740 14745
f 14740 14721 14742
f 14740 14742 14745
f 14745 14742 14726
f 14721 14741 14743
f 14741 14723 14748
f 14741 14748 14743
f 14743 14748 14730
f 14723 14736 14747
f 14736 14720 14739
f 14736 14739 14747
f 14747 14739 14728
f 14726 14757 14751
f 14757 14730 14755
f 14757 14755 14751
f 14751 14755 14725
f 14730 14760 14755
f 14760 14728 14753
f 14760 14753 14755
f 14755 14753 14725
f 14728 14758 14753
f 14758 14727 14752
f 14758 14752 14753
f 14753 14752 14725
f 14727 14759 14752
f 14759 14729 14754
f 14759 14754 14752
f 14752 14754 14725
f 14729 14756 14754
f 14756 14726 14751
f 14756 14751 14754
f 14754 14751 14725
f 14721 14743 14742
f 14743 14730 14757
f 14743 14757 14742
f 14742 14757 14726
f 14723 14747 14748
f 14747 14728 14760
f 14747 14760 14748
f 14748 14760 14730
f 14720 14738 14739
f 14738 14727 14758
f 14738 14758 14739
f 14739 14758 14728
f 14724 14750 14749
f 14750 14729 14759
f 14750 14759 14749
f 14749 14759 14727
f 14722 14745 14746
f 14745 14726 14756
f 14745 14756 14746
f 14746 14756 14729
v -77.940 17.324 47.614
v -77.940 16.586 47.614
v -77.571 17.552 47.017
v -78.309 17.552 47.017
v -77.343 16.955 47.386
v -78.537 16.955 47.386
v -77.940 16.586 46.420
v -77.940 17.324 46.420
v -78.309 16.358 47.017
v -77.571 16.358 47.017
v -78.537 16.955 46.648
v -77.343 16.955 46.648
v -77.940 16.955 47.719
v -77.723 17.522 47.368
v -78.157 17.522 47.368
v -77.589 17.172 47.585
v -78.291 17.172 47.585
v -77.589 16.738 47.585
v -78.291 16.738 47.585
v -78.157 16.387 47.368
v -77.723 16.387 47.368
v -77.940 17.656 47.017
v -77.372 17.306 47.234
v -77.723 17.522 46.666
v -77.372 17.306 46.800
v -78.508 17.306 47.234
v -78.157 17.522 46.666
v -78.508 17.306 46.800
v -77.372 16.604 47.234
v -77.238 16.955 47.017
v -78.508 16.604 47.234
v -78.642 16.955 47.017
v -77.940 16.955 46.316
v -78.157 16.387 46.666
v -77.723 16.387 46.666
v -78.291 16.738 46.450
v -77.589 16.738 46.450
v -78.291 17.172 46.450
v -77.589 17.172 46.450
v -77.940 16.253 47.017
v -78.508 16.604 46.800
v -77.372 16.604 46.800
f 14761 14777 14773
f 14777 14766 14779
f 14777 14779 14773
f 14773 14779 14762
f 14761 14775 14777
f 14775 14764 14786
f 14775 14786 14777
f 14777 14786 14766
f 14761 14774 14775
f 14774 14763 14782
f 14774 14782 14775
f 14775 14782 14764
f 14761 14776 14774
f 14776 14765 14783
f 14776 14783 14774
f 14774 14783 14763
f 14761 14773 14776
f 14773 14762 14778
f 14773 14778 14776
f 14776 14778 14765
f 14762 14779 14780
f 14779 14766 14791
f 14779 14791 14780
f 14780 14791 14769
f 14766 14786 14792
f 14786 14764 14788
f 14786 14788 14792
f 14792 14788 14771
f 14764 14782 14787
f 14782 14763 14784
f 14782 14784 14787
f 14787 14784 14768
f 14763 14783 14785
f 14783 14765 14790
f 14783 14790 14785
f 14785 14790 14772
f 14765 14778 14789
f 14778 14762 14781
f 14778 14781 14789
f 14789 14781 14770
f 14768 14799 14793
f 14799 14772 14797
f 14799 14797 14793
f 14793 14797 14767
f 14772 14802 14797
f 14802 14770 14795
f 14802 14795 14797
f 14797 14795 14767
f 14770 14800 14795
f 14800 14769 14794
f 14800 14794 14795
f 14795 14794 14767
f 14769 14801 14794
f 14801 14771 14796
f 14801 14796 14794
f 14794 14796 14767
f 14771 14798 14796
f 14798 14768 14793
f 14798 14793 14796
f 14796 14793 14767
f 14763 14785 14784
f 14785 14772 14799
f 14785 14799 14784
f 14784 14799 14768
f 14765 14789 14790
f 14789 14770 14802
f 14789 14802 14790
f 14790 14802 14772
f 14762 14780 14781
f 14780 14769 14800
f 14780 14800 14781
f 14781 14800 14770
f 14766 14792 14791
f 14792 14771 14801
f 14792 14801 14791
f 14791 14801 14769
f 14764 14787 14788
f 14787 14768 14798
f 14787 14798 14788
f 14788 14798 14771
v -57.082 3.520 50.255
v -57.082 2.836 50.255
v -56.739 3.732 49.701
v -57.424 3.732 49.701
v -56.528 3.178 50.043
v -57.635 3.178 50.043
v -57.082 2.836 49.147
v -57.082 3.520 49.147
v -57.424 2.624 49.701
v -56.739 2.624 49.701
v -57.635 3.178 49.359
v -56.528 3.178 49.359
v -57.082 3.178 50.352
v -56.880 3.705 50.026
v -57.283 3.705 50.026
v -56.756 3.379 50.228
v -57.407 3.379 50.228
v -56.756 2.977 50.228
v -57.407 2.977 50.228
v -57.283 2.651 50.026
v -56.880 2.651 50.026
v -57.082 3.829 49.701
v -56.555 3.503 49.902
v -56.880 3.705 49.375
v -56.555 3.503 49.500
v -57.608 3.503 49.902
v -57.283 3.705 49.375
v -57.608 3.503 49.500
v -56.555 2.852 49.902
v -56.431 3.178 49.701
v -57.608 2.852 49.902
v -57.733 3.178 49.701
v -57.082 3.178 49.050
v -57.283 2.651 49.375
v -56.880 2.651 49.375
v -57.407 2.977 49.174
v -56.756 2.977 49.174
v -57.407 3.379 49.174
v -56.756 3.379 49.174
v -57.082 2.527 49.701
v -57.608 2.852 49.500
v -56.555 2.852 49.500
f 14803 14819 14815
f 14819 14808 14821
f 14819 14821 14815
f 14815 14821 14804
f 14803 14817 14819
f 14817 14806 14828
f 14817 14828 14819
f 14819 14828 14808
f 14803 14816 14817
f 14816 14805 14824
f 14816 14824 14817
f 14817 14824 14806
f 14803 14818 14816
f 14818 14807 14825
f 14818 14825 14816
f 14816 14825 14805
f 14803 14815 14818
f 14815 14804 14820
f 14815 14820 14818
f 14818 14820 14807
f 14804 14821 14822
f 14821 14808 14833
f 14821 14833 14822
f 14822 14833 14811
f 14808 14828 14834
f 14828 14806 14830
f 14828 14830 14834
f 14834 14830 14813
f 14806 14824 14829
f 14824 14805 14826
f 14824 14826 14829
f 14829 14826 14810
f 14805 14825 14827
f 14825 14807 14832
f 14825 14832 14827
f 14827 14832 14814
f 14807 14820 14831
f 14820 14804 14823
f 14820 14823 14831
f 14831 14823 14812
f 14810 14841 14835
f 14841 14814 14839
f 14841 14839 14835
f 14835 14839 14809
f 14814 14844 14839
f 14844 14812 14837
f 14844 14837 14839
f 14839 14837 14809
f 14812 14842 14837
f 14842 14811 14836
f 14842 14836 14837
f 14837 14836 14809
f 14811 14843 14836
f 14843 14813 14838
f 14843 14838 14836
f 14836 14838 14809
f 14813 14840 14838
f 14840 14810 14835
f 14840 14835 14838
f 14838 14835 14809
f 14805 14827 14826
f 14827 14814 14841
f 14827 14841 14826
f 14826 14841 14810
f 14807 14831 14832
f 14831 14812 14844
f 14831 14844 14832
f 14832 14844 14814
f 14804 14822 14823
f 14822 14811 14842
f 14822 14842 14823
f 14823 14842 14812
f 14808 14834 14833
f 14834 14813 14843
f 14834 14843 14833
f 14833 14843 14811
f 14806 14829 14830
f 14829 14810 14840
f 14829 14840 14830
f 14830 14840 14813
v -29.668 -16.409 77.089
v -29.668 -17.129 77.089
v -29.308 -16.186 76.506
v -30.028 -16.186 76.506
v -29.085 -16.769 76.867
v -30.251 -16.769 76.867
v -29.668 -17.129 75.924
v -29.668 -16.409 75.924
v -30.028 -17.352 76.506
v -29.308 -17.352 76.506
v -30.251 -16.769 76.146
v -29.085 -16.769 76.146
v -29.668 -16.769 77.192
v -29.456 -16.215 76.849
v -29.880 -16.215 76.849
v -29.326 -16.558 77.061
v -30.011 -16.558 77.061
v -29.326 -16.981 77.061
v -30.011 -16.981 77.061
v -29.880 -17.324 76.849
v -29.456 -17.324 76.849
v -29.668 -16.084 76.506
v -29.114 -16.427 76.718
v -29.456 -16.215 76.164
v -29.114 -16.427 76.295
v -30.222 -16.427 76.718
v -29.880 -16.215 76.164
v -30.222 -16.427 76.295
v -29.114 -17.112 76.718
v -28.983 -16.769 76.506
v -30.222 -17.112 76.718
v -30.353 -16.769 76.506
v -29.668 -16.769 75.821
v -29.880 -17.324 76.164
v -29.456 -17.324 76.164
v -30.011 -16.981 75.952
v -29.326 -16.981 75.952
v -30.011 -16.558 75.952
v -29.326 -16.558 75.952
v -29.668 -17.454 76.506
v -30.222 -17.112 76.295
v -29.114 -17.112 76.295
f 14845 14861 14857
f 14861 14850 14863
f 14861 14863 14857
f 14857 14863 14846
f 14845 14859 14861
f 14859 14848 14870
f 14859 14870 14861
f 14861 14870 14850
f 14845 14858 14859
f 14858 14847 14866
f 14858 14866 14859
f 14859 14866 14848
f 14845 14860 14858
f 14860 14849 14867
f 14860 14867 14858
f 14858 14867 14847
f 14845 14857 14860
f 14857 14846 14862
f 14857 14862 14860
f 14860 14862 14849
f 14846 14863 14864
f 14863 14850 14875
f 14863 14875 14864
f 14864 14875 14853
f 14850 14870 14876
f 14870 14848 14872
f 14870 14872 14876
f 14876 14872 14855
f 14848 14866 14871
f 14866 14847 14868
f 14866 14868 14871
f 14871 14868 14852
f 14847 14867 14869
f 14867 14849 14874
f 14867 14874 14869
f 14869 14874 14856
f 14849 14862 14873
f 14862 14846 14865
f 14862 14865 14873
f 14873 14865 14854
f 14852 14883 14877
f 14883 14856 14881
f 14883 14881 14877
f 14877 14881 14851
f 14856 14886 14881
f 14886 14854 14879
f 14886 14879 14881
f 14881 14879 14851
f 14854 14884 14879
f 14884 14853 14878
f 14884 14878 14879
f 14879 14878 14851
f 14853 14885 14878
f 14885 14855 14880
f 14885 14880 14878
f 14878 14880 14851
f 14855 14882 14880
f 14882 14852 14877
f 14882 14877 14880
f 14880 14877 14851
f 14847 14869 14868
f 14869 14856 14883
f 14869 14883 14868
f 14868 14883 14852
f 14849 14873 14874
f 14873 14854 14886
f 14873 14886 14874
f 14874 14886 14856
f 14846 14864 14865
f 14864 14853 14884
f 14864 14884 14865
f 14865 14884 14854
f 14850 14876 14875
f 14876 14855 14885
f 14876 14885 14875
f 14875 14885 14853
f 14848 14871 14872
f 14871 14852 14882
f 14871 14882 14872
f 14872 14882 14855
v -27.835 18.668 88.627
v -27.835 17.948 88.627
v -27.475 18.891 88.044
v -28.195 18.891 88.044
v -27.252 18.308 88.404
v -28.418 18.308 88.404
v -27.835 17.948 87.461
v -27.835 18.668 87.461
v -28.195 17.725 88.044
v -27.475 17.725 88.044
v -28.418 18.308 87.684
v -27.252 18.308 87.684
v -27.835 18.308 88.729
v -27.624 18.862 88.387
v -28.047 18.862 88.387
v -27.493 18.520 88.599
v -28.178 18.520 88.599
v -27.493 18.096 88.599
v -28.178 18.096 88.599
v -28.047 17.754 88.387
v -27.624 17.754 88.387
v -27.835 18.993 88.044
v -27.281 18.651 88.256
v -27.624 18.862 87.702
v -27.281 18.651 87.832
v -28.390 18.651 88.256
v -28.047 18.862 87.702
v -28.390 18.651 87.832
v -27.281 17.965 88.256
v -27.150 18.308 88.044
v -28.390 17.965 88.256
v -28.520 18.308 88.044
v -27.835 18.308 87.359
v -28.047 17.754 87.702
v -27.624 17.754 87.702
v -28.178 18.096 87.490
v -27.493 18.096 87.490
v -28.178 18.520 87.490
v -27.493 18.520 87.490
v -27.835 17.623 88.044
v -28.390 17.965 87.832
v -27.281 17.965 87.832
f 14887 14903 14899
f 14903 14892 14905
f 14903 14905 14899
f 14899 14905 14888
f 14887 14901 14903
f 14901 14890 14912
f 14901 14912 14903
f 14903 14912 14892
f 14887 14900 14901
f 14900 14889 14908
f 14900 14908 14901
f 14901 14908 14890
f 14887 14902 14900
f 14902 14891 14909
f 14902 14909 14900
f 14900 14909 14889
f 14887 14899 14902
f 14899 14888 14904
f 14899 14904 14902
f 14902 14904 14891
f 14888 14905 14906
f 14905 14892 14917
f 14905 14917 14906
f 14906 14917 14895
f 14892 14912 14918
f 14912 14890 14914
f 14912 14914 14918
f 14918 14914 14897
f 14890 14908 14913
f 14908 14889 14910
f 14908 14910 14913
f 14913 14910 14894
f 14889 14909 14911
f 14909 14891 14916
f 14909 14916 14911
f 14911 14916 14898
f 14891 14904 14915
f 14904 14888 14907
f 14904 14907 14915
f 14915 14907 14896
f 14894 14925 14919
f 14925 14898 14923
f 14925 14923 14919
f 14919 14923 14893
f 14898 14928 14923
f 14928 14896 14921
f 14928 14921 14923
f 14923 14921 14893
f 14896 14926 14921
f 14926 14895 14920
f 14926 14920 14921
f 14921 14920 14893
f 14895 14927 14920
f 14927 14897 14922
f 14927 14922 14920
f 14920 14922 14893
f 14897 14924 14922
f 14924 14894 14919
f 14924 14919 14922
f 14922 14919 14893
f 14889 14911 14910
f 14911 14898 14925
f 14911 14925 14910
f 14910 14925 14894
f 14891 14915 14916
f 14915 14896 14928
f 14915 14928 14916
f 14916 14928 14898
f 14888 14906 14907
f 14906 14895 14926
f 14906 14926 14907
f 14907 14926 14896
f 14892 14918 14917
f 14918 14897 14927
f 14918 14927 14917
f 14917 14927 14895
f 14890 14913 14914
f 14913 14894 14924
f 14913 14924 14914
f 14914 14924 14897
v -49.742 48.957 85.189
v -49.742 48.272 85.189
v -49.399 49.169 84.635
v -50.084 49.169 84.635
v -49.188 48.615 84.977
v -50.296 48.615 84.977
v -49.742 48.272 84.081
v -49.742 48.957 84.081
v -50.084 48.061 84.635
v -49.399 48.061 84.635
v -50.296 48.615 84.293
v -49.188 48.615 84.293
v -49.742 48.615 85.286
v -49.541 49.141 84.961
v -49.943 49.141 84.961
v -49.416 48.816 85.162
v -50.067 48.816 85.162
v -49.416 48.414 85.162
v -50.067 48.414 85.162
v -49.943 48.088 84.961
v -49.541 48.088 84.961
v -49.742 49.266 84.635
v -49.215 48.940 84.836
v -49.541 49.141 84.310
v -49.215 48.940 84.434
v -50.268 48.940 84.836
v -49.943 49.141 84.310
v -50.268 48.940 84.434
v -49.215 48.289 84.836
v -49.091 48.615 84.635
v -50.268 48.289 84.836
v -50.393 48.615 84.635
v -49.742 48.615 83.984
v -49.943 48.088 84.310
v -49.541 48.088 84.310
v -50.067 48.414 84.109
v -49.416 48.414 84.109
v -50.067 48.816 84.109
v -49.416 48.816 84.109
v -49.742 47.964 84.635
v -50.268 48.289 84.434
v -49.215 48.289 84.434
f 14929 14945 14941
f 14945 14934 14947
f 14945 14947 14941
f 14941 14947 14930
f 14929 14943 14945
f 14943 14932 14954
f 14943 14954 14945
f 14945 14954 14934
f 14929 14942 14943
f 14942 14931 14950
f 14942 14950 14943
f 14943 14950 14932
f 14929 14944 14942
f 14944 14933 14951
f 14944 14951 14942
f 14942 14951 14931
f 14929 14941 14944
f 14941 14930 14946
f 14941 14946 14944
f 14944 14946 14933
f 14930 14947 14948
f 14947 14934 14959
f 14947 14959 14948
f 14948 14959 14937
f 14934 14954 14960
f 14954 14932 14956
f 14954 14956 14960
f 14960 14956 14939
f 14932 14950 14955
f 14950 14931 14952
f 14950 14952 14955
f 14955 14952 14936
f 14931 14951 14953
f 14951 14933 14958
f 14951 14958 14953
f 14953 14958 14940
f 14933 14946 14957
f 14946 14930 14949
f 14946 14949 14957
f 14957 14949 14938
f 14936 14967 14961
f 14967 14940 14965
f 14967 14965 14961
f 14961 14965 14935
f 14940 14970 14965
f 14970 14938 14963
f 14970 14963 14965
f 14965 14963 14935
f 14938 14968 14963
f 14968 14937 14962
f 14968 14962 14963
f 14963 14962 14935
f 14937 14969 14962
f 14969 14939 14964
f 14969 14964 14962
f 14962 14964 14935
f 14939 14966 14964
f 14966 14936 14961
f 14966 14961 14964
f 14964 14961 14935
f 14931 14953 14952
f 14953 14940 14967
f 14953 14967 14952
f 14952 14967 14936
f 14933 14957 14958
f 14957 14938 14970
f 14957 14970 14958
f 14958 14970 14940
f 14930 14948 14949
f 14948 14937 14968
f 14948 14968 14949
f 14949 14968 14938
f 14934 14960 14959
f 14960 14939 14969
f 14960 14969 14959
f 14959 14969 14937
f 14932 14955 14956
f 14955 14936 14966
f 14955 14966 14956
f 14956 14966 14939
v 1.712 -5.164 92.194
v 1.712 -5.830 92.194
v 2.045 -4.958 91.655
v 1.379 -4.958 91.655
v 2.250 -5.497 91.988
v 1.173 -5.497 91.988
v 1.712 -5.830 91.116
v 1.712 -5.164 91.116
v 1.379 -6.036 91.655
v 2.045 -6.036 91.655
v 1.173 -5.497 91.322
v 2.250 -5.497 91.322
v 1.712 -5.497 92.288
v 1.907 -4.985 91.972
v 1.516 -4.985 91.972
v 2.028 -5.301 92.167
v 1.395 -5.301 92.167
v 2.028 -5.693 92.167
v 1.395 -5.693 92.167
v 1.516 -6.009 91.972
v 1.907 -6.009 91.972
v 1.712 -4.864 91.655
v 2.224 -5.180 91.851
v 1.907 -4.985 91.338
v 2.224 -5.180 91.459
v 1.199 -5.180 91.851
v 1.516 -4.985 91.338
v 1.199 -5.180 91.459
v 2.224 -5.814 91.851
v 2.345 -5.497 91.655
v 1.199 -5.814 91.851
v 1.078 -5.497 91.655
v 1.712 -5.497 91.022
v 1.516 -6.009 91.338
v 1.907 -6.009 91.338
v 1.395 -5.693 91.143
v 2.028 -5.693 91.143
v 1.395 -5.301 91.143
v 2.028 -5.301 91.143
v 1.712 -6.130 91.655
v 1.199 -5.814 91.459
v 2.224 -5.814 91.459
f 14971 14987 14983
f 14987 14976 14989
f 14987 14989 14983
f 14983 14989 14972
f 14971 14985 14987
f 14985 14974 14996
f 14985 14996 14987
f 14987 14996 14976
f 14971 14984 14985
f 14984 14973 14992
f 14984 14992 14985
f 14985 14992 14974
f 14971 14986 14984
f 14986 14975 14993
f 14986 14993 14984
f 14984 14993 14973
f 14971 14983 14986
f 14983 14972 14988
f 14983 14988 14986
f 14986 14988 14975
f 14972 14989 14990
f 14989 14976 15001
f 14989 15001 14990
f 14990 15001 14979
f 14976 14996 15002
f 14996 14974 14998
f 14996 14998 15002
f 15002 14998 14981
f 14974 14992 14997
f 14992 14973 14994
f 14992 14994 14997
f 14997 14994 14978
f 14973 14993 14995
f 14993 14975 15000
f 14993 15000 14995
f 14995 15000 14982
f 14975 14988 14999
f 14988 14972 14991
f 14988 14991 14999
f 14999 14991 14980
f 14978 15009 15003
f 15009 14982 15007
f 15009 15007 15003
f 15003 15007 14977
f 14982 15012 15007
f 15012 14980 15005
f 15012 15005 15007
f 15007 15005 14977
f 14980 15010 15005
f 15010 14979 15004
f 15010 15004 15005
f 15005 15004 14977
f 14979 15011 15004
f 15011 14981 15006
f 15011 15006 15004
f 15004 15006 14977
f 14981 15008 15006
f 15008 14978 15003
f 15008 15003 15006
f 15006 15003 14977
f 14973 14995 14994
f 14995 14982 15009
f 14995 15009 14994
f 14994 15009 14978
f 14975 14999 15000
f 14999 14980 15012
f 14999 15012 15000
f 15000 15012 14982
f 14972 14990 14991
f 14990 14979 15010
f 14990 15010 14991
f 14991 15010 14980
f 14976 15002 15001
f 15002 14981 15011
f 15002 15011 15001
f 15001 15011 14979
f 14974 14997 14998
f 14997 14978 15008
f 14997 15008 14998
f 14998 15008 14981
v -54.614 -21.336 -98.364
v -54.614 -22.039 -98.364
v -54.263 -21.119 -98.933
v -54.965 -21.119 -98.933
v -54.046 -21.688 -98.581
v -55.183 -21.688 -98.581
v -54.614 -22.039 -99.501
v -54.614 -21.336 -99.501
v -54.965 -22.256 -98.933
v -54.263 -22.256 -98.933
v -55.183 -21.688 -99.284
v -54.046 -21.688 -99.284
v -54.614 -21.688 -98.264
v -54.408 -21.147 -98.599
v -54.821 -21.147 -98.599
v -54.280 -21.481 -98.392
v -54.948 -21.481 -98.392
v -54.280 -21.894 -98.392
v -54.948 -21.894 -98.392
v -54.821 -22.229 -98.599
v -54.408 -22.229 -98.599
v -54.614 -21.019 -98.933
v -54.073 -21.354 -98.726
v -54.408 -21.147 -99.267
v -54.073 -21.354 -99.139
v -55.155 -21.354 -98.726
v -54.821 -21.147 -99.267
v -55.155 -21.354 -99.139
v -54.073 -22.022 -98.726
v -53.946 -21.688 -98.933
v -55.155 -22.022 -98.726
v -55.282 -21.688 -98.933
v -54.614 -21.688 -99.601
v -54.821 -22.229 -99.267
v -54.408 -22.229 -99.267
v -54.948 -21.894 -99.473
v -54.280 -21.894 -99.473
v -54.948 -21.481 -99.473
v -54.280 -21.481 -99.473
v -54.614 -22.356 -98.933
v -55.155 -22.022 -99.139
v -54.073 -22.022 -99.139
f 15013 15029 15025
f 15029 15018 15031
f 15029 15031 15025
f 15025 15031 15014
f 15013 15027 15029
f 15027 15016 15038
f 15027 15038 15029
f 15029 15038 15018
f 15013 15026 15027
f 15026 15015 15034
f 15026 15034 15027
f 15027 15034 15016
f 15013 15028 15026
f 15028 15017 15035
f 15028 15035 15026
f 15026 15035 15015
f 15013 15025 15028
f 15025 15014 15030
f 15025 15030 15028
f 15028 15030 15017
f 15014 15031 15032
f 15031 15018 15043
f 15031 15043 15032
f 15032 15043 15021
f 15018 15038 15044
f 15038 15016 15040
f 15038 15040 15044
f 15044 15040 15023
f 15016 15034 15039
f 15034 15015 15036
f 15034 15036 15039
f 15039 15036 15020
f 15015 15035 15037
f 15035 15017 15042
f 15035 15042 15037
f 15037 15042 15024
f 15017 15030 15041
f 15030 15014 15033
f 15030 15033 15041
f 15041 15033 15022
f 15020 15051 15045
f 15051 15024 15049
f 15051 15049 15045
f 15045 15049 15019
f 15024 15054 15049
f 15054 15022 15047
f 15054 15047 15049
f 15049 15047 15019
f 15022 15052 15047
f 15052 15021 15046
f 15052 15046 15047
f 15047 15046 15019
f 15021 15053 15046
f 15053 15023 15048
f 15053 15048 15046
f 15046 15048 15019
f 15023 15050 15048
f 15050 15020 15045
f 15050 15045 15048
f 15048 15045 15019
f 15015 15037 15036
f 15037 15024 15051
f 15037 15051 15036
f 15036 15051 15020
f 15017 15041 15042
f 15041 15022 15054
f 15041 15054 15042
f 15042 15054 15024
f 15014 15032 15033
f 15032 15021 15052
f 15032 15052 15033
f 15033 15052 15022
f 15018 15044 15043
f 15044 15023 15053
f 15044 15053 15043
f 15043 15053 15021
f 15016 15039 15040
f 15039 15020 15050
f 15039 15050 15040
f 15040 15050 15023
v -1.247 -49.654 -78.106
v -1.247 -50.374 -78.106
v -0.887 -49.431 -78.689
v -1.607 -49.431 -78.689
v -0.664 -50.014 -78.329
v -1.830 -50.014 -78.329
v -1.247 -50.374 -79.272
v -1.247 -49.654 -79.272
v -1.607 -50.597 -78.689
v -0.887 -50.597 -78.689
v -1.830 -50.014 -79.049
v -0.664 -50.014 -79.049
v -1.247 -50.014 -78.004
v -1.035 -49.460 -78.347
v -1.459 -49.460 -78.347
v -0.904 -49.802 -78.135
v -1.590 -49.802 -78.135
v -0.904 -50.226 -78.135
v -1.590 -50.226 -78.135
v -1.459 -50.568 -78.347
v -1.035 -50.568 -78.347
v -1.247 -49.329 -78.689
v -0.693 -49.671 -78.477
v -1.035 -49.460 -79.032
v -0.693 -49.671 -78.901
v -1.801 -49.671 -78.477
v -1.459 -49.460 -79.032
v -1.801 -49.671 -78.901
v -0.693 -50.356 -78.477
v -0.562 -50.014 -78.689
v -1.801 -50.356 -78.477
v -1.932 -50.014 -78.689
v -1.247 -50.014 -79.374
v -1.459 -50.568 -79.032
v -1.035 -50.568 -79.032
v -1.590 -50.226 -79.243
v -0.904 -50.226 -79.243
v -1.590 -49.802 -79.243
v -0.904 -49.802 -79.243
v -1.247 -50.699 -78.689
v -1.801 -50.356 -78.901
v -0.693 -50.356 -78.901
f 15055 15071 15067
f 15071 15060 15073
f 15071 15073 15067
f 15067 15073 15056
f 15055 15069 15071
f 15069 15058 15080
f 15069 15080 15071
f 15071 15080 15060
f 15055 15068 15069
f 15068 15057 15076
f 15068 15076 15069
f 15069 15076 15058
f 15055 15070 15068
f 15070 15059 15077
f 15070 15077 15068
f 15068 15077 15057
f 15055 15067 15070
f 15067 15056 15072
f 15067 15072 15070
f 15070 15072 15059
f 15056 15073 15074
f 15073 15060 15085
f 15073 15085 15074
f 15074 15085 15063
f 15060 15080 15086
f 15080 15058 15082
f 15080 15082 15086
f 15086 15082 15065
f 15058 15076 15081
f 15076 15057 15078
f 15076 15078 15081
f 15081 15078 15062
f 15057 15077 15079
f 15077 15059 15084
f 15077 15084 15079
f 15079 15084 15066
f 15059 15072 15083
f 15072 15056 15075
f 15072 15075 15083
f 15083 15075 15064
f 15062 15093 15087
f 15093 15066 15091
f 15093 15091 15087
f 15087 15091 15061
f 15066 15096 15091
f 15096 15064 15089
f 15096 15089 15091
f 15091 15089 15061
f 15064 15094 15089
f 15094 15063 15088
f 15094 15088 15089
f 15089 15088 15061
f 15063 15095 15088
f 15095 15065 15090
f 15095 15090 15088
f 15088 15090 15061
f 15065 15092 15090
f 15092 15062 15087
f 15092 15087 15090
f 15090 15087 15061
f 15057 15079 15078
f 15079 15066 15093
f 15079 15093 15078
f 15078 15093 15062
f 15059 15083 15084
f 15083 15064 15096
f 15083 15096 15084
f 15084 15096 15066
f 15056 15074 15075
f 15074 15063 15094
f 15074 15094 15075
f 15075 15094 15064
f 15060 15086 15085
f 15086 15065 15095
f 15086 15095 15085
f 15085 15095 15063
f 15058 15081 15082
f 15081 15062 15092
f 15081 15092 15082
f 15082 15092 15065
v -4.612 -16.042 -75.533
v -4.612 -16.762 -75.533
v -4.251 -15.819 -76.116
v -4.972 -15.819 -76.116
v -4.029 -16.402 -75.756
v -5.194 -16.402 -75.756
v -4.612 -16.762 -76.699
v -4.612 -16.042 -76.699
v -4.972 -16.985 -76.116
v -4.251 -16.985 -76.116
v -5.194 -16.402 -76.477
v -4.029 -16.402 -76.477
v -4.612 -16.402 -75.431
v -4.400 -15.848 -75.774
v -4.823 -15.848 -75.774
v -4.269 -16.191 -75.562
v -4.954 -16.191 -75.562
v -4.269 -16.614 -75.562
v -4.954 -16.614 -75.562
v -4.823 -16.957 -75.774
v -4.400 -16.957 -75.774
v -4.612 -15.717 -76.116
v -4.057 -16.060 -75.905
v -4.400 -15.848 -76.459
v -4.057 -16.060 -76.328
v -5.166 -16.060 -75.905
v -4.823 -15.848 -76.459
v -5.166 -16.060 -76.328
v -4.057 -16.745 -75.905
v -3.926 -16.402 -76.116
v -5.166 -16.745 -75.905
v -5.297 -16.402 -76.116
v -4.612 -16.402 -76.802
v -4.823 -16.957 -76.459
v -4.400 -16.957 -76.459
v -4.954 -16.614 -76.671
v -4.269 -16.614 -76.671
v -4.954 -16.191 -76.671
v -4.269 -16.191 -76.671
v -4.612 -17.087 -76.116
v -5.166 -16.745 -76.328
v -4.057 -16.745 -76.328
f 15097 15113 15109
f 15113 15102 15115
f 15113 15115 15109
f 15109 15115 15098
f 15097 15111 15113
f 15111 15100 15122
f 15111 15122 15113
f 15113 15122 15102
f 15097 15110 15111
f 15110 15099 15118
f 15110 15118 15111
f 15111 15118 15100
f 15097 15112 15110
f 15112 15101 15119
f 15112 15119 15110
f 15110 15119 15099
f 15097 15109 15112
f 15109 15098 15114
f 15109 15114 15112
f 15112 15114 15101
f 15098 15115 15116
f 15115 15102 15127
f 15115 15127 15116
f 15116 15127 15105
f 15102 15122 15128
f 15122 15100 15124
f 15122 15124 15128
f 15128 15124 15107
f 15100 15118 15123
f 15118 15099 15120
f 15118 15120 15123
f 15123 15120 15104
f 15099 15119 15121
f 15119 15101 15126
f 15119 15126 15121
f 15121 15126 15108
f 15101 15114 15125
f 15114 15098 15117
f 15114 15117 15125
f 15125 15117 15106
f 15104 15135 15129
f 15135 15108 15133
f 15135 15133 15129
f 15129 15133 15103
f 15108 15138 15133
f 15138 15106 15131
f 15138 15131 15133
f 15133 15131 15103
f 15106 15136 15131
f 15136 15105 15130
f 15136 15130 15131
f 15131 15130 15103
f 15105 15137 15130
f 15137 15107 15132
f 15137 15132 15130
f 15130 15132 15103
f 15107 15134 15132
f 15134 15104 15129
f 15134 15129 15132
f 15132 15129 15103
f 15099 15121 15120
f 15121 15108 15135
f 15121 15135 15120
f 15120 15135 15104
f 15101 15125 15126
f 15125 15106 15138
f 15125 15138 15126
f 15126 15138 15108
f 15098 15116 15117
f 15116 15105 15136
f 15116 15136 15117
f 15117 15136 15106
f 15102 15128 15127
f 15128 15107 15137
f 15128 15137 15127
f 15127 15137 15105
f 15100 15123 15124
f 15123 15104 15134
f 15123 15134 15124
f 15124 15134 15107
v 58.483 -44.271 -64.124
v 58.483 -45.042 -64.124
v 58.868 -44.033 -64.747
v 58.097 -44.033 -64.747
v 59.107 -44.657 -64.362
v 57.859 -44.657 -64.362
v 58.483 -45.042 -65.371
v 58.483 -44.271 -65.371
v 58.097 -45.280 -64.747
v 58.868 -45.280 -64.747
v 57.859 -44.657 -65.133
v 59.107 -44.657 -65.133
v 58.483 -44.657 -64.014
v 58.709 -44.063 -64.381
v 58.256 -44.063 -64.381
v 58.850 -44.430 -64.154
v 58.116 -44.430 -64.154
v 58.850 -44.883 -64.154
v 58.116 -44.883 -64.154
v 58.256 -45.250 -64.381
v 58.709 -45.250 -64.381
v 58.483 -43.923 -64.747
v 59.076 -44.290 -64.521
v 58.709 -44.063 -65.114
v 59.076 -44.290 -64.974
v 57.889 -44.290 -64.521
v 58.256 -44.063 -65.114
v 57.889 -44.290 -64.974
v 59.076 -45.023 -64.521
v 59.216 -44.657 -64.747
v 57.889 -45.023 -64.521
v 57.749 -44.657 -64.747
v 58.483 -44.657 -65.481
v 58.256 -45.250 -65.114
v 58.709 -45.250 -65.114
v 58.116 -44.883 -65.341
v 58.850 -44.883 -65.341
v 58.116 -44.430 -65.341
v 58.850 -44.430 -65.341
v 58.483 -45.390 -64.747
v 57.889 -45.023 -64.974
v 59.076 -45.023 -64.974
f 15139 15155 15151
f 15155 15144 15157
f 15155 15157 15151
f 15151 15157 15140
f 15139 15153 15155
f 15153 15142 15164
f 15153 15164 15155
f 15155 15164 15144
f 15139 15152 15153
f 15152 15141 15160
f 15152 15160 15153
f 15153 15160 15142
f 15139 15154 15152
f 15154 15143 15161
f 15154 15161 15152
f 15152 15161 15141
f 15139 15151 15154
f 15151 15140 15156
f 15151 15156 15154
f 15154 15156 15143
f 15140 15157 15158
f 15157 15144 15169
f 15157 15169 15158
f 15158 15169 15147
f 15144 15164 15170
f 15164 15142 15166
f 15164 15166 15170
f 15170 15166 15149
f 15142 15160 15165
f 15160 15141 15162
f 15160 15162 15165
f 15165 15162 15146
f 15141 15161 15163
f 15161 15143 15168
f 15161 15168 15163
f 15163 15168 15150
f 15143 15156 15167
f 15156 15140 15159
f 15156 15159 15167
f 15167 15159 15148
f 15146 15177 15171
f 15177 15150 15175
f 15177 15175 15171
f 15171 15175 15145
f 15150 15180 15175
f 15180 15148 15173
f 15180 15173 15175
f 15175 15173 15145
f 15148 15178 15173
f 15178 15147 15172
f 15178 15172 15173
f 15173 15172 15145
f 15147 15179 15172
f 15179 15149 15174
f 15179 15174 15172
f 15172 15174 15145
f 15149 15176 15174
f 15176 15146 15171
f 15176 15171 15174
f 15174 15171 15145
f 15141 15163 15162
f 15163 15150 15177
f 15163 15177 15162
f 15162 15177 15146
f 15143 15167 15168
f 15167 15148 15180
f 15167 15180 15168
f 15168 15180 15150
f 15140 15158 15159
f 15158 15147 15178
f 15158 15178 15159
f 15159 15178 15148
f 15144 15170 15169
f 15170 15149 15179
f 15170 15179 15169
f 15169 15179 15147
f 15142 15165 15166
f 15165 15146 15176
f 15165 15176 15166
f 15166 15176 15149
v -29.572 81.625 -76.809
v -29.572 80.959 -76.809
v -29.239 81.831 -77.347
v -29.905 81.831 -77.347
v -29.033 81.292 -77.014
v -30.111 81.292 -77.014
v -29.572 80.959 -77.886
v -29.572 81.625 -77.886
v -29.905 80.754 -77.347
v -29.239 80.754 -77.347
v -30.111 81.292 -77.680
v -29.033 81.292 -77.680
v -29.572 81.292 -76.714
v -29.376 81.805 -77.031
v -29.768 81.805 -77.031
v -29.255 81.488 -76.835
v -29.889 81.488 -76.835
v -29.255 81.097 -76.835
v -29.889 81.097 -76.835
v -29.768 80.780 -77.031
v -29.376 80.780 -77.031
v -29.572 81.926 -77.347
v -29.060 81.609 -77.152
v -29.376 81.805 -77.664
v -29.060 81.609 -77.543
v -30.084 81.609 -77.152
v -29.768 81.805 -77.664
v -30.084 81.609 -77.543
v -29.060 80.976 -77.152
v -28.939 81.292 -77.347
v -30.084 80.976 -77.152
v -30.205 81.292 -77.347
v -29.572 81.292 -77.981
v -29.768 80.780 -77.664
v -29.376 80.780 -77.664
v -29.889 81.097 -77.860
v -29.255 81.097 -77.860
v -29.889 81.488 -77.860
v -29.255 81.488 -77.860
v -29.572 80.659 -77.347
v -30.084 80.976 -77.543
v -29.060 80.976 -77.543
f 15181 15197 15193
f 15197 15186 15199
f 15197 15199 15193
f 15193 15199 15182
f 15181 15195 15197
f 15195 15184 15206
f 15195 15206 15197
f 15197 15206 15186
f 15181 15194 15195
f 15194 15183 15202
f 15194 15202 15195
f 15195 15202 15184
f 15181 15196 15194
f 15196 15185 15203
f 15196 15203 15194
f 15194 15203 15183
f 15181 15193 15196
f 15193 15182 15198
f 15193 15198 15196
f 15196 15198 15185
f 15182 15199 15200
f 15199 15186 15211
f 15199 15211 15200
f 15200 15211 15189
f 15186 15206 15212
f 15206 15184 15208
f 15206 15208 15212
f 15212 15208 15191
f 15184 15202 15207
f 15202 15183 15204
f 15202 15204 15207
f 15207 15204 15188
f 15183 15203 15205
f 15203 15185 15210
f 15203 15210 15205
f 15205 15210 15192
f 15185 15198 15209
f 15198 15182 15201
f 15198 15201 15209
f 15209 15201 15190
f 15188 15219 15213
f 15219 15192 15217
f 15219 15217 15213
f 15213 15217 15187
f 15192 15222 15217
f 15222 15190 15215
f 15222 15215 15217
f 15217 15215 15187
f 15190 15220 15215
f 15220 15189 15214
f 15220 15214 15215
f 15215 15214 15187
f 15189 15221 15214
f 15221 15191 15216
f 15221 15216 15214
f 15214 15216 15187
f 15191 15218 15216
f 15218 15188 15213
f 15218 15213 15216
f 15216 15213 15187
f 15183 15205 15204
f 15205 15192 15219
f 15205 15219 15204
f 15204 15219 15188
f 15185 15209 15210
f 15209 15190 15222
f 15209 15222 15210
f 15210 15222 15192
f 15182 15200 15201
f 15200 15189 15220
f 15200 15220 15201
f 15201 15220 15190
f 15186 15212 15211
f 15212 15191 15221
f 15212 15221 15211
f 15211 15221 15189
f 15184 15207 15208
f 15207 15188 15218
f 15207 15218 15208
f 15208 15218 15191
v -43.237 24.468 -48.908
v -43.237 23.713 -48.908
v -42.860 24.701 -49.519
v -43.614 24.701 -49.519
v -42.627 24.090 -49.142
v -43.848 24.090 -49.142
v -43.237 23.713 -50.129
v -43.237 24.468 -50.129
v -43.614 23.480 -49.519
v -42.860 23.480 -49.519
v -43.848 24.090 -49.896
v -42.627 24.090 -49.896
v -43.237 24.090 -48.801
v -43.015 24.671 -49.160
v -43.459 24.671 -49.160
v -42.878 24.312 -48.938
v -43.596 24.312 -48.938
v -42.878 23.868 -48.938
v -43.596 23.868 -48.938
v -43.459 23.510 -49.160
v -43.015 23.510 -49.160
v -43.237 24.808 -49.519
v -42.656 24.449 -49.297
v -43.015 24.671 -49.878
v -42.656 24.449 -49.741
v -43.818 24.449 -49.297
v -43.459 24.671 -49.878
v -43.818 24.449 -49.741
v -42.656 23.731 -49.297
v -42.519 24.090 -49.519
v -43.818 23.731 -49.297
v -43.955 24.090 -49.519
v -43.237 24.090 -50.237
v -43.459 23.510 -49.878
v -43.015 23.510 -49.878
v -43.596 23.868 -50.100
v -42.878 23.868 -50.100
v -43.596 24.312 -50.100
v -42.878 24.312 -50.100
v -43.237 23.373 -49.519
v -43.818 23.731 -49.741
v -42.656 23.731 -49.741
f 15223 15239 15235
f 15239 15228 15241
f 15239 15241 15235
f 15235 15241 15224
f 15223 15237 15239
f 15237 15226 15248
f 15237 15248 15239
f 15239 15248 15228
f 15223 15236 15237
f 15236 15225 15244
f 15236 15244 15237
f 15237 15244 15226
f 15223 15238 15236
f 15238 15227 15245
f 15238 15245 15236
f 15236 15245 15225
f 15223 15235 15238
f 15235 15224 15240
f 15235 15240 15238
f 15238 15240 15227
f 15224 15241 15242
f 15241 15228 15253
f 15241 15253 15242
f 15242 15253 15231
f 15228 15248 15254
f 15248 15226 15250
f 15248 15250 15254
f 15254 15250 15233
f 15226 15244 15249
f 15244 15225 15246
f 15244 15246 15249
f 15249 15246 15230
f 15225 15245 15247
f 15245 15227 15252
f 15245 15252 15247
f 15247 15252 15234
f 15227 15240 15251
f 15240 15224 15243
f 15240 15243 15251
f 15251 15243 15232
f 15230 15261 15255
f 15261 15234 15259
f 15261 15259 15255
f 15255 15259 15229
f 15234 15264 15259
f 15264 15232 15257
f 15264 15257 15259
f 15259 15257 15229
f 15232 15262 15257
f 15262 15231 15256
f 15262 15256 15257
f 15257 15256 15229
f 15231 15263 15256
f 15263 15233 15258
f 15263 15258 15256
f 15256 15258 15229
f 15233 15260 15258
f 15260 15230 15255
f 15260 15255 15258
f 15258 15255 15229
f 15225 15247 15246
f 15247 15234 15261
f 15247 15261 15246
f 15246 15261 15230
f 15227 15251 15252
f 15251 15232 15264
f 15251 15264 15252
f 15252 15264 15234
f 15224 15242 15243
f 15242 15231 15262
f 15242 15262 15243
f 15243 15262 15232
f 15228 15254 15253
f 15254 15233 15263
f 15254 15263 15253
f 15253 15263 15231
f 15226 15249 15250
f 15249 15230 15260
f 15249 15260 15250
f 15250 15260 15233
v 20.640 -52.820 -28.250
v 20.640 -53.540 -28.250
v 21.000 -52.597 -28.833
v 20.280 -52.597 -28.833
v 21.223 -53.180 -28.473
v 20.057 -53.180 -28.473
v 20.640 -53.540 -29.416
v 20.640 -52.820 -29.416
v 20.280 -53.763 -28.833
v 21.000 -53.763 -28.833
v 20.057 -53.180 -29.194
v 21.223 -53.180 -29.194
v 20.640 -53.180 -28.148
v 20.852 -52.626 -28.491
v 20.429 -52.626 -28.491
v 20.983 -52.968 -28.279
v 20.298 -52.968 -28.279
v 20.983 -53.392 -28.279
v 20.298 -53.392 -28.279
v 20.429 -53.734 -28.491
v 20.852 -53.734 -28.491
v 20.640 -52.495 -28.833
v 21.195 -52.837 -28.622
v 20.852 -52.626 -29.176
v 21.195 -52.837 -29.045
v 20.086 -52.837 -28.622
v 20.429 -52.626 -29.176
v 20.086 -52.837 -29.045
v 21.195 -53.523 -28.622
v 21.325 -53.180 -28.833
v 20.086 -53.523 -28.622
v 19.955 -53.180 -28.833
v 20.640 -53.180 -29.518
v 20.429 -53.734 -29.176
v 20.852 -53.734 -29.176
v 20.298 -53.392 -29.388
v 20.983 -53.392 -29.388
v 20.298 -52.968 -29.388
v 20.983 -52.968 -29.388
v 20.640 -53.865 -28.833
v 20.086 -53.523 -29.045
v 21.195 -53.523 -29.045
f 15265 15281 15277
f 15281 15270 15283
f 15281 15283 15277
f 15277 15283 15266
f 15265 15279 15281
f 15279 15268 15290
f 15279 15290 15281
f 15281 15290 15270
f 15265 15278 15279
f 15278 15267 15286
f 15278 15286 15279
f 15279 15286 15268
f 15265 15280 15278
f 15280 15269 15287
f 15280 15287 15278
f 15278 15287 15267
f 15265 15277 15280
f 15277 15266 15282
f 15277 15282 15280
f 15280 15282 15269
f 15266 15283 15284
f 15283 15270 15295
f 15283 15295 15284
f 15284 15295 15273
f 15270 15290 15296
f 15290 15268 15292
f 15290 15292 15296
f 15296 15292 15275
f 15268 15286 15291
f 15286 15267 15288
f 15286 15288 15291
f 15291 15288 15272
f 15267 15287 15289
f 15287 15269 15294
f 15287 15294 15289
f 15289 15294 15276
f 15269 15282 15293
f 15282 15266 15285
f 15282 15285 15293
f 15293 15285 15274
f 15272 15303 15297
f 15303 15276 15301
f 15303 15301 15297
f 15297 15301 15271
f 15276 15306 15301
f 15306 15274 15299
f 15306 15299 15301
f 15301 15299 15271
f 15274 15304 15299
f 15304 15273 15298
f 15304 15298 15299
f 15299 15298 15271
f 15273 15305 15298
f 15305 15275 15300
f 15305 15300 15298
f 15298 15300 15271
f 15275 15302 15300
f 15302 15272 15297
f 15302 15297 15300
f 15300 15297 15271
f 15267 15289 15288
f 15289 15276 15303
f 15289 15303 15288
f 15288 15303 15272
f 15269 15293 15294
f 15293 15274 15306
f 15293 15306 15294
f 15294 15306 15276
f 15266 15284 15285
f 15284 15273 15304
f 15284 15304 15285
f 15285 15304 15274
f 15270 15296 15295
f 15296 15275 15305
f 15296 15305 15295
f 15295 15305 15273
f 15268 15291 15292
f 15291 15272 15302
f 15291 15302 15292
f 15292 15302 15275
v -44.632 2.269 -28.320
v -44.632 1.584 -28.320
v -44.289 2.480 -28.873
v -44.974 2.480 -28.873
v -44.078 1.926 -28.531
v -45.185 1.926 -28.531
v -44.632 1.584 -29.427
v -44.632 2.269 -29.427
v -44.974 1.373 -28.873
v -44.289 1.373 -28.873
v -45.185 1.926 -29.216
v -44.078 1.926 -29.216
v -44.632 1.926 -28.222
v -44.430 2.453 -28.548
v -44.833 2.453 -28.548
v -44.306 2.127 -28.347
v -44.957 2.127 -28.347
v -44.306 1.725 -28.347
v -44.957 1.725 -28.347
v -44.833 1.400 -28.548
v -44.430 1.400 -28.548
v -44.632 2.577 -28.873
v -44.105 2.252 -28.672
v -44.430 2.453 -29.199
v -44.105 2.252 -29.075
v -45.158 2.252 -28.672
v -44.833 2.453 -29.199
v -45.158 2.252 -29.075
v -44.105 1.601 -28.672
v -43.981 1.926 -28.873
v -45.158 1.601 -28.672
v -45.283 1.926 -28.873
v -44.632 1.926 -29.524
v -44.833 1.400 -29.199
v -44.430 1.400 -29.199
v -44.957 1.725 -29.400
v -44.306 1.725 -29.400
v -44.957 2.127 -29.400
v -44.306 2.127 -29.400
v -44.632 1.275 -28.873
v -45.158 1.601 -29.075
v -44.105 1.601 -29.075
f 15307 15323 15319
f 15323 15312 15325
f 15323 15325 15319
f 15319 15325 15308
f 15307 15321 15323
f 15321 15310 15332
f 15321 15332 15323
f 15323 15332 15312
f 15307 15320 15321
f 15320 15309 15328
f 15320 15328 15321
f 15321 15328 15310
f 15307 15322 15320
f 15322 15311 15329
f 15322 15329 15320
f 15320 15329 15309
f 15307 15319 15322
f 15319 15308 15324
f 15319 15324 15322
f 15322 15324 15311
f 15308 15325 15326
f 15325 15312 15337
f 15325 15337 15326
f 15326 15337 15315
f 15312 15332 15338
f 15332 15310 15334
f 15332 15334 15338
f 15338 15334 15317
f 15310 15328 15333
f 15328 15309 15330
f 15328 15330 15333
f 15333 15330 15314
f 15309 15329 15331
f 15329 15311 15336
f 15329 15336 15331
f 15331 15336 15318
f 15311 15324 15335
f 15324 15308 15327
f 15324 15327 15335
f 15335 15327 15316
f 15314 15345 15339
f 15345 15318 15343
f 15345 15343 15339
f 15339 15343 15313
f 15318 15348 15343
f 15348 15316 15341
f 15348 15341 15343
f 15343 15341 15313
f 15316 15346 15341
f 15346 15315 15340
f 15346 15340 15341
f 15341 15340 15313
f 15315 15347 15340
f 15347 15317 15342
f 15347 15342 15340
f 15340 15342 15313
f 15317 15344 15342
f 15344 15314 15339
f 15344 15339 15342
f 15342 15339 15313
f 15309 15331 15330
f 15331 15318 15345
f 15331 15345 15330
f 15330 15345 15314
f 15311 15335 15336
f 15335 15316 15348
f 15335 15348 15336
f 15336 15348 15318
f 15308 15326 15327
f 15326 15315 15346
f 15326 15346 15327
f 15327 15346 15316
f 15312 15338 15337
f 15338 15317 15347
f 15338 15347 15337
f 15337 15347 15315
f 15310 15333 15334
f 15333 15314 15344
f 15333 15344 15334
f 15334 15344 15317
v 23.894 -51.497 -22.797
v 23.894 -52.217 -22.797
v 24.254 -51.274 -23.380
v 23.534 -51.274 -23.380
v 24.477 -51.857 -23.020
v 23.311 -51.857 -23.020
v 23.894 -52.217 -23.963
v 23.894 -51.497 -23.963
v 23.534 -52.440 -23.380
v 24.254 -52.440 -23.380
v 23.311 -51.857 -23.741
v 24.477 -51.857 -23.741
v 23.894 -51.857 -22.695
v 24.106 -51.303 -23.038
v 23.682 -51.303 -23.038
v 24.237 -51.645 -22.826
v 23.551 -51.645 -22.826
v 24.237 -52.069 -22.826
v 23.551 -52.069 -22.826
v 23.682 -52.411 -23.038
v 24.106 -52.411 -23.038
v 23.894 -51.172 -23.380
v 24.448 -51.515 -23.169
v 24.106 -51.303 -23.723
v 24.448 -51.515 -23.592
v 23.340 -51.515 -23.169
v 23.682 -51.303 -23.723
v 23.340 -51.515 -23.592
v 24.448 -52.200 -23.169
v 24.579 -51.857 -23.380
v 23.340 -52.200 -23.169
v 23.209 -51.857 -23.380
v 23.894 -51.857 -24.066
v 23.682 -52.411 -23.723
v 24.106 -52.411 -23.723
v 23.551 -52.069 -23.935
v 24.237 -52.069 -23.935
v 23.551 -51.645 -23.935
v 24.237 -51.645 -23.935
v 23.894 -52.542 -23.380
v 23.340 -52.200 -23.592
v 24.448 -52.200 -23.592
f 15349 15365 15361
f 15365 15354 15367
f 15365 15367 15361
f 15361 15367 15350
f 15349 15363 15365
f 15363 15352 15374
f 15363 15374 15365
f 15365 15374 15354
f 15349 15362 15363
f 15362 15351 15370
f 15362 15370 15363
f 15363 15370 15352
f 15349 15364 15362
f 15364 15353 15371
f 15364 15371 15362
f 15362 15371 15351
f 15349 15361 15364
f 15361 15350 15366
f 15361 15366 15364
f 15364 15366 15353
f 15350 15367 15368
f 15367 15354 15379
f 15367 15379 15368
f 15368 15379 15357
f 15354 15374 15380
f 15374 15352 15376
f 15374 15376 15380
f 15380 15376 15359
f 15352 15370 15375
f 15370 15351 15372
f 15370 15372 15375
f 15375 15372 15356
f 15351 15371 15373
f 15371 15353 15378
f 15371 15378 15373
f 15373 15378 15360
f 15353 15366 15377
f 15366 15350 15369
f 15366 15369 15377
f 15377 15369 15358
f 15356 15387 15381
f 15387 15360 15385
f 15387 15385 15381
f 15381 15385 15355
f 15360 15390 15385
f 15390 15358 15383
f 15390 15383 15385
f 15385 15383 15355
f 15358 15388 15383
f 15388 15357 15382
f 15388 15382 15383
f 15383 15382 15355
f 15357 15389 15382
f 15389 15359 15384
f 15389 15384 15382
f 15382 15384 15355
f 15359 15386 15384
f 15386 15356 15381
f 15386 15381 15384
f 15384 15381 15355
f 15351 15373 15372
f 15373 15360 15387
f 15373 15387 15372
f 15372 15387 15356
f 15353 15377 15378
f 15377 15358 15390
f 15377 15390 15378
f 15378 15390 15360
f 15350 15368 15369
f 15368 15357 15388
f 15368 15388 15369
f 15369 15388 15358
f 15354 15380 15379
f 15380 15359 15389
f 15380 15389 15379
f 15379 15389 15357
f 15352 15375 15376
f 15375 15356 15386
f 15375 15386 15376
f 15376 15386 15359
v 70.103 -6.811 -21.089
v 70.103 -7.532 -21.089
v 70.463 -6.589 -21.672
v 69.743 -6.589 -21.672
v 70.686 -7.172 -21.311
v 69.520 -7.172 -21.311
v 70.103 -7.532 -22.254
v 70.103 -6.811 -22.254
v 69.743 -7.754 -21.672
v 70.463 -7.754 -21.672
v 69.520 -7.172 -22.032
v 70.686 -7.172 -22.032
v 70.103 -7.172 -20.986
v 70.315 -6.617 -21.329
v 69.891 -6.617 -21.329
v 70.446 -6.960 -21.117
v 69.760 -6.960 -21.117
v 70.446 -7.383 -21.117
v 69.760 -7.383 -21.117
v 69.891 -7.726 -21.329
v 70.315 -7.726 -21.329
v 70.103 -6.486 -21.672
v 70.657 -6.829 -21.460
v 70.315 -6.617 -22.014
v 70.657 -6.829 -21.883
v 69.549 -6.829 -21.460
v 69.891 -6.617 -22.014
v 69.549 -6.829 -21.883
v 70.657 -7.514 -21.460
v 70.788 -7.172 -21.672
v 69.549 -7.514 -21.460
v 69.418 -7.172 -21.672
v 70.103 -7.172 -22.357
v 69.891 -7.726 -22.014
v 70.315 -7.726 -22.014
v 69.760 -7.383 -22.226
v 70.446 -7.383 -22.226
v 69.760 -6.960 -22.226
v 70.446 -6.960 -22.226
v 70.103 -7.857 -21.672
v 69.549 -7.514 -21.883
v 70.657 -7.514 -21.883
f 15391 15407 15403
f 15407 15396 15409
f 15407 15409 15403
f 15403 15409 15392
f 15391 15405 15407
f 15405 15394 15416
f 15405 15416 15407
f 15407 15416 15396
f 15391 15404 15405
f 15404 15393 15412
f 15404 15412 15405
f 15405 15412 15394
f 15391 15406 15404
f 15406 15395 15413
f 15406 15413 15404
f 15404 15413 15393
f 15391 15403 15406
f 15403 15392 15408
f 15403 15408 15406
f 15406 15408 15395
f 15392 15409 15410
f 15409 15396 15421
f 15409 15421 15410
f 15410 15421 15399
f 15396 15416 15422
f 15416 15394 15418
f 15416 15418 15422
f 15422 15418 15401
f 15394 15412 15417
f 15412 15393 15414
f 15412 15414 15417
f 15417 15414 15398
f 15393 15413 15415
f 15413 15395 15420
f 15413 15420 15415
f 15415 15420 15402
f 15395 15408 15419
f 15408 15392 15411
f 15408 15411 15419
f 15419 15411 15400
f 15398 15429 15423
f 15429 15402 15427
f 15429 15427 15423
f 15423 15427 15397
f 15402 15432 15427
f 15432 15400 15425
f 15432 15425 15427
f 15427 15425 15397
f 15400 15430 15425
f 15430 15399 15424
f 15430 15424 15425
f 15425 15424 15397
f 15399 15431 15424
f 15431 15401 15426
f 15431 15426 15424
f 15424 15426 15397
f 15401 15428 15426
f 15428 15398 15423
f 15428 15423 15426
f 15426 15423 15397
f 15393 15415 15414
f 15415 15402 15429
f 15415 15429 15414
f 15414 15429 15398
f 15395 15419 15420
f 15419 15400 15432
f 15419 15432 15420
f 15420 15432 15402
f 15392 15410 15411
f 15410 15399 15430
f 15410 15430 15411
f 15411 15430 15400
f 15396 15422 15421
f 15422 15401 15431
f 15422 15431 15421
f 15421 15431 15399
f 15394 15417 15418
f 15417 15398 15428
f 15417 15428 15418
f 15418 15428 15401
v -48.640 14.043 -26.510
v -48.640 13.288 -26.510
v -48.263 14.276 -27.121
v -49.018 14.276 -27.121
v -48.030 13.666 -26.743
v -49.251 13.666 -26.743
v -48.640 13.288 -27.731
v -48.640 14.043 -27.731
v -49.018 13.055 -27.121
v -48.263 13.055 -27.121
v -49.251 13.666 -27.498
v -48.030 13.666 -27.498
v -48.640 13.666 -26.403
v -48.418 14.246 -26.762
v -48.862 14.246 -26.762
v -48.281 13.887 -26.540
v -48.999 13.887 -26.540
v -48.281 13.444 -26.540
v -48.999 13.444 -26.540
v -48.862 13.085 -26.762
v -48.418 13.085 -26.762
v -48.640 14.383 -27.121
v -48.060 14.024 -26.899
v -48.418 14.246 -27.480
v -48.060 14.024 -27.343
v -49.221 14.024 -26.899
v -48.862 14.246 -27.480
v -49.221 14.024 -27.343
v -48.060 13.307 -26.899
v -47.923 13.666 -27.121
v -49.221 13.307 -26.899
v -49.358 13.666 -27.121
v -48.640 13.666 -27.839
v -48.862 13.085 -27.480
v -48.418 13.085 -27.480
v -48.999 13.444 -27.701
v -48.281 13.444 -27.701
v -48.999 13.887 -27.701
v -48.281 13.887 -27.701
v -48.640 12.948 -27.121
v -49.221 13.307 -27.343
v -48.060 13.307 -27.343
f 15433 15449 15445
f 15449 15438 15451
f 15449 15451 15445
f 15445 15451 15434
f 15433 15447 15449
f 15447 15436 15458
f 15447 15458 15449
f 15449 15458 15438
f 15433 15446 15447
f 15446 15435 15454
f 15446 15454 15447
f 15447 15454 15436
f 15433 15448 15446
f 15448 15437 15455
f 15448 15455 15446
f 15446 15455 15435
f 15433 15445 15448
f 15445 15434 15450
f 15445 15450 15448
f 15448 15450 15437
f 15434 15451 15452
f 15451 15438 15463
f 15451 15463 15452
f 15452 15463 15441
f 15438 15458 15464
f 15458 15436 15460
f 15458 15460 15464
f 15464 15460 15443
f 15436 15454 15459
f 15454 15435 15456
f 15454 15456 15459
f 15459 15456 15440
f 15435 15455 15457
f 15455 15437 15462
f 15455 15462 15457
f 15457 15462 15444
f 15437 15450 15461
f 15450 15434 15453
f 15450 15453 15461
f 15461 15453 15442
f 15440 15471 15465
f 15471 15444 15469
f 15471 15469 15465
f 15465 15469 15439
f 15444 15474 15469
f 15474 15442 15467
f 15474 15467 15469
f 15469 15467 15439
f 15442 15472 15467
f 15472 15441 15466
f 15472 15466 15467
f 15467 15466 15439
f 15441 15473 15466
f 15473 15443 15468
f 15473 15468 15466
f 15466 15468 15439
f 15443 15470 15468
f 15470 15440 15465
f 15470 15465 15468
f 15468 15465 15439
f 15435 15457 15456
f 15457 15444 15471
f 15457 15471 15456
f 15456 15471 15440
f 15437 15461 15462
f 15461 15442 15474
f 15461 15474 15462
f 15462 15474 15444
f 15434 15452 15453
f 15452 15441 15472
f 15452 15472 15453
f 15453 15472 15442
f 15438 15464 15463
f 15464 15443 15473
f 15464 15473 15463
f 15463 15473 15441
f 15436 15459 15460
f 15459 15440 15470
f 15459 15470 15460
f 15460 15470 15443
v -37.975 14.428 -20.912
v -37.975 13.762 -20.912
v -37.642 14.633 -21.451
v -38.308 14.633 -21.451
v -37.436 14.095 -21.118
v -38.514 14.095 -21.118
v -37.975 13.762 -21.989
v -37.975 14.428 -21.989
v -38.308 13.556 -21.451
v -37.642 13.556 -21.451
v -38.514 14.095 -21.784
v -37.436 14.095 -21.784
v -37.975 14.095 -20.817
v -37.779 14.607 -21.134
v -38.171 14.607 -21.134
v -37.658 14.290 -20.938
v -38.292 14.290 -20.938
v -37.658 13.899 -20.938
v -38.292 13.899 -20.938
v -38.171 13.582 -21.134
v -37.779 13.582 -21.134
v -37.975 14.728 -21.451
v -37.463 14.411 -21.255
v -37.779 14.607 -21.767
v -37.463 14.411 -21.646
v -38.487 14.411 -21.255
v -38.171 14.607 -21.767
v -38.487 14.411 -21.646
v -37.463 13.778 -21.255
v -37.342 14.095 -21.451
v -38.487 13.778 -21.255
v -38.608 14.095 -21.451
v -37.975 14.095 -22.084
v -38.171 13.582 -21.767
v -37.779 13.582 -21.767
v -38.292 13.899 -21.963
v -37.658 13.899 -21.963
v -38.292 14.290 -21.963
v -37.658 14.290 -21.963
v -37.975 13.461 -21.451
v -38.487 13.778 -21.646
v -37.463 13.778 -21.646
f 15475 15491 15487
f 15491 15480 15493
f 15491 15493 15487
f 15487 15493 15476
f 15475 15489 15491
f 15489 15478 15500
f 15489 15500 15491
f 15491 15500 15480
f 15475 15488 15489
f 15488 15477 15496
f 15488 15496 15489
f 15489 15496 15478
f 15475 15490 15488
f 15490 15479 15497
f 15490 15497 15488
f 15488 15497 15477
f 15475 15487 15490
f 15487 15476 15492
f 15487 15492 15490
f 15490 15492 15479
f 15476 15493 15494
f 15493 15480 15505
f 15493 15505 15494
f 15494 15505 15483
f 15480 15500 15506
f 15500 15478 15502
f 15500 15502 15506
f 15506 15502 15485
f 15478 15496 15501
f 15496 15477 15498
f 15496 15498 15501
f 15501 15498 15482
f 15477 15497 15499
f 15497 15479 15504
f 15497 15504 15499
f 15499 15504 15486
f 15479 15492 15503
f 15492 15476 15495
f 15492 15495 15503
f 15503 15495 15484
f 15482 15513 15507
f 15513 15486 15511
f 15513 15511 15507
f 15507 15511 15481
f 15486 15516 15511
f 15516 15484 15509
f 15516 15509 15511
f 15511 15509 15481
f 15484 15514 15509
f 15514 15483 15508
f 15514 15508 15509
f 15509 15508 15481
f 15483 15515 15508
f 15515 15485 15510
f 15515 15510 15508
f 15508 15510 15481
f 15485 15512 15510
f 15512 15482 15507
f 15512 15507 15510
f 15510 15507 15481
f 15477 15499 15498
f 15499 15486 15513
f 15499 15513 15498
f 15498 15513 15482
f 15479 15503 15504
f 15503 15484 15516
f 15503 15516 15504
f 15504 15516 15486
f 15476 15494 15495
f 15494 15483 15514
f 15494 15514 15495
f 15495 15514 15484
f 15480 15506 15505
f 15506 15485 15515
f 15506 15515 15505
f 15505 15515 15483
f 15478 15501 15502
f 15501 15482 15512
f 15501 15512 15502
f 15502 15512 15485
v -7.627 -10.414 -9.895
v -7.627 -11.080 -9.895
v -7.294 -10.208 -10.433
v -7.959 -10.208 -10.433
v -7.088 -10.747 -10.100
v -8.165 -10.747 -10.100
v -7.627 -11.080 -10.972
v -7.627 -10.414 -10.972
v -7.959 -11.286 -10.433
v -7.294 -11.286 -10.433
v -8.165 -10.747 -10.766
v -7.088 -10.747 -10.766
v -7.627 -10.747 -9.800
v -7.431 -10.235 -10.117
v -7.822 -10.235 -10.117
v -7.310 -10.551 -9.921
v -7.943 -10.551 -9.921
v -7.310 -10.943 -9.921
v -7.943 -10.943 -9.921
v -7.822 -11.259 -10.117
v -7.431 -11.259 -10.117
v -7.627 -10.114 -10.433
v -7.114 -10.430 -10.238
v -7.431 -10.235 -10.750
v -7.114 -10.430 -10.629
v -8.139 -10.430 -10.238
v -7.822 -10.235 -10.750
v -8.139 -10.430 -10.629
v -7.114 -11.064 -10.238
v -6.993 -10.747 -10.433
v -8.139 -11.064 -10.238
v -8.260 -10.747 -10.433
v -7.627 -10.747 -11.067
v -7.822 -11.259 -10.750
v -7.431 -11.259 -10.750
v -7.943 -10.943 -10.946
v -7.310 -10.943 -10.946
v -7.943 -10.551 -10.946
v -7.310 -10.551 -10.946
v -7.627 -11.380 -10.433
v -8.139 -11.064 -10.629
v -7.114 -11.064 -10.629
f 15517 15533 15529
f 15533 15522 15535
f 15533 15535 15529
f 15529 15535 15518
f 15517 15531 15533
f 15531 15520 15542
f 15531 15542 15533
f 15533 15542 15522
f 15517 15530 15531
f 15530 15519 15538
f 15530 15538 15531
f 15531 15538 15520
f 15517 15532 15530
f 15532 15521 15539
f 15532 15539 15530
f 15530 15539 15519
f 15517 15529 15532
f 15529 15518 15534
f 15529 15534 15532
f 15532 15534 15521
f 15518 15535 15536
f 15535 15522 15547
f 15535 15547 15536
f 15536 15547 15525
f 15522 15542 15548
f 15542 15520 15544
f 15542 15544 15548
f 15548 15544 15527
f 15520 15538 15543
f 15538 15519 15540
f 15538 15540 15543
f 15543 15540 15524
f 15519 15539 15541
f 15539 15521 15546
f 15539 15546 15541
f 15541 15546 15528
f 15521 15534 15545
f 15534 15518 15537
f 15534 15537 15545
f 15545 15537 15526
f 15524 15555 15549
f 15555 15528 15553
f 15555 15553 15549
f 15549 15553 15523
f 15528 15558 15553
f 15558 15526 15551
f 15558 15551 15553
f 15553 15551 15523
f 15526 15556 15551
f 15556 15525 15550
f 15556 15550 15551
f 15551 15550 15523
f 15525 15557 15550
f 15557 15527 15552
f 15557 15552 15550
f 15550 15552 15523
f 15527 15554 15552
f 15554 15524 15549
f 15554 15549 15552
f 15552 15549 15523
f 15519 15541 15540
f 15541 15528 15555
f 15541 15555 15540
f 15540 15555 15524
f 15521 15545 15546
f 15545 15526 15558
f 15545 15558 15546
f 15546 15558 15528
f 15518 15536 15537
f 15536 15525 15556
f 15536 15556 15537
f 15537 15556 15526
f 15522 15548 15547
f 15548 15527 15557
f 15548 15557 15547
f 15547 15557 15525
f 15520 15543 15544
f 15543 15524 15554
f 15543 15554 15544
f 15544 15554 15527
v -67.448 -47.998 22.346
v -67.448 -48.847 22.346
v -67.023 -47.736 21.659
v -67.872 -47.736 21.659
v -66.761 -48.423 22.083
v -68.135 -48.423 22.083
v -67.448 -48.847 20.971
v -67.448 -47.998 20.971
v -67.872 -49.110 21.659
v -67.023 -49.110 21.659
v -68.135 -48.423 21.234
v -66.761 -48.423 21.234
v -67.448 -48.423 22.466
v -67.198 -47.769 22.062
v -67.697 -47.769 22.062
v -67.044 -48.173 22.312
v -67.852 -48.173 22.312
v -67.044 -48.672 22.312
v -67.852 -48.672 22.312
v -67.697 -49.076 22.062
v -67.198 -49.076 22.062
v -67.448 -47.615 21.659
v -66.794 -48.019 21.908
v -67.198 -47.769 21.255
v -66.794 -48.019 21.409
v -68.101 -48.019 21.908
v -67.697 -47.769 21.255
v -68.101 -48.019 21.409
v -66.794 -48.826 21.908
v -66.640 -48.423 21.659
v -68.101 -48.826 21.908
v -68.256 -48.423 21.659
v -67.448 -48.423 20.851
v -67.697 -49.076 21.255
v -67.198 -49.076 21.255
v -67.852 -48.672 21.005
v -67.044 -48.672 21.005
v -67.852 -48.173 21.005
v -67.044 -48.173 21.005
v -67.448 -49.230 21.659
v -68.101 -48.826 21.409
v -66.794 -48.826 21.409
usemtl mtl-004
f 15559 15575 15571
f 15575 15564 15577
f 15575 15577 15571
f 15571 15577 15560
f 15559 15573 15575
f 15573 15562 15584
f 15573 15584 15575
f 15575 15584 15564
f 15559 15572 15573
f 15572 15561 15580
f 15572 15580 15573
f 15573 15580 15562
f 15559 15574 15572
f 15574 15563 15581
f 15574 15581 15572
f 15572 15581 15561
f 15559 15571 15574
f 15571 15560 15576
f 15571 15576 15574
f 15574 15576 15563
f 15560 15577 15578
f 15577 15564 15589
f 15577 15589 15578
f 15578 15589 15567
f 15564 15584 15590
f 15584 15562 15586
f 15584 15586 15590
f 15590 15586 15569
f 15562 15580 15585
f 15580 15561 15582
f 15580 15582 15585
f 15585 15582 15566
f 15561 15581 15583
f 15581 15563 15588
f 15581 15588 15583
f 15583 15588 15570
f 15563 15576 15587
f 15576 15560 15579
f 15576 15579 15587
f 15587 15579 15568
f 15566 15597 15591
f 15597 15570 15595
f 15597 15595 15591
f 15591 15595 15565
f 15570 15600 15595
f 15600 15568 15593
f 15600 15593 15595
f 15595 15593 15565
f 15568 15598 15593
f 15598 15567 15592
f 15598 15592 15593
f 15593 15592 15565
f 15567 15599 15592
f 15599 15569 15594
f 15599 15594 15592
f 15592 15594 15565
f 15569 15596 15594
f 15596 15566 15591
f 15596 15591 15594
f 15594 15591 15565
f 15561 15583 15582
f 15583 15570 15597
f 15583 15597 15582
f 15582 15597 15566
f 15563 15587 15588
f 15587 15568 15600
f 15587 15600 15588
f 15588 15600 15570
f 15560 15578 15579
f 15578 15567 15598
f 15578 15598 15579
f 15579 15598 15568
f 15564 15590 15589
f 15590 15569 15599
f 15590 15599 15589
f 15589 15599 15567
f 15562 15585 15586
f 15585 15566 15596
f 15585 15596 15586
f 15586 15596 15569
v -10.571 0.009 16.148
v -10.571 -0.810 16.148
v -10.161 0.262 15.485
v -10.980 0.262 15.485
v -9.908 -0.400 15.895
v -11.233 -0.400 15.895
v -10.571 -0.810 14.823
v -10.571 0.009 14.823
v -10.980 -1.063 15.485
v -10.161 -1.063 15.485
v -11.233 -0.400 15.076
v -9.908 -0.400 15.076
v -10.571 -0.400 16.264
v -10.330 0.230 15.874
v -10.812 0.230 15.874
v -10.181 -0.160 16.115
v -10.960 -0.160 16.115
v -10.181 -0.641 16.115
v -10.960 -0.641 16.115
v -10.812 -1.031 15.874
v -10.330 -1.031 15.874
v -10.571 0.378 15.485
v -9.941 -0.011 15.726
v -10.330 0.230 15.096
v -9.941 -0.011 15.244
v -11.201 -0.011 15.726
v -10.812 0.230 15.096
v -11.201 -0.011 15.244
v -9.941 -0.790 15.726
v -9.792 -0.400 15.485
v -11.201 -0.790 15.726
v -11.350 -0.400 15.485
v -10.571 -0.400 14.706
v -10.812 -1.031 15.096
v -10.330 -1.031 15.096
v -10.960 -0.641 14.855
v -10.181 -0.641 14.855
v -10.960 -0.160 14.855
v -10.181 -0.160 14.855
v -10.571 -1.179 15.485
v -11.201 -0.790 15.244
v -9.941 -0.790 15.244
f 15601 15617 15613
f 15617 15606 15619
f 15617 15619 15613
f 15613 15619 15602
f 15601 15615 15617
f 15615 15604 15626
f 15615 15626 15617
f 15617 15626 15606
f 15601 15614 15615
f 15614 15603 15622
f 15614 15622 15615
f 15615 15622 15604
f 15601 15616 15614
f 15616 15605 15623
f 15616 15623 15614
f 15614 15623 15603
f 15601 15613 15616
f 15613 15602 15618
f 15613 15618 15616
f 15616 15618 15605
f 15602 15619 15620
f 15619 15606 15631
f 15619 15631 15620
f 15620 15631 15609
f 15606 15626 15632
f 15626 15604 15628
f 15626 15628 15632
f 15632 15628 15611
f 15604 15622 15627
f 15622 15603 15624
f 15622 15624 15627
f 15627 15624 15608
f 15603 15623 15625
f 15623 15605 15630
f 15623 15630 15625
f 15625 15630 15612
f 15605 15618 15629
f 15618 15602 15621
f 15618 15621 15629
f 15629 15621 15610
f 15608 15639 15633
f 15639 15612 15637
f 15639 15637 15633
f 15633 15637 15607
f 15612 15642 15637
f 15642 15610 15635
f 15642 15635 15637
f 15637 15635 15607
f 15610 15640 15635
f 15640 15609 15634
f 15640 15634 15635
f 15635 15634 15607
f 15609 15641 15634
f 15641 15611 15636
f 15641 15636 15634
f 15634 15636 15607
f 15611 15638 15636
f 15638 15608 15633
f 15638 15633 15636
f 15636 15633 15607
f 15603 15625 15624
f 15625 15612 15639
f 15625 15639 15624
f 15624 15639 15608
f 15605 15629 15630
f 15629 15610 15642
f 15629 15642 15630
f 15630 15642 15612
f 15602 15620 15621
f 15620 15609 15640
f 15620 15640 15621
f 15621 15640 15610
f 15606 15632 15631
f 15632 15611 15641
f 15632 15641 15631
f 15631 15641 15609
f 15604 15627 15628
f 15627 15608 15638
f 15627 15638 15628
f 15628 15638 15611
v -5.295 0.187 12.715
v -5.295 -0.616 12.715
v -4.894 0.435 12.065
v -5.697 0.435 12.065
v -4.645 -0.215 12.467
v -5.945 -0.215 12.467
v -5.295 -0.616 11.416
v -5.295 0.187 11.416
v -5.697 -0.864 12.065
v -4.894 -0.864 12.065
v -5.945 -0.215 11.664
v -4.645 -0.215 11.664
v -5.295 -0.215 12.830
v -5.059 0.404 12.448
v -5.531 0.404 12.448
v -4.913 0.022 12.684
v -5.677 0.022 12.684
v -4.913 -0.451 12.684
v -5.677 -0.451 12.684
v -5.531 -0.833 12.448
v -5.059 -0.833 12.448
v -5.295 0.549 12.065
v -4.677 0.167 12.302
v -5.059 0.404 11.683
v -4.677 0.167 11.829
v -5.913 0.167 12.302
v -5.531 0.404 11.683
v -5.913 0.167 11.829
v -4.677 -0.597 12.302
v -4.531 -0.215 12.065
v -5.913 -0.597 12.302
v -6.059 -0.215 12.065
v -5.295 -0.215 11.301
v -5.531 -0.833 11.683
v -5.059 -0.833 11.683
v -5.677 -0.451 11.447
v -4.913 -0.451 11.447
v -5.677 0.022 11.447
v -4.913 0.022 11.447
v -5.295 -0.979 12.065
v -5.913 -0.597 11.829
v -4.677 -0.597 11.829
f 15643 15659 15655
f 15659 15648 15661
f 15659 15661 15655
f 15655 15661 15644
f 15643 15657 15659
f 15657 15646 15668
f 15657 15668 15659
f 15659 15668 15648
f 15643 15656 15657
f 15656 15645 15664
f 15656 15664 15657
f 15657 15664 15646
f 15643 15658 15656
f 15658 15647 15665
f 15658 15665 15656
f 15656 15665 15645
f 15643 15655 15658
f 15655 15644 15660
f 15655 15660 15658
f 15658 15660 15647
f 15644 15661 15662
f 15661 15648 15673
f 15661 15673 15662
f 15662 15673 15651
f 15648 15668 15674
f 15668 15646 15670
f 15668 15670 15674
f 15674 15670 15653
f 15646 15664 15669
f 15664 15645 15666
f 15664 15666 15669
f 15669 15666 15650
f 15645 15665 15667
f 15665 15647 15672
f 15665 15672 15667
f 15667 15672 15654
f 15647 15660 15671
f 15660 15644 15663
f 15660 15663 15671
f 15671 15663 15652
f 15650 15681 15675
f 15681 15654 15679
f 15681 15679 15675
f 15675 15679 15649
f 15654 15684 15679
f 15684 15652 15677
f 15684 15677 15679
f 15679 15677 15649
f 15652 15682 15677
f 15682 15651 15676
f 15682 15676 15677
f 15677 15676 15649
f 15651 15683 15676
f 15683 15653 15678
f 15683 15678 15676
f 15676 15678 15649
f 15653 15680 15678
f 15680 15650 15675
f 15680 15675 15678
f 15678 15675 15649
f 15645 15667 15666
f 15667 15654 15681
f 15667 15681 15666
f 15666 15681 15650
f 15647 15671 15672
f 15671 15652 15684
f 15671 15684 15672
f 15672 15684 15654
f 15644 15662 15663
f 15662 15651 15682
f 15662 15682 15663
f 15663 15682 15652
f 15648 15674 15673
f 15674 15653 15683
f 15674 15683 15673
f 15673 15683 15651
f 15646 15669 15670
f 15669 15650 15680
f 15669 15680 15670
f 15670 15680 15653
v 24.233 -47.983 38.183
v 24.233 -48.862 38.183
v 24.672 -47.711 37.472
v 23.794 -47.711 37.472
v 24.944 -48.422 37.912
v 23.522 -48.422 37.912
v 24.233 -48.862 36.762
v 24.233 -47.983 36.762
v 23.794 -49.133 37.472
v 24.672 -49.133 37.472
v 23.522 -48.422 37.033
v 24.944 -48.422 37.033
v 24.233 -48.422 38.308
v 24.491 -47.746 37.890
v 23.975 -47.746 37.890
v 24.651 -48.164 38.148
v 23.815 -48.164 38.148
v 24.651 -48.680 38.148
v 23.815 -48.680 38.148
v 23.975 -49.098 37.890
v 24.491 -49.098 37.890
v 24.233 -47.587 37.472
v 24.909 -48.004 37.731
v 24.491 -47.746 37.055
v 24.909 -48.004 37.214
v 23.557 -48.004 37.731
v 23.975 -47.746 37.055
v 23.557 -48.004 37.214
v 24.909 -48.840 37.731
v 25.068 -48.422 37.472
v 23.557 -48.840 37.731
v 23.397 -48.422 37.472
v 24.233 -48.422 36.637
v 23.975 -49.098 37.055
v 24.491 -49.098 37.055
v 23.815 -48.680 36.796
v 24.651 -48.680 36.796
v 23.815 -48.164 36.796
v 24.651 -48.164 36.796
v 24.233 -49.258 37.472
v 23.557 -48.840 37.214
v 24.909 -48.840 37.214
f 15685 15701 15697
f 15701 15690 15703
f 15701 15703 15697
f 15697 15703 15686
f 15685 15699 15701
f 15699 15688 15710
f 15699 15710 15701
f 15701 15710 15690
f 15685 15698 15699
f 15698 15687 15706
f 15698 15706 15699
f 15699 15706 15688
f 15685 15700 15698
f 15700 15689 15707
f 15700 15707 15698
f 15698 15707 15687
f 15685 15697 15700
f 15697 15686 15702
f 15697 15702 15700
f 15700 15702 15689
f 15686 15703 15704
f 15703 15690 15715
f 15703 15715 15704
f 15704 15715 15693
f 15690 15710 15716
f 15710 15688 15712
f 15710 15712 15716
f 15716 15712 15695
f 15688 15706 15711
f 15706 15687 15708
f 15706 15708 15711
f 15711 15708 15692
f 15687 15707 15709
f 15707 15689 15714
f 15707 15714 15709
f 15709 15714 15696
f 15689 15702 15713
f 15702 15686 15705
f 15702 15705 15713
f 15713 15705 15694
f 15692 15723 15717
f 15723 15696 15721
f 15723 15721 15717
f 15717 15721 15691
f 15696 15726 15721
f 15726 15694 15719
f 15726 15719 15721
f 15721 15719 15691
f 15694 15724 15719
f 15724 15693 15718
f 15724 15718 15719
f 15719 15718 15691
f 15693 15725 15718
f 15725 15695 15720
f 15725 15720 15718
f 15718 15720 15691
f 15695 15722 15720
f 15722 15692 15717
f 15722 15717 15720
f 15720 15717 15691
f 15687 15709 15708
f 15709 15696 15723
f 15709 15723 15708
f 15708 15723 15692
f 15689 15713 15714
f 15713 15694 15726
f 15713 15726 15714
f 15714 15726 15696
f 15686 15704 15705
f 15704 15693 15724
f 15704 15724 15705
f 15705 15724 15694
f 15690 15716 15715
f 15716 15695 15725
f 15716 15725 15715
f 15715 15725 15693
f 15688 15711 15712
f 15711 15692 15722
f 15711 15722 15712
f 15712 15722 15695
v -73.451 13.359 47.047
v -73.451 12.495 47.047
v -73.019 13.626 46.348
v -73.883 13.626 46.348
v -72.752 12.927 46.780
v -74.150 12.927 46.780
v -73.451 12.495 45.649
v -73.451 13.359 45.649
v -73.883 12.228 46.348
v -73.019 12.228 46.348
v -74.150 12.927 45.916
v -72.752 12.927 45.916
v -73.451 12.927 47.170
v -73.197 13.591 46.759
v -73.705 13.591 46.759
v -73.040 13.180 47.013
v -73.862 13.180 47.013
v -73.040 12.673 47.013
v -73.862 12.673 47.013
v -73.705 12.262 46.759
v -73.197 12.262 46.759
v -73.451 13.748 46.348
v -72.786 13.337 46.602
v -73.197 13.591 45.937
v -72.786 13.337 46.094
v -74.116 13.337 46.602
v -73.705 13.591 45.937
v -74.116 13.337 46.094
v -72.786 12.516 46.602
v -72.629 12.927 46.348
v -74.116 12.516 46.602
v -74.273 12.927 46.348
v -73.451 12.927 45.526
v -73.705 12.262 45.937
v -73.197 12.262 45.937
v -73.862 12.673 45.683
v -73.040 12.673 45.683
v -73.862 13.180 45.683
v -73.040 13.180 45.683
v -73.451 12.105 46.348
v -74.116 12.516 46.094
v -72.786 12.516 46.094
f 15727 15743 15739
f 15743 15732 15745
f 15743 15745 15739
f 15739 15745 15728
f 15727 15741 15743
f 15741 15730 15752
f 15741 15752 15743
f 15743 15752 15732
f 15727 15740 15741
f 15740 15729 15748
f 15740 15748 15741
f 15741 15748 15730
f 15727 15742 15740
f 15742 15731 15749
f 15742 15749 15740
f 15740 15749 15729
f 15727 15739 15742
f 15739 15728 15744
f 15739 15744 15742
f 15742 15744 15731
f 15728 15745 15746
f 15745 15732 15757
f 15745 15757 15746
f 15746 15757 15735
f 15732 15752 15758
f 15752 15730 15754
f 15752 15754 15758
f 15758 15754 15737
f 15730 15748 15753
f 15748 15729 15750
f 15748 15750 15753
f 15753 15750 15734
f 15729 15749 15751
f 15749 15731 15756
f 15749 15756 15751
f 15751 15756 15738
f 15731 15744 15755
f 15744 15728 15747
f 15744 15747 15755
f 15755 15747 15736
f 15734 15765 15759
f 15765 15738 15763
f 15765 15763 15759
f 15759 15763 15733
f 15738 15768 15763
f 15768 15736 15761
f 15768 15761 15763
f 15763 15761 15733
f 15736 15766 15761
f 15766 15735 15760
f 15766 15760 15761
f 15761 15760 15733
f 15735 15767 15760
f 15767 15737 15762
f 15767 15762 15760
f 15760 15762 15733
f 15737 15764 15762
f 15764 15734 15759
f 15764 15759 15762
f 15762 15759 15733
f 15729 15751 15750
f 15751 15738 15765
f 15751 15765 15750
f 15750 15765 15734
f 15731 15755 15756
f 15755 15736 15768
f 15755 15768 15756
f 15756 15768 15738
f 15728 15746 15747
f 15746 15735 15766
f 15746 15766 15747
f 15747 15766 15736
f 15732 15758 15757
f 15758 15737 15767
f 15758 15767 15757
f 15757 15767 15735
f 15730 15753 15754
f 15753 15734 15764
f 15753 15764 15754
f 15754 15764 15737
v 84.747 -26.963 64.815
v 84.747 -27.797 64.815
v 85.165 -26.705 64.140
v 84.330 -26.705 64.140
v 85.422 -27.380 64.558
v 84.073 -27.380 64.558
v 84.747 -27.797 63.466
v 84.747 -26.963 63.466
v 84.330 -28.055 64.140
v 85.165 -28.055 64.140
v 84.073 -27.380 63.723
v 85.422 -27.380 63.723
v 84.747 -27.380 64.934
v 84.993 -26.738 64.537
v 84.502 -26.738 64.537
v 85.144 -27.135 64.782
v 84.351 -27.135 64.782
v 85.144 -27.626 64.782
v 84.351 -27.626 64.782
v 84.502 -28.022 64.537
v 84.993 -28.022 64.537
v 84.747 -26.587 64.140
v 85.389 -26.984 64.386
v 84.993 -26.738 63.744
v 85.389 -26.984 63.895
v 84.106 -26.984 64.386
v 84.502 -26.738 63.744
v 84.106 -26.984 63.895
v 85.389 -27.777 64.386
v 85.541 -27.380 64.140
v 84.106 -27.777 64.386
v 83.954 -27.380 64.140
v 84.747 -27.380 63.347
v 84.502 -28.022 63.744
v 84.993 -28.022 63.744
v 84.351 -27.626 63.499
v 85.144 -27.626 63.499
v 84.351 -27.135 63.499
v 85.144 -27.135 63.499
v 84.747 -28.174 64.140
v 84.106 -27.777 63.895
v 85.389 -27.777 63.895
f 15769 15785 15781
f 15785 15774 15787
f 15785 15787 15781
f 15781 15787 15770
f 15769 15783 15785
f 15783 15772 15794
f 15783 15794 15785
f 15785 15794 15774
f 15769 15782 15783
f 15782 15771 15790
f 15782 15790 15783
f 15783 15790 15772
f 15769 15784 15782
f 15784 15773 15791
f 15784 15791 15782
f 15782 15791 15771
f 15769 15781 15784
f 15781 15770 15786
f 15781 15786 15784
f 15784 15786 15773
f 15770 15787 15788
f 15787 15774 15799
f 15787 15799 15788
f 15788 15799 15777
f 15774 15794 15800
f 15794 15772 15796
f 15794 15796 15800
f 15800 15796 15779
f 15772 15790 15795
f 15790 15771 15792
f 15790 15792 15795
f 15795 15792 15776
f 15771 15791 15793
f 15791 15773 15798
f 15791 15798 15793
f 15793 15798 15780
f 15773 15786 15797
f 15786 15770 15789
f 15786 15789 15797
f 15797 15789 15778
f 15776 15807 15801
f 15807 15780 15805
f 15807 15805 15801
f 15801 15805 15775
f 15780 15810 15805
f 15810 15778 15803
f 15810 15803 15805
f 15805 15803 15775
f 15778 15808 15803
f 15808 15777 15802
f 15808 15802 15803
f 15803 15802 15775
f 15777 15809 15802
f 15809 15779 15804
f 15809 15804 15802
f 15802 15804 15775
f 15779 15806 15804
f 15806 15776 15801
f 15806 15801 15804
f 15804 15801 15775
f 15771 15793 15792
f 15793 15780 15807
f 15793 15807 15792
f 15792 15807 15776
f 15773 15797 15798
f 15797 15778 15810
f 15797 15810 15798
f 15798 15810 15780
f 15770 15788 15789
f 15788 15777 15808
f 15788 15808 15789
f 15789 15808 15778
f 15774 15800 15799
f 15800 15779 15809
f 15800 15809 15799
f 15799 15809 15777
f 15772 15795 15796
f 15795 15776 15806
f 15795 15806 15796
f 15796 15806 15779
v -39.468 -30.266 67.042
v -39.468 -31.085 67.042
v -39.059 -30.013 66.379
v -39.878 -30.013 66.379
v -38.806 -30.675 66.789
v -40.131 -30.675 66.789
v -39.468 -31.085 65.717
v -39.468 -30.266 65.717
v -39.878 -31.338 66.379
v -39.059 -31.338 66.379
v -40.131 -30.675 65.970
v -38.806 -30.675 65.970
v -39.468 -30.675 67.158
v -39.228 -30.045 66.769
v -39.709 -30.045 66.769
v -39.079 -30.435 67.009
v -39.858 -30.435 67.009
v -39.079 -30.916 67.009
v -39.858 -30.916 67.009
v -39.709 -31.305 66.769
v -39.228 -31.305 66.769
v -39.468 -29.896 66.379
v -38.838 -30.286 66.620
v -39.228 -30.045 65.990
v -38.838 -30.286 66.138
v -40.099 -30.286 66.620
v -39.709 -30.045 65.990
v -40.099 -30.286 66.138
v -38.838 -31.065 66.620
v -38.690 -30.675 66.379
v -40.099 -31.065 66.620
v -40.247 -30.675 66.379
v -39.468 -30.675 65.600
v -39.709 -31.305 65.990
v -39.228 -31.305 65.990
v -39.858 -30.916 65.749
v -39.079 -30.916 65.749
v -39.858 -30.435 65.749
v -39.079 -30.435 65.749
v -39.468 -31.454 66.379
v -40.099 -31.065 66.138
v -38.838 -31.065 66.138
f 15811 15827 15823
f 15827 15816 15829
f 15827 15829 15823
f 15823 15829 15812
f 15811 15825 15827
f 15825 15814 15836
f 15825 15836 15827
f 15827 15836 15816
f 15811 15824 15825
f 15824 15813 15832
f 15824 15832 15825
f 15825 15832 15814
f 15811 15826 15824
f 15826 15815 15833
f 15826 15833 15824
f 15824 15833 15813
f 15811 15823 15826
f 15823 15812 15828
f 15823 15828 15826
f 15826 15828 15815
f 15812 15829 15830
f 15829 15816 15841
f 15829 15841 15830
f 15830 15841 15819
f 15816 15836 15842
f 15836 15814 15838
f 15836 15838 15842
f 15842 15838 15821
f 15814 15832 15837
f 15832 15813 15834
f 15832 15834 15837
f 15837 15834 15818
f 15813 15833 15835
f 15833 15815 15840
f 15833 15840 15835
f 15835 15840 15822
f 15815 15828 15839
f 15828 15812 15831
f 15828 15831 15839
f 15839 15831 15820
f 15818 15849 15843
f 15849 15822 15847
f 15849 15847 15843
f 15843 15847 15817
f 15822 15852 15847
f 15852 15820 15845
f 15852 15845 15847
f 15847 15845 15817
f 15820 15850 15845
f 15850 15819 15844
f 15850 15844 15845
f 15845 15844 15817
f 15819 15851 15844
f 15851 15821 15846
f 15851 15846 15844
f 15844 15846 15817
f 15821 15848 15846
f 15848 15818 15843
f 15848 15843 15846
f 15846 15843 15817
f 15813 15835 15834
f 15835 15822 15849
f 15835 15849 15834
f 15834 15849 15818
f 15815 15839 15840
f 15839 15820 15852
f 15839 15852 15840
f 15840 15852 15822
f 15812 15830 15831
f 15830 15819 15850
f 15830 15850 15831
f 15831 15850 15820
f 15816 15842 15841
f 15842 15821 15851
f 15842 15851 15841
f 15841 15851 15819
f 15814 15837 15838
f 15837 15818 15848
f 15837 15848 15838
f 15838 15848 15821
v -66.217 3.290 67.722
v -66.217 2.426 67.722
v -65.785 3.557 67.023
v -66.649 3.557 67.023
v -65.518 2.858 67.455
v -66.916 2.858 67.455
v -66.217 2.426 66.324
v -66.217 3.290 66.324
v -66.649 2.159 67.023
v -65.785 2.159 67.023
v -66.916 2.858 66.591
v -65.518 2.858 66.591
v -66.217 2.858 67.845
v -65.963 3.523 67.434
v -66.471 3.523 67.434
v -65.806 3.112 67.688
v -66.628 3.112 67.688
v -65.806 2.604 67.688
v -66.628 2.604 67.688
v -66.471 2.193 67.434
v -65.963 2.193 67.434
v -66.217 3.680 67.023
v -65.552 3.269 67.277
v -65.963 3.523 66.613
v -65.552 3.269 66.769
v -66.882 3.269 67.277
v -66.471 3.523 66.613
v -66.882 3.269 66.769
v -65.552 2.447 67.277
v -65.395 2.858 67.023
v -66.882 2.447 67.277
v -67.039 2.858 67.023
v -66.217 2.858 66.202
v -66.471 2.193 66.613
v -65.963 2.193 66.613
v -66.628 2.604 66.359
v -65.806 2.604 66.359
v -66.628 3.112 66.359
v -65.806 3.112 66.359
v -66.217 2.036 67.023
v -66.882 2.447 66.769
v -65.552 2.447 66.769
f 15853 15869 15865
f 15869 15858 15871
f 15869 15871 15865
f 15865 15871 15854
f 15853 15867 15869
f 15867 15856 15878
f 15867 15878 15869
f 15869 15878 15858
f 15853 15866 15867
f 15866 15855 15874
f 15866 15874 15867
f 15867 15874 15856
f 15853 15868 15866
f 15868 15857 15875
f 15868 15875 15866
f 15866 15875 15855
f 15853 15865 15868
f 15865 15854 15870
f 15865 15870 15868
f 15868 15870 15857
f 15854 15871 15872
f 15871 15858 15883
f 15871 15883 15872
f 15872 15883 15861
f 15858 15878 15884
f 15878 15856 15880
f 15878 15880 15884
f 15884 15880 15863
f 15856 15874 15879
f 15874 15855 15876
f 15874 15876 15879
f 15879 15876 15860
f 15855 15875 15877
f 15875 15857 15882
f 15875 15882 15877
f 15877 15882 15864
f 15857 15870 15881
f 15870 15854 15873
f 15870 15873 15881
f 15881 15873 15862
f 15860 15891 15885
f 15891 15864 15889
f 15891 15889 15885
f 15885 15889 15859
f 15864 15894 15889
f 15894 15862 15887
f 15894 15887 15889
f 15889 15887 15859
f 15862 15892 15887
f 15892 15861 15886
f 15892 15886 15887
f 15887 15886 15859
f 15861 15893 15886
f 15893 15863 15888
f 15893 15888 15886
f 15886 15888 15859
f 15863 15890 15888
f 15890 15860 15885
f 15890 15885 15888
f 15888 15885 15859
f 15855 15877 15876
f 15877 15864 15891
f 15877 15891 15876
f 15876 15891 15860
f 15857 15881 15882
f 15881 15862 15894
f 15881 15894 15882
f 15882 15894 15864
f 15854 15872 15873
f 15872 15861 15892
f 15872 15892 15873
f 15873 15892 15862
f 15858 15884 15883
f 15884 15863 15893
f 15884 15893 15883
f 15883 15893 15861
f 15856 15879 15880
f 15879 15860 15890
f 15879 15890 15880
f 15880 15890 15863
v -5.371 -9.449 96.397
v -5.371 -10.313 96.397
v -4.939 -9.182 95.698
v -5.803 -9.182 95.698
v -4.672 -9.881 96.130
v -6.070 -9.881 96.130
v -5.371 -10.313 94.999
v -5.371 -9.449 94.999
v -5.803 -10.580 95.698
v -4.939 -10.580 95.698
v -6.070 -9.881 95.266
v -4.672 -9.881 95.266
v -5.371 -9.881 96.519
v -5.117 -9.216 96.108
v -5.625 -9.216 96.108
v -4.960 -9.627 96.362
v -5.781 -9.627 96.362
v -4.960 -10.135 96.362
v -5.781 -10.135 96.362
v -5.625 -10.546 96.108
v -5.117 -10.546 96.108
v -5.371 -9.059 95.698
v -4.706 -9.470 95.952
v -5.117 -9.216 95.287
v -4.706 -9.470 95.444
v -6.035 -9.470 95.952
v -5.625 -9.216 95.287
v -6.035 -9.470 95.444
v -4.706 -10.292 95.952
v -4.549 -9.881 95.698
v -6.035 -10.292 95.952
v -6.192 -9.881 95.698
v -5.371 -9.881 94.876
v -5.625 -10.546 95.287
v -5.117 -10.546 95.287
v -5.781 -10.135 95.033
v -4.960 -10.135 95.033
v -5.781 -9.627 95.033
v -4.960 -9.627 95.033
v -5.371 -10.703 95.698
v -6.035 -10.292 95.444
v -4.706 -10.292 95.444
f 15895 15911 15907
f 15911 15900 15913
f 15911 15913 15907
f 15907 15913 15896
f 15895 15909 15911
f 15909 15898 15920
f 15909 15920 15911
f 15911 15920 15900
f 15895 15908 15909
f 15908 15897 15916
f 15908 15916 15909
f 15909 15916 15898
f 15895 15910 15908
f 15910 15899 15917
f 15910 15917 15908
f 15908 15917 15897
f 15895 15907 15910
f 15907 15896 15912
f 15907 15912 15910
f 15910 15912 15899
f 15896 15913 15914
f 15913 15900 15925
f 15913 15925 15914
f 15914 15925 15903
f 15900 15920 15926
f 15920 15898 15922
f 15920 15922 15926
f 15926 15922 15905
f 15898 15916 15921
f 15916 15897 15918
f 15916 15918 15921
f 15921 15918 15902
f 15897 15917 15919
f 15917 15899 15924
f 15917 15924 15919
f 15919 15924 15906
f 15899 15912 15923
f 15912 15896 15915
f 15912 15915 15923
f 15923 15915 15904
f 15902 15933 15927
f 15933 15906 15931
f 15933 15931 15927
f 15927 15931 15901
f 15906 15936 15931
f 15936 15904 15929
f 15936 15929 15931
f 15931 15929 15901
f 15904 15934 15929
f 15934 15903 15928
f 15934 15928 15929
f 15929 15928 15901
f 15903 15935 15928
f 15935 15905 15930
f 15935 15930 15928
f 15928 15930 15901
f 15905 15932 15930
f 15932 15902 15927
f 15932 15927 15930
f 15930 15927 15901
f 15897 15919 15918
f 15919 15906 15933
f 15919 15933 15918
f 15918 15933 15902
f 15899 15923 15924
f 15923 15904 15936
f 15923 15936 15924
f 15924 15936 15906
f 15896 15914 15915
f 15914 15903 15934
f 15914 15934 15915
f 15915 15934 15904
f 15900 15926 15925
f 15926 15905 15935
f 15926 15935 15925
f 15925 15935 15903
f 15898 15921 15922
f 15921 15902 15932
f 15921 15932 15922
f 15922 15932 15905
v -49.623 44.774 -43.833
v -49.623 43.940 -43.833
v -49.206 45.032 -44.508
v -50.041 45.032 -44.508
v -48.949 44.357 -44.091
v -50.298 44.357 -44.091
v -49.623 43.940 -45.183
v -49.623 44.774 -45.183
v -50.041 43.682 -44.508
v -49.206 43.682 -44.508
v -50.298 44.357 -44.925
v -48.949 44.357 -44.925
v -49.623 44.357 -43.715
v -49.378 44.999 -44.111
v -49.869 44.999 -44.111
v -49.227 44.602 -43.866
v -50.020 44.602 -43.866
v -49.227 44.112 -43.866
v -50.020 44.112 -43.866
v -49.869 43.715 -44.111
v -49.378 43.715 -44.111
v -49.623 45.150 -44.508
v -48.982 44.753 -44.263
v -49.378 44.999 -44.905
v -48.982 44.753 -44.753
v -50.265 44.753 -44.263
v -49.869 44.999 -44.905
v -50.265 44.753 -44.753
v -48.982 43.960 -44.263
v -48.830 44.357 -44.508
v -50.265 43.960 -44.263
v -50.417 44.357 -44.508
v -49.623 44.357 -45.301
v -49.869 43.715 -44.905
v -49.378 43.715 -44.905
v -50.020 44.112 -45.150
v -49.227 44.112 -45.150
v -50.020 44.602 -45.150
v -49.227 44.602 -45.150
v -49.623 43.563 -44.508
v -50.265 43.960 -44.753
v -48.982 43.960 -44.753
f 15937 15953 15949
f 15953 15942 15955
f 15953 15955 15949
f 15949 15955 15938
f 15937 15951 15953
f 15951 15940 15962
f 15951 15962 15953
f 15953 15962 15942
f 15937 15950 15951
f 15950 15939 15958
f 15950 15958 15951
f 15951 15958 15940
f 15937 15952 15950
f 15952 15941 15959
f 15952 15959 15950
f 15950 15959 15939
f 15937 15949 15952
f 15949 15938 15954
f 15949 15954 15952
f 15952 15954 15941
f 15938 15955 15956
f 15955 15942 15967
f 15955 15967 15956
f 15956 15967 15945
f 15942 15962 15968
f 15962 15940 15964
f 15962 15964 15968
f 15968 15964 15947
f 15940 15958 15963
f 15958 15939 15960
f 15958 15960 15963
f 15963 15960 15944
f 15939 15959 15961
f 15959 15941 15966
f 15959 15966 15961
f 15961 15966 15948
f 15941 15954 15965
f 15954 15938 15957
f 15954 15957 15965
f 15965 15957 15946
f 15944 15975 15969
f 15975 15948 15973
f 15975 15973 15969
f 15969 15973 15943
f 15948 15978 15973
f 15978 15946 15971
f 15978 15971 15973
f 15973 15971 15943
f 15946 15976 15971
f 15976 15945 15970
f 15976 15970 15971
f 15971 15970 15943
f 15945 15977 15970
f 15977 15947 15972
f 15977 15972 15970
f 15970 15972 15943
f 15947 15974 15972
f 15974 15944 15969
f 15974 15969 15972
f 15972 15969 15943
f 15939 15961 15960
f 15961 15948 15975
f 15961 15975 15960
f 15960 15975 15944
f 15941 15965 15966
f 15965 15946 15978
f 15965 15978 15966
f 15966 15978 15948
f 15938 15956 15957
f 15956 15945 15976
f 15956 15976 15957
f 15957 15976 15946
f 15942 15968 15967
f 15968 15947 15977
f 15968 15977 15967
f 15967 15977 15945
f 15940 15963 15964
f 15963 15944 15974
f 15963 15974 15964
f 15964 15974 15947
v -44.543 51.646 -41.736
v -44.543 50.842 -41.736
v -44.141 51.894 -42.386
v -44.944 51.894 -42.386
v -43.893 51.244 -41.984
v -45.193 51.244 -41.984
v -44.543 50.842 -43.036
v -44.543 51.646 -43.036
v -44.944 50.594 -42.386
v -44.141 50.594 -42.386
v -45.193 51.244 -42.787
v -43.893 51.244 -42.787
v -44.543 51.244 -41.622
v -44.307 51.862 -42.004
v -44.779 51.862 -42.004
v -44.161 51.480 -41.768
v -44.925 51.480 -41.768
v -44.161 51.008 -41.768
v -44.925 51.008 -41.768
v -44.779 50.626 -42.004
v -44.307 50.626 -42.004
v -44.543 52.008 -42.386
v -43.925 51.626 -42.150
v -44.307 51.862 -42.768
v -43.925 51.626 -42.622
v -45.161 51.626 -42.150
v -44.779 51.862 -42.768
v -45.161 51.626 -42.622
v -43.925 50.862 -42.150
v -43.779 51.244 -42.386
v -45.161 50.862 -42.150
v -45.307 51.244 -42.386
v -44.543 51.244 -43.150
v -44.779 50.626 -42.768
v -44.307 50.626 -42.768
v -44.925 51.008 -43.004
v -44.161 51.008 -43.004
v -44.925 51.480 -43.004
v -44.161 51.480 -43.004
v -44.543 50.480 -42.386
v -45.161 50.862 -42.622
v -43.925 50.862 -42.622
f 15979 15995 15991
f 15995 15984 15997
f 15995 15997 15991
f 15991 15997 15980
f 15979 15993 15995
f 15993 15982 16004
f 15993 16004 15995
f 15995 16004 15984
f 15979 15992 15993
f 15992 15981 16000
f 15992 16000 15993
f 15993 16000 15982
f 15979 15994 15992
f 15994 15983 16001
f 15994 16001 15992
f 15992 16001 15981
f 15979 15991 15994
f 15991 15980 15996
f 15991 15996 15994
f 15994 15996 15983
f 15980 15997 15998
f 15997 15984 16009
f 15997 16009 15998
f 15998 16009 15987
f 15984 16004 16010
f 16004 15982 16006
f 16004 16006 16010
f 16010 16006 15989
f 15982 16000 16005
f 16000 15981 16002
f 16000 16002 16005
f 16005 16002 15986
f 15981 16001 16003
f 16001 15983 16008
f 16001 16008 16003
f 16003 16008 15990
f 15983 15996 16007
f 15996 15980 15999
f 15996 15999 16007
f 16007 15999 15988
f 15986 16017 16011
f 16017 15990 16015
f 16017 16015 16011
f 16011 16015 15985
f 15990 16020 16015
f 16020 15988 16013
f 16020 16013 16015
f 16015 16013 15985
f 15988 16018 16013
f 16018 15987 16012
f 16018 16012 16013
f 16013 16012 15985
f 15987 16019 16012
f 16019 15989 16014
f 16019 16014 16012
f 16012 16014 15985
f 15989 16016 16014
f 16016 15986 16011
f 16016 16011 16014
f 16014 16011 15985
f 15981 16003 16002
f 16003 15990 16017
f 16003 16017 16002
f 16002 16017 15986
f 15983 16007 16008
f 16007 15988 16020
f 16007 16020 16008
f 16008 16020 15990
f 15980 15998 15999
f 15998 15987 16018
f 15998 16018 15999
f 15999 16018 15988
f 15984 16010 16009
f 16010 15989 16019
f 16010 16019 16009
f 16009 16019 15987
f 15982 16005 16006
f 16005 15986 16016
f 16005 16016 16006
f 16006 16016 15989
v 59.097 6.922 -34.748
v 59.097 6.015 -34.748
v 59.550 7.203 -35.481
v 58.643 7.203 -35.481
v 59.830 6.469 -35.028
v 58.363 6.469 -35.028
v 59.097 6.015 -36.215
v 59.097 6.922 -36.215
v 58.643 5.735 -35.481
v 59.550 5.735 -35.481
v 58.363 6.469 -35.935
v 59.830 6.469 -35.935
v 59.097 6.469 -34.619
v 59.363 7.167 -35.050
v 58.830 7.167 -35.050
v 59.528 6.735 -34.784
v 58.665 6.735 -34.784
v 59.528 6.202 -34.784
v 58.665 6.202 -34.784
v 58.830 5.771 -35.050
v 59.363 5.771 -35.050
v 59.097 7.331 -35.481
v 59.795 6.900 -35.215
v 59.363 7.167 -35.913
v 59.795 6.900 -35.748
v 58.399 6.900 -35.215
v 58.830 7.167 -35.913
v 58.399 6.900 -35.748
v 59.795 6.037 -35.215
v 59.959 6.469 -35.481
v 58.399 6.037 -35.215
v 58.234 6.469 -35.481
v 59.097 6.469 -36.344
v 58.830 5.771 -35.913
v 59.363 5.771 -35.913
v 58.665 6.202 -36.179
v 59.528 6.202 -36.179
v 58.665 6.735 -36.179
v 59.528 6.735 -36.179
v 59.097 5.606 -35.481
v 58.399 6.037 -35.748
v 59.795 6.037 -35.748
f 16021 16037 16033
f 16037 16026 16039
f 16037 16039 16033
f 16033 16039 16022
f 16021 16035 16037
f 16035 16024 16046
f 16035 16046 16037
f 16037 16046 16026
f 16021 16034 16035
f 16034 16023 16042
f 16034 16042 16035
f 16035 16042 16024
f 16021 16036 16034
f 16036 16025 16043
f 16036 16043 16034
f 16034 16043 16023
f 16021 16033 16036
f 16033 16022 16038
f 16033 16038 16036
f 16036 16038 16025
f 16022 16039 16040
f 16039 16026 16051
f 16039 16051 16040
f 16040 16051 16029
f 16026 16046 16052
f 16046 16024 16048
f 16046 16048 16052
f 16052 16048 16031
f 16024 16042 16047
f 16042 16023 16044
f 16042 16044 16047
f 16047 16044 16028
f 16023 16043 16045
f 16043 16025 16050
f 16043 16050 16045
f 16045 16050 16032
f 16025 16038 16049
f 16038 16022 16041
f 16038 16041 16049
f 16049 16041 16030
f 16028 16059 16053
f 16059 16032 16057
f 16059 16057 16053
f 16053 16057 16027
f 16032 16062 16057
f 16062 16030 16055
f 16062 16055 16057
f 16057 16055 16027
f 16030 16060 16055
f 16060 16029 16054
f 16060 16054 16055
f 16055 16054 16027
f 16029 16061 16054
f 16061 16031 16056
f 16061 16056 16054
f 16054 16056 16027
f 16031 16058 16056
f 16058 16028 16053
f 16058 16053 16056
f 16056 16053 16027
f 16023 16045 16044
f 16045 16032 16059
f 16045 16059 16044
f 16044 16059 16028
f 16025 16049 16050
f 16049 16030 16062
f 16049 16062 16050
f 16050 16062 16032
f 16022 16040 16041
f 16040 16029 16060
f 16040 16060 16041
f 16041 16060 16030
f 16026 16052 16051
f 16052 16031 16061
f 16052 16061 16051
f 16051 16061 16029
f 16024 16047 16048
f 16047 16028 16058
f 16047 16058 16048
f 16048 16058 16031
v -49.399 19.407 -35.766
v -49.399 18.604 -35.766
v -48.998 19.656 -36.416
v -49.801 19.656 -36.416
v -48.749 19.006 -36.014
v -50.049 19.006 -36.014
v -49.399 18.604 -37.066
v -49.399 19.407 -37.066
v -49.801 18.356 -36.416
v -48.998 18.356 -36.416
v -50.049 19.006 -36.818
v -48.749 19.006 -36.818
v -49.399 19.006 -35.652
v -49.163 19.624 -36.034
v -49.635 19.624 -36.034
v -49.017 19.242 -35.798
v -49.781 19.242 -35.798
v -49.017 18.770 -35.798
v -49.781 18.770 -35.798
v -49.635 18.388 -36.034
v -49.163 18.388 -36.034
v -49.399 19.770 -36.416
v -48.781 19.388 -36.180
v -49.163 19.624 -36.798
v -48.781 19.388 -36.652
v -50.017 19.388 -36.180
v -49.635 19.624 -36.798
v -50.017 19.388 -36.652
v -48.781 18.624 -36.180
v -48.635 19.006 -36.416
v -50.017 18.624 -36.180
v -50.163 19.006 -36.416
v -49.399 19.006 -37.180
v -49.635 18.388 -36.798
v -49.163 18.388 -36.798
v -49.781 18.770 -37.034
v -49.017 18.770 -37.034
v -49.781 19.242 -37.034
v -49.017 19.242 -37.034
v -49.399 18.242 -36.416
v -50.017 18.624 -36.652
v -48.781 18.624 -36.652
f 16063 16079 16075
f 16079 16068 16081
f 16079 16081 16075
f 16075 16081 16064
f 16063 16077 16079
f 16077 16066 16088
f 16077 16088 16079
f 16079 16088 16068
f 16063 16076 16077
f 16076 16065 16084
f 16076 16084 16077
f 16077 16084 16066
f 16063 16078 16076
f 16078 16067 16085
f 16078 16085 16076
f 16076 16085 16065
f 16063 16075 16078
f 16075 16064 16080
f 16075 16080 16078
f 16078 16080 16067
f 16064 16081 16082
f 16081 16068 16093
f 16081 16093 16082
f 16082 16093 16071
f 16068 16088 16094
f 16088 16066 16090
f 16088 16090 16094
f 16094 16090 16073
f 16066 16084 16089
f 16084 16065 16086
f 16084 16086 16089
f 16089 16086 16070
f 16065 16085 16087
f 16085 16067 16092
f 16085 16092 16087
f 16087 16092 16074
f 16067 16080 16091
f 16080 16064 16083
f 16080 16083 16091
f 16091 16083 16072
f 16070 16101 16095
f 16101 16074 16099
f 16101 16099 16095
f 16095 16099 16069
f 16074 16104 16099
f 16104 16072 16097
f 16104 16097 16099
f 16099 16097 16069
f 16072 16102 16097
f 16102 16071 16096
f 16102 16096 16097
f 16097 16096 16069
f 16071 16103 16096
f 16103 16073 16098
f 16103 16098 16096
f 16096 16098 16069
f 16073 16100 16098
f 16100 16070 16095
f 16100 16095 16098
f 16098 16095 16069
f 16065 16087 16086
f 16087 16074 16101
f 16087 16101 16086
f 16086 16101 16070
f 16067 16091 16092
f 16091 16072 16104
f 16091 16104 16092
f 16092 16104 16074
f 16064 16082 16083
f 16082 16071 16102
f 16082 16102 16083
f 16083 16102 16072
f 16068 16094 16093
f 16094 16073 16103
f 16094 16103 16093
f 16093 16103 16071
f 16066 16089 16090
f 16089 16070 16100
f 16089 16100 16090
f 16090 16100 16073
v -24.078 0.733 26.070
v -24.078 -0.305 26.070
v -23.559 1.053 25.231
v -24.597 1.053 25.231
v -23.239 0.214 25.749
v -24.917 0.214 25.749
v -24.078 -0.305 24.391
v -24.078 0.733 24.391
v -24.597 -0.625 25.231
v -23.559 -0.625 25.231
v -24.917 0.214 24.712
v -23.239 0.214 24.712
v -24.078 0.214 26.217
v -23.773 1.012 25.724
v -24.383 1.012 25.724
v -23.585 0.519 26.029
v -24.571 0.519 26.029
v -23.585 -0.091 26.029
v -24.571 -0.091 26.029
v -24.383 -0.584 25.724
v -23.773 -0.584 25.724
v -24.078 1.201 25.231
v -23.280 0.707 25.536
v -23.773 1.012 24.737
v -23.280 0.707 24.926
v -24.876 0.707 25.536
v -24.383 1.012 24.737
v -24.876 0.707 24.926
v -23.280 -0.279 25.536
v -23.091 0.214 25.231
v -24.876 -0.279 25.536
v -25.065 0.214 25.231
v -24.078 0.214 24.244
v -24.383 -0.584 24.737
v -23.773 -0.584 24.737
v -24.571 -0.091 24.432
v -23.585 -0.091 24.432
v -24.571 0.519 24.432
v -23.585 0.519 24.432
v -24.078 -0.773 25.231
v -24.876 -0.279 24.926
v -23.280 -0.279 24.926
usemtl mtl-005
f 16105 16121 16117
f 16121 16110 16123
f 16121 16123 16117
f 16117 16123 16106
f 16105 16119 16121
f 16119 16108 16130
f 16119 16130 16121
f 16121 16130 16110
f 16105 16118 16119
f 16118 16107 16126
f 16118 16126 16119
f 16119 16126 16108
f 16105 16120 16118
f 16120 16109 16127
f 16120 16127 16118
f 16118 16127 16107
f 16105 16117 16120
f 16117 16106 16122
f 16117 16122 16120
f 16120 16122 16109
f 16106 16123 16124
f 16123 16110 16135
f 16123 16135 16124
f 16124 16135 16113
f 16110 16130 16136
f 16130 16108 16132
f 16130 16132 16136
f 16136 16132 16115
f 16108 16126 16131
f 16126 16107 16128
f 16126 16128 16131
f 16131 16128 16112
f 16107 16127 16129
f 16127 16109 16134
f 16127 16134 16129
f 16129 16134 16116
f 16109 16122 16133
f 16122 16106 16125
f 16122 16125 16133
f 16133 16125 16114
f 16112 16143 16137
f 16143 16116 16141
f 16143 16141 16137
f 16137 16141 16111
f 16116 16146 16141
f 16146 16114 16139
f 16146 16139 16141
f 16141 16139 16111
f 16114 16144 16139
f 16144 16113 16138
f 16144 16138 16139
f 16139 16138 16111
f 16113 16145 16138
f 16145 16115 16140
f 16145 16140 16138
f 16138 16140 16111
f 16115 16142 16140
f 16142 16112 16137
f 16142 16137 16140
f 16140 16137 16111
f 16107 16129 16128
f 16129 16116 16143
f 16129 16143 16128
f 16128 16143 16112
f 16109 16133 16134
f 16133 16114 16146
f 16133 16146 16134
f 16134 16146 16116
f 16106 16124 16125
f 16124 16113 16144
f 16124 16144 16125
f 16125 16144 16114
f 16110 16136 16135
f 16136 16115 16145
f 16136 16145 16135
f 16135 16145 16113
f 16108 16131 16132
f 16131 16112 16142
f 16131 16142 16132
f 16132 16142 16115
v 39.179 -45.439 71.002
v 39.179 -46.360 71.002
v 39.639 -45.155 70.257
v 38.718 -45.155 70.257
v 39.924 -45.900 70.717
v 38.434 -45.900 70.717
v 39.179 -46.360 69.512
v 39.179 -45.439 69.512
v 38.718 -46.645 70.257
v 39.639 -46.645 70.257
v 38.434 -45.900 69.797
v 39.924 -45.900 69.797
v 39.179 -45.900 71.133
v 39.449 -45.191 70.695
v 38.908 -45.191 70.695
v 39.617 -45.629 70.965
v 38.741 -45.629 70.965
v 39.617 -46.170 70.965
v 38.741 -46.170 70.965
v 38.908 -46.608 70.695
v 39.449 -46.608 70.695
v 39.179 -45.024 70.257
v 39.887 -45.462 70.528
v 39.449 -45.191 69.819
v 39.887 -45.462 69.986
v 38.470 -45.462 70.528
v 38.908 -45.191 69.819
v 38.470 -45.462 69.986
v 39.887 -46.338 70.528
v 40.054 -45.900 70.257
v 38.470 -46.338 70.528
v 38.303 -45.900 70.257
v 39.179 -45.900 69.381
v 38.908 -46.608 69.819
v 39.449 -46.608 69.819
v 38.741 -46.170 69.548
v 39.617 -46.170 69.548
v 38.741 -45.629 69.548
v 39.617 -45.629 69.548
v 39.179 -46.776 70.257
v 38.470 -46.338 69.986
v 39.887 -46.338 69.986
f 16147 16163 16159
f 16163 16152 16165
f 16163 16165 16159
f 16159 16165 16148
f 16147 16161 16163
f 16161 16150 16172
f 16161 16172 16163
f 16163 16172 16152
f 16147 16160 16161
f 16160 16149 16168
f 16160 16168 16161
f 16161 16168 16150
f 16147 16162 16160
f 16162 16151 16169
f 16162 16169 16160
f 16160 16169 16149
f 16147 16159 16162
f 16159 16148 16164
f 16159 16164 16162
f 16162 16164 16151
f 16148 16165 16166
f 16165 16152 16177
f 16165 16177 16166
f 16166 16177 16155
f 16152 16172 16178
f 16172 16150 16174
f 16172 16174 16178
f 16178 16174 16157
f 16150 16168 16173
f 16168 16149 16170
f 16168 16170 16173
f 16173 16170 16154
f 16149 16169 16171
f 16169 16151 16176
f 16169 16176 16171
f 16171 16176 16158
f 16151 16164 16175
f 16164 16148 16167
f 16164 16167 16175
f 16175 16167 16156
f 16154 16185 16179
f 16185 16158 16183
f 16185 16183 16179
f 16179 16183 16153
f 16158 16188 16183
f 16188 16156 16181
f 16188 16181 16183
f 16183 16181 16153
f 16156 16186 16181
f 16186 16155 16180
f 16186 16180 16181
f 16181 16180 16153
f 16155 16187 16180
f 16187 16157 16182
f 16187 16182 16180
f 16180 16182 16153
f 16157 16184 16182
f 16184 16154 16179
f 16184 16179 16182
f 16182 16179 16153
f 16149 16171 16170
f 16171 16158 16185
f 16171 16185 16170
f 16170 16185 16154
f 16151 16175 16176
f 16175 16156 16188
f 16175 16188 16176
f 16176 16188 16158
f 16148 16166 16167
f 16166 16155 16186
f 16166 16186 16167
f 16167 16186 16156
f 16152 16178 16177
f 16178 16157 16187
f 16178 16187 16177
f 16177 16187 16155
f 16150 16173 16174
f 16173 16154 16184
f 16173 16184 16174
f 16174 16184 16157
v -10.539 13.983 -114.826
v -10.539 13.063 -114.826
v -10.078 14.268 -115.571
v -10.999 14.268 -115.571
v -9.794 13.523 -115.110
v -11.284 13.523 -115.110
v -10.539 13.063 -116.316
v -10.539 13.983 -116.316
v -10.999 12.778 -115.571
v -10.078 12.778 -115.571
v -11.284 13.523 -116.031
v -9.794 13.523 -116.031
v -10.539 13.523 -114.695
v -10.268 14.231 -115.133
v -10.809 14.231 -115.133
v -10.101 13.794 -114.862
v -10.977 13.794 -114.862
v -10.101 13.252 -114.862
v -10.977 13.252 -114.862
v -10.809 12.814 -115.133
v -10.268 12.814 -115.133
v -10.539 14.399 -115.571
v -9.830 13.961 -115.300
v -10.268 14.231 -116.009
v -9.830 13.961 -115.842
v -11.247 13.961 -115.300
v -10.809 14.231 -116.009
v -11.247 13.961 -115.842
v -9.830 13.085 -115.300
v -9.663 13.523 -115.571
v -11.247 13.085 -115.300
v -11.414 13.523 -115.571
v -10.539 13.523 -116.447
v -10.809 12.814 -116.009
v -10.268 12.814 -116.009
v -10.977 13.252 -116.279
v -10.101 13.252 -116.279
v -10.977 13.794 -116.279
v -10.101 13.794 -116.279
v -10.539 12.647 -115.571
v -11.247 13.085 -115.842
v -9.830 13.085 -115.842
f 16189 16205 16201
f 16205 16194 16207
f 16205 16207 16201
f 16201 16207 16190
f 16189 16203 16205
f 16203 16192 16214
f 16203 16214 16205
f 16205 16214 16194
f 16189 16202 16203
f 16202 16191 16210
f 16202 16210 16203
f 16203 16210 16192
f 16189 16204 16202
f 16204 16193 16211
f 16204 16211 16202
f 16202 16211 16191
f 16189 16201 16204
f 16201 16190 16206
f 16201 16206 16204
f 16204 16206 16193
f 16190 16207 16208
f 16207 16194 16219
f 16207 16219 16208
f 16208 16219 16197
f 16194 16214 16220
f 16214 16192 16216
f 16214 16216 16220
f 16220 16216 16199
f 16192 16210 16215
f 16210 16191 16212
f 16210 16212 16215
f 16215 16212 16196
f 16191 16211 16213
f 16211 16193 16218
f 16211 16218 16213
f 16213 16218 16200
f 16193 16206 16217
f 16206 16190 16209
f 16206 16209 16217
f 16217 16209 16198
f 16196 16227 16221
f 16227 16200 16225
f 16227 16225 16221
f 16221 16225 16195
f 16200 16230 16225
f 16230 16198 16223
f 16230 16223 16225
f 16225 16223 16195
f 16198 16228 16223
f 16228 16197 16222
f 16228 16222 16223
f 16223 16222 16195
f 16197 16229 16222
f 16229 16199 16224
f 16229 16224 16222
f 16222 16224 16195
f 16199 16226 16224
f 16226 16196 16221
f 16226 16221 16224
f 16224 16221 16195
f 16191 16213 16212
f 16213 16200 16227
f 16213 16227 16212
f 16212 16227 16196
f 16193 16217 16218
f 16217 16198 16230
f 16217 16230 16218
f 16218 16230 16200
f 16190 16208 16209
f 16208 16197 16228
f 16208 16228 16209
f 16209 16228 16198
f 16194 16220 16219
f 16220 16199 16229
f 16220 16229 16219
f 16219 16229 16197
f 16192 16215 16216
f 16215 16196 16226
f 16215 16226 16216
f 16216 16226 16199
v -28.958 -22.342 -88.181
v -28.958 -23.277 -88.181
v -28.490 -22.054 -88.937
v -29.425 -22.054 -88.937
v -28.201 -22.810 -88.470
v -29.714 -22.810 -88.470
v -28.958 -23.277 -89.693
v -28.958 -22.342 -89.693
v -29.425 -23.566 -88.937
v -28.490 -23.566 -88.937
v -29.714 -22.810 -89.405
v -28.201 -22.810 -89.405
v -28.958 -22.810 -88.049
v -28.683 -22.091 -88.493
v -29.232 -22.091 -88.493
v -28.513 -22.535 -88.218
v -29.402 -22.535 -88.218
v -28.513 -23.084 -88.218
v -29.402 -23.084 -88.218
v -29.232 -23.529 -88.493
v -28.683 -23.529 -88.493
v -28.958 -21.921 -88.937
v -28.238 -22.365 -88.663
v -28.683 -22.091 -89.382
v -28.238 -22.365 -89.212
v -29.677 -22.365 -88.663
v -29.232 -22.091 -89.382
v -29.677 -22.365 -89.212
v -28.238 -23.254 -88.663
v -28.069 -22.810 -88.937
v -29.677 -23.254 -88.663
v -29.846 -22.810 -88.937
v -28.958 -22.810 -89.826
v -29.232 -23.529 -89.382
v -28.683 -23.529 -89.382
v -29.402 -23.084 -89.656
v -28.513 -23.084 -89.656
v -29.402 -22.535 -89.656
v -28.513 -22.535 -89.656
v -28.958 -23.698 -88.937
v -29.677 -23.254 -89.212
v -28.238 -23.254 -89.212
f 16231 16247 16243
f 16247 16236 16249
f 16247 16249 16243
f 16243 16249 16232
f 16231 16245 16247
f 16245 16234 16256
f 16245 16256 16247
f 16247 16256 16236
f 16231 16244 16245
f 16244 16233 16252
f 16244 16252 16245
f 16245 16252 16234
f 16231 16246 16244
f 16246 16235 16253
f 16246 16253 16244
f 16244 16253 16233
f 16231 16243 16246
f 16243 16232 16248
f 16243 16248 16246
f 16246 16248 16235
f 16232 16249 16250
f 16249 16236 16261
f 16249 16261 16250
f 16250 16261 16239
f 16236 16256 16262
f 16256 16234 16258
f 16256 16258 16262
f 16262 16258 16241
f 16234 16252 16257
f 16252 16233 16254
f 16252 16254 16257
f 16257 16254 16238
f 16233 16253 16255
f 16253 16235 16260
f 16253 16260 16255
f 16255 16260 16242
f 16235 16248 16259
f 16248 16232 16251
f 16248 16251 16259
f 16259 16251 16240
f 16238 16269 16263
f 16269 16242 16267
f 16269 16267 16263
f 16263 16267 16237
f 16242 16272 16267
f 16272 16240 16265
f 16272 16265 16267
f 16267 16265 16237
f 16240 16270 16265
f 16270 16239 16264
f 16270 16264 16265
f 16265 16264 16237
f 16239 16271 16264
f 16271 16241 16266
f 16271 16266 16264
f 16264 16266 16237
f 16241 16268 16266
f 16268 16238 16263
f 16268 16263 16266
f 16266 16263 16237
f 16233 16255 16254
f 16255 16242 16269
f 16255 16269 16254
f 16254 16269 16238
f 16235 16259 16260
f 16259 16240 16272
f 16259 16272 16260
f 16260 16272 16242
f 16232 16250 16251
f 16250 16239 16270
f 16250 16270 16251
f 16251 16270 16240
f 16236 16262 16261
f 16262 16241 16271
f 16262 16271 16261
f 16261 16271 16239
f 16234 16257 16258
f 16257 16238 16268
f 16257 16268 16258
f 16258 16268 16241
v -71.356 -70.614 -42.147
v -71.356 -71.576 -42.147
v -70.875 -70.317 -42.925
v -71.837 -70.317 -42.925
v -70.578 -71.095 -42.445
v -72.134 -71.095 -42.445
v -71.356 -71.576 -43.703
v -71.356 -70.614 -43.703
v -71.837 -71.873 -42.925
v -70.875 -71.873 -42.925
v -72.134 -71.095 -43.406
v -70.578 -71.095 -43.406
v -71.356 -71.095 -42.011
v -71.073 -70.355 -42.468
v -71.639 -70.355 -42.468
v -70.899 -70.813 -42.186
v -71.813 -70.813 -42.186
v -70.899 -71.378 -42.186
v -71.813 -71.378 -42.186
v -71.639 -71.835 -42.468
v -71.073 -71.835 -42.468
v -71.356 -70.181 -42.925
v -70.616 -70.638 -42.643
v -71.073 -70.355 -43.382
v -70.616 -70.638 -43.208
v -72.096 -70.638 -42.643
v -71.639 -70.355 -43.382
v -72.096 -70.638 -43.208
v -70.616 -71.552 -42.643
v -70.442 -71.095 -42.925
v -72.096 -71.552 -42.643
v -72.270 -71.095 -42.925
v -71.356 -71.095 -43.839
v -71.639 -71.835 -43.382
v -71.073 -71.835 -43.382
v -71.813 -71.378 -43.665
v -70.899 -71.378 -43.665
v -71.813 -70.813 -43.665
v -70.899 -70.813 -43.665
v -71.356 -72.009 -42.925
v -72.096 -71.552 -43.208
v -70.616 -71.552 -43.208
f 16273 16289 16285
f 16289 16278 16291
f 16289 16291 16285
f 16285 16291 16274
f 16273 16287 16289
f 16287 16276 16298
f 16287 16298 16289
f 16289 16298 16278
f 16273 16286 16287
f 16286 16275 16294
f 16286 16294 16287
f 16287 16294 16276
f 16273 16288 16286
f 16288 16277 16295
f 16288 16295 16286
f 16286 16295 16275
f 16273 16285 16288
f 16285 16274 16290
f 16285 16290 16288
f 16288 16290 16277
f 16274 16291 16292
f 16291 16278 16303
f 16291 16303 16292
f 16292 16303 16281
f 16278 16298 16304
f 16298 16276 16300
f 16298 16300 16304
f 16304 16300 16283
f 16276 16294 16299
f 16294 16275 16296
f 16294 16296 16299
f 16299 16296 16280
f 16275 16295 16297
f 16295 16277 16302
f 16295 16302 16297
f 16297 16302 16284
f 16277 16290 16301
f 16290 16274 16293
f 16290 16293 16301
f 16301 16293 16282
f 16280 16311 16305
f 16311 16284 16309
f 16311 16309 16305
f 16305 16309 16279
f 16284 16314 16309
f 16314 16282 16307
f 16314 16307 16309
f 16309 16307 16279
f 16282 16312 16307
f 16312 16281 16306
f 16312 16306 16307
f 16307 16306 16279
f 16281 16313 16306
f 16313 16283 16308
f 16313 16308 16306
f 16306 16308 16279
f 16283 16310 16308
f 16310 16280 16305
f 16310 16305 16308
f 16308 16305 16279
f 16275 16297 16296
f 16297 16284 16311
f 16297 16311 16296
f 16296 16311 16280
f 16277 16301 16302
f 16301 16282 16314
f 16301 16314 16302
f 16302 16314 16284
f 16274 16292 16293
f 16292 16281 16312
f 16292 16312 16293
f 16293 16312 16282
f 16278 16304 16303
f 16304 16283 16313
f 16304 16313 16303
f 16303 16313 16281
f 16276 16299 16300
f 16299 16280 16310
f 16299 16310 16300
f 16300 16310 16283
v 24.248 -49.890 -28.078
v 24.248 -50.878 -28.078
v 24.742 -49.585 -28.876
v 23.754 -49.585 -28.876
v 25.047 -50.384 -28.383
v 23.449 -50.384 -28.383
v 24.248 -50.878 -29.675
v 24.248 -49.890 -29.675
v 23.754 -51.183 -28.876
v 24.742 -51.183 -28.876
v 23.449 -50.384 -29.370
v 25.047 -50.384 -29.370
v 24.248 -50.384 -27.937
v 24.538 -49.624 -28.407
v 23.958 -49.624 -28.407
v 24.717 -50.094 -28.117
v 23.778 -50.094 -28.117
v 24.717 -50.674 -28.117
v 23.778 -50.674 -28.117
v 23.958 -51.144 -28.407
v 24.538 -51.144 -28.407
v 24.248 -49.445 -28.876
v 25.008 -49.915 -28.586
v 24.538 -49.624 -29.346
v 25.008 -49.915 -29.167
v 23.488 -49.915 -28.586
v 23.958 -49.624 -29.346
v 23.488 -49.915 -29.167
v 25.008 -50.854 -28.586
v 25.187 -50.384 -28.876
v 23.488 -50.854 -28.586
v 23.309 -50.384 -28.876
v 24.248 -50.384 -29.815
v 23.958 -51.144 -29.346
v 24.538 -51.144 -29.346
v 23.778 -50.674 -29.636
v 24.717 -50.674 -29.636
v 23.778 -50.094 -29.636
v 24.717 -50.094 -29.636
v 24.248 -51.323 -28.876
v 23.488 -50.854 -29.167
v 25.008 -50.854 -29.167
f 16315 16331 16327
f 16331 16320 16333
f 16331 16333 16327
f 16327 16333 16316
f 16315 16329 16331
f 16329 16318 16340
f 16329 16340 16331
f 16331 16340 16320
f 16315 16328 16329
f 16328 16317 16336
f 16328 16336 16329
f 16329 16336 16318
f 16315 16330 16328
f 16330 16319 16337
f 16330 16337 16328
f 16328 16337 16317
f 16315 16327 16330
f 16327 16316 16332
f 16327 16332 16330
f 16330 16332 16319
f 16316 16333 16334
f 16333 16320 16345
f 16333 16345 16334
f 16334 16345 16323
f 16320 16340 16346
f 16340 16318 16342
f 16340 16342 16346
f 16346 16342 16325
f 16318 16336 16341
f 16336 16317 16338
f 16336 16338 16341
f 16341 16338 16322
f 16317 16337 16339
f 16337 16319 16344
f 16337 16344 16339
f 16339 16344 16326
f 16319 16332 16343
f 16332 16316 16335
f 16332 16335 16343
f 16343 16335 16324
f 16322 16353 16347
f 16353 16326 16351
f 16353 16351 16347
f 16347 16351 16321
f 16326 16356 16351
f 16356 16324 16349
f 16356 16349 16351
f 16351 16349 16321
f 16324 16354 16349
f 16354 16323 16348
f 16354 16348 16349
f 16349 16348 16321
f 16323 16355 16348
f 16355 16325 16350
f 16355 16350 16348
f 16348 16350 16321
f 16325 16352 16350
f 16352 16322 16347
f 16352 16347 16350
f 16350 16347 16321
f 16317 16339 16338
f 16339 16326 16353
f 16339 16353 16338
f 16338 16353 16322
f 16319 16343 16344
f 16343 16324 16356
f 16343 16356 16344
f 16344 16356 16326
f 16316 16334 16335
f 16334 16323 16354
f 16334 16354 16335
f 16335 16354 16324
f 16320 16346 16345
f 16346 16325 16355
f 16346 16355 16345
f 16345 16355 16323
f 16318 16341 16342
f 16341 16322 16352
f 16341 16352 16342
f 16342 16352 16325
v 60.517 -1.882 -27.123
v 60.517 -2.932 -27.123
v 61.042 -1.558 -27.972
v 59.992 -1.558 -27.972
v 61.366 -2.407 -27.447
v 59.668 -2.407 -27.447
v 60.517 -2.932 -28.821
v 60.517 -1.882 -28.821
v 59.992 -3.256 -27.972
v 61.042 -3.256 -27.972
v 59.668 -2.407 -28.497
v 61.366 -2.407 -28.497
v 60.517 -2.407 -26.974
v 60.825 -1.600 -27.473
v 60.208 -1.600 -27.473
v 61.016 -2.099 -27.165
v 60.018 -2.099 -27.165
v 61.016 -2.716 -27.165
v 60.018 -2.716 -27.165
v 60.208 -3.215 -27.473
v 60.825 -3.215 -27.473
v 60.517 -1.409 -27.972
v 61.325 -1.908 -27.664
v 60.825 -1.600 -28.471
v 61.325 -1.908 -28.281
v 59.709 -1.908 -27.664
v 60.208 -1.600 -28.471
v 59.709 -1.908 -28.281
v 61.325 -2.906 -27.664
v 61.515 -2.407 -27.972
v 59.709 -2.906 -27.664
v 59.519 -2.407 -27.972
v 60.517 -2.407 -28.970
v 60.208 -3.215 -28.471
v 60.825 -3.215 -28.471
v 60.018 -2.716 -28.780
v 61.016 -2.716 -28.780
v 60.018 -2.099 -28.780
v 61.016 -2.099 -28.780
v 60.517 -3.406 -27.972
v 59.709 -2.906 -28.281
v 61.325 -2.906 -28.281
f 16357 16373 16369
f 16373 16362 16375
f 16373 16375 16369
f 16369 16375 16358
f 16357 16371 16373
f 16371 16360 16382
f 16371 16382 16373
f 16373 16382 16362
f 16357 16370 16371
f 16370 16359 16378
f 16370 16378 16371
f 16371 16378 16360
f 16357 16372 16370
f 16372 16361 16379
f 16372 16379 16370
f 16370 16379 16359
f 16357 16369 16372
f 16369 16358 16374
f 16369 16374 16372
f 16372 16374 16361
f 16358 16375 16376
f 16375 16362 16387
f 16375 16387 16376
f 16376 16387 16365
f 16362 16382 16388
f 16382 16360 16384
f 16382 16384 16388
f 16388 16384 16367
f 16360 16378 16383
f 16378 16359 16380
f 16378 16380 16383
f 16383 16380 16364
f 16359 16379 16381
f 16379 16361 16386
f 16379 16386 16381
f 16381 16386 16368
f 16361 16374 16385
f 16374 16358 16377
f 16374 16377 16385
f 16385 16377 16366
f 16364 16395 16389
f 16395 16368 16393
f 16395 16393 16389
f 16389 16393 16363
f 16368 16398 16393
f 16398 16366 16391
f 16398 16391 16393
f 16393 16391 16363
f 16366 16396 16391
f 16396 16365 16390
f 16396 16390 16391
f 16391 16390 16363
f 16365 16397 16390
f 16397 16367 16392
f 16397 16392 16390
f 16390 16392 16363
f 16367 16394 16392
f 16394 16364 16389
f 16394 16389 16392
f 16392 16389 16363
f 16359 16381 16380
f 16381 16368 16395
f 16381 16395 16380
f 16380 16395 16364
f 16361 16385 16386
f 16385 16366 16398
f 16385 16398 16386
f 16386 16398 16368
f 16358 16376 16377
f 16376 16365 16396
f 16376 16396 16377
f 16377 16396 16366
f 16362 16388 16387
f 16388 16367 16397
f 16388 16397 16387
f 16387 16397 16365
f 16360 16383 16384
f 16383 16364 16394
f 16383 16394 16384
f 16384 16394 16367
v 58.503 3.957 -32.338
v 58.503 2.995 -32.338
v 58.983 4.254 -33.116
v 58.022 4.254 -33.116
v 59.280 3.476 -32.635
v 57.725 3.476 -32.635
v 58.503 2.995 -33.894
v 58.503 3.957 -33.894
v 58.022 2.698 -33.116
v 58.983 2.698 -33.116
v 57.725 3.476 -33.597
v 59.280 3.476 -33.597
v 58.503 3.476 -32.202
v 58.785 4.216 -32.659
v 58.220 4.216 -32.659
v 58.960 3.758 -32.376
v 58.046 3.758 -32.376
v 58.960 3.193 -32.376
v 58.046 3.193 -32.376
v 58.220 2.736 -32.659
v 58.785 2.736 -32.659
v 58.503 4.390 -33.116
v 59.242 3.933 -32.834
v 58.785 4.216 -33.573
v 59.242 3.933 -33.399
v 57.763 3.933 -32.834
v 58.220 4.216 -33.573
v 57.763 3.933 -33.399
v 59.242 3.019 -32.834
v 59.417 3.476 -33.116
v 57.763 3.019 -32.834
v 57.588 3.476 -33.116
v 58.503 3.476 -34.030
v 58.220 2.736 -33.573
v 58.785 2.736 -33.573
v 58.046 3.193 -33.856
v 58.960 3.193 -33.856
v 58.046 3.758 -33.856
v 58.960 3.758 -33.856
v 58.503 2.562 -33.116
v 57.763 3.019 -33.399
v 59.242 3.019 -33.399
f 16399 16415 16411
f 16415 16404 16417
f 16415 16417 16411
f 16411 16417 16400
f 16399 16413 16415
f 16413 16402 16424
f 16413 16424 16415
f 16415 16424 16404
f 16399 16412 16413
f 16412 16401 16420
f 16412 16420 16413
f 16413 16420 16402
f 16399 16414 16412
f 16414 16403 16421
f 16414 16421 16412
f 16412 16421 16401
f 16399 16411 16414
f 16411 16400 16416
f 16411 16416 16414
f 16414 16416 16403
f 16400 16417 16418
f 16417 16404 16429
f 16417 16429 16418
f 16418 16429 16407
f 16404 16424 16430
f 16424 16402 16426
f 16424 16426 16430
f 16430 16426 16409
f 16402 16420 16425
f 16420 16401 16422
f 16420 16422 16425
f 16425 16422 16406
f 16401 16421 16423
f 16421 16403 16428
f 16421 16428 16423
f 16423 16428 16410
f 16403 16416 16427
f 16416 16400 16419
f 16416 16419 16427
f 16427 16419 16408
f 16406 16437 16431
f 16437 16410 16435
f 16437 16435 16431
f 16431 16435 16405
f 16410 16440 16435
f 16440 16408 16433
f 16440 16433 16435
f 16435 16433 16405
f 16408 16438 16433
f 16438 16407 16432
f 16438 16432 16433
f 16433 16432 16405
f 16407 16439 16432
f 16439 16409 16434
f 16439 16434 16432
f 16432 16434 16405
f 16409 16436 16434
f 16436 16406 16431
f 16436 16431 16434
f 16434 16431 16405
f 16401 16423 16422
f 16423 16410 16437
f 16423 16437 16422
f 16422 16437 16406
f 16403 16427 16428
f 16427 16408 16440
f 16427 16440 16428
f 16428 16440 16410
f 16400 16418 16419
f 16418 16407 16438
f 16418 16438 16419
f 16419 16438 16408
f 16404 16430 16429
f 16430 16409 16439
f 16430 16439 16429
f 16429 16439 16407
f 16402 16425 16426
f 16425 16406 16436
f 16425 16436 16426
f 16426 16436 16409
v -25.290 -22.727 15.938
v -25.290 -23.869 15.938
v -24.719 -22.374 15.014
v -25.861 -22.374 15.014
v -24.366 -23.298 15.585
v -26.214 -23.298 15.585
v -25.290 -23.869 14.090
v -25.290 -22.727 14.090
v -25.861 -24.222 15.014
v -24.719 -24.222 15.014
v -26.214 -23.298 14.443
v -24.366 -23.298 14.443
v -25.290 -23.298 16.100
v -24.954 -22.419 15.557
v -25.626 -22.419 15.557
v -24.747 -22.962 15.893
v -25.833 -22.962 15.893
v -24.747 -23.634 15.893
v -25.833 -23.634 15.893
v -25.626 -24.177 15.557
v -24.954 -24.177 15.557
v -25.290 -22.211 15.014
v -24.411 -22.755 15.349
v -24.954 -22.419 14.470
v -24.411 -22.755 14.678
v -26.169 -22.755 15.349
v -25.626 -22.419 14.470
v -26.169 -22.755 14.678
v -24.411 -23.841 15.349
v -24.204 -23.298 15.014
v -26.169 -23.841 15.349
v -26.376 -23.298 15.014
v -25.290 -23.298 13.927
v -25.626 -24.177 14.470
v -24.954 -24.177 14.470
v -25.833 -23.634 14.135
v -24.747 -23.634 14.135
v -25.833 -22.962 14.135
v -24.747 -22.962 14.135
v -25.290 -24.384 15.014
v -26.169 -23.841 14.678
v -24.411 -23.841 14.678
usemtl mtl-006
f 16441 16457 16453
f 16457 16446 16459
f 16457 16459 16453
f 16453 16459 16442
f 16441 16455 16457
f 16455 16444 16466
f 16455 16466 16457
f 16457 16466 16446
f 16441 16454 16455
f 16454 16443 16462
f 16454 16462 16455
f 16455 16462 16444
f 16441 16456 16454
f 16456 16445 16463
f 16456 16463 16454
f 16454 16463 16443
f 16441 16453 16456
f 16453 16442 16458
f 16453 16458 16456
f 16456 16458 16445
f 16442 16459 16460
f 16459 16446 16471
f 16459 16471 16460
f 16460 16471 16449
f 16446 16466 16472
f 16466 16444 16468
f 16466 16468 16472
f 16472 16468 16451
f 16444 16462 16467
f 16462 16443 16464
f 16462 16464 16467
f 16467 16464 16448
f 16443 16463 16465
f 16463 16445 16470
f 16463 16470 16465
f 16465 16470 16452
f 16445 16458 16469
f 16458 16442 16461
f 16458 16461 16469
f 16469 16461 16450
f 16448 16479 16473
f 16479 16452 16477
f 16479 16477 16473
f 16473 16477 16447
f 16452 16482 16477
f 16482 16450 16475
f 16482 16475 16477
f 16477 16475 16447
f 16450 16480 16475
f 16480 16449 16474
f 16480 16474 16475
f 16475 16474 16447
f 16449 16481 16474
f 16481 16451 16476
f 16481 16476 16474
f 16474 16476 16447
f 16451 16478 16476
f 16478 16448 16473
f 16478 16473 16476
f 16476 16473 16447
f 16443 16465 16464
f 16465 16452 16479
f 16465 16479 16464
f 16464 16479 16448
f 16445 16469 16470
f 16469 16450 16482
f 16469 16482 16470
f 16470 16482 16452
f 16442 16460 16461
f 16460 16449 16480
f 16460 16480 16461
f 16461 16480 16450
f 16446 16472 16471
f 16472 16451 16481
f 16472 16481 16471
f 16471 16481 16449
f 16444 16467 16468
f 16467 16448 16478
f 16467 16478 16468
f 16468 16478 16451
v -50.571 5.116 25.961
v -50.571 3.985 25.961
v -50.005 5.466 25.046
v -51.136 5.466 25.046
v -49.656 4.551 25.612
v -51.486 4.551 25.612
v -50.571 3.985 24.131
v -50.571 5.116 24.131
v -51.136 3.636 25.046
v -50.005 3.636 25.046
v -51.486 4.551 24.480
v -49.656 4.551 24.480
v -50.571 4.551 26.122
v -50.238 5.421 25.584
v -50.903 5.421 25.584
v -50.033 4.883 25.916
v -51.109 4.883 25.916
v -50.033 4.218 25.916
v -51.109 4.218 25.916
v -50.903 3.680 25.584
v -50.238 3.680 25.584
v -50.571 5.627 25.046
v -49.700 5.089 25.378
v -50.238 5.421 24.508
v -49.700 5.089 24.714
v -51.441 5.089 25.378
v -50.903 5.421 24.508
v -51.441 5.089 24.714
v -49.700 4.013 25.378
v -49.495 4.551 25.046
v -51.441 4.013 25.378
v -51.647 4.551 25.046
v -50.571 4.551 23.970
v -50.903 3.680 24.508
v -50.238 3.680 24.508
v -51.109 4.218 24.176
v -50.033 4.218 24.176
v -51.109 4.883 24.176
v -50.033 4.883 24.176
v -50.571 3.475 25.046
v -51.441 4.013 24.714
v -49.700 4.013 24.714
f 16483 16499 16495
f 16499 16488 16501
f 16499 16501 16495
f 16495 16501 16484
f 16483 16497 16499
f 16497 16486 16508
f 16497 16508 16499
f 16499 16508 16488
f 16483 16496 16497
f 16496 16485 16504
f 16496 16504 16497
f 16497 16504 16486
f 16483 16498 16496
f 16498 16487 16505
f 16498 16505 16496
f 16496 16505 16485
f 16483 16495 16498
f 16495 16484 16500
f 16495 16500 16498
f 16498 16500 16487
f 16484 16501 16502
f 16501 16488 16513
f 16501 16513 16502
f 16502 16513 16491
f 16488 16508 16514
f 16508 16486 16510
f 16508 16510 16514
f 16514 16510 16493
f 16486 16504 16509
f 16504 16485 16506
f 16504 16506 16509
f 16509 16506 16490
f 16485 16505 16507
f 16505 16487 16512
f 16505 16512 16507
f 16507 16512 16494
f 16487 16500 16511
f 16500 16484 16503
f 16500 16503 16511
f 16511 16503 16492
f 16490 16521 16515
f 16521 16494 16519
f 16521 16519 16515
f 16515 16519 16489
f 16494 16524 16519
f 16524 16492 16517
f 16524 16517 16519
f 16519 16517 16489
f 16492 16522 16517
f 16522 16491 16516
f 16522 16516 16517
f 16517 16516 16489
f 16491 16523 16516
f 16523 16493 16518
f 16523 16518 16516
f 16516 16518 16489
f 16493 16520 16518
f 16520 16490 16515
f 16520 16515 16518
f 16518 16515 16489
f 16485 16507 16506
f 16507 16494 16521
f 16507 16521 16506
f 16506 16521 16490
f 16487 16511 16512
f 16511 16492 16524
f 16511 16524 16512
f 16512 16524 16494
f 16484 16502 16503
f 16502 16491 16522
f 16502 16522 16503
f 16503 16522 16492
f 16488 16514 16513
f 16514 16493 16523
f 16514 16523 16513
f 16513 16523 16491
f 16486 16509 16510
f 16509 16490 16520
f 16509 16520 16510
f 16510 16520 16493
v 33.206 -9.696 -64.094
v 33.206 -10.804 -64.094
v 33.760 -9.353 -64.991
v 32.651 -9.353 -64.991
v 34.102 -10.250 -64.437
v 32.309 -10.250 -64.437
v 33.206 -10.804 -65.888
v 33.206 -9.696 -65.888
v 32.651 -11.147 -64.991
v 33.760 -11.147 -64.991
v 32.309 -10.250 -65.545
v 34.102 -10.250 -65.545
v 33.206 -10.250 -63.937
v 33.531 -9.397 -64.464
v 32.880 -9.397 -64.464
v 33.733 -9.924 -64.138
v 32.678 -9.924 -64.138
v 33.733 -10.576 -64.138
v 32.678 -10.576 -64.138
v 32.880 -11.103 -64.464
v 33.531 -11.103 -64.464
v 33.206 -9.196 -64.991
v 34.058 -9.723 -64.665
v 33.531 -9.397 -65.518
v 34.058 -9.723 -65.317
v 32.353 -9.723 -64.665
v 32.880 -9.397 -65.518
v 32.353 -9.723 -65.317
v 34.058 -10.777 -64.665
v 34.260 -10.250 -64.991
v 32.353 -10.777 -64.665
v 32.151 -10.250 -64.991
v 33.206 -10.250 -66.045
v 32.880 -11.103 -65.518
v 33.531 -11.103 -65.518
v 32.678 -10.576 -65.844
v 33.733 -10.576 -65.844
v 32.678 -9.924 -65.844
v 33.733 -9.924 -65.844
v 33.206 -11.304 -64.991
v 32.353 -10.777 -65.317
v 34.058 -10.777 -65.317
f 16525 16541 16537
f 16541 16530 16543
f 16541 16543 16537
f 16537 16543 16526
f 16525 16539 16541
f 16539 16528 16550
f 16539 16550 16541
f 16541 16550 16530
f 16525 16538 16539
f 16538 16527 16546
f 16538 16546 16539
f 16539 16546 16528
f 16525 16540 16538
f 16540 16529 16547
f 16540 16547 16538
f 16538 16547 16527
f 16525 16537 16540
f 16537 16526 16542
f 16537 16542 16540
f 16540 16542 16529
f 16526 16543 16544
f 16543 16530 16555
f 16543 16555 16544
f 16544 16555 16533
f 16530 16550 16556
f 16550 16528 16552
f 16550 16552 16556
f 16556 16552 16535
f 16528 16546 16551
f 16546 16527 16548
f 16546 16548 16551
f 16551 16548 16532
f 16527 16547 16549
f 16547 16529 16554
f 16547 16554 16549
f 16549 16554 16536
f 16529 16542 16553
f 16542 16526 16545
f 16542 16545 16553
f 16553 16545 16534
f 16532 16563 16557
f 16563 16536 16561
f 16563 16561 16557
f 16557 16561 16531
f 16536 16566 16561
f 16566 16534 16559
f 16566 16559 16561
f 16561 16559 16531
f 16534 16564 16559
f 16564 16533 16558
f 16564 16558 16559
f 16559 16558 16531
f 16533 16565 16558
f 16565 16535 16560
f 16565 16560 16558
f 16558 16560 16531
f 16535 16562 16560
f 16562 16532 16557
f 16562 16557 16560
f 16560 16557 16531
f 16527 16549 16548
f 16549 16536 16563
f 16549 16563 16548
f 16548 16563 16532
f 16529 16553 16554
f 16553 16534 16566
f 16553 16566 16554
f 16554 16566 16536
f 16526 16544 16545
f 16544 16533 16564
f 16544 16564 16545
f 16545 16564 16534
f 16530 16556 16555
f 16556 16535 16565
f 16556 16565 16555
f 16555 16565 16533
f 16528 16551 16552
f 16551 16532 16562
f 16551 16562 16552
f 16552 16562 16535
v -3.851 -0.385 17.307
v -3.851 -1.664 17.307
v -3.211 0.011 16.273
v -4.490 0.011 16.273
v -2.816 -1.024 16.912
v -4.886 -1.024 16.912
v -3.851 -1.664 15.238
v -3.851 -0.385 15.238
v -4.490 -2.059 16.273
v -3.211 -2.059 16.273
v -4.886 -1.024 15.633
v -2.816 -1.024 15.633
v -3.851 -1.024 17.489
v -3.475 -0.040 16.881
v -4.227 -0.040 16.881
v -3.243 -0.648 17.257
v -4.459 -0.648 17.257
v -3.243 -1.400 17.257
v -4.459 -1.400 17.257
v -4.227 -2.008 16.881
v -3.475 -2.008 16.881
v -3.851 0.192 16.273
v -2.867 -0.416 16.649
v -3.475 -0.040 15.664
v -2.867 -0.416 15.897
v -4.835 -0.416 16.649
v -4.227 -0.040 15.664
v -4.835 -0.416 15.897
v -2.867 -1.632 16.649
v -2.634 -1.024 16.273
v -4.835 -1.632 16.649
v -5.067 -1.024 16.273
v -3.851 -1.024 15.056
v -4.227 -2.008 15.664
v -3.475 -2.008 15.664
v -4.459 -1.400 15.289
v -3.243 -1.400 15.289
v -4.459 -0.648 15.289
v -3.243 -0.648 15.289
v -3.851 -2.240 16.273
v -4.835 -1.632 15.897
v -2.867 -1.632 15.897
usemtl mtl-007
f 16567 16583 16579
f 16583 16572 16585
f 16583 16585 16579
f 16579 16585 16568
f 16567 16581 16583
f 16581 16570 16592
f 16581 16592 16583
f 16583 16592 16572
f 16567 16580 16581
f 16580 16569 16588
f 16580 16588 16581
f 16581 16588 16570
f 16567 16582 16580
f 16582 16571 16589
f 16582 16589 16580
f 16580 16589 16569
f 16567 16579 16582
f 16579 16568 16584
f 16579 16584 16582
f 16582 16584 16571
f 16568 16585 16586
f 16585 16572 16597
f 16585 16597 16586
f 16586 16597 16575
f 16572 16592 16598
f 16592 16570 16594
f 16592 16594 16598
f 16598 16594 16577
f 16570 16588 16593
f 16588 16569 16590
f 16588 16590 16593
f 16593 16590 16574
f 16569 16589 16591
f 16589 16571 16596
f 16589 16596 16591
f 16591 16596 16578
f 16571 16584 16595
f 16584 16568 16587
f 16584 16587 16595
f 16595 16587 16576
f 16574 16605 16599
f 16605 16578 16603
f 16605 16603 16599
f 16599 16603 16573
f 16578 16608 16603
f 16608 16576 16601
f 16608 16601 16603
f 16603 16601 16573
f 16576 16606 16601
f 16606 16575 16600
f 16606 16600 16601
f 16601 16600 16573
f 16575 16607 16600
f 16607 16577 16602
f 16607 16602 16600
f 16600 16602 16573
f 16577 16604 16602
f 16604 16574 16599
f 16604 16599 16602
f 16602 16599 16573
f 16569 16591 16590
f 16591 16578 16605
f 16591 16605 16590
f 16590 16605 16574
f 16571 16595 16596
f 16595 16576 16608
f 16595 16608 16596
f 16596 16608 16578
f 16568 16586 16587
f 16586 16575 16606
f 16586 16606 16587
f 16587 16606 16576
f 16572 16598 16597
f 16598 16577 16607
f 16598 16607 16597
f 16597 16607 16575
f 16570 16593 16594
f 16593 16574 16604
f 16593 16604 16594
f 16594 16604 16577
v -53.523 3.875 32.927
v -53.523 2.586 32.927
v -52.878 4.273 31.884
v -54.167 4.273 31.884
v -52.480 3.231 32.528
v -54.565 3.231 32.528
v -53.523 2.586 30.841
v -53.523 3.875 30.841
v -54.167 2.188 31.884
v -52.878 2.188 31.884
v -54.565 3.231 31.240
v -52.480 3.231 31.240
v -53.523 3.231 33.110
v -53.144 4.222 32.497
v -53.902 4.222 32.497
v -52.910 3.609 32.876
v -54.136 3.609 32.876
v -52.910 2.852 32.876
v -54.136 2.852 32.876
v -53.902 2.239 32.497
v -53.144 2.239 32.497
v -53.523 4.456 31.884
v -52.531 3.843 32.263
v -53.144 4.222 31.271
v -52.531 3.843 31.505
v -54.514 3.843 32.263
v -53.902 4.222 31.271
v -54.514 3.843 31.505
v -52.531 2.618 32.263
v -52.297 3.231 31.884
v -54.514 2.618 32.263
v -54.749 3.231 31.884
v -53.523 3.231 30.658
v -53.902 2.239 31.271
v -53.144 2.239 31.271
v -54.136 2.852 30.892
v -52.910 2.852 30.892
v -54.136 3.609 30.892
v -52.910 3.609 30.892
v -53.523 2.005 31.884
v -54.514 2.618 31.505
v -52.531 2.618 31.505
f 16609 16625 16621
f 16625 16614 16627
f 16625 16627 16621
f 16621 16627 16610
f 16609 16623 16625
f 16623 16612 16634
f 16623 16634 16625
f 16625 16634 16614
f 16609 16622 16623
f 16622 16611 16630
f 16622 16630 16623
f 16623 16630 16612
f 16609 16624 16622
f 16624 16613 16631
f 16624 16631 16622
f 16622 16631 16611
f 16609 16621 16624
f 16621 16610 16626
f 16621 16626 16624
f 16624 16626 16613
f 16610 16627 16628
f 16627 16614 16639
f 16627 16639 16628
f 16628 16639 16617
f 16614 16634 16640
f 16634 16612 16636
f 16634 16636 16640
f 16640 16636 16619
f 16612 16630 16635
f 16630 16611 16632
f 16630 16632 16635
f 16635 16632 16616
f 16611 16631 16633
f 16631 16613 16638
f 16631 16638 16633
f 16633 16638 16620
f 16613 16626 16637
f 16626 16610 16629
f 16626 16629 16637
f 16637 16629 16618
f 16616 16647 16641
f 16647 16620 16645
f 16647 16645 16641
f 16641 16645 16615
f 16620 16650 16645
f 16650 16618 16643
f 16650 16643 16645
f 16645 16643 16615
f 16618 16648 16643
f 16648 16617 16642
f 16648 16642 16643
f 16643 16642 16615
f 16617 16649 16642
f 16649 16619 16644
f 16649 16644 16642
f 16642 16644 16615
f 16619 16646 16644
f 16646 16616 16641
f 16646 16641 16644
f 16644 16641 16615
f 16611 16633 16632
f 16633 16620 16647
f 16633 16647 16632
f 16632 16647 16616
f 16613 16637 16638
f 16637 16618 16650
f 16637 16650 16638
f 16638 16650 16620
f 16610 16628 16629
f 16628 16617 16648
f 16628 16648 16629
f 16629 16648 16618
f 16614 16640 16639
f 16640 16619 16649
f 16640 16649 16639
f 16639 16649 16617
f 16612 16635 16636
f 16635 16616 16646
f 16635 16646 16636
f 16636 16646 16619
v -53.817 12.455 -24.446
v -53.817 11.207 -24.446
v -53.193 12.841 -25.456
v -54.442 12.841 -25.456
v -52.807 11.831 -24.832
v -54.828 11.831 -24.832
v -53.817 11.207 -26.467
v -53.817 12.455 -26.467
v -54.442 10.821 -25.456
v -53.193 10.821 -25.456
v -54.828 11.831 -26.081
v -52.807 11.831 -26.081
v -53.817 11.831 -24.269
v -53.450 12.792 -24.863
v -54.184 12.792 -24.863
v -53.224 12.198 -24.496
v -54.411 12.198 -24.496
v -53.224 11.464 -24.496
v -54.411 11.464 -24.496
v -54.184 10.870 -24.863
v -53.450 10.870 -24.863
v -53.817 13.019 -25.456
v -52.857 12.425 -25.089
v -53.450 12.792 -26.050
v -52.857 12.425 -25.823
v -54.778 12.425 -25.089
v -54.184 12.792 -26.050
v -54.778 12.425 -25.823
v -52.857 11.237 -25.089
v -52.630 11.831 -25.456
v -54.778 11.237 -25.089
v -55.005 11.831 -25.456
v -53.817 11.831 -26.644
v -54.184 10.870 -26.050
v -53.450 10.870 -26.050
v -54.411 11.464 -26.417
v -53.224 11.464 -26.417
v -54.411 12.198 -26.417
v -53.224 12.198 -26.417
v -53.817 10.643 -25.456
v -54.778 11.237 -25.823
v -52.857 11.237 -25.823
f 16651 16667 16663
f 16667 16656 16669
f 16667 16669 16663
f 16663 16669 16652
f 16651 16665 16667
f 16665 16654 16676
f 16665 16676 16667
f 16667 16676 16656
f 16651 16664 16665
f 16664 16653 16672
f 16664 16672 16665
f 16665 16672 16654
f 16651 16666 16664
f 16666 16655 16673
f 16666 16673 16664
f 16664 16673 16653
f 16651 16663 16666
f 16663 16652 16668
f 16663 16668 16666
f 16666 16668 16655
f 16652 16669 16670
f 16669 16656 16681
f 16669 16681 16670
f 16670 16681 16659
f 16656 16676 16682
f 16676 16654 16678
f 16676 16678 16682
f 16682 16678 16661
f 16654 16672 16677
f 16672 16653 16674
f 16672 16674 16677
f 16677 16674 16658
f 16653 16673 16675
f 16673 16655 16680
f 16673 16680 16675
f 16675 16680 16662
f 16655 16668 16679
f 16668 16652 16671
f 16668 16671 16679
f 16679 16671 16660
f 16658 16689 16683
f 16689 16662 16687
f 16689 16687 16683
f 16683 16687 16657
f 16662 16692 16687
f 16692 16660 16685
f 16692 16685 16687
f 16687 16685 16657
f 16660 16690 16685
f 16690 16659 16684
f 16690 16684 16685
f 16685 16684 16657
f 16659 16691 16684
f 16691 16661 16686
f 16691 16686 16684
f 16684 16686 16657
f 16661 16688 16686
f 16688 16658 16683
f 16688 16683 16686
f 16686 16683 16657
f 16653 16675 16674
f 16675 16662 16689
f 16675 16689 16674
f 16674 16689 16658
f 16655 16679 16680
f 16679 16660 16692
f 16679 16692 16680
f 16680 16692 16662
f 16652 16670 16671
f 16670 16659 16690
f 16670 16690 16671
f 16671 16690 16660
f 16656 16682 16681
f 16682 16661 16691
f 16682 16691 16681
f 16681 16691 16659
f 16654 16677 16678
f 16677 16658 16688
f 16677 16688 16678
f 16678 16688 16661
v -1.773 -12.504 -13.718
v -1.773 -13.722 -13.718
v -1.164 -12.127 -14.704
v -2.382 -12.127 -14.704
v -0.788 -13.113 -14.095
v -2.758 -13.113 -14.095
v -1.773 -13.722 -15.689
v -1.773 -12.504 -15.689
v -2.382 -14.098 -14.704
v -1.164 -14.098 -14.704
v -2.758 -13.113 -15.312
v -0.788 -13.113 -15.312
v -1.773 -13.113 -13.545
v -1.415 -12.176 -14.124
v -2.131 -12.176 -14.124
v -1.194 -12.755 -13.766
v -2.352 -12.755 -13.766
v -1.194 -13.471 -13.766
v -2.352 -13.471 -13.766
v -2.131 -14.050 -14.124
v -1.415 -14.050 -14.124
v -1.773 -11.954 -14.704
v -0.836 -12.534 -14.346
v -1.415 -12.176 -15.283
v -0.836 -12.534 -15.061
v -2.710 -12.534 -14.346
v -2.131 -12.176 -15.283
v -2.710 -12.534 -15.061
v -0.836 -13.692 -14.346
v -0.615 -13.113 -14.704
v -2.710 -13.692 -14.346
v -2.931 -13.113 -14.704
v -1.773 -13.113 -15.862
v -2.131 -14.050 -15.283
v -1.415 -14.050 -15.283
v -2.352 -13.471 -15.641
v -1.194 -13.471 -15.641
v -2.352 -12.755 -15.641
v -1.194 -12.755 -15.641
v -1.773 -14.271 -14.704
v -2.710 -13.692 -15.061
v -0.836 -13.692 -15.061
f 16693 16709 16705
f 16709 16698 16711
f 16709 16711 16705
f 16705 16711 16694
f 16693 16707 16709
f 16707 16696 16718
f 16707 16718 16709
f 16709 16718 16698
f 16693 16706 16707
f 16706 16695 16714
f 16706 16714 16707
f 16707 16714 16696
f 16693 16708 16706
f 16708 16697 16715
f 16708 16715 16706
f 16706 16715 16695
f 16693 16705 16708
f 16705 16694 16710
f 16705 16710 16708
f 16708 16710 16697
f 16694 16711 16712
f 16711 16698 16723
f 16711 16723 16712
f 16712 16723 16701
f 16698 16718 16724
f 16718 16696 16720
f 16718 16720 16724
f 16724 16720 16703
f 16696 16714 16719
f 16714 16695 16716
f 16714 16716 16719
f 16719 16716 16700
f 16695 16715 16717
f 16715 16697 16722
f 16715 16722 16717
f 16717 16722 16704
f 16697 16710 16721
f 16710 16694 16713
f 16710 16713 16721
f 16721 16713 16702
f 16700 16731 16725
f 16731 16704 16729
f 16731 16729 16725
f 16725 16729 16699
f 16704 16734 16729
f 16734 16702 16727
f 16734 16727 16729
f 16729 16727 16699
f 16702 16732 16727
f 16732 16701 16726
f 16732 16726 16727
f 16727 16726 16699
f 16701 16733 16726
f 16733 16703 16728
f 16733 16728 16726
f 16726 16728 16699
f 16703 16730 16728
f 16730 16700 16725
f 16730 16725 16728
f 16728 16725 16699
f 16695 16717 16716
f 16717 16704 16731
f 16717 16731 16716
f 16716 16731 16700
f 16697 16721 16722
f 16721 16702 16734
f 16721 16734 16722
f 16722 16734 16704
f 16694 16712 16713
f 16712 16701 16732
f 16712 16732 16713
f 16713 16732 16702
f 16698 16724 16723
f 16724 16703 16733
f 16724 16733 16723
f 16723 16733 16701
f 16696 16719 16720
f 16719 16700 16730
f 16719 16730 16720
f 16720 16730 16703
v 4.636 1.286 11.654
v 4.636 -0.033 11.654
v 5.295 1.693 10.588
v 3.977 1.693 10.588
v 5.702 0.626 11.247
v 3.569 0.626 11.247
v 4.636 -0.033 9.522
v 4.636 1.286 9.522
v 3.977 -0.440 10.588
v 5.295 -0.440 10.588
v 3.569 0.626 9.929
v 5.702 0.626 9.929
v 4.636 0.626 11.842
v 5.023 1.641 11.215
v 4.248 1.641 11.215
v 5.263 1.014 11.602
v 4.009 1.014 11.602
v 5.263 0.239 11.602
v 4.009 0.239 11.602
v 4.248 -0.388 11.215
v 5.023 -0.388 11.215
v 4.636 1.880 10.588
v 5.650 1.253 10.975
v 5.023 1.641 9.961
v 5.650 1.253 10.201
v 3.622 1.253 10.975
v 4.248 1.641 9.961
v 3.622 1.253 10.201
v 5.650 -0.000 10.975
v 5.890 0.626 10.588
v 3.622 -0.000 10.975
v 3.382 0.626 10.588
v 4.636 0.626 9.334
v 4.248 -0.388 9.961
v 5.023 -0.388 9.961
v 4.009 0.239 9.574
v 5.263 0.239 9.574
v 4.009 1.014 9.574
v 5.263 1.014 9.574
v 4.636 -0.627 10.588
v 3.622 -0.000 10.201
v 5.650 -0.000 10.201
usemtl mtl-008
f 16735 16751 16747
f 16751 16740 16753
f 16751 16753 16747
f 16747 16753 16736
f 16735 16749 16751
f 16749 16738 16760
f 16749 16760 16751
f 16751 16760 16740
f 16735 16748 16749
f 16748 16737 16756
f 16748 16756 16749
f 16749 16756 16738
f 16735 16750 16748
f 16750 16739 16757
f 16750 16757 16748
f 16748 16757 16737
f 16735 16747 16750
f 16747 16736 16752
f 16747 16752 16750
f 16750 16752 16739
f 16736 16753 16754
f 16753 16740 16765
f 16753 16765 16754
f 16754 16765 16743
f 16740 16760 16766
f 16760 16738 16762
f 16760 16762 16766
f 16766 16762 16745
f 16738 16756 16761
f 16756 16737 16758
f 16756 16758 16761
f 16761 16758 16742
f 16737 16757 16759
f 16757 16739 16764
f 16757 16764 16759
f 16759 16764 16746
f 16739 16752 16763
f 16752 16736 16755
f 16752 16755 16763
f 16763 16755 16744
f 16742 16773 16767
f 16773 16746 16771
f 16773 16771 16767
f 16767 16771 16741
f 16746 16776 16771
f 16776 16744 16769
f 16776 16769 16771
f 16771 16769 16741
f 16744 16774 16769
f 16774 16743 16768
f 16774 16768 16769
f 16769 16768 16741
f 16743 16775 16768
f 16775 16745 16770
f 16775 16770 16768
f 16768 16770 16741
f 16745 16772 16770
f 16772 16742 16767
f 16772 16767 16770
f 16770 16767 16741
f 16737 16759 16758
f 16759 16746 16773
f 16759 16773 16758
f 16758 16773 16742
f 16739 16763 16764
f 16763 16744 16776
f 16763 16776 16764
f 16764 16776 16746
f 16736 16754 16755
f 16754 16743 16774
f 16754 16774 16755
f 16755 16774 16744
f 16740 16766 16765
f 16766 16745 16775
f 16766 16775 16765
f 16765 16775 16743
f 16738 16761 16762
f 16761 16742 16772
f 16761 16772 16762
f 16762 16772 16745
v 3.834 -14.735 -14.963
v 3.834 -16.063 -14.963
v 4.498 -14.325 -16.037
v 3.170 -14.325 -16.037
v 4.908 -15.399 -15.373
v 2.760 -15.399 -15.373
v 3.834 -16.063 -17.111
v 3.834 -14.735 -17.111
v 3.170 -16.474 -16.037
v 4.498 -16.474 -16.037
v 2.760 -15.399 -16.701
v 4.908 -15.399 -16.701
v 3.834 -15.399 -14.774
v 4.224 -14.378 -15.406
v 3.444 -14.378 -15.406
v 4.466 -15.009 -15.015
v 3.203 -15.009 -15.015
v 4.466 -15.790 -15.015
v 3.203 -15.790 -15.015
v 3.444 -16.421 -15.406
v 4.224 -16.421 -15.406
v 3.834 -14.136 -16.037
v 4.856 -14.768 -15.647
v 4.224 -14.378 -16.669
v 4.856 -14.768 -16.427
v 2.812 -14.768 -15.647
v 3.444 -14.378 -16.669
v 2.812 -14.768 -16.427
v 4.856 -16.031 -15.647
v 5.097 -15.399 -16.037
v 2.812 -16.031 -15.647
v 2.571 -15.399 -16.037
v 3.834 -15.399 -17.300
v 3.444 -16.421 -16.669
v 4.224 -16.421 -16.669
v 3.203 -15.790 -17.059
v 4.466 -15.790 -17.059
v 3.203 -15.009 -17.059
v 4.466 -15.009 -17.059
v 3.834 -16.662 -16.037
v 2.812 -16.031 -16.427
v 4.856 -16.031 -16.427
f 16777 16793 16789
f 16793 16782 16795
f 16793 16795 16789
f 16789 16795 16778
f 16777 16791 16793
f 16791 16780 16802
f 16791 16802 16793
f 16793 16802 16782
f 16777 16790 16791
f 16790 16779 16798
f 16790 16798 16791
f 16791 16798 16780
f 16777 16792 16790
f 16792 16781 16799
f 16792 16799 16790
f 16790 16799 16779
f 16777 16789 16792
f 16789 16778 16794
f 16789 16794 16792
f 16792 16794 16781
f 16778 16795 16796
f 16795 16782 16807
f 16795 16807 16796
f 16796 16807 16785
f 16782 16802 16808
f 16802 16780 16804
f 16802 16804 16808
f 16808 16804 16787
f 16780 16798 16803
f 16798 16779 16800
f 16798 16800 16803
f 16803 16800 16784
f 16779 16799 16801
f 16799 16781 16806
f 16799 16806 16801
f 16801 16806 16788
f 16781 16794 16805
f 16794 16778 16797
f 16794 16797 16805
f 16805 16797 16786
f 16784 16815 16809
f 16815 16788 16813
f 16815 16813 16809
f 16809 16813 16783
f 16788 16818 16813
f 16818 16786 16811
f 16818 16811 16813
f 16813 16811 16783
f 16786 16816 16811
f 16816 16785 16810
f 16816 16810 16811
f 16811 16810 16783
f 16785 16817 16810
f 16817 16787 16812
f 16817 16812 16810
f 16810 16812 16783
f 16787 16814 16812
f 16814 16784 16809
f 16814 16809 16812
f 16812 16809 16783
f 16779 16801 16800
f 16801 16788 16815
f 16801 16815 16800
f 16800 16815 16784
f 16781 16805 16806
f 16805 16786 16818
f 16805 16818 16806
f 16806 16818 16788
f 16778 16796 16797
f 16796 16785 16816
f 16796 16816 16797
f 16797 16816 16786
f 16782 16808 16807
f 16808 16787 16817
f 16808 16817 16807
f 16807 16817 16785
f 16780 16803 16804
f 16803 16784 16814
f 16803 16814 16804
f 16804 16814 16787
v -3.100 -14.296 87.204
v -3.100 -15.752 87.204
v -2.372 -13.846 86.026
v -3.828 -13.846 86.026
v -1.922 -15.024 86.754
v -4.278 -15.024 86.754
v -3.100 -15.752 84.848
v -3.100 -14.296 84.848
v -3.828 -16.202 86.026
v -2.372 -16.202 86.026
v -4.278 -15.024 85.298
v -1.922 -15.024 85.298
v -3.100 -15.024 87.411
v -2.672 -13.904 86.719
v -3.528 -13.904 86.719
v -2.408 -14.596 87.147
v -3.792 -14.596 87.147
v -2.408 -15.452 87.147
v -3.792 -15.452 87.147
v -3.528 -16.144 86.719
v -2.672 -16.144 86.719
v -3.100 -13.639 86.026
v -1.980 -14.332 86.454
v -2.672 -13.904 85.334
v -1.980 -14.332 85.599
v -4.220 -14.332 86.454
v -3.528 -13.904 85.334
v -4.220 -14.332 85.599
v -1.980 -15.717 86.454
v -1.715 -15.024 86.026
v -4.220 -15.717 86.454
v -4.485 -15.024 86.026
v -3.100 -15.024 84.642
v -3.528 -16.144 85.334
v -2.672 -16.144 85.334
v -3.792 -15.452 84.906
v -2.408 -15.452 84.906
v -3.792 -14.596 84.906
v -2.408 -14.596 84.906
v -3.100 -16.409 86.026
v -4.220 -15.717 85.599
v -1.980 -15.717 85.599
usemtl mtl-009
f 16819 16835 16831
f 16835 16824 16837
f 16835 16837 16831
f 16831 16837 16820
f 16819 16833 16835
f 16833 16822 16844
f 16833 16844 16835
f 16835 16844 16824
f 16819 16832 16833
f 16832 16821 16840
f 16832 16840 16833
f 16833 16840 16822
f 16819 16834 16832
f 16834 16823 16841
f 16834 16841 16832
f 16832 16841 16821
f 16819 16831 16834
f 16831 16820 16836
f 16831 16836 16834
f 16834 16836 16823
f 16820 16837 16838
f 16837 16824 16849
f 16837 16849 16838
f 16838 16849 16827
f 16824 16844 16850
f 16844 16822 16846
f 16844 16846 16850
f 16850 16846 16829
f 16822 16840 16845
f 16840 16821 16842
f 16840 16842 16845
f 16845 16842 16826
f 16821 16841 16843
f 16841 16823 16848
f 16841 16848 16843
f 16843 16848 16830
f 16823 16836 16847
f 16836 16820 16839
f 16836 16839 16847
f 16847 16839 16828
f 16826 16857 16851
f 16857 16830 16855
f 16857 16855 16851
f 16851 16855 16825
f 16830 16860 16855
f 16860 16828 16853
f 16860 16853 16855
f 16855 16853 16825
f 16828 16858 16853
f 16858 16827 16852
f 16858 16852 16853
f 16853 16852 16825
f 16827 16859 16852
f 16859 16829 16854
f 16859 16854 16852
f 16852 16854 16825
f 16829 16856 16854
f 16856 16826 16851
f 16856 16851 16854
f 16854 16851 16825
f 16821 16843 16842
f 16843 16830 16857
f 16843 16857 16842
f 16842 16857 16826
f 16823 16847 16848
f 16847 16828 16860
f 16847 16860 16848
f 16848 16860 16830
f 16820 16838 16839
f 16838 16827 16858
f 16838 16858 16839
f 16839 16858 16828
f 16824 16850 16849
f 16850 16829 16859
f 16850 16859 16849
f 16849 16859 16827
f 16822 16845 16846
f 16845 16826 16856
f 16845 16856 16846
f 16846 16856 16829
v -65.819 8.968 -8.015
v -65.819 7.402 -8.015
v -65.036 9.451 -9.282
v -66.602 9.451 -9.282
v -64.553 8.185 -8.499
v -67.086 8.185 -8.499
v -65.819 7.402 -10.548
v -65.819 8.968 -10.548
v -66.602 6.918 -9.282
v -65.036 6.918 -9.282
v -67.086 8.185 -10.065
v -64.553 8.185 -10.065
v -65.819 8.185 -7.793
v -65.359 9.389 -8.537
v -66.280 9.389 -8.537
v -65.075 8.645 -8.077
v -66.564 8.645 -8.077
v -65.075 7.724 -8.077
v -66.564 7.724 -8.077
v -66.280 6.980 -8.537
v -65.359 6.980 -8.537
v -65.819 9.674 -9.282
v -64.615 8.929 -8.822
v -65.359 9.389 -10.026
v -64.615 8.929 -9.742
v -67.024 8.929 -8.822
v -66.280 9.389 -10.026
v -67.024 8.929 -9.742
v -64.615 7.440 -8.822
v -64.330 8.185 -9.282
v -67.024 7.440 -8.822
v -67.309 8.185 -9.282
v -65.819 8.185 -10.771
v -66.280 6.980 -10.026
v -65.359 6.980 -10.026
v -66.564 7.724 -10.486
v -65.075 7.724 -10.486
v -66.564 8.645 -10.486
v -65.075 8.645 -10.486
v -65.819 6.695 -9.282
v -67.024 7.440 -9.742
v -64.615 7.440 -9.742
f 16861 16877 16873
f 16877 16866 16879
f 16877 16879 16873
f 16873 16879 16862
f 16861 16875 16877
f 16875 16864 16886
f 16875 16886 16877
f 16877 16886 16866
f 16861 16874 16875
f 16874 16863 16882
f 16874 16882 16875
f 16875 16882 16864
f 16861 16876 16874
f 16876 16865 16883
f 16876 16883 16874
f 16874 16883 16863
f 16861 16873 16876
f 16873 16862 16878
f 16873 16878 16876
f 16876 16878 16865
f 16862 16879 16880
f 16879 16866 16891
f 16879 16891 16880
f 16880 16891 16869
f 16866 16886 16892
f 16886 16864 16888
f 16886 16888 16892
f 16892 16888 16871
f 16864 16882 16887
f 16882 16863 16884
f 16882 16884 16887
f 16887 16884 16868
f 16863 16883 16885
f 16883 16865 16890
f 16883 16890 16885
f 16885 16890 16872
f 16865 16878 16889
f 16878 16862 16881
f 16878 16881 16889
f 16889 16881 16870
f 16868 16899 16893
f 16899 16872 16897
f 16899 16897 16893
f 16893 16897 16867
f 16872 16902 16897
f 16902 16870 16895
f 16902 16895 16897
f 16897 16895 16867
f 16870 16900 16895
f 16900 16869 16894
f 16900 16894 16895
f 16895 16894 16867
f 16869 16901 16894
f 16901 16871 16896
f 16901 16896 16894
f 16894 16896 16867
f 16871 16898 16896
f 16898 16868 16893
f 16898 16893 16896
f 16896 16893 16867
f 16863 16885 16884
f 16885 16872 16899
f 16885 16899 16884
f 16884 16899 16868
f 16865 16889 16890
f 16889 16870 16902
f 16889 16902 16890
f 16890 16902 16872
f 16862 16880 16881
f 16880 16869 16900
f 16880 16900 16881
f 16881 16900 16870
f 16866 16892 16891
f 16892 16871 16901
f 16892 16901 16891
f 16891 16901 16869
f 16864 16887 16888
f 16887 16868 16898
f 16887 16898 16888
f 16888 16898 16871
v -30.504 -30.104 27.398
v -30.504 -31.772 27.398
v -29.670 -29.588 26.049
v -31.338 -29.588 26.049
v -29.154 -30.938 26.883
v -31.854 -30.938 26.883
v -30.504 -31.772 24.699
v -30.504 -30.104 24.699
v -31.338 -32.288 26.049
v -29.670 -32.288 26.049
v -31.854 -30.938 25.214
v -29.154 -30.938 25.214
v -30.504 -30.938 27.635
v -30.014 -29.654 26.842
v -30.994 -29.654 26.842
v -29.711 -30.448 27.332
v -31.297 -30.448 27.332
v -29.711 -31.428 27.332
v -31.297 -31.428 27.332
v -30.994 -32.222 26.842
v -30.014 -32.222 26.842
v -30.504 -29.351 26.049
v -29.220 -30.145 26.539
v -30.014 -29.654 25.255
v -29.220 -30.145 25.558
v -31.788 -30.145 26.539
v -30.994 -29.654 25.255
v -31.788 -30.145 25.558
v -29.220 -31.732 26.539
v -28.917 -30.938 26.049
v -31.788 -31.732 26.539
v -32.091 -30.938 26.049
v -30.504 -30.938 24.462
v -30.994 -32.222 25.255
v -30.014 -32.222 25.255
v -31.297 -31.428 24.765
v -29.711 -31.428 24.765
v -31.297 -30.448 24.765
v -29.711 -30.448 24.765
v -30.504 -32.525 26.049
v -31.788 -31.732 25.558
v -29.220 -31.732 25.558
usemtl mtl-010
f 16903 16919 16915
f 16919 16908 16921
f 16919 16921 16915
f 16915 16921 16904
f 16903 16917 16919
f 16917 16906 16928
f 16917 16928 16919
f 16919 16928 16908
f 16903 16916 16917
f 16916 16905 16924
f 16916 16924 16917
f 16917 16924 16906
f 16903 16918 16916
f 16918 16907 16925
f 16918 16925 16916
f 16916 16925 16905
f 16903 16915 16918
f 16915 16904 16920
f 16915 16920 16918
f 16918 16920 16907
f 16904 16921 16922
f 16921 16908 16933
f 16921 16933 16922
f 16922 16933 16911
f 16908 16928 16934
f 16928 16906 16930
f 16928 16930 16934
f 16934 16930 16913
f 16906 16924 16929
f 16924 16905 16926
f 16924 16926 16929
f 16929 16926 16910
f 16905 16925 16927
f 16925 16907 16932
f 16925 16932 16927
f 16927 16932 16914
f 16907 16920 16931
f 16920 16904 16923
f 16920 16923 16931
f 16931 16923 16912
f 16910 16941 16935
f 16941 16914 16939
f 16941 16939 16935
f 16935 16939 16909
f 16914 16944 16939
f 16944 16912 16937
f 16944 16937 16939
f 16939 16937 16909
f 16912 16942 16937
f 16942 16911 16936
f 16942 16936 16937
f 16937 16936 16909
f 16911 16943 16936
f 16943 16913 16938
f 16943 16938 16936
f 16936 16938 16909
f 16913 16940 16938
f 16940 16910 16935
f 16940 16935 16938
f 16938 16935 16909
f 16905 16927 16926
f 16927 16914 16941
f 16927 16941 16926
f 16926 16941 16910
f 16907 16931 16932
f 16931 16912 16944
f 16931 16944 16932
f 16932 16944 16914
f 16904 16922 16923
f 16922 16911 16942
f 16922 16942 16923
f 16923 16942 16912
f 16908 16934 16933
f 16934 16913 16943
f 16934 16943 16933
f 16933 16943 16911
f 16906 16929 16930
f 16929 16910 16940
f 16929 16940 16930
f 16930 16940 16913
v -36.156 -2.578 48.316
v -36.156 -4.358 48.316
v -35.266 -2.028 46.876
v -37.046 -2.028 46.876
v -34.717 -3.468 47.766
v -37.596 -3.468 47.766
v -36.156 -4.358 45.436
v -36.156 -2.578 45.436
v -37.046 -4.908 46.876
v -35.266 -4.908 46.876
v -37.596 -3.468 45.986
v -34.717 -3.468 45.986
v -36.156 -3.468 48.568
v -35.633 -2.099 47.722
v -36.679 -2.099 47.722
v -35.310 -2.945 48.245
v -37.002 -2.945 48.245
v -35.310 -3.991 48.245
v -37.002 -3.991 48.245
v -36.679 -4.837 47.722
v -35.633 -4.837 47.722
v -36.156 -1.775 46.876
v -34.787 -2.622 47.399
v -35.633 -2.099 46.030
v -34.787 -2.622 46.353
v -37.525 -2.622 47.399
v -36.679 -2.099 46.030
v -37.525 -2.622 46.353
v -34.787 -4.314 47.399
v -34.464 -3.468 46.876
v -37.525 -4.314 47.399
v -37.849 -3.468 46.876
v -36.156 -3.468 45.184
v -36.679 -4.837 46.030
v -35.633 -4.837 46.030
v -37.002 -3.991 45.507
v -35.310 -3.991 45.507
v -37.002 -2.945 45.507
v -35.310 -2.945 45.507
v -36.156 -5.160 46.876
v -37.525 -4.314 46.353
v -34.787 -4.314 46.353
usemtl mtl-011
f 16945 16961 16957
f 16961 16950 16963
f 16961 16963 16957
f 16957 16963 16946
f 16945 16959 16961
f 16959 16948 16970
f 16959 16970 16961
f 16961 16970 16950
f 16945 16958 16959
f 16958 16947 16966
f 16958 16966 16959
f 16959 16966 16948
f 16945 16960 16958
f 16960 16949 16967
f 16960 16967 16958
f 16958 16967 16947
f 16945 16957 16960
f 16957 16946 16962
f 16957 16962 16960
f 16960 16962 16949
f 16946 16963 16964
f 16963 16950 16975
f 16963 16975 16964
f 16964 16975 16953
f 16950 16970 16976
f 16970 16948 16972
f 16970 16972 16976
f 16976 16972 16955
f 16948 16966 16971
f 16966 16947 16968
f 16966 16968 16971
f 16971 16968 16952
f 16947 16967 16969
f 16967 16949 16974
f 16967 16974 16969
f 16969 16974 16956
f 16949 16962 16973
f 16962 16946 16965
f 16962 16965 16973
f 16973 16965 16954
f 16952 16983 16977
f 16983 16956 16981
f 16983 16981 16977
f 16977 16981 16951
f 16956 16986 16981
f 16986 16954 16979
f 16986 16979 16981
f 16981 16979 16951
f 16954 16984 16979
f 16984 16953 16978
f 16984 16978 16979
f 16979 16978 16951
f 16953 16985 16978
f 16985 16955 16980
f 16985 16980 16978
f 16978 16980 16951
f 16955 16982 16980
f 16982 16952 16977
f 16982 16977 16980
f 16980 16977 16951
f 16947 16969 16968
f 16969 16956 16983
f 16969 16983 16968
f 16968 16983 16952
f 16949 16973 16974
f 16973 16954 16986
f 16973 16986 16974
f 16974 16986 16956
f 16946 16964 16965
f 16964 16953 16984
f 16964 16984 16965
f 16965 16984 16954
f 16950 16976 16975
f 16976 16955 16985
f 16976 16985 16975
f 16975 16985 16953
f 16948 16971 16972
f 16971 16952 16982
f 16971 16982 16972
f 16972 16982 16955
v 69.446 -16.690 -13.789
v 69.446 -18.455 -13.789
v 70.328 -16.144 -15.217
v 68.563 -16.144 -15.217
v 70.874 -17.572 -14.334
v 68.018 -17.572 -14.334
v 69.446 -18.455 -16.645
v 69.446 -16.690 -16.645
v 68.563 -19.000 -15.217
v 70.328 -19.000 -15.217
v 68.018 -17.572 -16.099
v 70.874 -17.572 -16.099
v 69.446 -17.572 -13.538
v 69.965 -16.214 -14.377
v 68.927 -16.214 -14.377
v 70.285 -17.054 -13.859
v 68.606 -17.054 -13.859
v 70.285 -18.091 -13.859
v 68.606 -18.091 -13.859
v 68.927 -18.930 -14.377
v 69.965 -18.930 -14.377
v 69.446 -15.894 -15.217
v 70.804 -16.733 -14.698
v 69.965 -16.214 -16.056
v 70.804 -16.733 -15.735
v 68.088 -16.733 -14.698
v 68.927 -16.214 -16.056
v 68.088 -16.733 -15.735
v 70.804 -18.412 -14.698
v 71.125 -17.572 -15.217
v 68.088 -18.412 -14.698
v 67.767 -17.572 -15.217
v 69.446 -17.572 -16.895
v 68.927 -18.930 -16.056
v 69.965 -18.930 -16.056
v 68.606 -18.091 -16.575
v 70.285 -18.091 -16.575
v 68.606 -17.054 -16.575
v 70.285 -17.054 -16.575
v 69.446 -19.251 -15.217
v 68.088 -18.412 -15.735
v 70.804 -18.412 -15.735
f 16987 17003 16999
f 17003 16992 17005
f 17003 17005 16999
f 16999 17005 16988
f 16987 17001 17003
f 17001 16990 17012
f 17001 17012 17003
f 17003 17012 16992
f 16987 17000 17001
f 17000 16989 17008
f 17000 17008 17001
f 17001 17008 16990
f 16987 17002 17000
f 17002 16991 17009
f 17002 17009 17000
f 17000 17009 16989
f 16987 16999 17002
f 16999 16988 17004
f 16999 17004 17002
f 17002 17004 16991
f 16988 17005 17006
f 17005 16992 17017
f 17005 17017 17006
f 17006 17017 16995
f 16992 17012 17018
f 17012 16990 17014
f 17012 17014 17018
f 17018 17014 16997
f 16990 17008 17013
f 17008 16989 17010
f 17008 17010 17013
f 17013 17010 16994
f 16989 17009 17011
f 17009 16991 17016
f 17009 17016 17011
f 17011 17016 16998
f 16991 17004 17015
f 17004 16988 17007
f 17004 17007 17015
f 17015 17007 16996
f 16994 17025 17019
f 17025 16998 17023
f 17025 17023 17019
f 17019 17023 16993
f 16998 17028 17023
f 17028 16996 17021
f 17028 17021 17023
f 17023 17021 16993
f 16996 17026 17021
f 17026 16995 17020
f 17026 17020 17021
f 17021 17020 16993
f 16995 17027 17020
f 17027 16997 17022
f 17027 17022 17020
f 17020 17022 16993
f 16997 17024 17022
f 17024 16994 17019
f 17024 17019 17022
f 17022 17019 16993
f 16989 17011 17010
f 17011 16998 17025
f 17011 17025 17010
f 17010 17025 16994
f 16991 17015 17016
f 17015 16996 17028
f 17015 17028 17016
f 17016 17028 16998
f 16988 17006 17007
f 17006 16995 17026
f 17006 17026 17007
f 17007 17026 16996
f 16992 17018 17017
f 17018 16997 17027
f 17018 17027 17017
f 17017 17027 16995
f 16990 17013 17014
f 17013 16994 17024
f 17013 17024 17014
f 17014 17024 16997
v -42.668 -8.649 20.359
v -42.668 -10.658 20.359
v -41.664 -8.028 18.734
v -43.673 -8.028 18.734
v -41.043 -9.653 19.738
v -44.294 -9.653 19.738
v -42.668 -10.658 17.108
v -42.668 -8.649 17.108
v -43.673 -11.278 18.734
v -41.664 -11.278 18.734
v -44.294 -9.653 17.729
v -41.043 -9.653 17.729
v -42.668 -9.653 20.644
v -42.078 -8.107 19.689
v -43.259 -8.107 19.689
v -41.713 -9.063 20.280
v -43.624 -9.063 20.280
v -41.713 -10.244 20.280
v -43.624 -10.244 20.280
v -43.259 -11.199 19.689
v -42.078 -11.199 19.689
v -42.668 -7.742 18.734
v -41.123 -8.698 19.324
v -42.078 -8.107 17.778
v -41.123 -8.698 18.143
v -44.214 -8.698 19.324
v -43.259 -8.107 17.778
v -44.214 -8.698 18.143
v -41.123 -10.608 19.324
v -40.758 -9.653 18.734
v -44.214 -10.608 19.324
v -44.579 -9.653 18.734
v -42.668 -9.653 16.823
v -43.259 -11.199 17.778
v -42.078 -11.199 17.778
v -43.624 -10.244 17.188
v -41.713 -10.244 17.188
v -43.624 -9.063 17.188
v -41.713 -9.063 17.188
v -42.668 -11.564 18.734
v -44.214 -10.608 18.143
v -41.123 -10.608 18.143
usemtl mtl-013
f 17029 17045 17041
f 17045 17034 17047
f 17045 17047 17041
f 17041 17047 17030
f 17029 17043 17045
f 17043 17032 17054
f 17043 17054 17045
f 17045 17054 17034
f 17029 17042 17043
f 17042 17031 17050
f 17042 17050 17043
f 17043 17050 17032
f 17029 17044 17042
f 17044 17033 17051
f 17044 17051 17042
f 17042 17051 17031
f 17029 17041 17044
f 17041 17030 17046
f 17041 17046 17044
f 17044 17046 17033
f 17030 17047 17048
f 17047 17034 17059
f 17047 17059 17048
f 17048 17059 17037
f 17034 17054 17060
f 17054 17032 17056
f 17054 17056 17060
f 17060 17056 17039
f 17032 17050 17055
f 17050 17031 17052
f 17050 17052 17055
f 17055 17052 17036
f 17031 17051 17053
f 17051 17033 17058
f 17051 17058 17053
f 17053 17058 17040
f 17033 17046 17057
f 17046 17030 17049
f 17046 17049 17057
f 17057 17049 17038
f 17036 17067 17061
f 17067 17040 17065
f 17067 17065 17061
f 17061 17065 17035
f 17040 17070 17065
f 17070 17038 17063
f 17070 17063 17065
f 17065 17063 17035
f 17038 17068 17063
f 17068 17037 17062
f 17068 17062 17063
f 17063 17062 17035
f 17037 17069 17062
f 17069 17039 17064
f 17069 17064 17062
f 17062 17064 17035
f 17039 17066 17064
f 17066 17036 17061
f 17066 17061 17064
f 17064 17061 17035
f 17031 17053 17052
f 17053 17040 17067
f 17053 17067 17052
f 17052 17067 17036
f 17033 17057 17058
f 17057 17038 17070
f 17057 17070 17058
f 17058 17070 17040
f 17030 17048 17049
f 17048 17037 17068
f 17048 17068 17049
f 17049 17068 17038
f 17034 17060 17059
f 17060 17039 17069
f 17060 17069 17059
f 17059 17069 17037
f 17032 17055 17056
f 17055 17036 17066
f 17055 17066 17056
f 17056 17066 17039
v 0.605 14.227 96.022
v 0.605 12.070 96.022
v 1.683 14.893 94.277
v -0.473 14.893 94.277
v 2.350 13.148 95.356
v -1.139 13.148 95.356
v 0.605 12.070 92.533
v 0.605 14.227 92.533
v -0.473 11.404 94.277
v 1.683 11.404 94.277
v -1.139 13.148 93.199
v 2.350 13.148 93.199
v 0.605 13.148 96.328
v 1.239 14.808 95.303
v -0.028 14.808 95.303
v 1.631 13.782 95.937
v -0.420 13.782 95.937
v 1.631 12.515 95.937
v -0.420 12.515 95.937
v -0.028 11.489 95.303
v 1.239 11.489 95.303
v 0.605 15.199 94.277
v 2.264 14.174 94.911
v 1.239 14.808 93.252
v 2.264 14.174 93.644
v -1.054 14.174 94.911
v -0.028 14.808 93.252
v -1.054 14.174 93.644
v 2.264 12.123 94.911
v 2.656 13.148 94.277
v -1.054 12.123 94.911
v -1.446 13.148 94.277
v 0.605 13.148 92.227
v -0.028 11.489 93.252
v 1.239 11.489 93.252
v -0.420 12.515 92.618
v 1.631 12.515 92.618
v -0.420 13.782 92.618
v 1.631 13.782 92.618
v 0.605 11.098 94.277
v -1.054 12.123 93.644
v 2.264 12.123 93.644
usemtl mtl-014
f 17071 17087 17083
f 17087 17076 17089
f 17087 17089 17083
f 17083 17089 17072
f 17071 17085 17087
f 17085 17074 17096
f 17085 17096 17087
f 17087 17096 17076
f 17071 17084 17085
f 17084 17073 17092
f 17084 17092 17085
f 17085 17092 17074
f 17071 17086 17084
f 17086 17075 17093
f 17086 17093 17084
f 17084 17093 17073
f 17071 17083 17086
f 17083 17072 17088
f 17083 17088 17086
f 17086 17088 17075
f 17072 17089 17090
f 17089 17076 17101
f 17089 17101 17090
f 17090 17101 17079
f 17076 17096 17102
f 17096 17074 17098
f 17096 17098 17102
f 17102 17098 17081
f 17074 17092 17097
f 17092 17073 17094
f 17092 17094 17097
f 17097 17094 17078
f 17073 17093 17095
f 17093 17075 17100
f 17093 17100 17095
f 17095 17100 17082
f 17075 17088 17099
f 17088 17072 17091
f 17088 17091 17099
f 17099 17091 17080
f 17078 17109 17103
f 17109 17082 17107
f 17109 17107 17103
f 17103 17107 17077
f 17082 17112 17107
f 17112 17080 17105
f 17112 17105 17107
f 17107 17105 17077
f 17080 17110 17105
f 17110 17079 17104
f 17110 17104 17105
f 17105 17104 17077
f 17079 17111 17104
f 17111 17081 17106
f 17111 17106 17104
f 17104 17106 17077
f 17081 17108 17106
f 17108 17078 17103
f 17108 17103 17106
f 17106 17103 17077
f 17073 17095 17094
f 17095 17082 17109
f 17095 17109 17094
f 17094 17109 17078
f 17075 17099 17100
f 17099 17080 17112
f 17099 17112 17100
f 17100 17112 17082
f 17072 17090 17091
f 17090 17079 17110
f 17090 17110 17091
f 17091 17110 17080
f 17076 17102 17101
f 17102 17081 17111
f 17102 17111 17101
f 17101 17111 17079
f 17074 17097 17098
f 17097 17078 17108
f 17097 17108 17098
f 17098 17108 17081
