# Map of 2Mpp groups
v 0.319 -0.029 -0.006
v -0.263 -0.029 -0.006
v 0.028 -0.029 -0.297
v 0.028 -0.029 0.285
v 0.028 0.218 -0.006
v 0.028 -0.276 -0.006
usemtl mtl-000
f 5 1 3
f 5 3 2
f 5 2 4
f 5 4 1
f 6 3 1
f 6 2 3
f 6 4 2
f 6 1 4
v 4.456 5.041 6.844
v 3.875 5.041 6.844
v 4.166 5.041 6.553
v 4.166 5.041 7.135
v 4.166 5.288 6.844
v 4.166 4.793 6.844
f 11 7 9
f 11 9 8
f 11 8 10
f 11 10 7
f 12 9 7
f 12 8 9
f 12 10 8
f 12 7 10
v 1.326 0.044 0.203
v 0.826 0.044 0.203
v 1.076 0.044 -0.047
v 1.076 0.044 0.453
v 1.076 0.257 0.203
v 1.076 -0.168 0.203
f 17 13 15
f 17 15 14
f 17 14 16
f 17 16 13
f 18 15 13
f 18 14 15
f 18 16 14
f 18 13 16
v 5.113 -2.836 4.093
v 4.531 -2.836 4.093
v 4.822 -2.836 3.802
v 4.822 -2.836 4.384
v 4.822 -2.589 4.093
v 4.822 -3.083 4.093
f 23 19 21
f 23 21 20
f 23 20 22
f 23 22 19
f 24 21 19
f 24 20 21
f 24 22 20
f 24 19 22
v 1.540 0.885 2.077
v 0.821 0.885 2.077
v 1.181 0.885 1.718
v 1.181 0.885 2.437
v 1.181 1.190 2.077
v 1.181 0.579 2.077
f 29 25 27
f 29 27 26
f 29 26 28
f 29 28 25
f 30 27 25
f 30 26 27
f 30 28 26
f 30 25 28
v 2.245 -0.011 0.427
v 1.663 -0.011 0.427
v 1.954 -0.011 0.136
v 1.954 -0.011 0.718
v 1.954 0.236 0.427
v 1.954 -0.258 0.427
f 35 31 33
f 35 33 32
f 35 32 34
f 35 34 31
f 36 33 31
f 36 32 33
f 36 34 32
f 36 31 34
v 1.336 -0.047 0.754
v 0.682 -0.047 0.754
v 1.009 -0.047 0.427
v 1.009 -0.047 1.081
v 1.009 0.231 0.754
v 1.009 -0.325 0.754
f 41 37 39
f 41 39 38
f 41 38 40
f 41 40 37
f 42 39 37
f 42 38 39
f 42 40 38
f 42 37 40
v -5.618 24.608 3.497
v -6.199 24.608 3.497
v -5.909 24.608 3.206
v -5.909 24.608 3.788
v -5.909 24.855 3.497
v -5.909 24.361 3.497
f 47 43 45
f 47 45 44
f 47 44 46
f 47 46 43
f 48 45 43
f 48 44 45
f 48 46 44
f 48 43 46
v -2.914 30.865 4.722
v -3.414 30.865 4.722
v -3.164 30.865 4.472
v -3.164 30.865 4.972
v -3.164 31.077 4.722
v -3.164 30.652 4.722
f 53 49 51
f 53 51 50
f 53 50 52
f 53 52 49
f 54 51 49
f 54 50 51
f 54 52 50
f 54 49 52
v 15.608 1.740 9.710
v 15.026 1.740 9.710
v 15.317 1.740 9.419
v 15.317 1.740 10.001
v 15.317 1.987 9.710
v 15.317 1.493 9.710
f 59 55 57
f 59 57 56
f 59 56 58
f 59 58 55
f 60 57 55
f 60 56 57
f 60 58 56
f 60 55 58
v 11.508 8.401 7.889
v 10.926 8.401 7.889
v 11.217 8.401 7.598
v 11.217 8.401 8.180
v 11.217 8.648 7.889
v 11.217 8.153 7.889
f 65 61 63
f 65 63 62
f 65 62 64
f 65 64 61
f 66 63 61
f 66 62 63
f 66 64 62
f 66 61 64
v -3.776 37.096 4.184
v -4.276 37.096 4.184
v -4.026 37.096 3.934
v -4.026 37.096 4.434
v -4.026 37.309 4.184
v -4.026 36.884 4.184
f 71 67 69
f 71 69 68
f 71 68 70
f 71 70 67
f 72 69 67
f 72 68 69
f 72 70 68
f 72 67 70
v -0.950 30.338 6.119
v -1.450 30.338 6.119
v -1.200 30.338 5.869
v -1.200 30.338 6.369
v -1.200 30.551 6.119
v -1.200 30.126 6.119
f 77 73 75
f 77 75 74
f 77 74 76
f 77 76 73
f 78 75 73
f 78 74 75
f 78 76 74
f 78 73 76
v 67.776 -15.446 8.967
v 67.194 -15.446 8.967
v 67.485 -15.446 8.676
v 67.485 -15.446 9.258
v 67.485 -15.198 8.967
v 67.485 -15.693 8.967
f 83 79 81
f 83 81 80
f 83 80 82
f 83 82 79
f 84 81 79
f 84 80 81
f 84 82 80
f 84 79 82
v 64.498 -10.784 10.300
v 63.779 -10.784 10.300
v 64.138 -10.784 9.941
v 64.138 -10.784 10.660
v 64.138 -10.479 10.300
v 64.138 -11.090 10.300
f 89 85 87
f 89 87 86
f 89 86 88
f 89 88 85
f 90 87 85
f 90 86 87
f 90 88 86
f 90 85 88
v 44.224 6.937 6.233
v 43.570 6.937 6.233
v 43.897 6.937 5.906
v 43.897 6.937 6.560
v 43.897 7.215 6.233
v 43.897 6.659 6.233
f 95 91 93
f 95 93 92
f 95 92 94
f 95 94 91
f 96 93 91
f 96 92 93
f 96 94 92
f 96 91 94
v 30.131 20.972 5.638
v 29.477 20.972 5.638
v 29.804 20.972 5.311
v 29.804 20.972 5.965
v 29.804 21.250 5.638
v 29.804 20.694 5.638
f 101 97 99
f 101 99 98
f 101 98 100
f 101 100 97
f 102 99 97
f 102 98 99
f 102 100 98
f 102 97 100
v 4.348 66.050 0.672
v 3.766 66.050 0.672
v 4.057 66.050 0.381
v 4.057 66.050 0.963
v 4.057 66.297 0.672
v 4.057 65.803 0.672
f 107 103 105
f 107 105 104
f 107 104 106
f 107 106 103
f 108 105 103
f 108 104 105
f 108 106 104
f 108 103 106
v 23.195 58.004 2.456
v 22.614 58.004 2.456
v 22.904 58.004 2.165
v 22.904 58.004 2.747
v 22.904 58.251 2.456
v 22.904 57.757 2.456
f 113 109 111
f 113 111 110
f 113 110 112
f 113 112 109
f 114 111 109
f 114 110 111
f 114 112 110
f 114 109 112
v 30.667 56.936 0.515
v 30.085 56.936 0.515
v 30.376 56.936 0.224
v 30.376 56.936 0.806
v 30.376 57.183 0.515
v 30.376 56.689 0.515
f 119 115 117
f 119 117 116
f 119 116 118
f 119 118 115
f 120 117 115
f 120 116 117
f 120 118 116
f 120 115 118
v -45.615 -50.336 12.333
v -46.115 -50.336 12.333
v -45.865 -50.336 12.083
v -45.865 -50.336 12.583
v -45.865 -50.123 12.333
v -45.865 -50.548 12.333
f 125 121 123
f 125 123 122
f 125 122 124
f 125 124 121
f 126 123 121
f 126 122 123
f 126 124 122
f 126 121 124
v -37.822 -49.804 13.631
v -38.404 -49.804 13.631
v -38.113 -49.804 13.340
v -38.113 -49.804 13.922
v -38.113 -49.557 13.631
v -38.113 -50.051 13.631
f 131 127 129
f 131 129 128
f 131 128 130
f 131 130 127
f 132 129 127
f 132 128 129
f 132 130 128
f 132 127 130
v -40.094 -35.090 12.471
v -40.594 -35.090 12.471
v -40.344 -35.090 12.221
v -40.344 -35.090 12.721
v -40.344 -34.877 12.471
v -40.344 -35.302 12.471
f 137 133 135
f 137 135 134
f 137 134 136
f 137 136 133
f 138 135 133
f 138 134 135
f 138 136 134
f 138 133 136
v -55.585 -21.309 11.751
v -56.167 -21.309 11.751
v -55.876 -21.309 11.461
v -55.876 -21.309 12.042
v -55.876 -21.062 11.751
v -55.876 -21.557 11.751
f 143 139 141
f 143 141 140
f 143 140 142
f 143 142 139
f 144 141 139
f 144 140 141
f 144 142 140
f 144 139 142
v -31.575 -19.455 7.901
v -32.228 -19.455 7.901
v -31.901 -19.455 7.574
v -31.901 -19.455 8.228
v -31.901 -19.177 7.901
v -31.901 -19.733 7.901
f 149 145 147
f 149 147 146
f 149 146 148
f 149 148 145
f 150 147 145
f 150 146 147
f 150 148 146
f 150 145 148
v -48.320 -8.449 7.007
v -48.820 -8.449 7.007
v -48.570 -8.449 6.757
v -48.570 -8.449 7.257
v -48.570 -8.236 7.007
v -48.570 -8.661 7.007
f 155 151 153
f 155 153 152
f 155 152 154
f 155 154 151
f 156 153 151
f 156 152 153
f 156 154 152
f 156 151 154
v -55.141 -2.953 6.138
v -55.641 -2.953 6.138
v -55.391 -2.953 5.888
v -55.391 -2.953 6.388
v -55.391 -2.741 6.138
v -55.391 -3.166 6.138
f 161 157 159
f 161 159 158
f 161 158 160
f 161 160 157
f 162 159 157
f 162 158 159
f 162 160 158
f 162 157 160
v -55.833 -6.960 8.038
v -56.333 -6.960 8.038
v -56.083 -6.960 7.788
v -56.083 -6.960 8.288
v -56.083 -6.747 8.038
v -56.083 -7.172 8.038
f 167 163 165
f 167 165 164
f 167 164 166
f 167 166 163
f 168 165 163
f 168 164 165
f 168 166 164
f 168 163 166
v -52.240 -2.349 7.451
v -52.740 -2.349 7.451
v -52.490 -2.349 7.201
v -52.490 -2.349 7.701
v -52.490 -2.137 7.451
v -52.490 -2.562 7.451
f 173 169 171
f 173 171 170
f 173 170 172
f 173 172 169
f 174 171 169
f 174 170 171
f 174 172 170
f 174 169 172
v -51.687 -3.748 8.577
v -52.341 -3.748 8.577
v -52.014 -3.748 8.250
v -52.014 -3.748 8.904
v -52.014 -3.470 8.577
v -52.014 -4.026 8.577
f 179 175 177
f 179 177 176
f 179 176 178
f 179 178 175
f 180 177 175
f 180 176 177
f 180 178 176
f 180 175 178
v -42.164 -0.837 6.505
v -42.664 -0.837 6.505
v -42.414 -0.837 6.255
v -42.414 -0.837 6.755
v -42.414 -0.624 6.505
v -42.414 -1.049 6.505
f 185 181 183
f 185 183 182
f 185 182 184
f 185 184 181
f 186 183 181
f 186 182 183
f 186 184 182
f 186 181 184
v -12.580 -30.558 11.424
v -13.300 -30.558 11.424
v -12.940 -30.558 11.064
v -12.940 -30.558 11.783
v -12.940 -30.252 11.424
v -12.940 -30.863 11.424
f 191 187 189
f 191 189 188
f 191 188 190
f 191 190 187
f 192 189 187
f 192 188 189
f 192 190 188
f 192 187 190
v -15.653 -26.929 9.823
v -16.153 -26.929 9.823
v -15.903 -26.929 9.573
v -15.903 -26.929 10.073
v -15.903 -26.717 9.823
v -15.903 -27.142 9.823
f 197 193 195
f 197 195 194
f 197 194 196
f 197 196 193
f 198 195 193
f 198 194 195
f 198 196 194
f 198 193 196
v -16.406 -25.553 11.453
v -16.988 -25.553 11.453
v -16.697 -25.553 11.162
v -16.697 -25.553 11.744
v -16.697 -25.306 11.453
v -16.697 -25.801 11.453
f 203 199 201
f 203 201 200
f 203 200 202
f 203 202 199
f 204 201 199
f 204 200 201
f 204 202 200
f 204 199 202
v -17.215 0.338 3.800
v -17.715 0.338 3.800
v -17.465 0.338 3.550
v -17.465 0.338 4.050
v -17.465 0.551 3.800
v -17.465 0.126 3.800
f 209 205 207
f 209 207 206
f 209 206 208
f 209 208 205
f 210 207 205
f 210 206 207
f 210 208 206
f 210 205 208
v -5.596 0.150 3.552
v -6.177 0.150 3.552
v -5.886 0.150 3.261
v -5.886 0.150 3.843
v -5.886 0.398 3.552
v -5.886 -0.097 3.552
f 215 211 213
f 215 213 212
f 215 212 214
f 215 214 211
f 216 213 211
f 216 212 213
f 216 214 212
f 216 211 214
v 10.024 2.495 -3.768
v 9.370 2.495 -3.768
v 9.697 2.495 -4.095
v 9.697 2.495 -3.441
v 9.697 2.773 -3.768
v 9.697 2.217 -3.768
f 221 217 219
f 221 219 218
f 221 218 220
f 221 220 217
f 222 219 217
f 222 218 219
f 222 220 218
f 222 217 220
v 14.425 -0.785 20.211
v 13.925 -0.785 20.211
v 14.175 -0.785 19.961
v 14.175 -0.785 20.461
v 14.175 -0.573 20.211
v 14.175 -0.998 20.211
f 227 223 225
f 227 225 224
f 227 224 226
f 227 226 223
f 228 225 223
f 228 224 225
f 228 226 224
f 228 223 226
v 13.496 -2.992 12.150
v 12.914 -2.992 12.150
v 13.205 -2.992 11.859
v 13.205 -2.992 12.441
v 13.205 -2.744 12.150
v 13.205 -3.239 12.150
f 233 229 231
f 233 231 230
f 233 230 232
f 233 232 229
f 234 231 229
f 234 230 231
f 234 232 230
f 234 229 232
v 16.894 -2.074 14.739
v 16.394 -2.074 14.739
v 16.644 -2.074 14.489
v 16.644 -2.074 14.989
v 16.644 -1.861 14.739
v 16.644 -2.286 14.739
f 239 235 237
f 239 237 236
f 239 236 238
f 239 238 235
f 240 237 235
f 240 236 237
f 240 238 236
f 240 235 238
v 2.092 2.811 12.451
v 1.511 2.811 12.451
v 1.802 2.811 12.160
v 1.802 2.811 12.741
v 1.802 3.058 12.451
v 1.802 2.564 12.451
f 245 241 243
f 245 243 242
f 245 242 244
f 245 244 241
f 246 243 241
f 246 242 243
f 246 244 242
f 246 241 244
v 12.834 1.855 10.882
v 12.334 1.855 10.882
v 12.584 1.855 10.632
v 12.584 1.855 11.132
v 12.584 2.068 10.882
v 12.584 1.643 10.882
f 251 247 249
f 251 249 248
f 251 248 250
f 251 250 247
f 252 249 247
f 252 248 249
f 252 250 248
f 252 247 250
v 24.805 0.752 16.565
v 24.305 0.752 16.565
v 24.555 0.752 16.315
v 24.555 0.752 16.815
v 24.555 0.964 16.565
v 24.555 0.539 16.565
f 257 253 255
f 257 255 254
f 257 254 256
f 257 256 253
f 258 255 253
f 258 254 255
f 258 256 254
f 258 253 256
v 16.228 0.189 17.091
v 15.728 0.189 17.091
v 15.978 0.189 16.841
v 15.978 0.189 17.341
v 15.978 0.402 17.091
v 15.978 -0.023 17.091
f 263 259 261
f 263 261 260
f 263 260 262
f 263 262 259
f 264 261 259
f 264 260 261
f 264 262 260
f 264 259 262
v 20.673 1.501 16.787
v 20.173 1.501 16.787
v 20.423 1.501 16.537
v 20.423 1.501 17.037
v 20.423 1.713 16.787
v 20.423 1.288 16.787
f 269 265 267
f 269 267 266
f 269 266 268
f 269 268 265
f 270 267 265
f 270 266 267
f 270 268 266
f 270 265 268
v -2.258 41.245 10.359
v -2.840 41.245 10.359
v -2.549 41.245 10.068
v -2.549 41.245 10.650
v -2.549 41.493 10.359
v -2.549 40.998 10.359
f 275 271 273
f 275 273 272
f 275 272 274
f 275 274 271
f 276 273 271
f 276 272 273
f 276 274 272
f 276 271 274
v 53.289 -9.391 21.257
v 52.635 -9.391 21.257
v 52.962 -9.391 20.930
v 52.962 -9.391 21.583
v 52.962 -9.113 21.257
v 52.962 -9.668 21.257
f 281 277 279
f 281 279 278
f 281 278 280
f 281 280 277
f 282 279 277
f 282 278 279
f 282 280 278
f 282 277 280
v 41.270 -0.207 10.880
v 40.770 -0.207 10.880
v 41.020 -0.207 10.630
v 41.020 -0.207 11.130
v 41.020 0.005 10.880
v 41.020 -0.420 10.880
f 287 283 285
f 287 285 284
f 287 284 286
f 287 286 283
f 288 285 283
f 288 284 285
f 288 286 284
f 288 283 286
v 36.837 -1.801 19.489
v 36.337 -1.801 19.489
v 36.587 -1.801 19.239
v 36.587 -1.801 19.739
v 36.587 -1.589 19.489
v 36.587 -2.014 19.489
f 293 289 291
f 293 291 290
f 293 290 292
f 293 292 289
f 294 291 289
f 294 290 291
f 294 292 290
f 294 289 292
v -7.154 55.039 13.495
v -7.654 55.039 13.495
v -7.404 55.039 13.245
v -7.404 55.039 13.745
v -7.404 55.251 13.495
v -7.404 54.826 13.495
f 299 295 297
f 299 297 296
f 299 296 298
f 299 298 295
f 300 297 295
f 300 296 297
f 300 298 296
f 300 295 298
v 61.388 -7.734 14.257
v 60.734 -7.734 14.257
v 61.061 -7.734 13.930
v 61.061 -7.734 14.584
v 61.061 -7.456 14.257
v 61.061 -8.012 14.257
f 305 301 303
f 305 303 302
f 305 302 304
f 305 304 301
f 306 303 301
f 306 302 303
f 306 304 302
f 306 301 304
v 50.692 -3.500 11.960
v 50.192 -3.500 11.960
v 50.442 -3.500 11.710
v 50.442 -3.500 12.210
v 50.442 -3.287 11.960
v 50.442 -3.712 11.960
f 311 307 309
f 311 309 308
f 311 308 310
f 311 310 307
f 312 309 307
f 312 308 309
f 312 310 308
f 312 307 310
v 52.454 -3.963 19.228
v 51.735 -3.963 19.228
v 52.095 -3.963 18.869
v 52.095 -3.963 19.588
v 52.095 -3.657 19.228
v 52.095 -4.268 19.228
f 317 313 315
f 317 315 314
f 317 314 316
f 317 316 313
f 318 315 313
f 318 314 315
f 318 316 314
f 318 313 316
v 61.278 -1.913 17.215
v 60.778 -1.913 17.215
v 61.028 -1.913 16.965
v 61.028 -1.913 17.465
v 61.028 -1.701 17.215
v 61.028 -2.126 17.215
f 323 319 321
f 323 321 320
f 323 320 322
f 323 322 319
f 324 321 319
f 324 320 321
f 324 322 320
f 324 319 322
v 57.475 0.759 13.474
v 56.975 0.759 13.474
v 57.225 0.759 13.224
v 57.225 0.759 13.724
v 57.225 0.971 13.474
v 57.225 0.546 13.474
f 329 325 327
f 329 327 326
f 329 326 328
f 329 328 325
f 330 327 325
f 330 326 327
f 330 328 326
f 330 325 328
v 4.584 57.601 7.397
v 4.002 57.601 7.397
v 4.293 57.601 7.106
v 4.293 57.601 7.688
v 4.293 57.849 7.397
v 4.293 57.354 7.397
f 335 331 333
f 335 333 332
f 335 332 334
f 335 334 331
f 336 333 331
f 336 332 333
f 336 334 332
f 336 331 334
v 4.254 56.918 8.787
v 3.600 56.918 8.787
v 3.927 56.918 8.460
v 3.927 56.918 9.114
v 3.927 57.196 8.787
v 3.927 56.640 8.787
f 341 337 339
f 341 339 338
f 341 338 340
f 341 340 337
f 342 339 337
f 342 338 339
f 342 340 338
f 342 337 340
v 2.518 68.411 3.136
v 2.018 68.411 3.136
v 2.268 68.411 2.886
v 2.268 68.411 3.386
v 2.268 68.624 3.136
v 2.268 68.199 3.136
f 347 343 345
f 347 345 344
f 347 344 346
f 347 346 343
f 348 345 343
f 348 344 345
f 348 346 344
f 348 343 346
v 2.368 64.305 6.300
v 1.649 64.305 6.300
v 2.009 64.305 5.941
v 2.009 64.305 6.660
v 2.009 64.610 6.300
v 2.009 63.999 6.300
f 353 349 351
f 353 351 350
f 353 350 352
f 353 352 349
f 354 351 349
f 354 350 351
f 354 352 350
f 354 349 352
v 63.395 -1.071 16.282
v 62.895 -1.071 16.282
v 63.145 -1.071 16.032
v 63.145 -1.071 16.532
v 63.145 -0.858 16.282
v 63.145 -1.283 16.282
f 359 355 357
f 359 357 356
f 359 356 358
f 359 358 355
f 360 357 355
f 360 356 357
f 360 358 356
f 360 355 358
v 57.691 7.824 13.726
v 57.109 7.824 13.726
v 57.400 7.824 13.435
v 57.400 7.824 14.016
v 57.400 8.072 13.726
v 57.400 7.577 13.726
f 365 361 363
f 365 363 362
f 365 362 364
f 365 364 361
f 366 363 361
f 366 362 363
f 366 364 362
f 366 361 364
v 52.693 18.762 13.693
v 52.193 18.762 13.693
v 52.443 18.762 13.443
v 52.443 18.762 13.943
v 52.443 18.975 13.693
v 52.443 18.550 13.693
f 371 367 369
f 371 369 368
f 371 368 370
f 371 370 367
f 372 369 367
f 372 368 369
f 372 370 368
f 372 367 370
v -58.194 -48.009 23.827
v -58.775 -48.009 23.827
v -58.485 -48.009 23.537
v -58.485 -48.009 24.118
v -58.485 -47.762 23.827
v -58.485 -48.256 23.827
f 377 373 375
f 377 375 374
f 377 374 376
f 377 376 373
f 378 375 373
f 378 374 375
f 378 376 374
f 378 373 376
v -63.441 -40.303 19.208
v -63.941 -40.303 19.208
v -63.691 -40.303 18.958
v -63.691 -40.303 19.458
v -63.691 -40.090 19.208
v -63.691 -40.515 19.208
f 383 379 381
f 383 381 380
f 383 380 382
f 383 382 379
f 384 381 379
f 384 380 381
f 384 382 380
f 384 379 382
v -63.258 -42.028 21.296
v -63.977 -42.028 21.296
v -63.617 -42.028 20.937
v -63.617 -42.028 21.656
v -63.617 -41.722 21.296
v -63.617 -42.333 21.296
f 389 385 387
f 389 387 386
f 389 386 388
f 389 388 385
f 390 387 385
f 390 386 387
f 390 388 386
f 390 385 388
v -60.278 -42.169 20.795
v -60.778 -42.169 20.795
v -60.528 -42.169 20.545
v -60.528 -42.169 21.045
v -60.528 -41.957 20.795
v -60.528 -42.382 20.795
f 395 391 393
f 395 393 392
f 395 392 394
f 395 394 391
f 396 393 391
f 396 392 393
f 396 394 392
f 396 391 394
v -44.370 -39.165 15.592
v -44.870 -39.165 15.592
v -44.620 -39.165 15.342
v -44.620 -39.165 15.842
v -44.620 -38.953 15.592
v -44.620 -39.378 15.592
f 401 397 399
f 401 399 398
f 401 398 400
f 401 400 397
f 402 399 397
f 402 398 399
f 402 400 398
f 402 397 400
v -46.655 -39.911 21.912
v -47.309 -39.911 21.912
v -46.982 -39.911 21.585
v -46.982 -39.911 22.239
v -46.982 -39.634 21.912
v -46.982 -40.189 21.912
f 407 403 405
f 407 405 404
f 407 404 406
f 407 406 403
f 408 405 403
f 408 404 405
f 408 406 404
f 408 403 406
v -61.073 -29.096 17.830
v -61.573 -29.096 17.830
v -61.323 -29.096 17.580
v -61.323 -29.096 18.080
v -61.323 -28.884 17.830
v -61.323 -29.309 17.830
f 413 409 411
f 413 411 410
f 413 410 412
f 413 412 409
f 414 411 409
f 414 410 411
f 414 412 410
f 414 409 412
v -61.338 -36.288 20.135
v -62.057 -36.288 20.135
v -61.698 -36.288 19.775
v -61.698 -36.288 20.494
v -61.698 -35.983 20.135
v -61.698 -36.594 20.135
f 419 415 417
f 419 417 416
f 419 416 418
f 419 418 415
f 420 417 415
f 420 416 417
f 420 418 416
f 420 415 418
v -21.363 -70.875 24.582
v -21.863 -70.875 24.582
v -21.613 -70.875 24.332
v -21.613 -70.875 24.832
v -21.613 -70.663 24.582
v -21.613 -71.088 24.582
f 425 421 423
f 425 423 422
f 425 422 424
f 425 424 421
f 426 423 421
f 426 422 423
f 426 424 422
f 426 421 424
v -37.414 -50.192 17.733
v -37.996 -50.192 17.733
v -37.705 -50.192 17.442
v -37.705 -50.192 18.024
v -37.705 -49.945 17.733
v -37.705 -50.439 17.733
f 431 427 429
f 431 429 428
f 431 428 430
f 431 430 427
f 432 429 427
f 432 428 429
f 432 430 428
f 432 427 430
v -49.844 -27.367 14.770
v -50.498 -27.367 14.770
v -50.171 -27.367 14.443
v -50.171 -27.367 15.096
v -50.171 -27.089 14.770
v -50.171 -27.645 14.770
f 437 433 435
f 437 435 434
f 437 434 436
f 437 436 433
f 438 435 433
f 438 434 435
f 438 436 434
f 438 433 436
v -52.577 -33.382 15.386
v -53.077 -33.382 15.386
v -52.827 -33.382 15.136
v -52.827 -33.382 15.636
v -52.827 -33.169 15.386
v -52.827 -33.594 15.386
f 443 439 441
f 443 441 440
f 443 440 442
f 443 442 439
f 444 441 439
f 444 440 441
f 444 442 440
f 444 439 442
v -54.521 -23.438 12.674
v -55.103 -23.438 12.674
v -54.812 -23.438 12.383
v -54.812 -23.438 12.965
v -54.812 -23.191 12.674
v -54.812 -23.685 12.674
f 449 445 447
f 449 447 446
f 449 446 448
f 449 448 445
f 450 447 445
f 450 446 447
f 450 448 446
f 450 445 448
v -67.413 -12.404 18.545
v -67.913 -12.404 18.545
v -67.663 -12.404 18.295
v -67.663 -12.404 18.795
v -67.663 -12.191 18.545
v -67.663 -12.616 18.545
f 455 451 453
f 455 453 452
f 455 452 454
f 455 454 451
f 456 453 451
f 456 452 453
f 456 454 452
f 456 451 454
v -18.285 -56.515 22.458
v -18.785 -56.515 22.458
v -18.535 -56.515 22.208
v -18.535 -56.515 22.708
v -18.535 -56.302 22.458
v -18.535 -56.727 22.458
f 461 457 459
f 461 459 458
f 461 458 460
f 461 460 457
f 462 459 457
f 462 458 459
f 462 460 458
f 462 457 460
v -51.470 -19.999 13.661
v -51.970 -19.999 13.661
v -51.720 -19.999 13.411
v -51.720 -19.999 13.911
v -51.720 -19.786 13.661
v -51.720 -20.211 13.661
f 467 463 465
f 467 465 464
f 467 464 466
f 467 466 463
f 468 465 463
f 468 464 465
f 468 466 464
f 468 463 466
v -10.151 -58.179 20.083
v -10.870 -58.179 20.083
v -10.510 -58.179 19.724
v -10.510 -58.179 20.443
v -10.510 -57.873 20.083
v -10.510 -58.484 20.083
f 473 469 471
f 473 471 470
f 473 470 472
f 473 472 469
f 474 471 469
f 474 470 471
f 474 472 470
f 474 469 472
v -18.029 -53.216 23.913
v -18.611 -53.216 23.913
v -18.320 -53.216 23.622
v -18.320 -53.216 24.204
v -18.320 -52.969 23.913
v -18.320 -53.463 23.913
f 479 475 477
f 479 477 476
f 479 476 478
f 479 478 475
f 480 477 475
f 480 476 477
f 480 478 476
f 480 475 478
v -28.452 -23.800 16.275
v -29.034 -23.800 16.275
v -28.743 -23.800 15.985
v -28.743 -23.800 16.566
v -28.743 -23.553 16.275
v -28.743 -24.048 16.275
f 485 481 483
f 485 483 482
f 485 482 484
f 485 484 481
f 486 483 481
f 486 482 483
f 486 484 482
f 486 481 484
v -29.445 -19.929 19.509
v -30.027 -19.929 19.509
v -29.736 -19.929 19.218
v -29.736 -19.929 19.800
v -29.736 -19.681 19.509
v -29.736 -20.176 19.509
f 491 487 489
f 491 489 488
f 491 488 490
f 491 490 487
f 492 489 487
f 492 488 489
f 492 490 488
f 492 487 490
v -24.743 -22.332 17.615
v -25.243 -22.332 17.615
v -24.993 -22.332 17.365
v -24.993 -22.332 17.865
v -24.993 -22.119 17.615
v -24.993 -22.544 17.615
f 497 493 495
f 497 495 494
f 497 494 496
f 497 496 493
f 498 495 493
f 498 494 495
f 498 496 494
f 498 493 496
v -33.172 -15.190 17.136
v -33.754 -15.190 17.136
v -33.463 -15.190 16.845
v -33.463 -15.190 17.427
v -33.463 -14.943 17.136
v -33.463 -15.437 17.136
f 503 499 501
f 503 501 500
f 503 500 502
f 503 502 499
f 504 501 499
f 504 500 501
f 504 502 500
f 504 499 502
v -35.881 -13.095 18.859
v -36.381 -13.095 18.859
v -36.131 -13.095 18.609
v -36.131 -13.095 19.109
v -36.131 -12.883 18.859
v -36.131 -13.308 18.859
f 509 505 507
f 509 507 506
f 509 506 508
f 509 508 505
f 510 507 505
f 510 506 507
f 510 508 506
f 510 505 508
v -46.617 -14.114 12.447
v -47.271 -14.114 12.447
v -46.944 -14.114 12.120
v -46.944 -14.114 12.773
v -46.944 -13.836 12.447
v -46.944 -14.392 12.447
f 515 511 513
f 515 513 512
f 515 512 514
f 515 514 511
f 516 513 511
f 516 512 513
f 516 514 512
f 516 511 514
v -42.869 -9.986 15.328
v -43.451 -9.986 15.328
v -43.160 -9.986 15.037
v -43.160 -9.986 15.618
v -43.160 -9.739 15.328
v -43.160 -10.234 15.328
f 521 517 519
f 521 519 518
f 521 518 520
f 521 520 517
f 522 519 517
f 522 518 519
f 522 520 518
f 522 517 520
v -44.416 -7.527 18.663
v -44.998 -7.527 18.663
v -44.707 -7.527 18.373
v -44.707 -7.527 18.954
v -44.707 -7.279 18.663
v -44.707 -7.774 18.663
f 527 523 525
f 527 525 524
f 527 524 526
f 527 526 523
f 528 525 523
f 528 524 525
f 528 526 524
f 528 523 526
v -49.956 -9.079 10.809
v -50.537 -9.079 10.809
v -50.247 -9.079 10.518
v -50.247 -9.079 11.100
v -50.247 -8.832 10.809
v -50.247 -9.326 10.809
f 533 529 531
f 533 531 530
f 533 530 532
f 533 532 529
f 534 531 529
f 534 530 531
f 534 532 530
f 534 529 532
v -50.068 -4.751 10.480
v -50.568 -4.751 10.480
v -50.318 -4.751 10.230
v -50.318 -4.751 10.730
v -50.318 -4.538 10.480
v -50.318 -4.963 10.480
f 539 535 537
f 539 537 536
f 539 536 538
f 539 538 535
f 540 537 535
f 540 536 537
f 540 538 536
f 540 535 538
v -48.396 -4.712 11.245
v -48.896 -4.712 11.245
v -48.646 -4.712 10.995
v -48.646 -4.712 11.495
v -48.646 -4.500 11.245
v -48.646 -4.925 11.245
f 545 541 543
f 545 543 542
f 545 542 544
f 545 544 541
f 546 543 541
f 546 542 543
f 546 544 542
f 546 541 544
v -52.345 -2.685 12.850
v -53.064 -2.685 12.850
v -52.705 -2.685 12.491
v -52.705 -2.685 13.210
v -52.705 -2.379 12.850
v -52.705 -2.990 12.850
f 551 547 549
f 551 549 548
f 551 548 550
f 551 550 547
f 552 549 547
f 552 548 549
f 552 550 548
f 552 547 550
v -14.932 -27.870 13.675
v -15.514 -27.870 13.675
v -15.223 -27.870 13.384
v -15.223 -27.870 13.965
v -15.223 -27.622 13.675
v -15.223 -28.117 13.675
f 557 553 555
f 557 555 554
f 557 554 556
f 557 556 553
f 558 555 553
f 558 554 555
f 558 556 554
f 558 553 556
v -25.014 -26.421 15.763
v -25.596 -26.421 15.763
v -25.305 -26.421 15.472
v -25.305 -26.421 16.054
v -25.305 -26.174 15.763
v -25.305 -26.668 15.763
f 563 559 561
f 563 561 560
f 563 560 562
f 563 562 559
f 564 561 559
f 564 560 561
f 564 562 560
f 564 559 562
v -29.895 -15.995 16.391
v -30.476 -15.995 16.391
v -30.185 -15.995 16.100
v -30.185 -15.995 16.682
v -30.185 -15.748 16.391
v -30.185 -16.243 16.391
f 569 565 567
f 569 567 566
f 569 566 568
f 569 568 565
f 570 567 565
f 570 566 567
f 570 568 566
f 570 565 568
v -39.507 -6.119 12.739
v -40.089 -6.119 12.739
v -39.798 -6.119 12.448
v -39.798 -6.119 13.030
v -39.798 -5.872 12.739
v -39.798 -6.366 12.739
f 575 571 573
f 575 573 572
f 575 572 574
f 575 574 571
f 576 573 571
f 576 572 573
f 576 574 572
f 576 571 574
v -36.479 -7.259 17.336
v -37.199 -7.259 17.336
v -36.839 -7.259 16.976
v -36.839 -7.259 17.695
v -36.839 -6.954 17.336
v -36.839 -7.565 17.336
f 581 577 579
f 581 579 578
f 581 578 580
f 581 580 577
f 582 579 577
f 582 578 579
f 582 580 578
f 582 577 580
v -61.642 10.920 14.164
v -62.142 10.920 14.164
v -61.892 10.920 13.914
v -61.892 10.920 14.414
v -61.892 11.132 14.164
v -61.892 10.707 14.164
f 587 583 585
f 587 585 584
f 587 584 586
f 587 586 583
f 588 585 583
f 588 584 585
f 588 586 584
f 588 583 586
v -60.332 13.616 14.869
v -60.832 13.616 14.869
v -60.582 13.616 14.619
v -60.582 13.616 15.119
v -60.582 13.829 14.869
v -60.582 13.404 14.869
f 593 589 591
f 593 591 590
f 593 590 592
f 593 592 589
f 594 591 589
f 594 590 591
f 594 592 590
f 594 589 592
v -60.053 17.468 12.981
v -60.553 17.468 12.981
v -60.303 17.468 12.731
v -60.303 17.468 13.231
v -60.303 17.680 12.981
v -60.303 17.255 12.981
f 599 595 597
f 599 597 596
f 599 596 598
f 599 598 595
f 600 597 595
f 600 596 597
f 600 598 596
f 600 595 598
v -68.174 16.425 11.069
v -68.674 16.425 11.069
v -68.424 16.425 10.819
v -68.424 16.425 11.319
v -68.424 16.637 11.069
v -68.424 16.212 11.069
f 605 601 603
f 605 603 602
f 605 602 604
f 605 604 601
f 606 603 601
f 606 602 603
f 606 604 602
f 606 601 604
v -67.120 14.928 12.644
v -67.701 14.928 12.644
v -67.411 14.928 12.353
v -67.411 14.928 12.934
v -67.411 15.175 12.644
v -67.411 14.681 12.644
f 611 607 609
f 611 609 608
f 611 608 610
f 611 610 607
f 612 609 607
f 612 608 609
f 612 610 608
f 612 607 610
v 23.217 -59.934 24.685
v 22.717 -59.934 24.685
v 22.967 -59.934 24.435
v 22.967 -59.934 24.935
v 22.967 -59.722 24.685
v 22.967 -60.147 24.685
f 617 613 615
f 617 615 614
f 617 614 616
f 617 616 613
f 618 615 613
f 618 614 615
f 618 616 614
f 618 613 616
v -10.009 -29.003 21.050
v -10.591 -29.003 21.050
v -10.300 -29.003 20.759
v -10.300 -29.003 21.341
v -10.300 -28.756 21.050
v -10.300 -29.250 21.050
f 623 619 621
f 623 621 620
f 623 620 622
f 623 622 619
f 624 621 619
f 624 620 621
f 624 622 620
f 624 619 622
v -19.602 -26.014 15.904
v -20.102 -26.014 15.904
v -19.852 -26.014 15.654
v -19.852 -26.014 16.154
v -19.852 -25.801 15.904
v -19.852 -26.226 15.904
f 629 625 627
f 629 627 626
f 629 626 628
f 629 628 625
f 630 627 625
f 630 626 627
f 630 628 626
f 630 625 628
v -12.112 -22.600 14.717
v -12.694 -22.600 14.717
v -12.403 -22.600 14.427
v -12.403 -22.600 15.008
v -12.403 -22.353 14.717
v -12.403 -22.847 14.717
f 635 631 633
f 635 633 632
f 635 632 634
f 635 634 631
f 636 633 631
f 636 632 633
f 636 634 632
f 636 631 634
v -11.891 -8.938 10.424
v -12.473 -8.938 10.424
v -12.182 -8.938 10.133
v -12.182 -8.938 10.715
v -12.182 -8.691 10.424
v -12.182 -9.185 10.424
f 641 637 639
f 641 639 638
f 641 638 640
f 641 640 637
f 642 639 637
f 642 638 639
f 642 640 638
f 642 637 640
v -22.170 -0.802 16.045
v -22.889 -0.802 16.045
v -22.530 -0.802 15.686
v -22.530 -0.802 16.405
v -22.530 -0.496 16.045
v -22.530 -1.107 16.045
f 647 643 645
f 647 645 644
f 647 644 646
f 647 646 643
f 648 645 643
f 648 644 645
f 648 646 644
f 648 643 646
v -32.517 -0.086 10.265
v -33.171 -0.086 10.265
v -32.844 -0.086 9.938
v -32.844 -0.086 10.592
v -32.844 0.192 10.265
v -32.844 -0.364 10.265
f 653 649 651
f 653 651 650
f 653 650 652
f 653 652 649
f 654 651 649
f 654 650 651
f 654 652 650
f 654 649 652
v -27.608 -2.384 16.796
v -28.108 -2.384 16.796
v -27.858 -2.384 16.546
v -27.858 -2.384 17.046
v -27.858 -2.171 16.796
v -27.858 -2.596 16.796
f 659 655 657
f 659 657 656
f 659 656 658
f 659 658 655
f 660 657 655
f 660 656 657
f 660 658 656
f 660 655 658
v -31.097 5.251 17.281
v -31.597 5.251 17.281
v -31.347 5.251 17.031
v -31.347 5.251 17.531
v -31.347 5.464 17.281
v -31.347 5.039 17.281
f 665 661 663
f 665 663 662
f 665 662 664
f 665 664 661
f 666 663 661
f 666 662 663
f 666 664 662
f 666 661 664
v -38.597 7.525 9.523
v -39.097 7.525 9.523
v -38.847 7.525 9.273
v -38.847 7.525 9.773
v -38.847 7.738 9.523
v -38.847 7.313 9.523
f 671 667 669
f 671 669 668
f 671 668 670
f 671 670 667
f 672 669 667
f 672 668 669
f 672 670 668
f 672 667 670
v -55.372 21.940 9.520
v -56.026 21.940 9.520
v -55.699 21.940 9.193
v -55.699 21.940 9.847
v -55.699 22.218 9.520
v -55.699 21.662 9.520
f 677 673 675
f 677 675 674
f 677 674 676
f 677 676 673
f 678 675 673
f 678 674 675
f 678 676 674
f 678 673 676
v -5.454 -20.120 13.898
v -5.954 -20.120 13.898
v -5.704 -20.120 13.648
v -5.704 -20.120 14.148
v -5.704 -19.908 13.898
v -5.704 -20.333 13.898
f 683 679 681
f 683 681 680
f 683 680 682
f 683 682 679
f 684 681 679
f 684 680 681
f 684 682 680
f 684 679 682
v -12.870 -0.961 14.900
v -13.370 -0.961 14.900
v -13.120 -0.961 14.650
v -13.120 -0.961 15.150
v -13.120 -0.749 14.900
v -13.120 -1.174 14.900
f 689 685 687
f 689 687 686
f 689 686 688
f 689 688 685
f 690 687 685
f 690 686 687
f 690 688 686
f 690 685 688
v -7.125 -1.775 11.555
v -7.625 -1.775 11.555
v -7.375 -1.775 11.305
v -7.375 -1.775 11.805
v -7.375 -1.563 11.555
v -7.375 -1.988 11.555
f 695 691 693
f 695 693 692
f 695 692 694
f 695 694 691
f 696 693 691
f 696 692 693
f 696 694 692
f 696 691 694
v -28.751 11.173 15.431
v -29.251 11.173 15.431
v -29.001 11.173 15.181
v -29.001 11.173 15.681
v -29.001 11.385 15.431
v -29.001 10.960 15.431
f 701 697 699
f 701 699 698
f 701 698 700
f 701 700 697
f 702 699 697
f 702 698 699
f 702 700 698
f 702 697 700
v -26.872 13.600 14.105
v -27.591 13.600 14.105
v -27.231 13.600 13.746
v -27.231 13.600 14.465
v -27.231 13.906 14.105
v -27.231 13.295 14.105
f 707 703 705
f 707 705 704
f 707 704 706
f 707 706 703
f 708 705 703
f 708 704 705
f 708 706 704
f 708 703 706
v 6.355 -21.642 17.099
v 5.701 -21.642 17.099
v 6.028 -21.642 16.772
v 6.028 -21.642 17.426
v 6.028 -21.364 17.099
v 6.028 -21.920 17.099
f 713 709 711
f 713 711 710
f 713 710 712
f 713 712 709
f 714 711 709
f 714 710 711
f 714 712 710
f 714 709 712
v -2.098 -10.804 13.961
v -2.598 -10.804 13.961
v -2.348 -10.804 13.711
v -2.348 -10.804 14.211
v -2.348 -10.591 13.961
v -2.348 -11.016 13.961
f 719 715 717
f 719 717 716
f 719 716 718
f 719 718 715
f 720 717 715
f 720 716 717
f 720 718 716
f 720 715 718
v -5.225 -7.930 19.128
v -5.879 -7.930 19.128
v -5.552 -7.930 18.801
v -5.552 -7.930 19.455
v -5.552 -7.652 19.128
v -5.552 -8.208 19.128
f 725 721 723
f 725 723 722
f 725 722 724
f 725 724 721
f 726 723 721
f 726 722 723
f 726 724 722
f 726 721 724
v -6.344 -1.113 13.595
v -6.844 -1.113 13.595
v -6.594 -1.113 13.345
v -6.594 -1.113 13.845
v -6.594 -0.901 13.595
v -6.594 -1.326 13.595
f 731 727 729
f 731 729 728
f 731 728 730
f 731 730 727
f 732 729 727
f 732 728 729
f 732 730 728
f 732 727 730
v -6.436 4.488 14.280
v -7.155 4.488 14.280
v -6.795 4.488 13.920
v -6.795 4.488 14.639
v -6.795 4.793 14.280
v -6.795 4.182 14.280
f 737 733 735
f 737 735 734
f 737 734 736
f 737 736 733
f 738 735 733
f 738 734 735
f 738 736 734
f 738 733 736
v -9.225 7.794 17.185
v -9.944 7.794 17.185
v -9.584 7.794 16.826
v -9.584 7.794 17.545
v -9.584 8.100 17.185
v -9.584 7.488 17.185
f 743 739 741
f 743 741 740
f 743 740 742
f 743 742 739
f 744 741 739
f 744 740 741
f 744 742 740
f 744 739 742
v -9.449 10.607 16.062
v -10.103 10.607 16.062
v -9.776 10.607 15.735
v -9.776 10.607 16.389
v -9.776 10.885 16.062
v -9.776 10.329 16.062
f 749 745 747
f 749 747 746
f 749 746 748
f 749 748 745
f 750 747 745
f 750 746 747
f 750 748 746
f 750 745 748
v -22.309 13.569 14.923
v -22.809 13.569 14.923
v -22.559 13.569 14.673
v -22.559 13.569 15.173
v -22.559 13.781 14.923
v -22.559 13.356 14.923
f 755 751 753
f 755 753 752
f 755 752 754
f 755 754 751
f 756 753 751
f 756 752 753
f 756 754 752
f 756 751 754
v -19.418 12.995 15.135
v -19.918 12.995 15.135
v -19.668 12.995 14.885
v -19.668 12.995 15.385
v -19.668 13.208 15.135
v -19.668 12.783 15.135
f 761 757 759
f 761 759 758
f 761 758 760
f 761 760 757
f 762 759 757
f 762 758 759
f 762 760 758
f 762 757 760
v -17.375 12.439 15.614
v -17.875 12.439 15.614
v -17.625 12.439 15.364
v -17.625 12.439 15.864
v -17.625 12.651 15.614
v -17.625 12.226 15.614
f 767 763 765
f 767 765 764
f 767 764 766
f 767 766 763
f 768 765 763
f 768 764 765
f 768 766 764
f 768 763 766
v -44.958 31.774 9.634
v -45.539 31.774 9.634
v -45.248 31.774 9.343
v -45.248 31.774 9.925
v -45.248 32.021 9.634
v -45.248 31.527 9.634
f 773 769 771
f 773 771 770
f 773 770 772
f 773 772 769
f 774 771 769
f 774 770 771
f 774 772 770
f 774 769 772
v 44.971 -48.762 19.724
v 44.471 -48.762 19.724
v 44.721 -48.762 19.474
v 44.721 -48.762 19.974
v 44.721 -48.549 19.724
v 44.721 -48.974 19.724
f 779 775 777
f 779 777 776
f 779 776 778
f 779 778 775
f 780 777 775
f 780 776 777
f 780 778 776
f 780 775 778
v 47.861 -45.415 22.531
v 47.279 -45.415 22.531
v 47.570 -45.415 22.240
v 47.570 -45.415 22.822
v 47.570 -45.168 22.531
v 47.570 -45.663 22.531
f 785 781 783
f 785 783 782
f 785 782 784
f 785 784 781
f 786 783 781
f 786 782 783
f 786 784 782
f 786 781 784
v 12.752 -20.437 18.103
v 12.252 -20.437 18.103
v 12.502 -20.437 17.853
v 12.502 -20.437 18.353
v 12.502 -20.224 18.103
v 12.502 -20.649 18.103
f 791 787 789
f 791 789 788
f 791 788 790
f 791 790 787
f 792 789 787
f 792 788 789
f 792 790 788
f 792 787 790
v 1.986 -7.653 14.543
v 1.404 -7.653 14.543
v 1.695 -7.653 14.252
v 1.695 -7.653 14.833
v 1.695 -7.406 14.543
v 1.695 -7.900 14.543
f 797 793 795
f 797 795 794
f 797 794 796
f 797 796 793
f 798 795 793
f 798 794 795
f 798 796 794
f 798 793 796
v 3.031 -8.612 16.068
v 2.311 -8.612 16.068
v 2.671 -8.612 15.708
v 2.671 -8.612 16.427
v 2.671 -8.306 16.068
v 2.671 -8.917 16.068
f 803 799 801
f 803 801 800
f 803 800 802
f 803 802 799
f 804 801 799
f 804 800 801
f 804 802 800
f 804 799 802
v 4.503 -6.815 16.601
v 3.849 -6.815 16.601
v 4.176 -6.815 16.274
v 4.176 -6.815 16.928
v 4.176 -6.537 16.601
v 4.176 -7.093 16.601
f 809 805 807
f 809 807 806
f 809 806 808
f 809 808 805
f 810 807 805
f 810 806 807
f 810 808 806
f 810 805 808
v 11.751 -9.513 17.536
v 11.251 -9.513 17.536
v 11.501 -9.513 17.286
v 11.501 -9.513 17.786
v 11.501 -9.300 17.536
v 11.501 -9.725 17.536
f 815 811 813
f 815 813 812
f 815 812 814
f 815 814 811
f 816 813 811
f 816 812 813
f 816 814 812
f 816 811 814
v 0.512 -6.291 15.022
v -0.142 -6.291 15.022
v 0.185 -6.291 14.696
v 0.185 -6.291 15.349
v 0.185 -6.013 15.022
v 0.185 -6.569 15.022
f 821 817 819
f 821 819 818
f 821 818 820
f 821 820 817
f 822 819 817
f 822 818 819
f 822 820 818
f 822 817 820
v 3.711 -5.817 17.540
v 2.992 -5.817 17.540
v 3.352 -5.817 17.180
v 3.352 -5.817 17.899
v 3.352 -5.511 17.540
v 3.352 -6.123 17.540
f 827 823 825
f 827 825 824
f 827 824 826
f 827 826 823
f 828 825 823
f 828 824 825
f 828 826 824
f 828 823 826
v -7.774 17.609 17.896
v -8.356 17.609 17.896
v -8.065 17.609 17.605
v -8.065 17.609 18.187
v -8.065 17.856 17.896
v -8.065 17.362 17.896
f 833 829 831
f 833 831 830
f 833 830 832
f 833 832 829
f 834 831 829
f 834 830 831
f 834 832 830
f 834 829 832
v -6.390 17.336 18.262
v -6.890 17.336 18.262
v -6.640 17.336 18.012
v -6.640 17.336 18.512
v -6.640 17.549 18.262
v -6.640 17.124 18.262
f 839 835 837
f 839 837 836
f 839 836 838
f 839 838 835
f 840 837 835
f 840 836 837
f 840 838 836
f 840 835 838
v 22.541 -10.860 27.646
v 22.041 -10.860 27.646
v 22.291 -10.860 27.396
v 22.291 -10.860 27.896
v 22.291 -10.648 27.646
v 22.291 -11.073 27.646
f 845 841 843
f 845 843 842
f 845 842 844
f 845 844 841
f 846 843 841
f 846 842 843
f 846 844 842
f 846 841 844
v 8.315 -3.473 25.904
v 7.661 -3.473 25.904
v 7.988 -3.473 25.577
v 7.988 -3.473 26.230
v 7.988 -3.196 25.904
v 7.988 -3.751 25.904
f 851 847 849
f 851 849 848
f 851 848 850
f 851 850 847
f 852 849 847
f 852 848 849
f 852 850 848
f 852 847 850
v 5.779 -2.464 22.364
v 5.126 -2.464 22.364
v 5.452 -2.464 22.037
v 5.452 -2.464 22.691
v 5.452 -2.186 22.364
v 5.452 -2.742 22.364
f 857 853 855
f 857 855 854
f 857 854 856
f 857 856 853
f 858 855 853
f 858 854 855
f 858 856 854
f 858 853 856
v -4.380 27.550 18.452
v -4.880 27.550 18.452
v -4.630 27.550 18.202
v -4.630 27.550 18.702
v -4.630 27.762 18.452
v -4.630 27.337 18.452
f 863 859 861
f 863 861 860
f 863 860 862
f 863 862 859
f 864 861 859
f 864 860 861
f 864 862 860
f 864 859 862
v 53.503 -27.175 29.785
v 53.003 -27.175 29.785
v 53.253 -27.175 29.535
v 53.253 -27.175 30.035
v 53.253 -26.963 29.785
v 53.253 -27.388 29.785
f 869 865 867
f 869 867 866
f 869 866 868
f 869 868 865
f 870 867 865
f 870 866 867
f 870 868 866
f 870 865 868
v 37.906 -12.421 22.176
v 37.324 -12.421 22.176
v 37.615 -12.421 21.885
v 37.615 -12.421 22.466
v 37.615 -12.174 22.176
v 37.615 -12.668 22.176
f 875 871 873
f 875 873 872
f 875 872 874
f 875 874 871
f 876 873 871
f 876 872 873
f 876 874 872
f 876 871 874
v 21.287 7.183 27.665
v 20.568 7.183 27.665
v 20.927 7.183 27.306
v 20.927 7.183 28.025
v 20.927 7.489 27.665
v 20.927 6.878 27.665
f 881 877 879
f 881 879 878
f 881 878 880
f 881 880 877
f 882 879 877
f 882 878 879
f 882 880 878
f 882 877 880
v 23.226 6.796 27.993
v 22.644 6.796 27.993
v 22.935 6.796 27.703
v 22.935 6.796 28.284
v 22.935 7.044 27.993
v 22.935 6.549 27.993
f 887 883 885
f 887 885 884
f 887 884 886
f 887 886 883
f 888 885 883
f 888 884 885
f 888 886 884
f 888 883 886
v 21.244 5.588 24.162
v 20.744 5.588 24.162
v 20.994 5.588 23.912
v 20.994 5.588 24.412
v 20.994 5.801 24.162
v 20.994 5.376 24.162
f 893 889 891
f 893 891 890
f 893 890 892
f 893 892 889
f 894 891 889
f 894 890 891
f 894 892 890
f 894 889 892
v 7.721 9.912 23.157
v 7.221 9.912 23.157
v 7.471 9.912 22.907
v 7.471 9.912 23.407
v 7.471 10.125 23.157
v 7.471 9.700 23.157
f 899 895 897
f 899 897 896
f 899 896 898
f 899 898 895
f 900 897 895
f 900 896 897
f 900 898 896
f 900 895 898
v 9.606 10.755 22.672
v 9.106 10.755 22.672
v 9.356 10.755 22.422
v 9.356 10.755 22.922
v 9.356 10.967 22.672
v 9.356 10.542 22.672
f 905 901 903
f 905 903 902
f 905 902 904
f 905 904 901
f 906 903 901
f 906 902 903
f 906 904 902
f 906 901 904
v -1.924 34.255 18.138
v -2.424 34.255 18.138
v -2.174 34.255 17.888
v -2.174 34.255 18.388
v -2.174 34.468 18.138
v -2.174 34.043 18.138
f 911 907 909
f 911 909 908
f 911 908 910
f 911 910 907
f 912 909 907
f 912 908 909
f 912 910 908
f 912 907 910
v 69.325 -29.877 26.186
v 68.825 -29.877 26.186
v 69.075 -29.877 25.936
v 69.075 -29.877 26.436
v 69.075 -29.664 26.186
v 69.075 -30.089 26.186
f 917 913 915
f 917 915 914
f 917 914 916
f 917 916 913
f 918 915 913
f 918 914 915
f 918 916 914
f 918 913 916
v 53.161 -10.821 27.676
v 52.661 -10.821 27.676
v 52.911 -10.821 27.426
v 52.911 -10.821 27.926
v 52.911 -10.609 27.676
v 52.911 -11.034 27.676
f 923 919 921
f 923 921 920
f 923 920 922
f 923 922 919
f 924 921 919
f 924 920 921
f 924 922 920
f 924 919 922
v 53.813 -9.704 22.933
v 53.313 -9.704 22.933
v 53.563 -9.704 22.683
v 53.563 -9.704 23.183
v 53.563 -9.491 22.933
v 53.563 -9.916 22.933
f 929 925 927
f 929 927 926
f 929 926 928
f 929 928 925
f 930 927 925
f 930 926 927
f 930 928 926
f 930 925 928
v 45.927 0.882 23.597
v 45.345 0.882 23.597
v 45.636 0.882 23.307
v 45.636 0.882 23.888
v 45.636 1.129 23.597
v 45.636 0.634 23.597
f 935 931 933
f 935 933 932
f 935 932 934
f 935 934 931
f 936 933 931
f 936 932 933
f 936 934 932
f 936 931 934
v 31.521 3.753 25.210
v 31.021 3.753 25.210
v 31.271 3.753 24.960
v 31.271 3.753 25.460
v 31.271 3.966 25.210
v 31.271 3.541 25.210
f 941 937 939
f 941 939 938
f 941 938 940
f 941 940 937
f 942 939 937
f 942 938 939
f 942 940 938
f 942 937 940
v 34.360 2.117 24.906
v 33.860 2.117 24.906
v 34.110 2.117 24.656
v 34.110 2.117 25.156
v 34.110 2.330 24.906
v 34.110 1.905 24.906
f 947 943 945
f 947 945 944
f 947 944 946
f 947 946 943
f 948 945 943
f 948 944 945
f 948 946 944
f 948 943 946
v 0.930 51.309 15.307
v 0.430 51.309 15.307
v 0.680 51.309 15.057
v 0.680 51.309 15.557
v 0.680 51.521 15.307
v 0.680 51.096 15.307
f 953 949 951
f 953 951 950
f 953 950 952
f 953 952 949
f 954 951 949
f 954 950 951
f 954 952 950
f 954 949 952
v 65.814 -8.159 24.183
v 65.314 -8.159 24.183
v 65.564 -8.159 23.933
v 65.564 -8.159 24.433
v 65.564 -7.947 24.183
v 65.564 -8.372 24.183
f 959 955 957
f 959 957 956
f 959 956 958
f 959 958 955
f 960 957 955
f 960 956 957
f 960 958 956
f 960 955 958
v 66.342 -6.324 22.276
v 65.689 -6.324 22.276
v 66.015 -6.324 21.949
v 66.015 -6.324 22.603
v 66.015 -6.046 22.276
v 66.015 -6.602 22.276
f 965 961 963
f 965 963 962
f 965 962 964
f 965 964 961
f 966 963 961
f 966 962 963
f 966 964 962
f 966 961 964
v 57.538 -0.307 20.590
v 57.038 -0.307 20.590
v 57.288 -0.307 20.340
v 57.288 -0.307 20.840
v 57.288 -0.094 20.590
v 57.288 -0.519 20.590
f 971 967 969
f 971 969 968
f 971 968 970
f 971 970 967
f 972 969 967
f 972 968 969
f 972 970 968
f 972 967 970
v 48.877 0.165 23.483
v 48.377 0.165 23.483
v 48.627 0.165 23.233
v 48.627 0.165 23.733
v 48.627 0.378 23.483
v 48.627 -0.047 23.483
f 977 973 975
f 977 975 974
f 977 974 976
f 977 976 973
f 978 975 973
f 978 974 975
f 978 976 974
f 978 973 976
v 55.739 2.967 20.192
v 55.239 2.967 20.192
v 55.489 2.967 19.942
v 55.489 2.967 20.442
v 55.489 3.180 20.192
v 55.489 2.755 20.192
f 983 979 981
f 983 981 980
f 983 980 982
f 983 982 979
f 984 981 979
f 984 980 981
f 984 982 980
f 984 979 982
v 47.813 0.112 28.094
v 47.231 0.112 28.094
v 47.522 0.112 27.803
v 47.522 0.112 28.385
v 47.522 0.359 28.094
v 47.522 -0.135 28.094
f 989 985 987
f 989 987 986
f 989 986 988
f 989 988 985
f 990 987 985
f 990 986 987
f 990 988 986
f 990 985 988
v 5.313 62.490 17.529
v 4.731 62.490 17.529
v 5.022 62.490 17.238
v 5.022 62.490 17.820
v 5.022 62.737 17.529
v 5.022 62.243 17.529
f 995 991 993
f 995 993 992
f 995 992 994
f 995 994 991
f 996 993 991
f 996 992 993
f 996 994 992
f 996 991 994
v 52.490 8.786 25.092
v 51.990 8.786 25.092
v 52.240 8.786 24.842
v 52.240 8.786 25.342
v 52.240 8.999 25.092
v 52.240 8.574 25.092
f 1001 997 999
f 1001 999 998
f 1001 998 1000
f 1001 1000 997
f 1002 999 997
f 1002 998 999
f 1002 1000 998
f 1002 997 1000
v -1.427 72.393 16.707
v -1.927 72.393 16.707
v -1.677 72.393 16.457
v -1.677 72.393 16.957
v -1.677 72.606 16.707
v -1.677 72.181 16.707
f 1007 1003 1005
f 1007 1005 1004
f 1007 1004 1006
f 1007 1006 1003
f 1008 1005 1003
f 1008 1004 1005
f 1008 1006 1004
f 1008 1003 1006
v 2.927 73.984 14.208
v 2.427 73.984 14.208
v 2.677 73.984 13.958
v 2.677 73.984 14.458
v 2.677 74.197 14.208
v 2.677 73.772 14.208
f 1013 1009 1011
f 1013 1011 1010
f 1013 1010 1012
f 1013 1012 1009
f 1014 1011 1009
f 1014 1010 1011
f 1014 1012 1010
f 1014 1009 1012
v -49.494 -37.702 23.735
v -50.148 -37.702 23.735
v -49.821 -37.702 23.408
v -49.821 -37.702 24.062
v -49.821 -37.425 23.735
v -49.821 -37.980 23.735
f 1019 1015 1017
f 1019 1017 1016
f 1019 1016 1018
f 1019 1018 1015
f 1020 1017 1015
f 1020 1016 1017
f 1020 1018 1016
f 1020 1015 1018
v -65.325 -26.307 21.859
v -65.825 -26.307 21.859
v -65.575 -26.307 21.609
v -65.575 -26.307 22.109
v -65.575 -26.095 21.859
v -65.575 -26.520 21.859
f 1025 1021 1023
f 1025 1023 1022
f 1025 1022 1024
f 1025 1024 1021
f 1026 1023 1021
f 1026 1022 1023
f 1026 1024 1022
f 1026 1021 1024
v -35.614 -36.103 26.374
v -36.195 -36.103 26.374
v -35.905 -36.103 26.083
v -35.905 -36.103 26.665
v -35.905 -35.856 26.374
v -35.905 -36.350 26.374
f 1031 1027 1029
f 1031 1029 1028
f 1031 1028 1030
f 1031 1030 1027
f 1032 1029 1027
f 1032 1028 1029
f 1032 1030 1028
f 1032 1027 1030
v -66.367 -20.394 21.291
v -66.867 -20.394 21.291
v -66.617 -20.394 21.041
v -66.617 -20.394 21.541
v -66.617 -20.181 21.291
v -66.617 -20.606 21.291
f 1037 1033 1035
f 1037 1035 1034
f 1037 1034 1036
f 1037 1036 1033
f 1038 1035 1033
f 1038 1034 1035
f 1038 1036 1034
f 1038 1033 1036
v -65.819 -11.910 20.256
v -66.319 -11.910 20.256
v -66.069 -11.910 20.006
v -66.069 -11.910 20.506
v -66.069 -11.698 20.256
v -66.069 -12.123 20.256
f 1043 1039 1041
f 1043 1041 1040
f 1043 1040 1042
f 1043 1042 1039
f 1044 1041 1039
f 1044 1040 1041
f 1044 1042 1040
f 1044 1039 1042
v -15.749 -64.246 29.993
v -16.249 -64.246 29.993
v -15.999 -64.246 29.743
v -15.999 -64.246 30.243
v -15.999 -64.034 29.993
v -15.999 -64.459 29.993
f 1049 1045 1047
f 1049 1047 1046
f 1049 1046 1048
f 1049 1048 1045
f 1050 1047 1045
f 1050 1046 1047
f 1050 1048 1046
f 1050 1045 1048
v -24.461 -53.924 31.359
v -24.961 -53.924 31.359
v -24.711 -53.924 31.109
v -24.711 -53.924 31.609
v -24.711 -53.712 31.359
v -24.711 -54.137 31.359
f 1055 1051 1053
f 1055 1053 1052
f 1055 1052 1054
f 1055 1054 1051
f 1056 1053 1051
f 1056 1052 1053
f 1056 1054 1052
f 1056 1051 1054
v -21.025 -51.831 31.831
v -21.525 -51.831 31.831
v -21.275 -51.831 31.581
v -21.275 -51.831 32.081
v -21.275 -51.619 31.831
v -21.275 -52.044 31.831
f 1061 1057 1059
f 1061 1059 1058
f 1061 1058 1060
f 1061 1060 1057
f 1062 1059 1057
f 1062 1058 1059
f 1062 1060 1058
f 1062 1057 1060
v -32.528 -29.511 24.526
v -33.028 -29.511 24.526
v -32.778 -29.511 24.276
v -32.778 -29.511 24.776
v -32.778 -29.298 24.526
v -32.778 -29.723 24.526
f 1067 1063 1065
f 1067 1065 1064
f 1067 1064 1066
f 1067 1066 1063
f 1068 1065 1063
f 1068 1064 1065
f 1068 1066 1064
f 1068 1063 1066
v -30.291 -29.721 29.251
v -30.872 -29.721 29.251
v -30.581 -29.721 28.960
v -30.581 -29.721 29.542
v -30.581 -29.474 29.251
v -30.581 -29.968 29.251
f 1073 1069 1071
f 1073 1071 1070
f 1073 1070 1072
f 1073 1072 1069
f 1074 1071 1069
f 1074 1070 1071
f 1074 1072 1070
f 1074 1069 1072
v -63.353 -13.095 20.270
v -63.853 -13.095 20.270
v -63.603 -13.095 20.020
v -63.603 -13.095 20.520
v -63.603 -12.882 20.270
v -63.603 -13.307 20.270
f 1079 1075 1077
f 1079 1077 1076
f 1079 1076 1078
f 1079 1078 1075
f 1080 1077 1075
f 1080 1076 1077
f 1080 1078 1076
f 1080 1075 1078
v -57.927 -8.827 25.594
v -58.509 -8.827 25.594
v -58.218 -8.827 25.303
v -58.218 -8.827 25.885
v -58.218 -8.580 25.594
v -58.218 -9.074 25.594
f 1085 1081 1083
f 1085 1083 1082
f 1085 1082 1084
f 1085 1084 1081
f 1086 1083 1081
f 1086 1082 1083
f 1086 1084 1082
f 1086 1081 1084
v -2.344 -59.022 29.422
v -2.844 -59.022 29.422
v -2.594 -59.022 29.172
v -2.594 -59.022 29.672
v -2.594 -58.809 29.422
v -2.594 -59.234 29.422
f 1091 1087 1089
f 1091 1089 1088
f 1091 1088 1090
f 1091 1090 1087
f 1092 1089 1087
f 1092 1088 1089
f 1092 1090 1088
f 1092 1087 1090
v -19.868 -45.742 30.172
v -20.587 -45.742 30.172
v -20.228 -45.742 29.812
v -20.228 -45.742 30.531
v -20.228 -45.437 30.172
v -20.228 -46.048 30.172
f 1097 1093 1095
f 1097 1095 1094
f 1097 1094 1096
f 1097 1096 1093
f 1098 1095 1093
f 1098 1094 1095
f 1098 1096 1094
f 1098 1093 1096
v -18.220 -44.416 28.214
v -18.720 -44.416 28.214
v -18.470 -44.416 27.964
v -18.470 -44.416 28.464
v -18.470 -44.204 28.214
v -18.470 -44.629 28.214
f 1103 1099 1101
f 1103 1101 1100
f 1103 1100 1102
f 1103 1102 1099
f 1104 1101 1099
f 1104 1100 1101
f 1104 1102 1100
f 1104 1099 1102
v -27.703 -30.882 27.691
v -28.285 -30.882 27.691
v -27.994 -30.882 27.400
v -27.994 -30.882 27.982
v -27.994 -30.635 27.691
v -27.994 -31.129 27.691
f 1109 1105 1107
f 1109 1107 1106
f 1109 1106 1108
f 1109 1108 1105
f 1110 1107 1105
f 1110 1106 1107
f 1110 1108 1106
f 1110 1105 1108
v -28.879 -30.703 29.280
v -29.532 -30.703 29.280
v -29.206 -30.703 28.953
v -29.206 -30.703 29.607
v -29.206 -30.425 29.280
v -29.206 -30.981 29.280
f 1115 1111 1113
f 1115 1113 1112
f 1115 1112 1114
f 1115 1114 1111
f 1116 1113 1111
f 1116 1112 1113
f 1116 1114 1112
f 1116 1111 1114
v -24.190 -36.126 27.474
v -24.690 -36.126 27.474
v -24.440 -36.126 27.224
v -24.440 -36.126 27.724
v -24.440 -35.913 27.474
v -24.440 -36.338 27.474
f 1121 1117 1119
f 1121 1119 1118
f 1121 1118 1120
f 1121 1120 1117
f 1122 1119 1117
f 1122 1118 1119
f 1122 1120 1118
f 1122 1117 1120
v -30.531 -24.944 20.872
v -31.031 -24.944 20.872
v -30.781 -24.944 20.622
v -30.781 -24.944 21.122
v -30.781 -24.731 20.872
v -30.781 -25.156 20.872
f 1127 1123 1125
f 1127 1125 1124
f 1127 1124 1126
f 1127 1126 1123
f 1128 1125 1123
f 1128 1124 1125
f 1128 1126 1124
f 1128 1123 1126
v -29.210 -27.728 22.264
v -29.710 -27.728 22.264
v -29.460 -27.728 22.014
v -29.460 -27.728 22.514
v -29.460 -27.515 22.264
v -29.460 -27.940 22.264
f 1133 1129 1131
f 1133 1131 1130
f 1133 1130 1132
f 1133 1132 1129
f 1134 1131 1129
f 1134 1130 1131
f 1134 1132 1130
f 1134 1129 1132
v -43.294 -16.857 25.075
v -43.794 -16.857 25.075
v -43.544 -16.857 24.825
v -43.544 -16.857 25.325
v -43.544 -16.644 25.075
v -43.544 -17.069 25.075
f 1139 1135 1137
f 1139 1137 1136
f 1139 1136 1138
f 1139 1138 1135
f 1140 1137 1135
f 1140 1136 1137
f 1140 1138 1136
f 1140 1135 1138
v -51.115 -10.468 24.853
v -51.615 -10.468 24.853
v -51.365 -10.468 24.603
v -51.365 -10.468 25.103
v -51.365 -10.256 24.853
v -51.365 -10.681 24.853
f 1145 1141 1143
f 1145 1143 1142
f 1145 1142 1144
f 1145 1144 1141
f 1146 1143 1141
f 1146 1142 1143
f 1146 1144 1142
f 1146 1141 1144
v -40.632 -4.860 20.804
v -41.214 -4.860 20.804
v -40.923 -4.860 20.513
v -40.923 -4.860 21.095
v -40.923 -4.612 20.804
v -40.923 -5.107 20.804
f 1151 1147 1149
f 1151 1149 1148
f 1151 1148 1150
f 1151 1150 1147
f 1152 1149 1147
f 1152 1148 1149
f 1152 1150 1148
f 1152 1147 1150
v -52.039 -1.062 26.712
v -52.539 -1.062 26.712
v -52.289 -1.062 26.462
v -52.289 -1.062 26.962
v -52.289 -0.849 26.712
v -52.289 -1.274 26.712
f 1157 1153 1155
f 1157 1155 1154
f 1157 1154 1156
f 1157 1156 1153
f 1158 1155 1153
f 1158 1154 1155
f 1158 1156 1154
f 1158 1153 1156
v 2.936 -54.884 26.400
v 2.282 -54.884 26.400
v 2.609 -54.884 26.073
v 2.609 -54.884 26.727
v 2.609 -54.606 26.400
v 2.609 -55.162 26.400
f 1163 1159 1161
f 1163 1161 1160
f 1163 1160 1162
f 1163 1162 1159
f 1164 1161 1159
f 1164 1160 1161
f 1164 1162 1160
f 1164 1159 1162
v -2.533 -52.046 27.820
v -3.114 -52.046 27.820
v -2.824 -52.046 27.530
v -2.824 -52.046 28.111
v -2.824 -51.798 27.820
v -2.824 -52.293 27.820
f 1169 1165 1167
f 1169 1167 1166
f 1169 1166 1168
f 1169 1168 1165
f 1170 1167 1165
f 1170 1166 1167
f 1170 1168 1166
f 1170 1165 1168
v -12.503 -39.165 26.492
v -13.003 -39.165 26.492
v -12.753 -39.165 26.242
v -12.753 -39.165 26.742
v -12.753 -38.952 26.492
v -12.753 -39.377 26.492
f 1175 1171 1173
f 1175 1173 1172
f 1175 1172 1174
f 1175 1174 1171
f 1176 1173 1171
f 1176 1172 1173
f 1176 1174 1172
f 1176 1171 1174
v -29.086 -30.634 30.726
v -29.668 -30.634 30.726
v -29.377 -30.634 30.435
v -29.377 -30.634 31.016
v -29.377 -30.386 30.726
v -29.377 -30.881 30.726
f 1181 1177 1179
f 1181 1179 1178
f 1181 1178 1180
f 1181 1180 1177
f 1182 1179 1177
f 1182 1178 1179
f 1182 1180 1178
f 1182 1177 1180
v -31.861 -10.070 19.094
v -32.442 -10.070 19.094
v -32.151 -10.070 18.803
v -32.151 -10.070 19.385
v -32.151 -9.823 19.094
v -32.151 -10.317 19.094
f 1187 1183 1185
f 1187 1185 1184
f 1187 1184 1186
f 1187 1186 1183
f 1188 1185 1183
f 1188 1184 1185
f 1188 1186 1184
f 1188 1183 1186
v -38.737 -9.308 21.139
v -39.237 -9.308 21.139
v -38.987 -9.308 20.889
v -38.987 -9.308 21.389
v -38.987 -9.095 21.139
v -38.987 -9.520 21.139
f 1193 1189 1191
f 1193 1191 1190
f 1193 1190 1192
f 1193 1192 1189
f 1194 1191 1189
f 1194 1190 1191
f 1194 1192 1190
f 1194 1189 1192
v -38.502 -3.390 20.563
v -39.002 -3.390 20.563
v -38.752 -3.390 20.313
v -38.752 -3.390 20.813
v -38.752 -3.177 20.563
v -38.752 -3.602 20.563
f 1199 1195 1197
f 1199 1197 1196
f 1199 1196 1198
f 1199 1198 1195
f 1200 1197 1195
f 1200 1196 1197
f 1200 1198 1196
f 1200 1195 1198
v -43.126 -2.175 25.675
v -43.626 -2.175 25.675
v -43.376 -2.175 25.425
v -43.376 -2.175 25.925
v -43.376 -1.962 25.675
v -43.376 -2.387 25.675
f 1205 1201 1203
f 1205 1203 1202
f 1205 1202 1204
f 1205 1204 1201
f 1206 1203 1201
f 1206 1202 1203
f 1206 1204 1202
f 1206 1201 1204
v -49.922 6.679 22.379
v -50.576 6.679 22.379
v -50.249 6.679 22.052
v -50.249 6.679 22.706
v -50.249 6.957 22.379
v -50.249 6.402 22.379
f 1211 1207 1209
f 1211 1209 1208
f 1211 1208 1210
f 1211 1210 1207
f 1212 1209 1207
f 1212 1208 1209
f 1212 1210 1208
f 1212 1207 1210
v -52.645 13.727 18.644
v -53.145 13.727 18.644
v -52.895 13.727 18.394
v -52.895 13.727 18.894
v -52.895 13.939 18.644
v -52.895 13.514 18.644
f 1217 1213 1215
f 1217 1215 1214
f 1217 1214 1216
f 1217 1216 1213
f 1218 1215 1213
f 1218 1214 1215
f 1218 1216 1214
f 1218 1213 1216
v 19.304 -52.205 28.494
v 18.804 -52.205 28.494
v 19.054 -52.205 28.244
v 19.054 -52.205 28.744
v 19.054 -51.992 28.494
v 19.054 -52.417 28.494
f 1223 1219 1221
f 1223 1221 1220
f 1223 1220 1222
f 1223 1222 1219
f 1224 1221 1219
f 1224 1220 1221
f 1224 1222 1220
f 1224 1219 1222
v 1.662 -42.341 30.955
v 0.943 -42.341 30.955
v 1.302 -42.341 30.595
v 1.302 -42.341 31.314
v 1.302 -42.035 30.955
v 1.302 -42.646 30.955
f 1229 1225 1227
f 1229 1227 1226
f 1229 1226 1228
f 1229 1228 1225
f 1230 1227 1225
f 1230 1226 1227
f 1230 1228 1226
f 1230 1225 1228
v -11.911 -8.129 19.371
v -12.411 -8.129 19.371
v -12.161 -8.129 19.121
v -12.161 -8.129 19.621
v -12.161 -7.916 19.371
v -12.161 -8.341 19.371
f 1235 1231 1233
f 1235 1233 1232
f 1235 1232 1234
f 1235 1234 1231
f 1236 1233 1231
f 1236 1232 1233
f 1236 1234 1232
f 1236 1231 1234
v -11.212 -10.372 19.676
v -11.794 -10.372 19.676
v -11.503 -10.372 19.385
v -11.503 -10.372 19.967
v -11.503 -10.125 19.676
v -11.503 -10.619 19.676
f 1241 1237 1239
f 1241 1239 1238
f 1241 1238 1240
f 1241 1240 1237
f 1242 1239 1237
f 1242 1238 1239
f 1242 1240 1238
f 1242 1237 1240
v -27.274 -0.779 26.246
v -27.928 -0.779 26.246
v -27.601 -0.779 25.919
v -27.601 -0.779 26.573
v -27.601 -0.501 26.246
v -27.601 -1.057 26.246
f 1247 1243 1245
f 1247 1245 1244
f 1247 1244 1246
f 1247 1246 1243
f 1248 1245 1243
f 1248 1244 1245
f 1248 1246 1244
f 1248 1243 1246
v -43.182 11.642 24.124
v -43.682 11.642 24.124
v -43.432 11.642 23.874
v -43.432 11.642 24.374
v -43.432 11.854 24.124
v -43.432 11.429 24.124
f 1253 1249 1251
f 1253 1251 1250
f 1253 1250 1252
f 1253 1252 1249
f 1254 1251 1249
f 1254 1250 1251
f 1254 1252 1250
f 1254 1249 1252
v -38.646 13.699 23.835
v -39.146 13.699 23.835
v -38.896 13.699 23.585
v -38.896 13.699 24.085
v -38.896 13.911 23.835
v -38.896 13.486 23.835
f 1259 1255 1257
f 1259 1257 1256
f 1259 1256 1258
f 1259 1258 1255
f 1260 1257 1255
f 1260 1256 1257
f 1260 1258 1256
f 1260 1255 1258
v 24.197 -51.936 34.080
v 23.543 -51.936 34.080
v 23.870 -51.936 33.753
v 23.870 -51.936 34.407
v 23.870 -51.658 34.080
v 23.870 -52.214 34.080
f 1265 1261 1263
f 1265 1263 1262
f 1265 1262 1264
f 1265 1264 1261
f 1266 1263 1261
f 1266 1262 1263
f 1266 1264 1262
f 1266 1261 1264
v -9.746 -7.588 19.143
v -10.246 -7.588 19.143
v -9.996 -7.588 18.893
v -9.996 -7.588 19.393
v -9.996 -7.376 19.143
v -9.996 -7.801 19.143
f 1271 1267 1269
f 1271 1269 1268
f 1271 1268 1270
f 1271 1270 1267
f 1272 1269 1267
f 1272 1268 1269
f 1272 1270 1268
f 1272 1267 1270
v -9.550 -1.036 20.036
v -10.050 -1.036 20.036
v -9.800 -1.036 19.786
v -9.800 -1.036 20.286
v -9.800 -0.824 20.036
v -9.800 -1.249 20.036
f 1277 1273 1275
f 1277 1275 1274
f 1277 1274 1276
f 1277 1276 1273
f 1278 1275 1273
f 1278 1274 1275
f 1278 1276 1274
f 1278 1273 1276
v -9.386 -1.568 22.281
v -10.040 -1.568 22.281
v -9.713 -1.568 21.954
v -9.713 -1.568 22.608
v -9.713 -1.290 22.281
v -9.713 -1.846 22.281
f 1283 1279 1281
f 1283 1281 1280
f 1283 1280 1282
f 1283 1282 1279
f 1284 1281 1279
f 1284 1280 1281
f 1284 1282 1280
f 1284 1279 1282
v -5.802 -3.333 16.235
v -6.302 -3.333 16.235
v -6.052 -3.333 15.985
v -6.052 -3.333 16.485
v -6.052 -3.120 16.235
v -6.052 -3.545 16.235
f 1289 1285 1287
f 1289 1287 1286
f 1289 1286 1288
f 1289 1288 1285
f 1290 1287 1285
f 1290 1286 1287
f 1290 1288 1286
f 1290 1285 1288
v -21.876 1.588 27.310
v -22.530 1.588 27.310
v -22.203 1.588 26.983
v -22.203 1.588 27.637
v -22.203 1.866 27.310
v -22.203 1.310 27.310
f 1295 1291 1293
f 1295 1293 1292
f 1295 1292 1294
f 1295 1294 1291
f 1296 1293 1291
f 1296 1292 1293
f 1296 1294 1292
f 1296 1291 1294
v -27.442 12.664 20.378
v -28.096 12.664 20.378
v -27.769 12.664 20.051
v -27.769 12.664 20.705
v -27.769 12.942 20.378
v -27.769 12.386 20.378
f 1301 1297 1299
f 1301 1299 1298
f 1301 1298 1300
f 1301 1300 1297
f 1302 1299 1297
f 1302 1298 1299
f 1302 1300 1298
f 1302 1297 1300
v -21.911 10.504 17.040
v -22.411 10.504 17.040
v -22.161 10.504 16.790
v -22.161 10.504 17.290
v -22.161 10.717 17.040
v -22.161 10.292 17.040
f 1307 1303 1305
f 1307 1305 1304
f 1307 1304 1306
f 1307 1306 1303
f 1308 1305 1303
f 1308 1304 1305
f 1308 1306 1304
f 1308 1303 1306
v -36.028 14.448 23.501
v -36.528 14.448 23.501
v -36.278 14.448 23.251
v -36.278 14.448 23.751
v -36.278 14.661 23.501
v -36.278 14.236 23.501
f 1313 1309 1311
f 1313 1311 1310
f 1313 1310 1312
f 1313 1312 1309
f 1314 1311 1309
f 1314 1310 1311
f 1314 1312 1310
f 1314 1309 1312
v 30.348 -46.693 32.830
v 29.695 -46.693 32.830
v 30.022 -46.693 32.503
v 30.022 -46.693 33.157
v 30.022 -46.415 32.830
v 30.022 -46.971 32.830
f 1319 1315 1317
f 1319 1317 1316
f 1319 1316 1318
f 1319 1318 1315
f 1320 1317 1315
f 1320 1316 1317
f 1320 1318 1316
f 1320 1315 1318
v 23.327 -40.999 31.991
v 22.608 -40.999 31.991
v 22.968 -40.999 31.631
v 22.968 -40.999 32.350
v 22.968 -40.694 31.991
v 22.968 -41.305 31.991
f 1325 1321 1323
f 1325 1323 1322
f 1325 1322 1324
f 1325 1324 1321
f 1326 1323 1321
f 1326 1322 1323
f 1326 1324 1322
f 1326 1321 1324
v 25.245 -40.105 31.007
v 24.745 -40.105 31.007
v 24.995 -40.105 30.757
v 24.995 -40.105 31.257
v 24.995 -39.892 31.007
v 24.995 -40.317 31.007
f 1331 1327 1329
f 1331 1329 1328
f 1331 1328 1330
f 1331 1330 1327
f 1332 1329 1327
f 1332 1328 1329
f 1332 1330 1328
f 1332 1327 1330
v 33.345 -39.955 29.919
v 32.845 -39.955 29.919
v 33.095 -39.955 29.669
v 33.095 -39.955 30.169
v 33.095 -39.743 29.919
v 33.095 -40.168 29.919
f 1337 1333 1335
f 1337 1335 1334
f 1337 1334 1336
f 1337 1336 1333
f 1338 1335 1333
f 1338 1334 1335
f 1338 1336 1334
f 1338 1333 1336
v 18.730 -35.470 26.713
v 18.230 -35.470 26.713
v 18.480 -35.470 26.463
v 18.480 -35.470 26.963
v 18.480 -35.257 26.713
v 18.480 -35.682 26.713
f 1343 1339 1341
f 1343 1341 1340
f 1343 1340 1342
f 1343 1342 1339
f 1344 1341 1339
f 1344 1340 1341
f 1344 1342 1340
f 1344 1339 1342
v 12.906 -23.026 26.535
v 12.324 -23.026 26.535
v 12.615 -23.026 26.244
v 12.615 -23.026 26.826
v 12.615 -22.778 26.535
v 12.615 -23.273 26.535
f 1349 1345 1347
f 1349 1347 1346
f 1349 1346 1348
f 1349 1348 1345
f 1350 1347 1345
f 1350 1346 1347
f 1350 1348 1346
f 1350 1345 1348
v 1.220 -20.508 20.503
v 0.638 -20.508 20.503
v 0.929 -20.508 20.212
v 0.929 -20.508 20.794
v 0.929 -20.260 20.503
v 0.929 -20.755 20.503
f 1355 1351 1353
f 1355 1353 1352
f 1355 1352 1354
f 1355 1354 1351
f 1356 1353 1351
f 1356 1352 1353
f 1356 1354 1352
f 1356 1351 1354
v -3.215 -7.629 18.137
v -3.797 -7.629 18.137
v -3.506 -7.629 17.846
v -3.506 -7.629 18.428
v -3.506 -7.382 18.137
v -3.506 -7.877 18.137
f 1361 1357 1359
f 1361 1359 1358
f 1361 1358 1360
f 1361 1360 1357
f 1362 1359 1357
f 1362 1358 1359
f 1362 1360 1358
f 1362 1357 1360
v -2.061 -7.628 18.909
v -2.561 -7.628 18.909
v -2.311 -7.628 18.659
v -2.311 -7.628 19.159
v -2.311 -7.416 18.909
v -2.311 -7.841 18.909
f 1367 1363 1365
f 1367 1365 1364
f 1367 1364 1366
f 1367 1366 1363
f 1368 1365 1363
f 1368 1364 1365
f 1368 1366 1364
f 1368 1363 1366
v -12.132 10.469 18.122
v -12.786 10.469 18.122
v -12.459 10.469 17.795
v -12.459 10.469 18.449
v -12.459 10.747 18.122
v -12.459 10.191 18.122
f 1373 1369 1371
f 1373 1371 1370
f 1373 1370 1372
f 1373 1372 1369
f 1374 1371 1369
f 1374 1370 1371
f 1374 1372 1370
f 1374 1369 1372
v -9.981 9.117 17.951
v -10.562 9.117 17.951
v -10.272 9.117 17.660
v -10.272 9.117 18.242
v -10.272 9.365 17.951
v -10.272 8.870 17.951
f 1379 1375 1377
f 1379 1377 1376
f 1379 1376 1378
f 1379 1378 1375
f 1380 1377 1375
f 1380 1376 1377
f 1380 1378 1376
f 1380 1375 1378
v -21.002 15.447 16.531
v -21.502 15.447 16.531
v -21.252 15.447 16.281
v -21.252 15.447 16.781
v -21.252 15.660 16.531
v -21.252 15.235 16.531
f 1385 1381 1383
f 1385 1383 1382
f 1385 1382 1384
f 1385 1384 1381
f 1386 1383 1381
f 1386 1382 1383
f 1386 1384 1382
f 1386 1381 1384
v -26.406 16.229 21.921
v -26.906 16.229 21.921
v -26.656 16.229 21.671
v -26.656 16.229 22.171
v -26.656 16.441 21.921
v -26.656 16.016 21.921
f 1391 1387 1389
f 1391 1389 1388
f 1391 1388 1390
f 1391 1390 1387
f 1392 1389 1387
f 1392 1388 1389
f 1392 1390 1388
f 1392 1387 1390
v 38.144 -43.045 29.227
v 37.562 -43.045 29.227
v 37.853 -43.045 28.936
v 37.853 -43.045 29.518
v 37.853 -42.798 29.227
v 37.853 -43.292 29.227
f 1397 1393 1395
f 1397 1395 1394
f 1397 1394 1396
f 1397 1396 1393
f 1398 1395 1393
f 1398 1394 1395
f 1398 1396 1394
f 1398 1393 1396
v 35.148 -35.707 24.868
v 34.567 -35.707 24.868
v 34.857 -35.707 24.577
v 34.857 -35.707 25.159
v 34.857 -35.460 24.868
v 34.857 -35.954 24.868
f 1403 1399 1401
f 1403 1401 1400
f 1403 1400 1402
f 1403 1402 1399
f 1404 1401 1399
f 1404 1400 1401
f 1404 1402 1400
f 1404 1399 1402
v 34.038 -32.980 25.779
v 33.538 -32.980 25.779
v 33.788 -32.980 25.529
v 33.788 -32.980 26.029
v 33.788 -32.768 25.779
v 33.788 -33.193 25.779
f 1409 1405 1407
f 1409 1407 1406
f 1409 1406 1408
f 1409 1408 1405
f 1410 1407 1405
f 1410 1406 1407
f 1410 1408 1406
f 1410 1405 1408
v 35.490 -30.315 28.067
v 34.990 -30.315 28.067
v 35.240 -30.315 27.817
v 35.240 -30.315 28.317
v 35.240 -30.102 28.067
v 35.240 -30.527 28.067
f 1415 1411 1413
f 1415 1413 1412
f 1415 1412 1414
f 1415 1414 1411
f 1416 1413 1411
f 1416 1412 1413
f 1416 1414 1412
f 1416 1411 1414
v 34.018 -28.449 29.389
v 33.518 -28.449 29.389
v 33.768 -28.449 29.139
v 33.768 -28.449 29.639
v 33.768 -28.237 29.389
v 33.768 -28.662 29.389
f 1421 1417 1419
f 1421 1419 1418
f 1421 1418 1420
f 1421 1420 1417
f 1422 1419 1417
f 1422 1418 1419
f 1422 1420 1418
f 1422 1417 1420
v 12.914 -13.874 20.764
v 12.414 -13.874 20.764
v 12.664 -13.874 20.514
v 12.664 -13.874 21.014
v 12.664 -13.662 20.764
v 12.664 -14.087 20.764
f 1427 1423 1425
f 1427 1425 1424
f 1427 1424 1426
f 1427 1426 1423
f 1428 1425 1423
f 1428 1424 1425
f 1428 1426 1424
f 1428 1423 1426
v 1.912 -2.975 24.476
v 1.412 -2.975 24.476
v 1.662 -2.975 24.226
v 1.662 -2.975 24.726
v 1.662 -2.762 24.476
v 1.662 -3.187 24.476
f 1433 1429 1431
f 1433 1431 1430
f 1433 1430 1432
f 1433 1432 1429
f 1434 1431 1429
f 1434 1430 1431
f 1434 1432 1430
f 1434 1429 1432
v -8.348 13.000 27.019
v -8.848 13.000 27.019
v -8.598 13.000 26.769
v -8.598 13.000 27.269
v -8.598 13.212 27.019
v -8.598 12.787 27.019
f 1439 1435 1437
f 1439 1437 1436
f 1439 1436 1438
f 1439 1438 1435
f 1440 1437 1435
f 1440 1436 1437
f 1440 1438 1436
f 1440 1435 1438
v -23.519 34.794 31.337
v -24.173 34.794 31.337
v -23.846 34.794 31.010
v -23.846 34.794 31.664
v -23.846 35.072 31.337
v -23.846 34.516 31.337
f 1445 1441 1443
f 1445 1443 1442
f 1445 1442 1444
f 1445 1444 1441
f 1446 1443 1441
f 1446 1442 1443
f 1446 1444 1442
f 1446 1441 1444
v 6.285 16.710 40.898
v 5.566 16.710 40.898
v 5.925 16.710 40.538
v 5.925 16.710 41.257
v 5.925 17.015 40.898
v 5.925 16.404 40.898
f 1451 1447 1449
f 1451 1449 1448
f 1451 1448 1450
f 1451 1450 1447
f 1452 1449 1447
f 1452 1448 1449
f 1452 1450 1448
f 1452 1447 1450
v 61.750 -37.544 34.069
v 61.169 -37.544 34.069
v 61.459 -37.544 33.778
v 61.459 -37.544 34.360
v 61.459 -37.296 34.069
v 61.459 -37.791 34.069
f 1457 1453 1455
f 1457 1455 1454
f 1457 1454 1456
f 1457 1456 1453
f 1458 1455 1453
f 1458 1454 1455
f 1458 1456 1454
f 1458 1453 1456
v 36.634 -16.143 37.157
v 36.134 -16.143 37.157
v 36.384 -16.143 36.907
v 36.384 -16.143 37.407
v 36.384 -15.930 37.157
v 36.384 -16.355 37.157
f 1463 1459 1461
f 1463 1461 1460
f 1463 1460 1462
f 1463 1462 1459
f 1464 1461 1459
f 1464 1460 1461
f 1464 1462 1460
f 1464 1459 1462
v 27.060 -4.126 30.097
v 26.406 -4.126 30.097
v 26.733 -4.126 29.770
v 26.733 -4.126 30.424
v 26.733 -3.848 30.097
v 26.733 -4.404 30.097
f 1469 1465 1467
f 1469 1467 1466
f 1469 1466 1468
f 1469 1468 1465
f 1470 1467 1465
f 1470 1466 1467
f 1470 1468 1466
f 1470 1465 1468
v 26.727 3.555 37.376
v 26.145 3.555 37.376
v 26.436 3.555 37.085
v 26.436 3.555 37.667
v 26.436 3.802 37.376
v 26.436 3.307 37.376
f 1475 1471 1473
f 1475 1473 1472
f 1475 1472 1474
f 1475 1474 1471
f 1476 1473 1471
f 1476 1472 1473
f 1476 1474 1472
f 1476 1471 1474
v 28.685 3.889 37.234
v 28.103 3.889 37.234
v 28.394 3.889 36.943
v 28.394 3.889 37.525
v 28.394 4.137 37.234
v 28.394 3.642 37.234
f 1481 1477 1479
f 1481 1479 1478
f 1481 1478 1480
f 1481 1480 1477
f 1482 1479 1477
f 1482 1478 1479
f 1482 1480 1478
f 1482 1477 1480
v 30.620 3.684 37.252
v 30.038 3.684 37.252
v 30.329 3.684 36.961
v 30.329 3.684 37.543
v 30.329 3.931 37.252
v 30.329 3.436 37.252
f 1487 1483 1485
f 1487 1485 1484
f 1487 1484 1486
f 1487 1486 1483
f 1488 1485 1483
f 1488 1484 1485
f 1488 1486 1484
f 1488 1483 1486
v 32.608 -0.372 32.577
v 32.108 -0.372 32.577
v 32.358 -0.372 32.327
v 32.358 -0.372 32.827
v 32.358 -0.159 32.577
v 32.358 -0.584 32.577
f 1493 1489 1491
f 1493 1491 1490
f 1493 1490 1492
f 1493 1492 1489
f 1494 1491 1489
f 1494 1490 1491
f 1494 1492 1490
f 1494 1489 1492
v 10.579 10.224 31.413
v 9.925 10.224 31.413
v 10.252 10.224 31.086
v 10.252 10.224 31.740
v 10.252 10.502 31.413
v 10.252 9.946 31.413
f 1499 1495 1497
f 1499 1497 1496
f 1499 1496 1498
f 1499 1498 1495
f 1500 1497 1495
f 1500 1496 1497
f 1500 1498 1496
f 1500 1495 1498
v 46.024 -5.554 32.187
v 45.524 -5.554 32.187
v 45.774 -5.554 31.937
v 45.774 -5.554 32.437
v 45.774 -5.342 32.187
v 45.774 -5.767 32.187
f 1505 1501 1503
f 1505 1503 1502
f 1505 1502 1504
f 1505 1504 1501
f 1506 1503 1501
f 1506 1502 1503
f 1506 1504 1502
f 1506 1501 1504
v 22.446 12.820 31.859
v 21.946 12.820 31.859
v 22.196 12.820 31.609
v 22.196 12.820 32.109
v 22.196 13.032 31.859
v 22.196 12.607 31.859
f 1511 1507 1509
f 1511 1509 1508
f 1511 1508 1510
f 1511 1510 1507
f 1512 1509 1507
f 1512 1508 1509
f 1512 1510 1508
f 1512 1507 1510
v 64.174 -0.546 35.474
v 63.674 -0.546 35.474
v 63.924 -0.546 35.224
v 63.924 -0.546 35.724
v 63.924 -0.333 35.474
v 63.924 -0.758 35.474
f 1517 1513 1515
f 1517 1515 1514
f 1517 1514 1516
f 1517 1516 1513
f 1518 1515 1513
f 1518 1514 1515
f 1518 1516 1514
f 1518 1513 1516
v -35.825 -35.845 33.268
v -36.406 -35.845 33.268
v -36.116 -35.845 32.978
v -36.116 -35.845 33.559
v -36.116 -35.597 33.268
v -36.116 -36.092 33.268
f 1523 1519 1521
f 1523 1521 1520
f 1523 1520 1522
f 1523 1522 1519
f 1524 1521 1519
f 1524 1520 1521
f 1524 1522 1520
f 1524 1519 1522
v -19.699 -57.718 43.014
v -20.418 -57.718 43.014
v -20.059 -57.718 42.654
v -20.059 -57.718 43.374
v -20.059 -57.413 43.014
v -20.059 -58.024 43.014
f 1529 1525 1527
f 1529 1527 1526
f 1529 1526 1528
f 1529 1528 1525
f 1530 1527 1525
f 1530 1526 1527
f 1530 1528 1526
f 1530 1525 1528
v -32.213 -28.494 30.308
v -32.713 -28.494 30.308
v -32.463 -28.494 30.058
v -32.463 -28.494 30.558
v -32.463 -28.282 30.308
v -32.463 -28.707 30.308
f 1535 1531 1533
f 1535 1533 1532
f 1535 1532 1534
f 1535 1534 1531
f 1536 1533 1531
f 1536 1532 1533
f 1536 1534 1532
f 1536 1531 1534
v -30.018 -29.826 32.971
v -30.600 -29.826 32.971
v -30.309 -29.826 32.680
v -30.309 -29.826 33.262
v -30.309 -29.579 32.971
v -30.309 -30.074 32.971
f 1541 1537 1539
f 1541 1539 1538
f 1541 1538 1540
f 1541 1540 1537
f 1542 1539 1537
f 1542 1538 1539
f 1542 1540 1538
f 1542 1537 1540
v -56.990 -9.171 30.858
v -57.490 -9.171 30.858
v -57.240 -9.171 30.608
v -57.240 -9.171 31.108
v -57.240 -8.958 30.858
v -57.240 -9.383 30.858
f 1547 1543 1545
f 1547 1545 1544
f 1547 1544 1546
f 1547 1546 1543
f 1548 1545 1543
f 1548 1544 1545
f 1548 1546 1544
f 1548 1543 1546
v -58.698 -8.205 38.664
v -59.198 -8.205 38.664
v -58.948 -8.205 38.414
v -58.948 -8.205 38.914
v -58.948 -7.993 38.664
v -58.948 -8.418 38.664
f 1553 1549 1551
f 1553 1551 1550
f 1553 1550 1552
f 1553 1552 1549
f 1554 1551 1549
f 1554 1550 1551
f 1554 1552 1550
f 1554 1549 1552
v -4.304 -54.525 42.932
v -4.804 -54.525 42.932
v -4.554 -54.525 42.682
v -4.554 -54.525 43.182
v -4.554 -54.313 42.932
v -4.554 -54.738 42.932
f 1559 1555 1557
f 1559 1557 1556
f 1559 1556 1558
f 1559 1558 1555
f 1560 1557 1555
f 1560 1556 1557
f 1560 1558 1556
f 1560 1555 1558
v -11.346 -45.792 40.305
v -11.846 -45.792 40.305
v -11.596 -45.792 40.055
v -11.596 -45.792 40.555
v -11.596 -45.580 40.305
v -11.596 -46.005 40.305
f 1565 1561 1563
f 1565 1563 1562
f 1565 1562 1564
f 1565 1564 1561
f 1566 1563 1561
f 1566 1562 1563
f 1566 1564 1562
f 1566 1561 1564
v -28.222 -25.429 33.425
v -28.722 -25.429 33.425
v -28.472 -25.429 33.175
v -28.472 -25.429 33.675
v -28.472 -25.216 33.425
v -28.472 -25.641 33.425
f 1571 1567 1569
f 1571 1569 1568
f 1571 1568 1570
f 1571 1570 1567
f 1572 1569 1567
f 1572 1568 1569
f 1572 1570 1568
f 1572 1567 1570
v -52.750 -3.747 31.953
v -53.250 -3.747 31.953
v -53.000 -3.747 31.703
v -53.000 -3.747 32.203
v -53.000 -3.534 31.953
v -53.000 -3.959 31.953
f 1577 1573 1575
f 1577 1575 1574
f 1577 1574 1576
f 1577 1576 1573
f 1578 1575 1573
f 1578 1574 1575
f 1578 1576 1574
f 1578 1573 1576
v -13.459 -42.076 37.323
v -13.959 -42.076 37.323
v -13.709 -42.076 37.073
v -13.709 -42.076 37.573
v -13.709 -41.863 37.323
v -13.709 -42.288 37.323
f 1583 1579 1581
f 1583 1581 1580
f 1583 1580 1582
f 1583 1582 1579
f 1584 1581 1579
f 1584 1580 1581
f 1584 1582 1580
f 1584 1579 1582
v -26.778 -29.771 30.541
v -27.278 -29.771 30.541
v -27.028 -29.771 30.291
v -27.028 -29.771 30.791
v -27.028 -29.558 30.541
v -27.028 -29.983 30.541
f 1589 1585 1587
f 1589 1587 1586
f 1589 1586 1588
f 1589 1588 1585
f 1590 1587 1585
f 1590 1586 1587
f 1590 1588 1586
f 1590 1585 1588
v -50.428 2.270 36.600
v -51.082 2.270 36.600
v -50.755 2.270 36.274
v -50.755 2.270 36.927
v -50.755 2.548 36.600
v -50.755 1.993 36.600
f 1595 1591 1593
f 1595 1593 1592
f 1595 1592 1594
f 1595 1594 1591
f 1596 1593 1591
f 1596 1592 1593
f 1596 1594 1592
f 1596 1591 1594
v 10.409 -41.834 35.837
v 9.909 -41.834 35.837
v 10.159 -41.834 35.587
v 10.159 -41.834 36.087
v 10.159 -41.621 35.837
v 10.159 -42.046 35.837
f 1601 1597 1599
f 1601 1599 1598
f 1601 1598 1600
f 1601 1600 1597
f 1602 1599 1597
f 1602 1598 1599
f 1602 1600 1598
f 1602 1597 1600
v -23.337 -1.545 27.696
v -23.919 -1.545 27.696
v -23.628 -1.545 27.405
v -23.628 -1.545 27.987
v -23.628 -1.297 27.696
v -23.628 -1.792 27.696
f 1607 1603 1605
f 1607 1605 1604
f 1607 1604 1606
f 1607 1606 1603
f 1608 1605 1603
f 1608 1604 1605
f 1608 1606 1604
f 1608 1603 1606
v -25.647 1.713 30.480
v -26.300 1.713 30.480
v -25.973 1.713 30.153
v -25.973 1.713 30.807
v -25.973 1.991 30.480
v -25.973 1.435 30.480
f 1613 1609 1611
f 1613 1611 1610
f 1613 1610 1612
f 1613 1612 1609
f 1614 1611 1609
f 1614 1610 1611
f 1614 1612 1610
f 1614 1609 1612
v -18.632 -2.823 26.394
v -19.132 -2.823 26.394
v -18.882 -2.823 26.144
v -18.882 -2.823 26.644
v -18.882 -2.611 26.394
v -18.882 -3.036 26.394
f 1619 1615 1617
f 1619 1617 1616
f 1619 1616 1618
f 1619 1618 1615
f 1620 1617 1615
f 1620 1616 1617
f 1620 1618 1616
f 1620 1615 1618
v -21.397 -6.201 33.836
v -21.897 -6.201 33.836
v -21.647 -6.201 33.586
v -21.647 -6.201 34.086
v -21.647 -5.988 33.836
v -21.647 -6.413 33.836
f 1625 1621 1623
f 1625 1623 1622
f 1625 1622 1624
f 1625 1624 1621
f 1626 1623 1621
f 1626 1622 1623
f 1626 1624 1622
f 1626 1621 1624
v -21.303 -3.167 34.157
v -21.885 -3.167 34.157
v -21.594 -3.167 33.866
v -21.594 -3.167 34.448
v -21.594 -2.920 34.157
v -21.594 -3.415 34.157
f 1631 1627 1629
f 1631 1629 1628
f 1631 1628 1630
f 1631 1630 1627
f 1632 1629 1627
f 1632 1628 1629
f 1632 1630 1628
f 1632 1627 1630
v -44.451 19.360 30.836
v -45.105 19.360 30.836
v -44.778 19.360 30.509
v -44.778 19.360 31.163
v -44.778 19.638 30.836
v -44.778 19.082 30.836
f 1637 1633 1635
f 1637 1635 1634
f 1637 1634 1636
f 1637 1636 1633
f 1638 1635 1633
f 1638 1634 1635
f 1638 1636 1634
f 1638 1633 1636
v 19.283 -44.807 38.438
v 18.783 -44.807 38.438
v 19.033 -44.807 38.188
v 19.033 -44.807 38.688
v 19.033 -44.594 38.438
v 19.033 -45.019 38.438
f 1643 1639 1641
f 1643 1641 1640
f 1643 1640 1642
f 1643 1642 1639
f 1644 1641 1639
f 1644 1640 1641
f 1644 1642 1640
f 1644 1639 1642
v 14.136 -39.574 39.880
v 13.554 -39.574 39.880
v 13.845 -39.574 39.589
v 13.845 -39.574 40.170
v 13.845 -39.326 39.880
v 13.845 -39.821 39.880
f 1649 1645 1647
f 1649 1647 1646
f 1649 1646 1648
f 1649 1648 1645
f 1650 1647 1645
f 1650 1646 1647
f 1650 1648 1646
f 1650 1645 1648
v 11.776 -32.767 32.864
v 11.195 -32.767 32.864
v 11.486 -32.767 32.573
v 11.486 -32.767 33.155
v 11.486 -32.519 32.864
v 11.486 -33.014 32.864
f 1655 1651 1653
f 1655 1653 1652
f 1655 1652 1654
f 1655 1654 1651
f 1656 1653 1651
f 1656 1652 1653
f 1656 1654 1652
f 1656 1651 1654
v 1.332 -28.060 32.402
v 0.832 -28.060 32.402
v 1.082 -28.060 32.152
v 1.082 -28.060 32.652
v 1.082 -27.848 32.402
v 1.082 -28.273 32.402
f 1661 1657 1659
f 1661 1659 1658
f 1661 1658 1660
f 1661 1660 1657
f 1662 1659 1657
f 1662 1658 1659
f 1662 1660 1658
f 1662 1657 1660
v 1.444 -22.051 31.729
v 0.944 -22.051 31.729
v 1.194 -22.051 31.479
v 1.194 -22.051 31.979
v 1.194 -21.839 31.729
v 1.194 -22.264 31.729
f 1667 1663 1665
f 1667 1665 1664
f 1667 1664 1666
f 1667 1666 1663
f 1668 1665 1663
f 1668 1664 1665
f 1668 1666 1664
f 1668 1663 1666
v -0.327 -19.377 36.531
v -0.827 -19.377 36.531
v -0.577 -19.377 36.281
v -0.577 -19.377 36.781
v -0.577 -19.164 36.531
v -0.577 -19.589 36.531
f 1673 1669 1671
f 1673 1671 1670
f 1673 1670 1672
f 1673 1672 1669
f 1674 1671 1669
f 1674 1670 1671
f 1674 1672 1670
f 1674 1669 1672
v -16.940 -2.928 29.140
v -17.440 -2.928 29.140
v -17.190 -2.928 28.890
v -17.190 -2.928 29.390
v -17.190 -2.715 29.140
v -17.190 -3.140 29.140
f 1679 1675 1677
f 1679 1677 1676
f 1679 1676 1678
f 1679 1678 1675
f 1680 1677 1675
f 1680 1676 1677
f 1680 1678 1676
f 1680 1675 1678
v -11.378 1.408 34.476
v -11.878 1.408 34.476
v -11.628 1.408 34.226
v -11.628 1.408 34.726
v -11.628 1.621 34.476
v -11.628 1.196 34.476
f 1685 1681 1683
f 1685 1683 1682
f 1685 1682 1684
f 1685 1684 1681
f 1686 1683 1681
f 1686 1682 1683
f 1686 1684 1682
f 1686 1681 1684
v -22.050 7.538 28.386
v -22.550 7.538 28.386
v -22.300 7.538 28.136
v -22.300 7.538 28.636
v -22.300 7.750 28.386
v -22.300 7.325 28.386
f 1691 1687 1689
f 1691 1689 1688
f 1691 1688 1690
f 1691 1690 1687
f 1692 1689 1687
f 1692 1688 1689
f 1692 1690 1688
f 1692 1687 1690
v -21.999 10.211 29.488
v -22.653 10.211 29.488
v -22.326 10.211 29.161
v -22.326 10.211 29.815
v -22.326 10.489 29.488
v -22.326 9.933 29.488
f 1697 1693 1695
f 1697 1695 1694
f 1697 1694 1696
f 1697 1696 1693
f 1698 1695 1693
f 1698 1694 1695
f 1698 1696 1694
f 1698 1693 1696
v -60.739 36.151 33.556
v -61.239 36.151 33.556
v -60.989 36.151 33.306
v -60.989 36.151 33.806
v -60.989 36.364 33.556
v -60.989 35.939 33.556
f 1703 1699 1701
f 1703 1701 1700
f 1703 1700 1702
f 1703 1702 1699
f 1704 1701 1699
f 1704 1700 1701
f 1704 1702 1700
f 1704 1699 1702
v 7.053 -4.685 34.617
v 6.553 -4.685 34.617
v 6.803 -4.685 34.367
v 6.803 -4.685 34.867
v 6.803 -4.473 34.617
v 6.803 -4.898 34.617
f 1709 1705 1707
f 1709 1707 1706
f 1709 1706 1708
f 1709 1708 1705
f 1710 1707 1705
f 1710 1706 1707
f 1710 1708 1706
f 1710 1705 1708
v 1.955 -0.094 33.079
v 1.455 -0.094 33.079
v 1.705 -0.094 32.829
v 1.705 -0.094 33.329
v 1.705 0.118 33.079
v 1.705 -0.307 33.079
f 1715 1711 1713
f 1715 1713 1712
f 1715 1712 1714
f 1715 1714 1711
f 1716 1713 1711
f 1716 1712 1713
f 1716 1714 1712
f 1716 1711 1714
v 4.166 20.177 40.159
v 3.584 20.177 40.159
v 3.875 20.177 39.868
v 3.875 20.177 40.450
v 3.875 20.425 40.159
v 3.875 19.930 40.159
f 1721 1717 1719
f 1721 1719 1718
f 1721 1718 1720
f 1721 1720 1717
f 1722 1719 1717
f 1722 1718 1719
f 1722 1720 1718
f 1722 1717 1720
v 5.022 18.704 38.529
v 4.303 18.704 38.529
v 4.662 18.704 38.170
v 4.662 18.704 38.889
v 4.662 19.010 38.529
v 4.662 18.399 38.529
f 1727 1723 1725
f 1727 1725 1724
f 1727 1724 1726
f 1727 1726 1723
f 1728 1725 1723
f 1728 1724 1725
f 1728 1726 1724
f 1728 1723 1726
v 7.173 17.121 44.401
v 6.591 17.121 44.401
v 6.882 17.121 44.110
v 6.882 17.121 44.692
v 6.882 17.368 44.401
v 6.882 16.874 44.401
f 1733 1729 1731
f 1733 1731 1730
f 1733 1730 1732
f 1733 1732 1729
f 1734 1731 1729
f 1734 1730 1731
f 1734 1732 1730
f 1734 1729 1732
v -9.806 38.934 36.492
v -10.306 38.934 36.492
v -10.056 38.934 36.242
v -10.056 38.934 36.742
v -10.056 39.146 36.492
v -10.056 38.721 36.492
f 1739 1735 1737
f 1739 1737 1736
f 1739 1736 1738
f 1739 1738 1735
f 1740 1737 1735
f 1740 1736 1737
f 1740 1738 1736
f 1740 1735 1738
v -32.144 55.962 41.757
v -32.644 55.962 41.757
v -32.394 55.962 41.507
v -32.394 55.962 42.007
v -32.394 56.174 41.757
v -32.394 55.749 41.757
f 1745 1741 1743
f 1745 1743 1742
f 1745 1742 1744
f 1745 1744 1741
f 1746 1743 1741
f 1746 1742 1743
f 1746 1744 1742
f 1746 1741 1744
v 55.006 -25.201 44.559
v 54.506 -25.201 44.559
v 54.756 -25.201 44.309
v 54.756 -25.201 44.809
v 54.756 -24.989 44.559
v 54.756 -25.414 44.559
f 1751 1747 1749
f 1751 1749 1748
f 1751 1748 1750
f 1751 1750 1747
f 1752 1749 1747
f 1752 1748 1749
f 1752 1750 1748
f 1752 1747 1750
v 43.302 -20.451 48.268
v 42.720 -20.451 48.268
v 43.011 -20.451 47.977
v 43.011 -20.451 48.559
v 43.011 -20.203 48.268
v 43.011 -20.698 48.268
f 1757 1753 1755
f 1757 1755 1754
f 1757 1754 1756
f 1757 1756 1753
f 1758 1755 1753
f 1758 1754 1755
f 1758 1756 1754
f 1758 1753 1756
v 45.960 -20.999 47.256
v 45.240 -20.999 47.256
v 45.600 -20.999 46.896
v 45.600 -20.999 47.616
v 45.600 -20.693 47.256
v 45.600 -21.304 47.256
f 1763 1759 1761
f 1763 1761 1760
f 1763 1760 1762
f 1763 1762 1759
f 1764 1761 1759
f 1764 1760 1761
f 1764 1762 1760
f 1764 1759 1762
v 49.252 -22.154 43.779
v 48.670 -22.154 43.779
v 48.961 -22.154 43.488
v 48.961 -22.154 44.070
v 48.961 -21.907 43.779
v 48.961 -22.401 43.779
f 1769 1765 1767
f 1769 1767 1766
f 1769 1766 1768
f 1769 1768 1765
f 1770 1767 1765
f 1770 1766 1767
f 1770 1768 1766
f 1770 1765 1768
v 18.297 25.822 36.306
v 17.797 25.822 36.306
v 18.047 25.822 36.056
v 18.047 25.822 36.556
v 18.047 26.034 36.306
v 18.047 25.609 36.306
f 1775 1771 1773
f 1775 1773 1772
f 1775 1772 1774
f 1775 1774 1771
f 1776 1773 1771
f 1776 1772 1773
f 1776 1774 1772
f 1776 1771 1774
v -6.080 48.054 36.311
v -6.580 48.054 36.311
v -6.330 48.054 36.061
v -6.330 48.054 36.561
v -6.330 48.266 36.311
v -6.330 47.841 36.311
f 1781 1777 1779
f 1781 1779 1778
f 1781 1778 1780
f 1781 1780 1777
f 1782 1779 1777
f 1782 1778 1779
f 1782 1780 1778
f 1782 1777 1780
v -20.566 50.732 38.831
v -21.148 50.732 38.831
v -20.857 50.732 38.540
v -20.857 50.732 39.121
v -20.857 50.980 38.831
v -20.857 50.485 38.831
f 1787 1783 1785
f 1787 1785 1784
f 1787 1784 1786
f 1787 1786 1783
f 1788 1785 1783
f 1788 1784 1785
f 1788 1786 1784
f 1788 1783 1786
v -15.455 47.949 38.603
v -16.109 47.949 38.603
v -15.782 47.949 38.276
v -15.782 47.949 38.930
v -15.782 48.226 38.603
v -15.782 47.671 38.603
f 1793 1789 1791
f 1793 1791 1790
f 1793 1790 1792
f 1793 1792 1789
f 1794 1791 1789
f 1794 1790 1791
f 1794 1792 1790
f 1794 1789 1792
v -14.995 49.474 42.697
v -15.649 49.474 42.697
v -15.322 49.474 42.370
v -15.322 49.474 43.024
v -15.322 49.752 42.697
v -15.322 49.196 42.697
f 1799 1795 1797
f 1799 1797 1796
f 1799 1796 1798
f 1799 1798 1795
f 1800 1797 1795
f 1800 1796 1797
f 1800 1798 1796
f 1800 1795 1798
v 63.864 -19.795 44.102
v 63.210 -19.795 44.102
v 63.537 -19.795 43.775
v 63.537 -19.795 44.429
v 63.537 -19.517 44.102
v 63.537 -20.073 44.102
f 1805 1801 1803
f 1805 1803 1802
f 1805 1802 1804
f 1805 1804 1801
f 1806 1803 1801
f 1806 1802 1803
f 1806 1804 1802
f 1806 1801 1804
v 46.605 -0.415 39.802
v 46.023 -0.415 39.802
v 46.314 -0.415 39.511
v 46.314 -0.415 40.093
v 46.314 -0.168 39.802
v 46.314 -0.663 39.802
f 1811 1807 1809
f 1811 1809 1808
f 1811 1808 1810
f 1811 1810 1807
f 1812 1809 1807
f 1812 1808 1809
f 1812 1810 1808
f 1812 1807 1810
v 18.816 29.320 43.985
v 18.234 29.320 43.985
v 18.525 29.320 43.694
v 18.525 29.320 44.276
v 18.525 29.568 43.985
v 18.525 29.073 43.985
f 1817 1813 1815
f 1817 1815 1814
f 1817 1814 1816
f 1817 1816 1813
f 1818 1815 1813
f 1818 1814 1815
f 1818 1816 1814
f 1818 1813 1816
v 35.901 47.698 42.243
v 35.247 47.698 42.243
v 35.574 47.698 41.916
v 35.574 47.698 42.570
v 35.574 47.975 42.243
v 35.574 47.420 42.243
f 1823 1819 1821
f 1823 1821 1820
f 1823 1820 1822
f 1823 1822 1819
f 1824 1821 1819
f 1824 1820 1821
f 1824 1822 1820
f 1824 1819 1822
v 38.478 49.152 39.488
v 37.896 49.152 39.488
v 38.187 49.152 39.197
v 38.187 49.152 39.779
v 38.187 49.400 39.488
v 38.187 48.905 39.488
f 1829 1825 1827
f 1829 1827 1826
f 1829 1826 1828
f 1829 1828 1825
f 1830 1827 1825
f 1830 1826 1827
f 1830 1828 1826
f 1830 1825 1828
v -20.473 -58.434 47.108
v -21.055 -58.434 47.108
v -20.764 -58.434 46.817
v -20.764 -58.434 47.398
v -20.764 -58.187 47.108
v -20.764 -58.681 47.108
f 1835 1831 1833
f 1835 1833 1832
f 1835 1832 1834
f 1835 1834 1831
f 1836 1833 1831
f 1836 1832 1833
f 1836 1834 1832
f 1836 1831 1834
v -21.266 -56.714 49.324
v -21.848 -56.714 49.324
v -21.557 -56.714 49.033
v -21.557 -56.714 49.614
v -21.557 -56.466 49.324
v -21.557 -56.961 49.324
f 1841 1837 1839
f 1841 1839 1838
f 1841 1838 1840
f 1841 1840 1837
f 1842 1839 1837
f 1842 1838 1839
f 1842 1840 1838
f 1842 1837 1840
v -60.098 -7.054 42.768
v -60.598 -7.054 42.768
v -60.348 -7.054 42.518
v -60.348 -7.054 43.018
v -60.348 -6.842 42.768
v -60.348 -7.267 42.768
f 1847 1843 1845
f 1847 1845 1844
f 1847 1844 1846
f 1847 1846 1843
f 1848 1845 1843
f 1848 1844 1845
f 1848 1846 1844
f 1848 1843 1846
v -3.556 -55.172 45.308
v -4.056 -55.172 45.308
v -3.806 -55.172 45.058
v -3.806 -55.172 45.558
v -3.806 -54.960 45.308
v -3.806 -55.385 45.308
f 1853 1849 1851
f 1853 1851 1850
f 1853 1850 1852
f 1853 1852 1849
f 1854 1851 1849
f 1854 1850 1851
f 1854 1852 1850
f 1854 1849 1852
v -29.063 -32.089 40.987
v -29.563 -32.089 40.987
v -29.313 -32.089 40.737
v -29.313 -32.089 41.237
v -29.313 -31.876 40.987
v -29.313 -32.301 40.987
f 1859 1855 1857
f 1859 1857 1856
f 1859 1856 1858
f 1859 1858 1855
f 1860 1857 1855
f 1860 1856 1857
f 1860 1858 1856
f 1860 1855 1858
v -28.300 -31.856 42.190
v -28.800 -31.856 42.190
v -28.550 -31.856 41.940
v -28.550 -31.856 42.440
v -28.550 -31.643 42.190
v -28.550 -32.068 42.190
f 1865 1861 1863
f 1865 1863 1862
f 1865 1862 1864
f 1865 1864 1861
f 1866 1863 1861
f 1866 1862 1863
f 1866 1864 1862
f 1866 1861 1864
v -28.861 -31.318 43.739
v -29.580 -31.318 43.739
v -29.220 -31.318 43.380
v -29.220 -31.318 44.099
v -29.220 -31.012 43.739
v -29.220 -31.624 43.739
f 1871 1867 1869
f 1871 1869 1868
f 1871 1868 1870
f 1871 1870 1867
f 1872 1869 1867
f 1872 1868 1869
f 1872 1870 1868
f 1872 1867 1870
v -49.767 -7.590 38.458
v -50.267 -7.590 38.458
v -50.017 -7.590 38.208
v -50.017 -7.590 38.708
v -50.017 -7.378 38.458
v -50.017 -7.803 38.458
f 1877 1873 1875
f 1877 1875 1874
f 1877 1874 1876
f 1877 1876 1873
f 1878 1875 1873
f 1878 1874 1875
f 1878 1876 1874
f 1878 1873 1876
v -52.139 2.188 39.947
v -52.639 2.188 39.947
v -52.389 2.188 39.697
v -52.389 2.188 40.197
v -52.389 2.400 39.947
v -52.389 1.975 39.947
f 1883 1879 1881
f 1883 1881 1880
f 1883 1880 1882
f 1883 1882 1879
f 1884 1881 1879
f 1884 1880 1881
f 1884 1882 1880
f 1884 1879 1882
v -32.957 -4.542 39.308
v -33.457 -4.542 39.308
v -33.207 -4.542 39.058
v -33.207 -4.542 39.558
v -33.207 -4.330 39.308
v -33.207 -4.755 39.308
f 1889 1885 1887
f 1889 1887 1886
f 1889 1886 1888
f 1889 1888 1885
f 1890 1887 1885
f 1890 1886 1887
f 1890 1888 1886
f 1890 1885 1888
v -4.555 -35.593 42.500
v -5.055 -35.593 42.500
v -4.805 -35.593 42.250
v -4.805 -35.593 42.750
v -4.805 -35.381 42.500
v -4.805 -35.806 42.500
f 1895 1891 1893
f 1895 1893 1892
f 1895 1892 1894
f 1895 1894 1891
f 1896 1893 1891
f 1896 1892 1893
f 1896 1894 1892
f 1896 1891 1894
v -25.761 -0.422 38.746
v -26.415 -0.422 38.746
v -26.088 -0.422 38.419
v -26.088 -0.422 39.073
v -26.088 -0.144 38.746
v -26.088 -0.700 38.746
f 1901 1897 1899
f 1901 1899 1898
f 1901 1898 1900
f 1901 1900 1897
f 1902 1899 1897
f 1902 1898 1899
f 1902 1900 1898
f 1902 1897 1900
v -21.616 0.209 36.195
v -22.116 0.209 36.195
v -21.866 0.209 35.945
v -21.866 0.209 36.445
v -21.866 0.421 36.195
v -21.866 -0.004 36.195
f 1907 1903 1905
f 1907 1905 1904
f 1907 1904 1906
f 1907 1906 1903
f 1908 1905 1903
f 1908 1904 1905
f 1908 1906 1904
f 1908 1903 1906
v 29.237 -53.833 44.727
v 28.518 -53.833 44.727
v 28.877 -53.833 44.368
v 28.877 -53.833 45.087
v 28.877 -53.527 44.727
v 28.877 -54.138 44.727
f 1913 1909 1911
f 1913 1911 1910
f 1913 1910 1912
f 1913 1912 1909
f 1914 1911 1909
f 1914 1910 1911
f 1914 1912 1910
f 1914 1909 1912
v -27.418 7.508 46.857
v -27.918 7.508 46.857
v -27.668 7.508 46.607
v -27.668 7.508 47.107
v -27.668 7.720 46.857
v -27.668 7.295 46.857
f 1919 1915 1917
f 1919 1917 1916
f 1919 1916 1918
f 1919 1918 1915
f 1920 1917 1915
f 1920 1916 1917
f 1920 1918 1916
f 1920 1915 1918
v -24.912 7.766 43.307
v -25.412 7.766 43.307
v -25.162 7.766 43.057
v -25.162 7.766 43.557
v -25.162 7.978 43.307
v -25.162 7.553 43.307
f 1925 1921 1923
f 1925 1923 1922
f 1925 1922 1924
f 1925 1924 1921
f 1926 1923 1921
f 1926 1922 1923
f 1926 1924 1922
f 1926 1921 1924
v -3.987 -9.585 43.329
v -4.706 -9.585 43.329
v -4.346 -9.585 42.970
v -4.346 -9.585 43.689
v -4.346 -9.280 43.329
v -4.346 -9.891 43.329
f 1931 1927 1929
f 1931 1929 1928
f 1931 1928 1930
f 1931 1930 1927
f 1932 1929 1927
f 1932 1928 1929
f 1932 1930 1928
f 1932 1927 1930
v 6.243 -4.515 36.175
v 5.743 -4.515 36.175
v 5.993 -4.515 35.925
v 5.993 -4.515 36.425
v 5.993 -4.303 36.175
v 5.993 -4.728 36.175
f 1937 1933 1935
f 1937 1935 1934
f 1937 1934 1936
f 1937 1936 1933
f 1938 1935 1933
f 1938 1934 1935
f 1938 1936 1934
f 1938 1933 1936
v 35.959 -24.649 57.911
v 35.377 -24.649 57.911
v 35.668 -24.649 57.620
v 35.668 -24.649 58.202
v 35.668 -24.402 57.911
v 35.668 -24.897 57.911
f 1943 1939 1941
f 1943 1941 1940
f 1943 1940 1942
f 1943 1942 1939
f 1944 1941 1939
f 1944 1940 1941
f 1944 1942 1940
f 1944 1939 1942
v 9.304 17.435 52.865
v 8.804 17.435 52.865
v 9.054 17.435 52.615
v 9.054 17.435 53.115
v 9.054 17.648 52.865
v 9.054 17.223 52.865
f 1949 1945 1947
f 1949 1947 1946
f 1949 1946 1948
f 1949 1948 1945
f 1950 1947 1945
f 1950 1946 1947
f 1950 1948 1946
f 1950 1945 1948
v -1.136 26.672 50.232
v -1.636 26.672 50.232
v -1.386 26.672 49.982
v -1.386 26.672 50.482
v -1.386 26.884 50.232
v -1.386 26.459 50.232
f 1955 1951 1953
f 1955 1953 1952
f 1955 1952 1954
f 1955 1954 1951
f 1956 1953 1951
f 1956 1952 1953
f 1956 1954 1952
f 1956 1951 1954
v 31.598 10.976 54.157
v 30.944 10.976 54.157
v 31.271 10.976 53.830
v 31.271 10.976 54.484
v 31.271 11.254 54.157
v 31.271 10.698 54.157
f 1961 1957 1959
f 1961 1959 1958
f 1961 1958 1960
f 1961 1960 1957
f 1962 1959 1957
f 1962 1958 1959
f 1962 1960 1958
f 1962 1957 1960
v 32.205 9.838 51.477
v 31.552 9.838 51.477
v 31.878 9.838 51.150
v 31.878 9.838 51.804
v 31.878 10.116 51.477
v 31.878 9.561 51.477
f 1967 1963 1965
f 1967 1965 1964
f 1967 1964 1966
f 1967 1966 1963
f 1968 1965 1963
f 1968 1964 1965
f 1968 1966 1964
f 1968 1963 1966
v -37.208 -30.793 54.504
v -37.789 -30.793 54.504
v -37.498 -30.793 54.213
v -37.498 -30.793 54.794
v -37.498 -30.546 54.504
v -37.498 -31.041 54.504
f 1973 1969 1971
f 1973 1971 1970
f 1973 1970 1972
f 1973 1972 1969
f 1974 1971 1969
f 1974 1970 1971
f 1974 1972 1970
f 1974 1969 1972
v -34.651 -26.043 50.031
v -35.151 -26.043 50.031
v -34.901 -26.043 49.781
v -34.901 -26.043 50.281
v -34.901 -25.831 50.031
v -34.901 -26.256 50.031
f 1979 1975 1977
f 1979 1977 1976
f 1979 1976 1978
f 1979 1978 1975
f 1980 1977 1975
f 1980 1976 1977
f 1980 1978 1976
f 1980 1975 1978
v -36.073 -23.874 52.711
v -36.655 -23.874 52.711
v -36.364 -23.874 52.420
v -36.364 -23.874 53.002
v -36.364 -23.626 52.711
v -36.364 -24.121 52.711
f 1985 1981 1983
f 1985 1983 1982
f 1985 1982 1984
f 1985 1984 1981
f 1986 1983 1981
f 1986 1982 1983
f 1986 1984 1982
f 1986 1981 1984
v -35.295 -28.663 56.226
v -35.877 -28.663 56.226
v -35.586 -28.663 55.935
v -35.586 -28.663 56.517
v -35.586 -28.416 56.226
v -35.586 -28.911 56.226
f 1991 1987 1989
f 1991 1989 1988
f 1991 1988 1990
f 1991 1990 1987
f 1992 1989 1987
f 1992 1988 1989
f 1992 1990 1988
f 1992 1987 1990
v -17.960 -44.661 57.507
v -18.460 -44.661 57.507
v -18.210 -44.661 57.257
v -18.210 -44.661 57.757
v -18.210 -44.448 57.507
v -18.210 -44.873 57.507
f 1997 1993 1995
f 1997 1995 1994
f 1997 1994 1996
f 1997 1996 1993
f 1998 1995 1993
f 1998 1994 1995
f 1998 1996 1994
f 1998 1993 1996
v -52.223 1.737 48.264
v -52.723 1.737 48.264
v -52.473 1.737 48.014
v -52.473 1.737 48.514
v -52.473 1.949 48.264
v -52.473 1.524 48.264
f 2003 1999 2001
f 2003 2001 2000
f 2003 2000 2002
f 2003 2002 1999
f 2004 2001 1999
f 2004 2000 2001
f 2004 2002 2000
f 2004 1999 2002
v -61.934 6.569 46.396
v -62.434 6.569 46.396
v -62.184 6.569 46.146
v -62.184 6.569 46.646
v -62.184 6.782 46.396
v -62.184 6.357 46.396
f 2009 2005 2007
f 2009 2007 2006
f 2009 2006 2008
f 2009 2008 2005
f 2010 2007 2005
f 2010 2006 2007
f 2010 2008 2006
f 2010 2005 2008
v 0.678 -47.061 55.948
v 0.024 -47.061 55.948
v 0.351 -47.061 55.621
v 0.351 -47.061 56.275
v 0.351 -46.783 55.948
v 0.351 -47.339 55.948
f 2015 2011 2013
f 2015 2013 2012
f 2015 2012 2014
f 2015 2014 2011
f 2016 2013 2011
f 2016 2012 2013
f 2016 2014 2012
f 2016 2011 2014
v 0.811 -44.915 58.117
v 0.311 -44.915 58.117
v 0.561 -44.915 57.867
v 0.561 -44.915 58.367
v 0.561 -44.702 58.117
v 0.561 -45.127 58.117
f 2021 2017 2019
f 2021 2019 2018
f 2021 2018 2020
f 2021 2020 2017
f 2022 2019 2017
f 2022 2018 2019
f 2022 2020 2018
f 2022 2017 2020
v -20.823 -5.000 55.102
v -21.323 -5.000 55.102
v -21.073 -5.000 54.852
v -21.073 -5.000 55.352
v -21.073 -4.788 55.102
v -21.073 -5.213 55.102
f 2027 2023 2025
f 2027 2025 2024
f 2027 2024 2026
f 2027 2026 2023
f 2028 2025 2023
f 2028 2024 2025
f 2028 2026 2024
f 2028 2023 2026
v -46.907 14.499 46.319
v -47.407 14.499 46.319
v -47.157 14.499 46.069
v -47.157 14.499 46.569
v -47.157 14.711 46.319
v -47.157 14.286 46.319
f 2033 2029 2031
f 2033 2031 2030
f 2033 2030 2032
f 2033 2032 2029
f 2034 2031 2029
f 2034 2030 2031
f 2034 2032 2030
f 2034 2029 2032
v -27.711 15.867 53.365
v -28.211 15.867 53.365
v -27.961 15.867 53.115
v -27.961 15.867 53.615
v -27.961 16.080 53.365
v -27.961 15.655 53.365
f 2039 2035 2037
f 2039 2037 2036
f 2039 2036 2038
f 2039 2038 2035
f 2040 2037 2035
f 2040 2036 2037
f 2040 2038 2036
f 2040 2035 2038
v -4.576 -8.690 48.858
v -5.158 -8.690 48.858
v -4.867 -8.690 48.567
v -4.867 -8.690 49.149
v -4.867 -8.442 48.858
v -4.867 -8.937 48.858
f 2045 2041 2043
f 2045 2043 2042
f 2045 2042 2044
f 2045 2044 2041
f 2046 2043 2041
f 2046 2042 2043
f 2046 2044 2042
f 2046 2041 2044
v -23.431 17.054 51.385
v -24.012 17.054 51.385
v -23.721 17.054 51.094
v -23.721 17.054 51.676
v -23.721 17.302 51.385
v -23.721 16.807 51.385
f 2051 2047 2049
f 2051 2049 2048
f 2051 2048 2050
f 2051 2050 2047
f 2052 2049 2047
f 2052 2048 2049
f 2052 2050 2048
f 2052 2047 2050
v 2.771 -8.202 49.163
v 2.189 -8.202 49.163
v 2.480 -8.202 48.872
v 2.480 -8.202 49.454
v 2.480 -7.955 49.163
v 2.480 -8.449 49.163
f 2057 2053 2055
f 2057 2055 2054
f 2057 2054 2056
f 2057 2056 2053
f 2058 2055 2053
f 2058 2054 2055
f 2058 2056 2054
f 2058 2053 2056
v 2.925 -5.955 50.306
v 2.344 -5.955 50.306
v 2.634 -5.955 50.015
v 2.634 -5.955 50.597
v 2.634 -5.708 50.306
v 2.634 -6.202 50.306
f 2063 2059 2061
f 2063 2061 2060
f 2063 2060 2062
f 2063 2062 2059
f 2064 2061 2059
f 2064 2060 2061
f 2064 2062 2060
f 2064 2059 2062
v 3.754 -3.877 46.905
v 3.172 -3.877 46.905
v 3.463 -3.877 46.614
v 3.463 -3.877 47.196
v 3.463 -3.629 46.905
v 3.463 -4.124 46.905
f 2069 2065 2067
f 2069 2067 2066
f 2069 2066 2068
f 2069 2068 2065
f 2070 2067 2065
f 2070 2066 2067
f 2070 2068 2066
f 2070 2065 2068
v -15.847 24.679 56.540
v -16.429 24.679 56.540
v -16.138 24.679 56.249
v -16.138 24.679 56.831
v -16.138 24.926 56.540
v -16.138 24.431 56.540
f 2075 2071 2073
f 2075 2073 2072
f 2075 2072 2074
f 2075 2074 2071
f 2076 2073 2071
f 2076 2072 2073
f 2076 2074 2072
f 2076 2071 2074
v -14.005 24.871 59.355
v -14.658 24.871 59.355
v -14.332 24.871 59.028
v -14.332 24.871 59.682
v -14.332 25.149 59.355
v -14.332 24.593 59.355
f 2081 2077 2079
f 2081 2079 2078
f 2081 2078 2080
f 2081 2080 2077
f 2082 2079 2077
f 2082 2078 2079
f 2082 2080 2078
f 2082 2077 2080
v -10.806 26.382 59.950
v -11.306 26.382 59.950
v -11.056 26.382 59.700
v -11.056 26.382 60.200
v -11.056 26.594 59.950
v -11.056 26.169 59.950
f 2087 2083 2085
f 2087 2085 2084
f 2087 2084 2086
f 2087 2086 2083
f 2088 2085 2083
f 2088 2084 2085
f 2088 2086 2084
f 2088 2083 2086
v -19.931 31.548 60.787
v -20.431 31.548 60.787
v -20.181 31.548 60.537
v -20.181 31.548 61.037
v -20.181 31.760 60.787
v -20.181 31.335 60.787
f 2093 2089 2091
f 2093 2091 2090
f 2093 2090 2092
f 2093 2092 2089
f 2094 2091 2089
f 2094 2090 2091
f 2094 2092 2090
f 2094 2089 2092
v 2.488 19.145 61.344
v 1.988 19.145 61.344
v 2.238 19.145 61.094
v 2.238 19.145 61.594
v 2.238 19.358 61.344
v 2.238 18.933 61.344
f 2099 2095 2097
f 2099 2097 2096
f 2099 2096 2098
f 2099 2098 2095
f 2100 2097 2095
f 2100 2096 2097
f 2100 2098 2096
f 2100 2095 2098
v 4.440 20.482 56.462
v 3.858 20.482 56.462
v 4.149 20.482 56.171
v 4.149 20.482 56.753
v 4.149 20.729 56.462
v 4.149 20.235 56.462
f 2105 2101 2103
f 2105 2103 2102
f 2105 2102 2104
f 2105 2104 2101
f 2106 2103 2101
f 2106 2102 2103
f 2106 2104 2102
f 2106 2101 2104
v -4.052 26.318 55.182
v -4.552 26.318 55.182
v -4.302 26.318 54.932
v -4.302 26.318 55.432
v -4.302 26.530 55.182
v -4.302 26.105 55.182
f 2111 2107 2109
f 2111 2109 2108
f 2111 2108 2110
f 2111 2110 2107
f 2112 2109 2107
f 2112 2108 2109
f 2112 2110 2108
f 2112 2107 2110
v 2.687 22.651 55.299
v 2.187 22.651 55.299
v 2.437 22.651 55.049
v 2.437 22.651 55.549
v 2.437 22.863 55.299
v 2.437 22.438 55.299
f 2117 2113 2115
f 2117 2115 2114
f 2117 2114 2116
f 2117 2116 2113
f 2118 2115 2113
f 2118 2114 2115
f 2118 2116 2114
f 2118 2113 2116
v -8.721 32.709 62.110
v -9.221 32.709 62.110
v -8.971 32.709 61.860
v -8.971 32.709 62.360
v -8.971 32.922 62.110
v -8.971 32.497 62.110
f 2123 2119 2121
f 2123 2121 2120
f 2123 2120 2122
f 2123 2122 2119
f 2124 2121 2119
f 2124 2120 2121
f 2124 2122 2120
f 2124 2119 2122
v -8.670 42.862 61.227
v -9.252 42.862 61.227
v -8.961 42.862 60.936
v -8.961 42.862 61.518
v -8.961 43.109 61.227
v -8.961 42.614 61.227
f 2129 2125 2127
f 2129 2127 2126
f 2129 2126 2128
f 2129 2128 2125
f 2130 2127 2125
f 2130 2126 2127
f 2130 2128 2126
f 2130 2125 2128
v 30.699 13.118 57.995
v 29.980 13.118 57.995
v 30.340 13.118 57.636
v 30.340 13.118 58.355
v 30.340 13.423 57.995
v 30.340 12.812 57.995
f 2135 2131 2133
f 2135 2133 2132
f 2135 2132 2134
f 2135 2134 2131
f 2136 2133 2131
f 2136 2132 2133
f 2136 2134 2132
f 2136 2131 2134
v 23.547 20.046 54.791
v 23.047 20.046 54.791
v 23.297 20.046 54.541
v 23.297 20.046 55.041
v 23.297 20.259 54.791
v 23.297 19.834 54.791
f 2141 2137 2139
f 2141 2139 2138
f 2141 2138 2140
f 2141 2140 2137
f 2142 2139 2137
f 2142 2138 2139
f 2142 2140 2138
f 2142 2137 2140
v 21.083 43.498 59.461
v 20.583 43.498 59.461
v 20.833 43.498 59.211
v 20.833 43.498 59.711
v 20.833 43.710 59.461
v 20.833 43.285 59.461
f 2147 2143 2145
f 2147 2145 2144
f 2147 2144 2146
f 2147 2146 2143
f 2148 2145 2143
f 2148 2144 2145
f 2148 2146 2144
f 2148 2143 2146
v -34.465 -22.237 66.851
v -35.184 -22.237 66.851
v -34.825 -22.237 66.491
v -34.825 -22.237 67.210
v -34.825 -21.931 66.851
v -34.825 -22.542 66.851
f 2153 2149 2151
f 2153 2151 2150
f 2153 2150 2152
f 2153 2152 2149
f 2154 2151 2149
f 2154 2150 2151
f 2154 2152 2150
f 2154 2149 2152
v -41.515 -23.091 60.933
v -42.015 -23.091 60.933
v -41.765 -23.091 60.683
v -41.765 -23.091 61.183
v -41.765 -22.879 60.933
v -41.765 -23.304 60.933
f 2159 2155 2157
f 2159 2157 2156
f 2159 2156 2158
f 2159 2158 2155
f 2160 2157 2155
f 2160 2156 2157
f 2160 2158 2156
f 2160 2155 2158
v -39.567 -10.763 61.373
v -40.067 -10.763 61.373
v -39.817 -10.763 61.123
v -39.817 -10.763 61.623
v -39.817 -10.550 61.373
v -39.817 -10.975 61.373
f 2165 2161 2163
f 2165 2163 2162
f 2165 2162 2164
f 2165 2164 2161
f 2166 2163 2161
f 2166 2162 2163
f 2166 2164 2162
f 2166 2161 2164
v -38.619 -11.645 62.669
v -39.119 -11.645 62.669
v -38.869 -11.645 62.419
v -38.869 -11.645 62.919
v -38.869 -11.432 62.669
v -38.869 -11.857 62.669
f 2171 2167 2169
f 2171 2169 2168
f 2171 2168 2170
f 2171 2170 2167
f 2172 2169 2167
f 2172 2168 2169
f 2172 2170 2168
f 2172 2167 2170
v -48.805 4.076 56.804
v -49.305 4.076 56.804
v -49.055 4.076 56.554
v -49.055 4.076 57.054
v -49.055 4.289 56.804
v -49.055 3.864 56.804
f 2177 2173 2175
f 2177 2175 2174
f 2177 2174 2176
f 2177 2176 2173
f 2178 2175 2173
f 2178 2174 2175
f 2178 2176 2174
f 2178 2173 2176
v 0.967 -39.101 65.757
v 0.385 -39.101 65.757
v 0.676 -39.101 65.466
v 0.676 -39.101 66.048
v 0.676 -38.854 65.757
v 0.676 -39.348 65.757
f 2183 2179 2181
f 2183 2181 2180
f 2183 2180 2182
f 2183 2182 2179
f 2184 2181 2179
f 2184 2180 2181
f 2184 2182 2180
f 2184 2179 2182
v 0.447 -15.569 56.837
v -0.053 -15.569 56.837
v 0.197 -15.569 56.587
v 0.197 -15.569 57.087
v 0.197 -15.357 56.837
v 0.197 -15.782 56.837
f 2189 2185 2187
f 2189 2187 2186
f 2189 2186 2188
f 2189 2188 2185
f 2190 2187 2185
f 2190 2186 2187
f 2190 2188 2186
f 2190 2185 2188
v -23.918 20.414 57.205
v -24.418 20.414 57.205
v -24.168 20.414 56.955
v -24.168 20.414 57.455
v -24.168 20.626 57.205
v -24.168 20.201 57.205
f 2195 2191 2193
f 2195 2193 2192
f 2195 2192 2194
f 2195 2194 2191
f 2196 2193 2191
f 2196 2192 2193
f 2196 2194 2192
f 2196 2191 2194
v 0.709 9.601 65.435
v -0.010 9.601 65.435
v 0.349 9.601 65.076
v 0.349 9.601 65.795
v 0.349 9.907 65.435
v 0.349 9.296 65.435
f 2201 2197 2199
f 2201 2199 2198
f 2201 2198 2200
f 2201 2200 2197
f 2202 2199 2197
f 2202 2198 2199
f 2202 2200 2198
f 2202 2197 2200
v 3.707 16.496 65.700
v 2.988 16.496 65.700
v 3.348 16.496 65.341
v 3.348 16.496 66.060
v 3.348 16.801 65.700
v 3.348 16.190 65.700
f 2207 2203 2205
f 2207 2205 2204
f 2207 2204 2206
f 2207 2206 2203
f 2208 2205 2203
f 2208 2204 2205
f 2208 2206 2204
f 2208 2203 2206
v -14.570 27.378 64.585
v -15.224 27.378 64.585
v -14.897 27.378 64.258
v -14.897 27.378 64.912
v -14.897 27.656 64.585
v -14.897 27.100 64.585
f 2213 2209 2211
f 2213 2211 2210
f 2213 2210 2212
f 2213 2212 2209
f 2214 2211 2209
f 2214 2210 2211
f 2214 2212 2210
f 2214 2209 2212
v -16.374 32.088 68.582
v -16.874 32.088 68.582
v -16.624 32.088 68.332
v -16.624 32.088 68.832
v -16.624 32.300 68.582
v -16.624 31.875 68.582
f 2219 2215 2217
f 2219 2217 2216
f 2219 2216 2218
f 2219 2218 2215
f 2220 2217 2215
f 2220 2216 2217
f 2220 2218 2216
f 2220 2215 2218
v 5.479 22.343 63.385
v 4.979 22.343 63.385
v 5.229 22.343 63.135
v 5.229 22.343 63.635
v 5.229 22.556 63.385
v 5.229 22.131 63.385
f 2225 2221 2223
f 2225 2223 2222
f 2225 2222 2224
f 2225 2224 2221
f 2226 2223 2221
f 2226 2222 2223
f 2226 2224 2222
f 2226 2221 2224
v 9.942 19.913 72.530
v 9.223 19.913 72.530
v 9.583 19.913 72.170
v 9.583 19.913 72.889
v 9.583 20.219 72.530
v 9.583 19.608 72.530
f 2231 2227 2229
f 2231 2229 2228
f 2231 2228 2230
f 2231 2230 2227
f 2232 2229 2227
f 2232 2228 2229
f 2232 2230 2228
f 2232 2227 2230
v -6.060 30.158 64.114
v -6.642 30.158 64.114
v -6.351 30.158 63.823
v -6.351 30.158 64.405
v -6.351 30.406 64.114
v -6.351 29.911 64.114
f 2237 2233 2235
f 2237 2235 2234
f 2237 2234 2236
f 2237 2236 2233
f 2238 2235 2233
f 2238 2234 2235
f 2238 2236 2234
f 2238 2233 2236
v 8.341 12.952 64.251
v 7.841 12.952 64.251
v 8.091 12.952 64.001
v 8.091 12.952 64.501
v 8.091 13.165 64.251
v 8.091 12.740 64.251
f 2243 2239 2241
f 2243 2241 2240
f 2243 2240 2242
f 2243 2242 2239
f 2244 2241 2239
f 2244 2240 2241
f 2244 2242 2240
f 2244 2239 2242
v 39.366 5.460 67.484
v 38.866 5.460 67.484
v 39.116 5.460 67.234
v 39.116 5.460 67.734
v 39.116 5.672 67.484
v 39.116 5.247 67.484
f 2249 2245 2247
f 2249 2247 2246
f 2249 2246 2248
f 2249 2248 2245
f 2250 2247 2245
f 2250 2246 2247
f 2250 2248 2246
f 2250 2245 2248
v 14.588 35.966 62.991
v 14.006 35.966 62.991
v 14.297 35.966 62.700
v 14.297 35.966 63.282
v 14.297 36.214 62.991
v 14.297 35.719 62.991
f 2255 2251 2253
f 2255 2253 2252
f 2255 2252 2254
f 2255 2254 2251
f 2256 2253 2251
f 2256 2252 2253
f 2256 2254 2252
f 2256 2251 2254
v -33.746 -19.625 69.105
v -34.328 -19.625 69.105
v -34.037 -19.625 68.814
v -34.037 -19.625 69.396
v -34.037 -19.378 69.105
v -34.037 -19.872 69.105
f 2261 2257 2259
f 2261 2259 2258
f 2261 2258 2260
f 2261 2260 2257
f 2262 2259 2257
f 2262 2258 2259
f 2262 2260 2258
f 2262 2257 2260
v -24.824 -15.110 72.224
v -25.324 -15.110 72.224
v -25.074 -15.110 71.974
v -25.074 -15.110 72.474
v -25.074 -14.897 72.224
v -25.074 -15.322 72.224
f 2267 2263 2265
f 2267 2265 2264
f 2267 2264 2266
f 2267 2266 2263
f 2268 2265 2263
f 2268 2264 2265
f 2268 2266 2264
f 2268 2263 2266
v 7.941 -30.107 73.109
v 7.441 -30.107 73.109
v 7.691 -30.107 72.859
v 7.691 -30.107 73.359
v 7.691 -29.894 73.109
v 7.691 -30.319 73.109
f 2273 2269 2271
f 2273 2271 2270
f 2273 2270 2272
f 2273 2272 2269
f 2274 2271 2269
f 2274 2270 2271
f 2274 2272 2270
f 2274 2269 2272
v -0.036 4.491 65.585
v -0.618 4.491 65.585
v -0.327 4.491 65.294
v -0.327 4.491 65.876
v -0.327 4.738 65.585
v -0.327 4.243 65.585
f 2279 2275 2277
f 2279 2277 2276
f 2279 2276 2278
f 2279 2278 2275
f 2280 2277 2275
f 2280 2276 2277
f 2280 2278 2276
f 2280 2275 2278
v 3.644 16.852 75.775
v 3.062 16.852 75.775
v 3.353 16.852 75.484
v 3.353 16.852 76.066
v 3.353 17.099 75.775
v 3.353 16.604 75.775
f 2285 2281 2283
f 2285 2283 2282
f 2285 2282 2284
f 2285 2284 2281
f 2286 2283 2281
f 2286 2282 2283
f 2286 2284 2282
f 2286 2281 2284
v 1.645 -23.587 -76.130
v 1.145 -23.587 -76.130
v 1.395 -23.587 -76.380
v 1.395 -23.587 -75.880
v 1.395 -23.375 -76.130
v 1.395 -23.800 -76.130
f 2291 2287 2289
f 2291 2289 2288
f 2291 2288 2290
f 2291 2290 2287
f 2292 2289 2287
f 2292 2288 2289
f 2292 2290 2288
f 2292 2287 2290
v 20.445 -20.410 -68.077
v 19.791 -20.410 -68.077
v 20.118 -20.410 -68.404
v 20.118 -20.410 -67.750
v 20.118 -20.132 -68.077
v 20.118 -20.688 -68.077
f 2297 2293 2295
f 2297 2295 2294
f 2297 2294 2296
f 2297 2296 2293
f 2298 2295 2293
f 2298 2294 2295
f 2298 2296 2294
f 2298 2293 2296
v 21.402 -15.578 -69.067
v 20.683 -15.578 -69.067
v 21.042 -15.578 -69.427
v 21.042 -15.578 -68.708
v 21.042 -15.272 -69.067
v 21.042 -15.883 -69.067
f 2303 2299 2301
f 2303 2301 2300
f 2303 2300 2302
f 2303 2302 2299
f 2304 2301 2299
f 2304 2300 2301
f 2304 2302 2300
f 2304 2299 2302
v 26.282 -9.342 -70.258
v 25.628 -9.342 -70.258
v 25.955 -9.342 -70.585
v 25.955 -9.342 -69.931
v 25.955 -9.064 -70.258
v 25.955 -9.620 -70.258
f 2309 2305 2307
f 2309 2307 2306
f 2309 2306 2308
f 2309 2308 2305
f 2310 2307 2305
f 2310 2306 2307
f 2310 2308 2306
f 2310 2305 2308
v 31.770 -11.875 -70.082
v 31.188 -11.875 -70.082
v 31.479 -11.875 -70.373
v 31.479 -11.875 -69.791
v 31.479 -11.628 -70.082
v 31.479 -12.123 -70.082
f 2315 2311 2313
f 2315 2313 2312
f 2315 2312 2314
f 2315 2314 2311
f 2316 2313 2311
f 2316 2312 2313
f 2316 2314 2312
f 2316 2311 2314
v 13.631 10.484 -76.574
v 13.131 10.484 -76.574
v 13.381 10.484 -76.824
v 13.381 10.484 -76.324
v 13.381 10.697 -76.574
v 13.381 10.272 -76.574
f 2321 2317 2319
f 2321 2319 2318
f 2321 2318 2320
f 2321 2320 2317
f 2322 2319 2317
f 2322 2318 2319
f 2322 2320 2318
f 2322 2317 2320
v 32.657 -6.587 -70.979
v 32.075 -6.587 -70.979
v 32.366 -6.587 -71.270
v 32.366 -6.587 -70.688
v 32.366 -6.340 -70.979
v 32.366 -6.835 -70.979
f 2327 2323 2325
f 2327 2325 2324
f 2327 2324 2326
f 2327 2326 2323
f 2328 2325 2323
f 2328 2324 2325
f 2328 2326 2324
f 2328 2323 2326
v 21.637 9.963 -71.205
v 21.055 9.963 -71.205
v 21.346 9.963 -71.496
v 21.346 9.963 -70.914
v 21.346 10.210 -71.205
v 21.346 9.715 -71.205
f 2333 2329 2331
f 2333 2331 2330
f 2333 2330 2332
f 2333 2332 2329
f 2334 2331 2329
f 2334 2330 2331
f 2334 2332 2330
f 2334 2329 2332
v -29.668 -31.302 -67.122
v -30.387 -31.302 -67.122
v -30.028 -31.302 -67.481
v -30.028 -31.302 -66.762
v -30.028 -30.997 -67.122
v -30.028 -31.608 -67.122
f 2339 2335 2337
f 2339 2337 2336
f 2339 2336 2338
f 2339 2338 2335
f 2340 2337 2335
f 2340 2336 2337
f 2340 2338 2336
f 2340 2335 2338
v -14.307 -29.230 -66.755
v -14.961 -29.230 -66.755
v -14.634 -29.230 -67.082
v -14.634 -29.230 -66.428
v -14.634 -28.952 -66.755
v -14.634 -29.508 -66.755
f 2345 2341 2343
f 2345 2343 2342
f 2345 2342 2344
f 2345 2344 2341
f 2346 2343 2341
f 2346 2342 2343
f 2346 2344 2342
f 2346 2341 2344
v -12.407 -28.591 -69.631
v -12.907 -28.591 -69.631
v -12.657 -28.591 -69.881
v -12.657 -28.591 -69.381
v -12.657 -28.379 -69.631
v -12.657 -28.804 -69.631
f 2351 2347 2349
f 2351 2349 2348
f 2351 2348 2350
f 2351 2350 2347
f 2352 2349 2347
f 2352 2348 2349
f 2352 2350 2348
f 2352 2347 2350
v -13.119 -23.614 -73.829
v -13.773 -23.614 -73.829
v -13.446 -23.614 -74.156
v -13.446 -23.614 -73.502
v -13.446 -23.336 -73.829
v -13.446 -23.892 -73.829
f 2357 2353 2355
f 2357 2355 2354
f 2357 2354 2356
f 2357 2356 2353
f 2358 2355 2353
f 2358 2354 2355
f 2358 2356 2354
f 2358 2353 2356
v -8.823 -21.109 -74.520
v -9.405 -21.109 -74.520
v -9.114 -21.109 -74.811
v -9.114 -21.109 -74.229
v -9.114 -20.862 -74.520
v -9.114 -21.356 -74.520
f 2363 2359 2361
f 2363 2361 2360
f 2363 2360 2362
f 2363 2362 2359
f 2364 2361 2359
f 2364 2360 2361
f 2364 2362 2360
f 2364 2359 2362
v -7.153 -18.531 -74.582
v -7.653 -18.531 -74.582
v -7.403 -18.531 -74.832
v -7.403 -18.531 -74.332
v -7.403 -18.318 -74.582
v -7.403 -18.743 -74.582
f 2369 2365 2367
f 2369 2367 2366
f 2369 2366 2368
f 2369 2368 2365
f 2370 2367 2365
f 2370 2366 2367
f 2370 2368 2366
f 2370 2365 2368
v 3.192 -20.266 -76.344
v 2.610 -20.266 -76.344
v 2.901 -20.266 -76.635
v 2.901 -20.266 -76.053
v 2.901 -20.019 -76.344
v 2.901 -20.514 -76.344
f 2375 2371 2373
f 2375 2373 2372
f 2375 2372 2374
f 2375 2374 2371
f 2376 2373 2371
f 2376 2372 2373
f 2376 2374 2372
f 2376 2371 2374
v 36.240 -31.604 -61.736
v 35.740 -31.604 -61.736
v 35.990 -31.604 -61.986
v 35.990 -31.604 -61.486
v 35.990 -31.391 -61.736
v 35.990 -31.816 -61.736
f 2381 2377 2379
f 2381 2379 2378
f 2381 2378 2380
f 2381 2380 2377
f 2382 2379 2377
f 2382 2378 2379
f 2382 2380 2378
f 2382 2377 2380
v 30.668 -22.136 -63.999
v 30.014 -22.136 -63.999
v 30.341 -22.136 -64.326
v 30.341 -22.136 -63.672
v 30.341 -21.858 -63.999
v 30.341 -22.414 -63.999
f 2387 2383 2385
f 2387 2385 2384
f 2387 2384 2386
f 2387 2386 2383
f 2388 2385 2383
f 2388 2384 2385
f 2388 2386 2384
f 2388 2383 2386
v 23.833 -23.261 -66.065
v 23.333 -23.261 -66.065
v 23.583 -23.261 -66.315
v 23.583 -23.261 -65.815
v 23.583 -23.049 -66.065
v 23.583 -23.474 -66.065
f 2393 2389 2391
f 2393 2391 2390
f 2393 2390 2392
f 2393 2392 2389
f 2394 2391 2389
f 2394 2390 2391
f 2394 2392 2390
f 2394 2389 2392
v 25.609 -21.842 -64.953
v 25.109 -21.842 -64.953
v 25.359 -21.842 -65.203
v 25.359 -21.842 -64.703
v 25.359 -21.629 -64.953
v 25.359 -22.054 -64.953
f 2399 2395 2397
f 2399 2397 2396
f 2399 2396 2398
f 2399 2398 2395
f 2400 2397 2395
f 2400 2396 2397
f 2400 2398 2396
f 2400 2395 2398
v 26.742 -19.966 -65.594
v 26.023 -19.966 -65.594
v 26.383 -19.966 -65.953
v 26.383 -19.966 -65.234
v 26.383 -19.660 -65.594
v 26.383 -20.271 -65.594
f 2405 2401 2403
f 2405 2403 2402
f 2405 2402 2404
f 2405 2404 2401
f 2406 2403 2401
f 2406 2402 2403
f 2406 2404 2402
f 2406 2401 2404
v 27.803 -19.065 -58.068
v 27.303 -19.065 -58.068
v 27.553 -19.065 -58.318
v 27.553 -19.065 -57.818
v 27.553 -18.852 -58.068
v 27.553 -19.277 -58.068
f 2411 2407 2409
f 2411 2409 2408
f 2411 2408 2410
f 2411 2410 2407
f 2412 2409 2407
f 2412 2408 2409
f 2412 2410 2408
f 2412 2407 2410
v -16.799 30.961 -63.815
v -17.381 30.961 -63.815
v -17.090 30.961 -64.106
v -17.090 30.961 -63.524
v -17.090 31.208 -63.815
v -17.090 30.714 -63.815
f 2417 2413 2415
f 2417 2415 2414
f 2417 2414 2416
f 2417 2416 2413
f 2418 2415 2413
f 2418 2414 2415
f 2418 2416 2414
f 2418 2413 2416
v 31.768 -16.728 -65.132
v 31.114 -16.728 -65.132
v 31.441 -16.728 -65.459
v 31.441 -16.728 -64.805
v 31.441 -16.450 -65.132
v 31.441 -17.006 -65.132
f 2423 2419 2421
f 2423 2421 2420
f 2423 2420 2422
f 2423 2422 2419
f 2424 2421 2419
f 2424 2420 2421
f 2424 2422 2420
f 2424 2419 2422
v 28.468 -18.133 -67.512
v 27.886 -18.133 -67.512
v 28.177 -18.133 -67.803
v 28.177 -18.133 -67.221
v 28.177 -17.886 -67.512
v 28.177 -18.380 -67.512
f 2429 2425 2427
f 2429 2427 2426
f 2429 2426 2428
f 2429 2428 2425
f 2430 2427 2425
f 2430 2426 2427
f 2430 2428 2426
f 2430 2425 2428
v 27.815 -4.310 -67.149
v 27.161 -4.310 -67.149
v 27.488 -4.310 -67.476
v 27.488 -4.310 -66.822
v 27.488 -4.033 -67.149
v 27.488 -4.588 -67.149
f 2435 2431 2433
f 2435 2433 2432
f 2435 2432 2434
f 2435 2434 2431
f 2436 2433 2431
f 2436 2432 2433
f 2436 2434 2432
f 2436 2431 2434
v 20.087 1.822 -67.577
v 19.587 1.822 -67.577
v 19.837 1.822 -67.827
v 19.837 1.822 -67.327
v 19.837 2.035 -67.577
v 19.837 1.610 -67.577
f 2441 2437 2439
f 2441 2439 2438
f 2441 2438 2440
f 2441 2440 2437
f 2442 2439 2437
f 2442 2438 2439
f 2442 2440 2438
f 2442 2437 2440
v 42.865 -16.739 -57.782
v 42.283 -16.739 -57.782
v 42.574 -16.739 -58.073
v 42.574 -16.739 -57.491
v 42.574 -16.491 -57.782
v 42.574 -16.986 -57.782
f 2447 2443 2445
f 2447 2445 2444
f 2447 2444 2446
f 2447 2446 2443
f 2448 2445 2443
f 2448 2444 2445
f 2448 2446 2444
f 2448 2443 2446
v 32.357 -3.233 -64.984
v 31.638 -3.233 -64.984
v 31.997 -3.233 -65.344
v 31.997 -3.233 -64.625
v 31.997 -2.927 -64.984
v 31.997 -3.539 -64.984
f 2453 2449 2451
f 2453 2451 2450
f 2453 2450 2452
f 2453 2452 2449
f 2454 2451 2449
f 2454 2450 2451
f 2454 2452 2450
f 2454 2449 2452
v 33.919 -5.567 -64.961
v 33.200 -5.567 -64.961
v 33.559 -5.567 -65.320
v 33.559 -5.567 -64.601
v 33.559 -5.261 -64.961
v 33.559 -5.873 -64.961
f 2459 2455 2457
f 2459 2457 2456
f 2459 2456 2458
f 2459 2458 2455
f 2460 2457 2455
f 2460 2456 2457
f 2460 2458 2456
f 2460 2455 2458
v 31.399 -1.495 -70.403
v 30.899 -1.495 -70.403
v 31.149 -1.495 -70.653
v 31.149 -1.495 -70.153
v 31.149 -1.283 -70.403
v 31.149 -1.708 -70.403
f 2465 2461 2463
f 2465 2463 2462
f 2465 2462 2464
f 2465 2464 2461
f 2466 2463 2461
f 2466 2462 2463
f 2466 2464 2462
f 2466 2461 2464
v 30.775 3.521 -68.721
v 30.055 3.521 -68.721
v 30.415 3.521 -69.080
v 30.415 3.521 -68.361
v 30.415 3.826 -68.721
v 30.415 3.215 -68.721
f 2471 2467 2469
f 2471 2469 2468
f 2471 2468 2470
f 2471 2470 2467
f 2472 2469 2467
f 2472 2468 2469
f 2472 2470 2468
f 2472 2467 2470
v 20.957 22.585 -64.395
v 20.375 22.585 -64.395
v 20.666 22.585 -64.686
v 20.666 22.585 -64.104
v 20.666 22.832 -64.395
v 20.666 22.338 -64.395
f 2477 2473 2475
f 2477 2475 2474
f 2477 2474 2476
f 2477 2476 2473
f 2478 2475 2473
f 2478 2474 2475
f 2478 2476 2474
f 2478 2473 2476
v 32.201 27.441 -65.689
v 31.547 27.441 -65.689
v 31.874 27.441 -66.016
v 31.874 27.441 -65.362
v 31.874 27.719 -65.689
v 31.874 27.163 -65.689
f 2483 2479 2481
f 2483 2481 2480
f 2483 2480 2482
f 2483 2482 2479
f 2484 2481 2479
f 2484 2480 2481
f 2484 2482 2480
f 2484 2479 2482
v -31.193 -34.972 -59.754
v -31.693 -34.972 -59.754
v -31.443 -34.972 -60.004
v -31.443 -34.972 -59.504
v -31.443 -34.760 -59.754
v -31.443 -35.185 -59.754
f 2489 2485 2487
f 2489 2487 2486
f 2489 2486 2488
f 2489 2488 2485
f 2490 2487 2485
f 2490 2486 2487
f 2490 2488 2486
f 2490 2485 2488
v -34.644 -19.965 -58.139
v -35.144 -19.965 -58.139
v -34.894 -19.965 -58.389
v -34.894 -19.965 -57.889
v -34.894 -19.752 -58.139
v -34.894 -20.177 -58.139
f 2495 2491 2493
f 2495 2493 2492
f 2495 2492 2494
f 2495 2494 2491
f 2496 2493 2491
f 2496 2492 2493
f 2496 2494 2492
f 2496 2491 2494
v -32.692 -19.166 -61.741
v -33.274 -19.166 -61.741
v -32.983 -19.166 -62.032
v -32.983 -19.166 -61.450
v -32.983 -18.919 -61.741
v -32.983 -19.413 -61.741
f 2501 2497 2499
f 2501 2499 2498
f 2501 2498 2500
f 2501 2500 2497
f 2502 2499 2497
f 2502 2498 2499
f 2502 2500 2498
f 2502 2497 2500
v -13.386 -30.830 -60.901
v -13.967 -30.830 -60.901
v -13.676 -30.830 -61.192
v -13.676 -30.830 -60.610
v -13.676 -30.583 -60.901
v -13.676 -31.077 -60.901
f 2507 2503 2505
f 2507 2505 2504
f 2507 2504 2506
f 2507 2506 2503
f 2508 2505 2503
f 2508 2504 2505
f 2508 2506 2504
f 2508 2503 2506
v -11.331 -30.045 -64.353
v -11.831 -30.045 -64.353
v -11.581 -30.045 -64.603
v -11.581 -30.045 -64.103
v -11.581 -29.832 -64.353
v -11.581 -30.257 -64.353
f 2513 2509 2511
f 2513 2511 2510
f 2513 2510 2512
f 2513 2512 2509
f 2514 2511 2509
f 2514 2510 2511
f 2514 2512 2510
f 2514 2509 2512
v -34.488 8.821 -67.227
v -35.142 8.821 -67.227
v -34.815 8.821 -67.554
v -34.815 8.821 -66.900
v -34.815 9.099 -67.227
v -34.815 8.543 -67.227
f 2519 2515 2517
f 2519 2517 2516
f 2519 2516 2518
f 2519 2518 2515
f 2520 2517 2515
f 2520 2516 2517
f 2520 2518 2516
f 2520 2515 2518
v -40.323 15.570 -66.170
v -40.823 15.570 -66.170
v -40.573 15.570 -66.420
v -40.573 15.570 -65.920
v -40.573 15.782 -66.170
v -40.573 15.357 -66.170
f 2525 2521 2523
f 2525 2523 2522
f 2525 2522 2524
f 2525 2524 2521
f 2526 2523 2521
f 2526 2522 2523
f 2526 2524 2522
f 2526 2521 2524
v -9.461 -20.891 -65.592
v -9.961 -20.891 -65.592
v -9.711 -20.891 -65.842
v -9.711 -20.891 -65.342
v -9.711 -20.679 -65.592
v -9.711 -21.104 -65.592
f 2531 2527 2529
f 2531 2529 2528
f 2531 2528 2530
f 2531 2530 2527
f 2532 2529 2527
f 2532 2528 2529
f 2532 2530 2528
f 2532 2527 2530
v -4.842 -25.169 -61.572
v -5.342 -25.169 -61.572
v -5.092 -25.169 -61.822
v -5.092 -25.169 -61.322
v -5.092 -24.957 -61.572
v -5.092 -25.382 -61.572
f 2537 2533 2535
f 2537 2535 2534
f 2537 2534 2536
f 2537 2536 2533
f 2538 2535 2533
f 2538 2534 2535
f 2538 2536 2534
f 2538 2533 2536
v -6.378 -4.658 -59.741
v -6.878 -4.658 -59.741
v -6.628 -4.658 -59.991
v -6.628 -4.658 -59.491
v -6.628 -4.445 -59.741
v -6.628 -4.870 -59.741
f 2543 2539 2541
f 2543 2541 2540
f 2543 2540 2542
f 2543 2542 2539
f 2544 2541 2539
f 2544 2540 2541
f 2544 2542 2540
f 2544 2539 2542
v 27.218 -36.653 -56.205
v 26.636 -36.653 -56.205
v 26.927 -36.653 -56.496
v 26.927 -36.653 -55.914
v 26.927 -36.406 -56.205
v 26.927 -36.900 -56.205
f 2549 2545 2547
f 2549 2547 2546
f 2549 2546 2548
f 2549 2548 2545
f 2550 2547 2545
f 2550 2546 2547
f 2550 2548 2546
f 2550 2545 2548
v 3.253 -1.781 -52.857
v 2.753 -1.781 -52.857
v 3.003 -1.781 -53.107
v 3.003 -1.781 -52.607
v 3.003 -1.569 -52.857
v 3.003 -1.994 -52.857
f 2555 2551 2553
f 2555 2553 2552
f 2555 2552 2554
f 2555 2554 2551
f 2556 2553 2551
f 2556 2552 2553
f 2556 2554 2552
f 2556 2551 2554
v -33.564 26.792 -54.725
v -34.064 26.792 -54.725
v -33.814 26.792 -54.975
v -33.814 26.792 -54.475
v -33.814 27.005 -54.725
v -33.814 26.580 -54.725
f 2561 2557 2559
f 2561 2559 2558
f 2561 2558 2560
f 2561 2560 2557
f 2562 2559 2557
f 2562 2558 2559
f 2562 2560 2558
f 2562 2557 2560
v -29.797 24.936 -52.506
v -30.379 24.936 -52.506
v -30.088 24.936 -52.797
v -30.088 24.936 -52.215
v -30.088 25.183 -52.506
v -30.088 24.688 -52.506
f 2567 2563 2565
f 2567 2565 2564
f 2567 2564 2566
f 2567 2566 2563
f 2568 2565 2563
f 2568 2564 2565
f 2568 2566 2564
f 2568 2563 2566
v 26.070 -24.058 -57.469
v 25.489 -24.058 -57.469
v 25.779 -24.058 -57.760
v 25.779 -24.058 -57.178
v 25.779 -23.811 -57.469
v 25.779 -24.305 -57.469
f 2573 2569 2571
f 2573 2571 2570
f 2573 2570 2572
f 2573 2572 2569
f 2574 2571 2569
f 2574 2570 2571
f 2574 2572 2570
f 2574 2569 2572
v 18.698 -19.010 -47.243
v 18.045 -19.010 -47.243
v 18.372 -19.010 -47.570
v 18.372 -19.010 -46.916
v 18.372 -18.732 -47.243
v 18.372 -19.288 -47.243
f 2579 2575 2577
f 2579 2577 2576
f 2579 2576 2578
f 2579 2578 2575
f 2580 2577 2575
f 2580 2576 2577
f 2580 2578 2576
f 2580 2575 2578
v 7.034 -1.237 -52.342
v 6.534 -1.237 -52.342
v 6.784 -1.237 -52.592
v 6.784 -1.237 -52.092
v 6.784 -1.024 -52.342
v 6.784 -1.449 -52.342
f 2585 2581 2583
f 2585 2583 2582
f 2585 2582 2584
f 2585 2584 2581
f 2586 2583 2581
f 2586 2582 2583
f 2586 2584 2582
f 2586 2581 2584
v 30.131 -10.672 -55.792
v 29.550 -10.672 -55.792
v 29.841 -10.672 -56.083
v 29.841 -10.672 -55.501
v 29.841 -10.424 -55.792
v 29.841 -10.919 -55.792
f 2591 2587 2589
f 2591 2589 2588
f 2591 2588 2590
f 2591 2590 2587
f 2592 2589 2587
f 2592 2588 2589
f 2592 2590 2588
f 2592 2587 2590
v -2.710 34.402 -59.137
v -3.210 34.402 -59.137
v -2.960 34.402 -59.387
v -2.960 34.402 -58.887
v -2.960 34.614 -59.137
v -2.960 34.189 -59.137
f 2597 2593 2595
f 2597 2595 2594
f 2597 2594 2596
f 2597 2596 2593
f 2598 2595 2593
f 2598 2594 2595
f 2598 2596 2594
f 2598 2593 2596
v 0.222 33.476 -60.617
v -0.278 33.476 -60.617
v -0.028 33.476 -60.867
v -0.028 33.476 -60.367
v -0.028 33.689 -60.617
v -0.028 33.264 -60.617
f 2603 2599 2601
f 2603 2601 2600
f 2603 2600 2602
f 2603 2602 2599
f 2604 2601 2599
f 2604 2600 2601
f 2604 2602 2600
f 2604 2599 2602
v -11.619 34.288 -62.577
v -12.201 34.288 -62.577
v -11.910 34.288 -62.868
v -11.910 34.288 -62.286
v -11.910 34.536 -62.577
v -11.910 34.041 -62.577
f 2609 2605 2607
f 2609 2607 2606
f 2609 2606 2608
f 2609 2608 2605
f 2610 2607 2605
f 2610 2606 2607
f 2610 2608 2606
f 2610 2605 2608
v -7.484 41.294 -60.485
v -7.984 41.294 -60.485
v -7.734 41.294 -60.735
v -7.734 41.294 -60.235
v -7.734 41.507 -60.485
v -7.734 41.082 -60.485
f 2615 2611 2613
f 2615 2613 2612
f 2615 2612 2614
f 2615 2614 2611
f 2616 2613 2611
f 2616 2612 2613
f 2616 2614 2612
f 2616 2611 2614
v 47.457 -11.724 -56.202
v 46.875 -11.724 -56.202
v 47.166 -11.724 -56.493
v 47.166 -11.724 -55.911
v 47.166 -11.476 -56.202
v 47.166 -11.971 -56.202
f 2621 2617 2619
f 2621 2619 2618
f 2621 2618 2620
f 2621 2620 2617
f 2622 2619 2617
f 2622 2618 2619
f 2622 2620 2618
f 2622 2617 2620
v 45.725 -12.146 -53.374
v 45.225 -12.146 -53.374
v 45.475 -12.146 -53.624
v 45.475 -12.146 -53.124
v 45.475 -11.934 -53.374
v 45.475 -12.359 -53.374
f 2627 2623 2625
f 2627 2625 2624
f 2627 2624 2626
f 2627 2626 2623
f 2628 2625 2623
f 2628 2624 2625
f 2628 2626 2624
f 2628 2623 2626
v 46.783 -11.653 -52.863
v 46.283 -11.653 -52.863
v 46.533 -11.653 -53.113
v 46.533 -11.653 -52.613
v 46.533 -11.441 -52.863
v 46.533 -11.866 -52.863
f 2633 2629 2631
f 2633 2631 2630
f 2633 2630 2632
f 2633 2632 2629
f 2634 2631 2629
f 2634 2630 2631
f 2634 2632 2630
f 2634 2629 2632
v 26.037 4.082 -52.313
v 25.537 4.082 -52.313
v 25.787 4.082 -52.563
v 25.787 4.082 -52.063
v 25.787 4.295 -52.313
v 25.787 3.870 -52.313
f 2639 2635 2637
f 2639 2637 2636
f 2639 2636 2638
f 2639 2638 2635
f 2640 2637 2635
f 2640 2636 2637
f 2640 2638 2636
f 2640 2635 2638
v 29.918 5.112 -54.717
v 29.418 5.112 -54.717
v 29.668 5.112 -54.967
v 29.668 5.112 -54.467
v 29.668 5.324 -54.717
v 29.668 4.899 -54.717
f 2645 2641 2643
f 2645 2643 2642
f 2645 2642 2644
f 2645 2644 2641
f 2646 2643 2641
f 2646 2642 2643
f 2646 2644 2642
f 2646 2641 2644
v 20.650 5.998 -53.698
v 20.068 5.998 -53.698
v 20.359 5.998 -53.988
v 20.359 5.998 -53.407
v 20.359 6.245 -53.698
v 20.359 5.751 -53.698
f 2651 2647 2649
f 2651 2649 2648
f 2651 2648 2650
f 2651 2650 2647
f 2652 2649 2647
f 2652 2648 2649
f 2652 2650 2648
f 2652 2647 2650
v 22.091 6.077 -52.076
v 21.509 6.077 -52.076
v 21.800 6.077 -52.367
v 21.800 6.077 -51.785
v 21.800 6.324 -52.076
v 21.800 5.829 -52.076
f 2657 2653 2655
f 2657 2655 2654
f 2657 2654 2656
f 2657 2656 2653
f 2658 2655 2653
f 2658 2654 2655
f 2658 2656 2654
f 2658 2653 2656
v 33.841 16.755 -62.785
v 33.341 16.755 -62.785
v 33.591 16.755 -63.035
v 33.591 16.755 -62.535
v 33.591 16.967 -62.785
v 33.591 16.542 -62.785
f 2663 2659 2661
f 2663 2661 2660
f 2663 2660 2662
f 2663 2662 2659
f 2664 2661 2659
f 2664 2660 2661
f 2664 2662 2660
f 2664 2659 2662
v 22.243 31.523 -57.080
v 21.524 31.523 -57.080
v 21.884 31.523 -57.440
v 21.884 31.523 -56.721
v 21.884 31.829 -57.080
v 21.884 31.218 -57.080
f 2669 2665 2667
f 2669 2667 2666
f 2669 2666 2668
f 2669 2668 2665
f 2670 2667 2665
f 2670 2666 2667
f 2670 2668 2666
f 2670 2665 2668
v 18.677 32.626 -54.329
v 18.095 32.626 -54.329
v 18.386 32.626 -54.620
v 18.386 32.626 -54.038
v 18.386 32.874 -54.329
v 18.386 32.379 -54.329
f 2675 2671 2673
f 2675 2673 2672
f 2675 2672 2674
f 2675 2674 2671
f 2676 2673 2671
f 2676 2672 2673
f 2676 2674 2672
f 2676 2671 2674
v 35.263 21.060 -60.126
v 34.609 21.060 -60.126
v 34.936 21.060 -60.452
v 34.936 21.060 -59.799
v 34.936 21.338 -60.126
v 34.936 20.782 -60.126
f 2681 2677 2679
f 2681 2679 2678
f 2681 2678 2680
f 2681 2680 2677
f 2682 2679 2677
f 2682 2678 2679
f 2682 2680 2678
f 2682 2677 2680
v -44.646 -39.918 -46.795
v -45.146 -39.918 -46.795
v -44.896 -39.918 -47.045
v -44.896 -39.918 -46.545
v -44.896 -39.706 -46.795
v -44.896 -40.131 -46.795
f 2687 2683 2685
f 2687 2685 2684
f 2687 2684 2686
f 2687 2686 2683
f 2688 2685 2683
f 2688 2684 2685
f 2688 2686 2684
f 2688 2683 2686
v -40.727 -44.341 -49.221
v -41.308 -44.341 -49.221
v -41.017 -44.341 -49.512
v -41.017 -44.341 -48.930
v -41.017 -44.093 -49.221
v -41.017 -44.588 -49.221
f 2693 2689 2691
f 2693 2691 2690
f 2693 2690 2692
f 2693 2692 2689
f 2694 2691 2689
f 2694 2690 2691
f 2694 2692 2690
f 2694 2689 2692
v -44.544 -34.786 -50.700
v -45.263 -34.786 -50.700
v -44.903 -34.786 -51.059
v -44.903 -34.786 -50.340
v -44.903 -34.481 -50.700
v -44.903 -35.092 -50.700
f 2699 2695 2697
f 2699 2697 2696
f 2699 2696 2698
f 2699 2698 2695
f 2700 2697 2695
f 2700 2696 2697
f 2700 2698 2696
f 2700 2695 2698
v -21.988 -48.481 -41.267
v -22.488 -48.481 -41.267
v -22.238 -48.481 -41.517
v -22.238 -48.481 -41.017
v -22.238 -48.269 -41.267
v -22.238 -48.694 -41.267
f 2705 2701 2703
f 2705 2703 2702
f 2705 2702 2704
f 2705 2704 2701
f 2706 2703 2701
f 2706 2702 2703
f 2706 2704 2702
f 2706 2701 2704
v -32.677 -18.002 -55.893
v -33.259 -18.002 -55.893
v -32.968 -18.002 -56.184
v -32.968 -18.002 -55.602
v -32.968 -17.754 -55.893
v -32.968 -18.249 -55.893
f 2711 2707 2709
f 2711 2709 2708
f 2711 2708 2710
f 2711 2710 2707
f 2712 2709 2707
f 2712 2708 2709
f 2712 2710 2708
f 2712 2707 2710
v -35.004 -7.154 -50.161
v -35.504 -7.154 -50.161
v -35.254 -7.154 -50.411
v -35.254 -7.154 -49.911
v -35.254 -6.941 -50.161
v -35.254 -7.366 -50.161
f 2717 2713 2715
f 2717 2715 2714
f 2717 2714 2716
f 2717 2716 2713
f 2718 2715 2713
f 2718 2714 2715
f 2718 2716 2714
f 2718 2713 2716
v -4.200 -34.014 -52.171
v -4.700 -34.014 -52.171
v -4.450 -34.014 -52.421
v -4.450 -34.014 -51.921
v -4.450 -33.801 -52.171
v -4.450 -34.226 -52.171
f 2723 2719 2721
f 2723 2721 2720
f 2723 2720 2722
f 2723 2722 2719
f 2724 2721 2719
f 2724 2720 2721
f 2724 2722 2720
f 2724 2719 2722
v -42.680 15.260 -52.926
v -43.180 15.260 -52.926
v -42.930 15.260 -53.176
v -42.930 15.260 -52.676
v -42.930 15.473 -52.926
v -42.930 15.048 -52.926
f 2729 2725 2727
f 2729 2727 2726
f 2729 2726 2728
f 2729 2728 2725
f 2730 2727 2725
f 2730 2726 2727
f 2730 2728 2726
f 2730 2725 2728
v 28.609 -47.573 -45.988
v 28.027 -47.573 -45.988
v 28.318 -47.573 -46.279
v 28.318 -47.573 -45.697
v 28.318 -47.326 -45.988
v 28.318 -47.821 -45.988
f 2735 2731 2733
f 2735 2733 2732
f 2735 2732 2734
f 2735 2734 2731
f 2736 2733 2731
f 2736 2732 2733
f 2736 2734 2732
f 2736 2731 2734
v 32.009 -49.639 -46.835
v 31.509 -49.639 -46.835
v 31.759 -49.639 -47.085
v 31.759 -49.639 -46.585
v 31.759 -49.426 -46.835
v 31.759 -49.851 -46.835
f 2741 2737 2739
f 2741 2739 2738
f 2741 2738 2740
f 2741 2740 2737
f 2742 2739 2737
f 2742 2738 2739
f 2742 2740 2738
f 2742 2737 2740
v -4.076 -16.803 -49.757
v -4.658 -16.803 -49.757
v -4.367 -16.803 -50.048
v -4.367 -16.803 -49.466
v -4.367 -16.555 -49.757
v -4.367 -17.050 -49.757
f 2747 2743 2745
f 2747 2745 2744
f 2747 2744 2746
f 2747 2746 2743
f 2748 2745 2743
f 2748 2744 2745
f 2748 2746 2744
f 2748 2743 2746
v -37.905 28.596 -53.468
v -38.624 28.596 -53.468
v -38.264 28.596 -53.827
v -38.264 28.596 -53.108
v -38.264 28.902 -53.468
v -38.264 28.291 -53.468
f 2753 2749 2751
f 2753 2751 2750
f 2753 2750 2752
f 2753 2752 2749
f 2754 2751 2749
f 2754 2750 2751
f 2754 2752 2750
f 2754 2749 2752
v 23.031 -39.151 -50.237
v 22.377 -39.151 -50.237
v 22.704 -39.151 -50.564
v 22.704 -39.151 -49.910
v 22.704 -38.873 -50.237
v 22.704 -39.428 -50.237
f 2759 2755 2757
f 2759 2757 2756
f 2759 2756 2758
f 2759 2758 2755
f 2760 2757 2755
f 2760 2756 2757
f 2760 2758 2756
f 2760 2755 2758
v 29.643 -42.888 -52.753
v 29.143 -42.888 -52.753
v 29.393 -42.888 -53.003
v 29.393 -42.888 -52.503
v 29.393 -42.675 -52.753
v 29.393 -43.100 -52.753
f 2765 2761 2763
f 2765 2763 2762
f 2765 2762 2764
f 2765 2764 2761
f 2766 2763 2761
f 2766 2762 2763
f 2766 2764 2762
f 2766 2761 2764
v 21.672 -29.937 -52.669
v 21.019 -29.937 -52.669
v 21.345 -29.937 -52.996
v 21.345 -29.937 -52.342
v 21.345 -29.659 -52.669
v 21.345 -30.215 -52.669
f 2771 2767 2769
f 2771 2769 2768
f 2771 2768 2770
f 2771 2770 2767
f 2772 2769 2767
f 2772 2768 2769
f 2772 2770 2768
f 2772 2767 2770
v 21.908 -33.494 -48.589
v 21.408 -33.494 -48.589
v 21.658 -33.494 -48.839
v 21.658 -33.494 -48.339
v 21.658 -33.281 -48.589
v 21.658 -33.706 -48.589
f 2777 2773 2775
f 2777 2775 2774
f 2777 2774 2776
f 2777 2776 2773
f 2778 2775 2773
f 2778 2774 2775
f 2778 2776 2774
f 2778 2773 2776
v 22.585 -35.274 -46.828
v 21.866 -35.274 -46.828
v 22.225 -35.274 -47.188
v 22.225 -35.274 -46.469
v 22.225 -34.968 -46.828
v 22.225 -35.580 -46.828
f 2783 2779 2781
f 2783 2781 2780
f 2783 2780 2782
f 2783 2782 2779
f 2784 2781 2779
f 2784 2780 2781
f 2784 2782 2780
f 2784 2779 2782
v 18.186 -27.921 -47.401
v 17.686 -27.921 -47.401
v 17.936 -27.921 -47.651
v 17.936 -27.921 -47.151
v 17.936 -27.708 -47.401
v 17.936 -28.133 -47.401
f 2789 2785 2787
f 2789 2787 2786
f 2789 2786 2788
f 2789 2788 2785
f 2790 2787 2785
f 2790 2786 2787
f 2790 2788 2786
f 2790 2785 2788
v -47.418 43.593 -46.828
v -48.137 43.593 -46.828
v -47.777 43.593 -47.188
v -47.777 43.593 -46.469
v -47.777 43.899 -46.828
v -47.777 43.287 -46.828
f 2795 2791 2793
f 2795 2793 2792
f 2795 2792 2794
f 2795 2794 2791
f 2796 2793 2791
f 2796 2792 2793
f 2796 2794 2792
f 2796 2791 2794
v -39.196 44.017 -53.545
v -39.696 44.017 -53.545
v -39.446 44.017 -53.795
v -39.446 44.017 -53.295
v -39.446 44.230 -53.545
v -39.446 43.805 -53.545
f 2801 2797 2799
f 2801 2799 2798
f 2801 2798 2800
f 2801 2800 2797
f 2802 2799 2797
f 2802 2798 2799
f 2802 2800 2798
f 2802 2797 2800
v 27.304 -28.677 -38.800
v 26.804 -28.677 -38.800
v 27.054 -28.677 -39.050
v 27.054 -28.677 -38.550
v 27.054 -28.464 -38.800
v 27.054 -28.889 -38.800
f 2807 2803 2805
f 2807 2805 2804
f 2807 2804 2806
f 2807 2806 2803
f 2808 2805 2803
f 2808 2804 2805
f 2808 2806 2804
f 2808 2803 2806
v 20.658 -18.009 -45.988
v 19.939 -18.009 -45.988
v 20.299 -18.009 -46.348
v 20.299 -18.009 -45.629
v 20.299 -17.704 -45.988
v 20.299 -18.315 -45.988
f 2813 2809 2811
f 2813 2811 2810
f 2813 2810 2812
f 2813 2812 2809
f 2814 2811 2809
f 2814 2810 2811
f 2814 2812 2810
f 2814 2809 2812
v -15.048 23.542 -50.580
v -15.548 23.542 -50.580
v -15.298 23.542 -50.830
v -15.298 23.542 -50.330
v -15.298 23.754 -50.580
v -15.298 23.329 -50.580
f 2819 2815 2817
f 2819 2817 2816
f 2819 2816 2818
f 2819 2818 2815
f 2820 2817 2815
f 2820 2816 2817
f 2820 2818 2816
f 2820 2815 2818
v 22.343 0.698 -49.782
v 21.762 0.698 -49.782
v 22.053 0.698 -50.073
v 22.053 0.698 -49.491
v 22.053 0.945 -49.782
v 22.053 0.451 -49.782
f 2825 2821 2823
f 2825 2823 2822
f 2825 2822 2824
f 2825 2824 2821
f 2826 2823 2821
f 2826 2822 2823
f 2826 2824 2822
f 2826 2821 2824
v 12.377 2.297 -46.878
v 11.795 2.297 -46.878
v 12.086 2.297 -47.169
v 12.086 2.297 -46.588
v 12.086 2.545 -46.878
v 12.086 2.050 -46.878
f 2831 2827 2829
f 2831 2829 2828
f 2831 2828 2830
f 2831 2830 2827
f 2832 2829 2827
f 2832 2828 2829
f 2832 2830 2828
f 2832 2827 2830
v 13.218 19.954 -43.755
v 12.718 19.954 -43.755
v 12.968 19.954 -44.005
v 12.968 19.954 -43.505
v 12.968 20.166 -43.755
v 12.968 19.741 -43.755
f 2837 2833 2835
f 2837 2835 2834
f 2837 2834 2836
f 2837 2836 2833
f 2838 2835 2833
f 2838 2834 2835
f 2838 2836 2834
f 2838 2833 2836
v -29.093 53.739 -51.298
v -29.593 53.739 -51.298
v -29.343 53.739 -51.548
v -29.343 53.739 -51.048
v -29.343 53.951 -51.298
v -29.343 53.526 -51.298
f 2843 2839 2841
f 2843 2841 2840
f 2843 2840 2842
f 2843 2842 2839
f 2844 2841 2839
f 2844 2840 2841
f 2844 2842 2840
f 2844 2839 2842
v 45.050 -12.107 -42.590
v 44.468 -12.107 -42.590
v 44.759 -12.107 -42.881
v 44.759 -12.107 -42.299
v 44.759 -11.860 -42.590
v 44.759 -12.355 -42.590
f 2849 2845 2847
f 2849 2847 2846
f 2849 2846 2848
f 2849 2848 2845
f 2850 2847 2845
f 2850 2846 2847
f 2850 2848 2846
f 2850 2845 2848
v 26.513 7.035 -50.736
v 26.013 7.035 -50.736
v 26.263 7.035 -50.986
v 26.263 7.035 -50.486
v 26.263 7.248 -50.736
v 26.263 6.823 -50.736
f 2855 2851 2853
f 2855 2853 2852
f 2855 2852 2854
f 2855 2854 2851
f 2856 2853 2851
f 2856 2852 2853
f 2856 2854 2852
f 2856 2851 2854
v 8.200 39.784 -54.178
v 7.700 39.784 -54.178
v 7.950 39.784 -54.428
v 7.950 39.784 -53.928
v 7.950 39.997 -54.178
v 7.950 39.572 -54.178
f 2861 2857 2859
f 2861 2859 2858
f 2861 2858 2860
f 2861 2860 2857
f 2862 2859 2857
f 2862 2858 2859
f 2862 2860 2858
f 2862 2857 2860
v 52.598 -9.783 -42.027
v 51.944 -9.783 -42.027
v 52.271 -9.783 -42.354
v 52.271 -9.783 -41.700
v 52.271 -9.506 -42.027
v 52.271 -10.061 -42.027
f 2867 2863 2865
f 2867 2865 2864
f 2867 2864 2866
f 2867 2866 2863
f 2868 2865 2863
f 2868 2864 2865
f 2868 2866 2864
f 2868 2863 2866
v 53.994 -9.402 -39.203
v 53.412 -9.402 -39.203
v 53.703 -9.402 -39.493
v 53.703 -9.402 -38.912
v 53.703 -9.154 -39.203
v 53.703 -9.649 -39.203
f 2873 2869 2871
f 2873 2871 2870
f 2873 2870 2872
f 2873 2872 2869
f 2874 2871 2869
f 2874 2870 2871
f 2874 2872 2870
f 2874 2869 2872
v 55.969 -8.852 -39.137
v 55.387 -8.852 -39.137
v 55.678 -8.852 -39.428
v 55.678 -8.852 -38.846
v 55.678 -8.604 -39.137
v 55.678 -9.099 -39.137
f 2879 2875 2877
f 2879 2877 2876
f 2879 2876 2878
f 2879 2878 2875
f 2880 2877 2875
f 2880 2876 2877
f 2880 2878 2876
f 2880 2875 2878
v 27.572 32.343 -51.094
v 27.072 32.343 -51.094
v 27.322 32.343 -51.344
v 27.322 32.343 -50.844
v 27.322 32.556 -51.094
v 27.322 32.131 -51.094
f 2885 2881 2883
f 2885 2883 2882
f 2885 2882 2884
f 2885 2884 2881
f 2886 2883 2881
f 2886 2882 2883
f 2886 2884 2882
f 2886 2881 2884
v 32.004 29.267 -47.156
v 31.351 29.267 -47.156
v 31.677 29.267 -47.483
v 31.677 29.267 -46.829
v 31.677 29.545 -47.156
v 31.677 28.989 -47.156
f 2891 2887 2889
f 2891 2889 2888
f 2891 2888 2890
f 2891 2890 2887
f 2892 2889 2887
f 2892 2888 2889
f 2892 2890 2888
f 2892 2887 2890
v 59.205 14.345 -42.529
v 58.705 14.345 -42.529
v 58.955 14.345 -42.779
v 58.955 14.345 -42.279
v 58.955 14.558 -42.529
v 58.955 14.133 -42.529
f 2897 2893 2895
f 2897 2895 2894
f 2897 2894 2896
f 2897 2896 2893
f 2898 2895 2893
f 2898 2894 2895
f 2898 2896 2894
f 2898 2893 2896
v 38.576 31.912 -45.734
v 37.994 31.912 -45.734
v 38.285 31.912 -46.025
v 38.285 31.912 -45.443
v 38.285 32.159 -45.734
v 38.285 31.665 -45.734
f 2903 2899 2901
f 2903 2901 2900
f 2903 2900 2902
f 2903 2902 2899
f 2904 2901 2899
f 2904 2900 2901
f 2904 2902 2900
f 2904 2899 2902
v 18.226 -68.088 -36.523
v 17.726 -68.088 -36.523
v 17.976 -68.088 -36.773
v 17.976 -68.088 -36.273
v 17.976 -67.876 -36.523
v 17.976 -68.301 -36.523
f 2909 2905 2907
f 2909 2907 2906
f 2909 2906 2908
f 2909 2908 2905
f 2910 2907 2905
f 2910 2906 2907
f 2910 2908 2906
f 2910 2905 2908
v 16.703 -58.505 -31.450
v 16.049 -58.505 -31.450
v 16.376 -58.505 -31.777
v 16.376 -58.505 -31.123
v 16.376 -58.227 -31.450
v 16.376 -58.783 -31.450
f 2915 2911 2913
f 2915 2913 2912
f 2915 2912 2914
f 2915 2914 2911
f 2916 2913 2911
f 2916 2912 2913
f 2916 2914 2912
f 2916 2911 2914
v -1.445 -47.441 -34.056
v -2.027 -47.441 -34.056
v -1.736 -47.441 -34.347
v -1.736 -47.441 -33.765
v -1.736 -47.194 -34.056
v -1.736 -47.688 -34.056
f 2921 2917 2919
f 2921 2919 2918
f 2921 2918 2920
f 2921 2920 2917
f 2922 2919 2917
f 2922 2918 2919
f 2922 2920 2918
f 2922 2917 2920
v 1.602 -46.598 -33.157
v 1.020 -46.598 -33.157
v 1.311 -46.598 -33.447
v 1.311 -46.598 -32.866
v 1.311 -46.351 -33.157
v 1.311 -46.845 -33.157
f 2927 2923 2925
f 2927 2925 2924
f 2927 2924 2926
f 2927 2926 2923
f 2928 2925 2923
f 2928 2924 2925
f 2928 2926 2924
f 2928 2923 2926
v 3.991 -53.171 -34.399
v 3.491 -53.171 -34.399
v 3.741 -53.171 -34.649
v 3.741 -53.171 -34.149
v 3.741 -52.958 -34.399
v 3.741 -53.383 -34.399
f 2933 2929 2931
f 2933 2931 2930
f 2933 2930 2932
f 2933 2932 2929
f 2934 2931 2929
f 2934 2930 2931
f 2934 2932 2930
f 2934 2929 2932
v 7.766 -44.544 -36.167
v 7.184 -44.544 -36.167
v 7.475 -44.544 -36.458
v 7.475 -44.544 -35.876
v 7.475 -44.297 -36.167
v 7.475 -44.791 -36.167
f 2939 2935 2937
f 2939 2937 2936
f 2939 2936 2938
f 2939 2938 2935
f 2940 2937 2935
f 2940 2936 2937
f 2940 2938 2936
f 2940 2935 2938
v -42.566 19.199 -43.944
v -43.066 19.199 -43.944
v -42.816 19.199 -44.194
v -42.816 19.199 -43.694
v -42.816 19.411 -43.944
v -42.816 18.986 -43.944
f 2945 2941 2943
f 2945 2943 2942
f 2945 2942 2944
f 2945 2944 2941
f 2946 2943 2941
f 2946 2942 2943
f 2946 2944 2942
f 2946 2941 2944
v -47.795 24.359 -42.104
v -48.295 24.359 -42.104
v -48.045 24.359 -42.354
v -48.045 24.359 -41.854
v -48.045 24.571 -42.104
v -48.045 24.146 -42.104
f 2951 2947 2949
f 2951 2949 2948
f 2951 2948 2950
f 2951 2950 2947
f 2952 2949 2947
f 2952 2948 2949
f 2952 2950 2948
f 2952 2947 2950
v -57.088 26.593 -42.788
v -57.670 26.593 -42.788
v -57.379 26.593 -43.078
v -57.379 26.593 -42.497
v -57.379 26.840 -42.788
v -57.379 26.345 -42.788
f 2957 2953 2955
f 2957 2955 2954
f 2957 2954 2956
f 2957 2956 2953
f 2958 2955 2953
f 2958 2954 2955
f 2958 2956 2954
f 2958 2953 2956
v -53.136 28.598 -47.193
v -53.718 28.598 -47.193
v -53.427 28.598 -47.484
v -53.427 28.598 -46.902
v -53.427 28.845 -47.193
v -53.427 28.350 -47.193
f 2963 2959 2961
f 2963 2961 2960
f 2963 2960 2962
f 2963 2962 2959
f 2964 2961 2959
f 2964 2960 2961
f 2964 2962 2960
f 2964 2959 2962
v 33.691 -50.502 -32.266
v 32.972 -50.502 -32.266
v 33.332 -50.502 -32.626
v 33.332 -50.502 -31.907
v 33.332 -50.197 -32.266
v 33.332 -50.808 -32.266
f 2969 2965 2967
f 2969 2967 2966
f 2969 2966 2968
f 2969 2968 2965
f 2970 2967 2965
f 2970 2966 2967
f 2970 2968 2966
f 2970 2965 2968
v 30.286 -52.567 -33.526
v 29.786 -52.567 -33.526
v 30.036 -52.567 -33.776
v 30.036 -52.567 -33.276
v 30.036 -52.354 -33.526
v 30.036 -52.779 -33.526
f 2975 2971 2973
f 2975 2973 2972
f 2975 2972 2974
f 2975 2974 2971
f 2976 2973 2971
f 2976 2972 2973
f 2976 2974 2972
f 2976 2971 2974
v 11.849 -40.171 -41.101
v 11.349 -40.171 -41.101
v 11.599 -40.171 -41.351
v 11.599 -40.171 -40.851
v 11.599 -39.958 -41.101
v 11.599 -40.383 -41.101
f 2981 2977 2979
f 2981 2979 2978
f 2981 2978 2980
f 2981 2980 2977
f 2982 2979 2977
f 2982 2978 2979
f 2982 2980 2978
f 2982 2977 2980
v -50.477 29.693 -46.385
v -51.059 29.693 -46.385
v -50.768 29.693 -46.676
v -50.768 29.693 -46.094
v -50.768 29.940 -46.385
v -50.768 29.446 -46.385
f 2987 2983 2985
f 2987 2985 2984
f 2987 2984 2986
f 2987 2986 2983
f 2988 2985 2983
f 2988 2984 2985
f 2988 2986 2984
f 2988 2983 2986
v -47.746 29.920 -42.807
v -48.246 29.920 -42.807
v -47.996 29.920 -43.057
v -47.996 29.920 -42.557
v -47.996 30.133 -42.807
v -47.996 29.708 -42.807
f 2993 2989 2991
f 2993 2991 2990
f 2993 2990 2992
f 2993 2992 2989
f 2994 2991 2989
f 2994 2990 2991
f 2994 2992 2990
f 2994 2989 2992
v -47.108 30.991 -43.074
v -47.608 30.991 -43.074
v -47.358 30.991 -43.324
v -47.358 30.991 -42.824
v -47.358 31.203 -43.074
v -47.358 30.778 -43.074
f 2999 2995 2997
f 2999 2997 2996
f 2999 2996 2998
f 2999 2998 2995
f 3000 2997 2995
f 3000 2996 2997
f 3000 2998 2996
f 3000 2995 2998
v -39.475 25.134 -52.586
v -39.975 25.134 -52.586
v -39.725 25.134 -52.836
v -39.725 25.134 -52.336
v -39.725 25.346 -52.586
v -39.725 24.921 -52.586
f 3005 3001 3003
f 3005 3003 3002
f 3005 3002 3004
f 3005 3004 3001
f 3006 3003 3001
f 3006 3002 3003
f 3006 3004 3002
f 3006 3001 3004
v -42.368 29.668 -50.333
v -42.950 29.668 -50.333
v -42.659 29.668 -50.624
v -42.659 29.668 -50.042
v -42.659 29.915 -50.333
v -42.659 29.421 -50.333
f 3011 3007 3009
f 3011 3009 3008
f 3011 3008 3010
f 3011 3010 3007
f 3012 3009 3007
f 3012 3008 3009
f 3012 3010 3008
f 3012 3007 3010
v -47.719 33.060 -43.609
v -48.373 33.060 -43.609
v -48.046 33.060 -43.936
v -48.046 33.060 -43.282
v -48.046 33.337 -43.609
v -48.046 32.782 -43.609
f 3017 3013 3015
f 3017 3015 3014
f 3017 3014 3016
f 3017 3016 3013
f 3018 3015 3013
f 3018 3014 3015
f 3018 3016 3014
f 3018 3013 3016
v -47.986 35.336 -45.184
v -48.568 35.336 -45.184
v -48.277 35.336 -45.475
v -48.277 35.336 -44.893
v -48.277 35.583 -45.184
v -48.277 35.088 -45.184
f 3023 3019 3021
f 3023 3021 3020
f 3023 3020 3022
f 3023 3022 3019
f 3024 3021 3019
f 3024 3020 3021
f 3024 3022 3020
f 3024 3019 3022
v -50.355 37.716 -44.831
v -51.009 37.716 -44.831
v -50.682 37.716 -45.158
v -50.682 37.716 -44.504
v -50.682 37.994 -44.831
v -50.682 37.438 -44.831
f 3029 3025 3027
f 3029 3027 3026
f 3029 3026 3028
f 3029 3028 3025
f 3030 3027 3025
f 3030 3026 3027
f 3030 3028 3026
f 3030 3025 3028
v 45.815 -51.529 -37.671
v 45.315 -51.529 -37.671
v 45.565 -51.529 -37.921
v 45.565 -51.529 -37.421
v 45.565 -51.316 -37.671
v 45.565 -51.741 -37.671
f 3035 3031 3033
f 3035 3033 3032
f 3035 3032 3034
f 3035 3034 3031
f 3036 3033 3031
f 3036 3032 3033
f 3036 3034 3032
f 3036 3031 3034
v 45.694 -52.874 -35.941
v 45.194 -52.874 -35.941
v 45.444 -52.874 -36.191
v 45.444 -52.874 -35.691
v 45.444 -52.662 -35.941
v 45.444 -53.087 -35.941
f 3041 3037 3039
f 3041 3039 3038
f 3041 3038 3040
f 3041 3040 3037
f 3042 3039 3037
f 3042 3038 3039
f 3042 3040 3038
f 3042 3037 3040
v 18.845 -31.547 -40.243
v 18.345 -31.547 -40.243
v 18.595 -31.547 -40.493
v 18.595 -31.547 -39.993
v 18.595 -31.335 -40.243
v 18.595 -31.760 -40.243
f 3047 3043 3045
f 3047 3045 3044
f 3047 3044 3046
f 3047 3046 3043
f 3048 3045 3043
f 3048 3044 3045
f 3048 3046 3044
f 3048 3043 3046
v 23.244 -34.623 -35.945
v 22.590 -34.623 -35.945
v 22.917 -34.623 -36.272
v 22.917 -34.623 -35.618
v 22.917 -34.345 -35.945
v 22.917 -34.901 -35.945
f 3053 3049 3051
f 3053 3051 3050
f 3053 3050 3052
f 3053 3052 3049
f 3054 3051 3049
f 3054 3050 3051
f 3054 3052 3050
f 3054 3049 3052
v -50.311 44.899 -40.637
v -50.811 44.899 -40.637
v -50.561 44.899 -40.887
v -50.561 44.899 -40.387
v -50.561 45.112 -40.637
v -50.561 44.687 -40.637
f 3059 3055 3057
f 3059 3057 3056
f 3059 3056 3058
f 3059 3058 3055
f 3060 3057 3055
f 3060 3056 3057
f 3060 3058 3056
f 3060 3055 3058
v 23.583 -19.920 -28.653
v 22.864 -19.920 -28.653
v 23.223 -19.920 -29.013
v 23.223 -19.920 -28.294
v 23.223 -19.614 -28.653
v 23.223 -20.225 -28.653
f 3065 3061 3063
f 3065 3063 3062
f 3065 3062 3064
f 3065 3064 3061
f 3066 3063 3061
f 3066 3062 3063
f 3066 3064 3062
f 3066 3061 3064
v -4.489 16.173 -40.600
v -4.989 16.173 -40.600
v -4.739 16.173 -40.850
v -4.739 16.173 -40.350
v -4.739 16.385 -40.600
v -4.739 15.960 -40.600
f 3071 3067 3069
f 3071 3069 3068
f 3071 3068 3070
f 3071 3070 3067
f 3072 3069 3067
f 3072 3068 3069
f 3072 3070 3068
f 3072 3067 3070
v -2.223 15.852 -40.338
v -2.723 15.852 -40.338
v -2.473 15.852 -40.588
v -2.473 15.852 -40.088
v -2.473 16.064 -40.338
v -2.473 15.639 -40.338
f 3077 3073 3075
f 3077 3075 3074
f 3077 3074 3076
f 3077 3076 3073
f 3078 3075 3073
f 3078 3074 3075
f 3078 3076 3074
f 3078 3073 3076
v -11.802 25.342 -38.672
v -12.302 25.342 -38.672
v -12.052 25.342 -38.922
v -12.052 25.342 -38.422
v -12.052 25.555 -38.672
v -12.052 25.130 -38.672
f 3083 3079 3081
f 3083 3081 3080
f 3083 3080 3082
f 3083 3082 3079
f 3084 3081 3079
f 3084 3080 3081
f 3084 3082 3080
f 3084 3079 3082
v 37.189 -13.723 -34.805
v 36.689 -13.723 -34.805
v 36.939 -13.723 -35.055
v 36.939 -13.723 -34.555
v 36.939 -13.510 -34.805
v 36.939 -13.935 -34.805
f 3089 3085 3087
f 3089 3087 3086
f 3089 3086 3088
f 3089 3088 3085
f 3090 3087 3085
f 3090 3086 3087
f 3090 3088 3086
f 3090 3085 3088
v 40.475 -14.474 -34.932
v 39.821 -14.474 -34.932
v 40.148 -14.474 -35.259
v 40.148 -14.474 -34.605
v 40.148 -14.196 -34.932
v 40.148 -14.751 -34.932
f 3095 3091 3093
f 3095 3093 3092
f 3095 3092 3094
f 3095 3094 3091
f 3096 3093 3091
f 3096 3092 3093
f 3096 3094 3092
f 3096 3091 3094
v 19.655 21.446 -39.727
v 19.074 21.446 -39.727
v 19.365 21.446 -40.017
v 19.365 21.446 -39.436
v 19.365 21.693 -39.727
v 19.365 21.198 -39.727
f 3101 3097 3099
f 3101 3099 3098
f 3101 3098 3100
f 3101 3100 3097
f 3102 3099 3097
f 3102 3098 3099
f 3102 3100 3098
f 3102 3097 3100
v -32.298 59.681 -40.801
v -32.952 59.681 -40.801
v -32.625 59.681 -41.128
v -32.625 59.681 -40.474
v -32.625 59.958 -40.801
v -32.625 59.403 -40.801
f 3107 3103 3105
f 3107 3105 3104
f 3107 3104 3106
f 3107 3106 3103
f 3108 3105 3103
f 3108 3104 3105
f 3108 3106 3104
f 3108 3103 3106
v 45.560 -16.512 -32.224
v 45.060 -16.512 -32.224
v 45.310 -16.512 -32.474
v 45.310 -16.512 -31.974
v 45.310 -16.299 -32.224
v 45.310 -16.724 -32.224
f 3113 3109 3111
f 3113 3111 3110
f 3113 3110 3112
f 3113 3112 3109
f 3114 3111 3109
f 3114 3110 3111
f 3114 3112 3110
f 3114 3109 3112
v -19.003 63.340 -38.927
v -19.584 63.340 -38.927
v -19.294 63.340 -39.218
v -19.294 63.340 -38.636
v -19.294 63.587 -38.927
v -19.294 63.093 -38.927
f 3119 3115 3117
f 3119 3117 3116
f 3119 3116 3118
f 3119 3118 3115
f 3120 3117 3115
f 3120 3116 3117
f 3120 3118 3116
f 3120 3115 3118
v 60.684 -12.739 -29.598
v 60.102 -12.739 -29.598
v 60.393 -12.739 -29.889
v 60.393 -12.739 -29.307
v 60.393 -12.492 -29.598
v 60.393 -12.986 -29.598
f 3125 3121 3123
f 3125 3123 3122
f 3125 3122 3124
f 3125 3124 3121
f 3126 3123 3121
f 3126 3122 3123
f 3126 3124 3122
f 3126 3121 3124
v 57.629 -8.940 -37.736
v 56.975 -8.940 -37.736
v 57.302 -8.940 -38.063
v 57.302 -8.940 -37.409
v 57.302 -8.662 -37.736
v 57.302 -9.218 -37.736
f 3131 3127 3129
f 3131 3129 3128
f 3131 3128 3130
f 3131 3130 3127
f 3132 3129 3127
f 3132 3128 3129
f 3132 3130 3128
f 3132 3127 3130
v 57.472 -7.986 -32.746
v 56.972 -7.986 -32.746
v 57.222 -7.986 -32.996
v 57.222 -7.986 -32.496
v 57.222 -7.773 -32.746
v 57.222 -8.198 -32.746
f 3137 3133 3135
f 3137 3135 3134
f 3137 3134 3136
f 3137 3136 3133
f 3138 3135 3133
f 3138 3134 3135
f 3138 3136 3134
f 3138 3133 3136
v 60.615 -8.710 -32.501
v 60.115 -8.710 -32.501
v 60.365 -8.710 -32.751
v 60.365 -8.710 -32.251
v 60.365 -8.498 -32.501
v 60.365 -8.923 -32.501
f 3143 3139 3141
f 3143 3141 3140
f 3143 3140 3142
f 3143 3142 3139
f 3144 3141 3139
f 3144 3140 3141
f 3144 3142 3140
f 3144 3139 3142
v 61.696 -4.671 -31.945
v 61.196 -4.671 -31.945
v 61.446 -4.671 -32.195
v 61.446 -4.671 -31.695
v 61.446 -4.459 -31.945
v 61.446 -4.884 -31.945
f 3149 3145 3147
f 3149 3147 3146
f 3149 3146 3148
f 3149 3148 3145
f 3150 3147 3145
f 3150 3146 3147
f 3150 3148 3146
f 3150 3145 3148
v 36.868 19.642 -39.833
v 36.368 19.642 -39.833
v 36.618 19.642 -40.083
v 36.618 19.642 -39.583
v 36.618 19.854 -39.833
v 36.618 19.429 -39.833
f 3155 3151 3153
f 3155 3153 3152
f 3155 3152 3154
f 3155 3154 3151
f 3156 3153 3151
f 3156 3152 3153
f 3156 3154 3152
f 3156 3151 3154
v 31.360 22.269 -41.018
v 30.779 22.269 -41.018
v 31.070 22.269 -41.309
v 31.070 22.269 -40.727
v 31.070 22.516 -41.018
v 31.070 22.021 -41.018
f 3161 3157 3159
f 3161 3159 3158
f 3161 3158 3160
f 3161 3160 3157
f 3162 3159 3157
f 3162 3158 3159
f 3162 3160 3158
f 3162 3157 3160
v -7.557 67.829 -39.357
v -8.057 67.829 -39.357
v -7.807 67.829 -39.607
v -7.807 67.829 -39.107
v -7.807 68.041 -39.357
v -7.807 67.616 -39.357
f 3167 3163 3165
f 3167 3165 3164
f 3167 3164 3166
f 3167 3166 3163
f 3168 3165 3163
f 3168 3164 3165
f 3168 3166 3164
f 3168 3163 3166
v 60.819 0.702 -30.690
v 60.319 0.702 -30.690
v 60.569 0.702 -30.940
v 60.569 0.702 -30.440
v 60.569 0.914 -30.690
v 60.569 0.489 -30.690
f 3173 3169 3171
f 3173 3171 3170
f 3173 3170 3172
f 3173 3172 3169
f 3174 3171 3169
f 3174 3170 3171
f 3174 3172 3170
f 3174 3169 3172
v 56.802 8.361 -37.618
v 56.083 8.361 -37.618
v 56.442 8.361 -37.977
v 56.442 8.361 -37.258
v 56.442 8.666 -37.618
v 56.442 8.055 -37.618
f 3179 3175 3177
f 3179 3177 3176
f 3179 3176 3178
f 3179 3178 3175
f 3180 3177 3175
f 3180 3176 3177
f 3180 3178 3176
f 3180 3175 3178
v 48.152 10.984 -39.614
v 47.652 10.984 -39.614
v 47.902 10.984 -39.864
v 47.902 10.984 -39.364
v 47.902 11.197 -39.614
v 47.902 10.772 -39.614
f 3185 3181 3183
f 3185 3183 3182
f 3185 3182 3184
f 3185 3184 3181
f 3186 3183 3181
f 3186 3182 3183
f 3186 3184 3182
f 3186 3181 3184
v 53.525 10.262 -40.009
v 53.025 10.262 -40.009
v 53.275 10.262 -40.259
v 53.275 10.262 -39.759
v 53.275 10.475 -40.009
v 53.275 10.050 -40.009
f 3191 3187 3189
f 3191 3189 3188
f 3191 3188 3190
f 3191 3190 3187
f 3192 3189 3187
f 3192 3188 3189
f 3192 3190 3188
f 3192 3187 3190
v 51.696 19.064 -36.439
v 51.196 19.064 -36.439
v 51.446 19.064 -36.689
v 51.446 19.064 -36.189
v 51.446 19.276 -36.439
v 51.446 18.851 -36.439
f 3197 3193 3195
f 3197 3195 3194
f 3197 3194 3196
f 3197 3196 3193
f 3198 3195 3193
f 3198 3194 3195
f 3198 3196 3194
f 3198 3193 3196
v 54.090 11.387 -34.195
v 53.436 11.387 -34.195
v 53.763 11.387 -34.522
v 53.763 11.387 -33.868
v 53.763 11.665 -34.195
v 53.763 11.109 -34.195
f 3203 3199 3201
f 3203 3201 3200
f 3203 3200 3202
f 3203 3202 3199
f 3204 3201 3199
f 3204 3200 3201
f 3204 3202 3200
f 3204 3199 3202
v -4.012 69.079 -37.748
v -4.512 69.079 -37.748
v -4.262 69.079 -37.998
v -4.262 69.079 -37.498
v -4.262 69.292 -37.748
v -4.262 68.867 -37.748
f 3209 3205 3207
f 3209 3207 3206
f 3209 3206 3208
f 3209 3208 3205
f 3210 3207 3205
f 3210 3206 3207
f 3210 3208 3206
f 3210 3205 3208
v 51.400 21.653 -36.085
v 50.819 21.653 -36.085
v 51.110 21.653 -36.376
v 51.110 21.653 -35.794
v 51.110 21.900 -36.085
v 51.110 21.405 -36.085
f 3215 3211 3213
f 3215 3213 3212
f 3215 3212 3214
f 3215 3214 3211
f 3216 3213 3211
f 3216 3212 3213
f 3216 3214 3212
f 3216 3211 3214
v 53.653 20.621 -34.849
v 52.933 20.621 -34.849
v 53.293 20.621 -35.209
v 53.293 20.621 -34.490
v 53.293 20.927 -34.849
v 53.293 20.315 -34.849
f 3221 3217 3219
f 3221 3219 3218
f 3221 3218 3220
f 3221 3220 3217
f 3222 3219 3217
f 3222 3218 3219
f 3222 3220 3218
f 3222 3217 3220
v 52.159 26.783 -40.169
v 51.659 26.783 -40.169
v 51.909 26.783 -40.419
v 51.909 26.783 -39.919
v 51.909 26.996 -40.169
v 51.909 26.571 -40.169
f 3227 3223 3225
f 3227 3225 3224
f 3227 3224 3226
f 3227 3226 3223
f 3228 3225 3223
f 3228 3224 3225
f 3228 3226 3224
f 3228 3223 3226
v 24.093 60.738 -46.049
v 23.593 60.738 -46.049
v 23.843 60.738 -46.299
v 23.843 60.738 -45.799
v 23.843 60.950 -46.049
v 23.843 60.525 -46.049
f 3233 3229 3231
f 3233 3231 3230
f 3233 3230 3232
f 3233 3232 3229
f 3234 3231 3229
f 3234 3230 3231
f 3234 3232 3230
f 3234 3229 3232
v -55.943 -41.279 -29.297
v -56.443 -41.279 -29.297
v -56.193 -41.279 -29.547
v -56.193 -41.279 -29.047
v -56.193 -41.066 -29.297
v -56.193 -41.491 -29.297
f 3239 3235 3237
f 3239 3237 3236
f 3239 3236 3238
f 3239 3238 3235
f 3240 3237 3235
f 3240 3236 3237
f 3240 3238 3236
f 3240 3235 3238
v -61.075 -33.203 -24.232
v -61.729 -33.203 -24.232
v -61.402 -33.203 -24.559
v -61.402 -33.203 -23.905
v -61.402 -32.925 -24.232
v -61.402 -33.481 -24.232
f 3245 3241 3243
f 3245 3243 3242
f 3245 3242 3244
f 3245 3244 3241
f 3246 3243 3241
f 3246 3242 3243
f 3246 3244 3242
f 3246 3241 3244
v -60.230 -24.462 -29.006
v -60.730 -24.462 -29.006
v -60.480 -24.462 -29.256
v -60.480 -24.462 -28.756
v -60.480 -24.250 -29.006
v -60.480 -24.675 -29.006
f 3251 3247 3249
f 3251 3249 3248
f 3251 3248 3250
f 3251 3250 3247
f 3252 3249 3247
f 3252 3248 3249
f 3252 3250 3248
f 3252 3247 3250
v -57.195 -25.084 -27.385
v -57.777 -25.084 -27.385
v -57.486 -25.084 -27.676
v -57.486 -25.084 -27.094
v -57.486 -24.837 -27.385
v -57.486 -25.332 -27.385
f 3257 3253 3255
f 3257 3255 3254
f 3257 3254 3256
f 3257 3256 3253
f 3258 3255 3253
f 3258 3254 3255
f 3258 3256 3254
f 3258 3253 3256
v -40.257 -34.351 -25.153
v -40.839 -34.351 -25.153
v -40.548 -34.351 -25.444
v -40.548 -34.351 -24.863
v -40.548 -34.103 -25.153
v -40.548 -34.598 -25.153
f 3263 3259 3261
f 3263 3261 3260
f 3263 3260 3262
f 3263 3262 3259
f 3264 3261 3259
f 3264 3260 3261
f 3264 3262 3260
f 3264 3259 3262
v -49.114 -29.942 -31.809
v -49.614 -29.942 -31.809
v -49.364 -29.942 -32.059
v -49.364 -29.942 -31.559
v -49.364 -29.730 -31.809
v -49.364 -30.155 -31.809
f 3269 3265 3267
f 3269 3267 3266
f 3269 3266 3268
f 3269 3268 3265
f 3270 3267 3265
f 3270 3266 3267
f 3270 3268 3266
f 3270 3265 3268
v -51.706 -30.631 -32.249
v -52.287 -30.631 -32.249
v -51.997 -30.631 -32.540
v -51.997 -30.631 -31.959
v -51.997 -30.384 -32.249
v -51.997 -30.878 -32.249
f 3275 3271 3273
f 3275 3273 3272
f 3275 3272 3274
f 3275 3274 3271
f 3276 3273 3271
f 3276 3272 3273
f 3276 3274 3272
f 3276 3271 3274
v -51.528 -18.889 -33.989
v -52.028 -18.889 -33.989
v -51.778 -18.889 -34.239
v -51.778 -18.889 -33.739
v -51.778 -18.677 -33.989
v -51.778 -19.102 -33.989
f 3281 3277 3279
f 3281 3279 3278
f 3281 3278 3280
f 3281 3280 3277
f 3282 3279 3277
f 3282 3278 3279
f 3282 3280 3278
f 3282 3277 3280
v -12.483 -55.697 -29.830
v -12.983 -55.697 -29.830
v -12.733 -55.697 -30.080
v -12.733 -55.697 -29.580
v -12.733 -55.484 -29.830
v -12.733 -55.909 -29.830
f 3287 3283 3285
f 3287 3285 3284
f 3287 3284 3286
f 3287 3286 3283
f 3288 3285 3283
f 3288 3284 3285
f 3288 3286 3284
f 3288 3283 3286
v -24.318 -47.194 -27.435
v -24.818 -47.194 -27.435
v -24.568 -47.194 -27.685
v -24.568 -47.194 -27.185
v -24.568 -46.982 -27.435
v -24.568 -47.407 -27.435
f 3293 3289 3291
f 3293 3291 3290
f 3293 3290 3292
f 3293 3292 3289
f 3294 3291 3289
f 3294 3290 3291
f 3294 3292 3290
f 3294 3289 3292
v -25.975 -41.999 -28.786
v -26.475 -41.999 -28.786
v -26.225 -41.999 -29.036
v -26.225 -41.999 -28.536
v -26.225 -41.786 -28.786
v -26.225 -42.211 -28.786
f 3299 3295 3297
f 3299 3297 3296
f 3299 3296 3298
f 3299 3298 3295
f 3300 3297 3295
f 3300 3296 3297
f 3300 3298 3296
f 3300 3295 3298
v -43.326 -4.844 -30.741
v -43.826 -4.844 -30.741
v -43.576 -4.844 -30.991
v -43.576 -4.844 -30.491
v -43.576 -4.631 -30.741
v -43.576 -5.056 -30.741
f 3305 3301 3303
f 3305 3303 3302
f 3305 3302 3304
f 3305 3304 3301
f 3306 3303 3301
f 3306 3302 3303
f 3306 3304 3302
f 3306 3301 3304
v -47.411 0.894 -33.921
v -47.911 0.894 -33.921
v -47.661 0.894 -34.171
v -47.661 0.894 -33.671
v -47.661 1.107 -33.921
v -47.661 0.682 -33.921
f 3311 3307 3309
f 3311 3309 3308
f 3311 3308 3310
f 3311 3310 3307
f 3312 3309 3307
f 3312 3308 3309
f 3312 3310 3308
f 3312 3307 3310
v -49.061 3.666 -29.952
v -49.715 3.666 -29.952
v -49.388 3.666 -30.279
v -49.388 3.666 -29.625
v -49.388 3.944 -29.952
v -49.388 3.388 -29.952
f 3317 3313 3315
f 3317 3315 3314
f 3317 3314 3316
f 3317 3316 3313
f 3318 3315 3313
f 3318 3314 3315
f 3318 3316 3314
f 3318 3313 3316
v -61.472 10.680 -35.083
v -61.972 10.680 -35.083
v -61.722 10.680 -35.333
v -61.722 10.680 -34.833
v -61.722 10.892 -35.083
v -61.722 10.467 -35.083
f 3323 3319 3321
f 3323 3321 3320
f 3323 3320 3322
f 3323 3322 3319
f 3324 3321 3319
f 3324 3320 3321
f 3324 3322 3320
f 3324 3319 3322
v 13.496 -61.958 -30.653
v 12.996 -61.958 -30.653
v 13.246 -61.958 -30.903
v 13.246 -61.958 -30.403
v 13.246 -61.745 -30.653
v 13.246 -62.170 -30.653
f 3329 3325 3327
f 3329 3327 3326
f 3329 3326 3328
f 3329 3328 3325
f 3330 3327 3325
f 3330 3326 3327
f 3330 3328 3326
f 3330 3325 3328
v 3.777 -57.240 -29.325
v 3.277 -57.240 -29.325
v 3.527 -57.240 -29.575
v 3.527 -57.240 -29.075
v 3.527 -57.027 -29.325
v 3.527 -57.452 -29.325
f 3335 3331 3333
f 3335 3333 3332
f 3335 3332 3334
f 3335 3334 3331
f 3336 3333 3331
f 3336 3332 3333
f 3336 3334 3332
f 3336 3331 3334
v 6.218 -55.731 -26.191
v 5.636 -55.731 -26.191
v 5.927 -55.731 -26.482
v 5.927 -55.731 -25.900
v 5.927 -55.484 -26.191
v 5.927 -55.978 -26.191
f 3341 3337 3339
f 3341 3339 3338
f 3341 3338 3340
f 3341 3340 3337
f 3342 3339 3337
f 3342 3338 3339
f 3342 3340 3338
f 3342 3337 3340
v 9.160 -59.259 -27.432
v 8.441 -59.259 -27.432
v 8.800 -59.259 -27.791
v 8.800 -59.259 -27.072
v 8.800 -58.953 -27.432
v 8.800 -59.564 -27.432
f 3347 3343 3345
f 3347 3345 3344
f 3347 3344 3346
f 3347 3346 3343
f 3348 3345 3343
f 3348 3344 3345
f 3348 3346 3344
f 3348 3343 3346
v -30.550 -1.269 -33.654
v -31.269 -1.269 -33.654
v -30.910 -1.269 -34.014
v -30.910 -1.269 -33.295
v -30.910 -0.963 -33.654
v -30.910 -1.574 -33.654
f 3353 3349 3351
f 3353 3351 3350
f 3353 3350 3352
f 3353 3352 3349
f 3354 3351 3349
f 3354 3350 3351
f 3354 3352 3350
f 3354 3349 3352
v -57.057 19.853 -34.789
v -57.557 19.853 -34.789
v -57.307 19.853 -35.039
v -57.307 19.853 -34.539
v -57.307 20.065 -34.789
v -57.307 19.640 -34.789
f 3359 3355 3357
f 3359 3357 3356
f 3359 3356 3358
f 3359 3358 3355
f 3360 3357 3355
f 3360 3356 3357
f 3360 3358 3356
f 3360 3355 3358
v -58.930 14.370 -30.318
v -59.584 14.370 -30.318
v -59.257 14.370 -30.645
v -59.257 14.370 -29.991
v -59.257 14.648 -30.318
v -59.257 14.092 -30.318
f 3365 3361 3363
f 3365 3363 3362
f 3365 3362 3364
f 3365 3364 3361
f 3366 3363 3361
f 3366 3362 3363
f 3366 3364 3362
f 3366 3361 3364
v -60.148 24.692 -34.130
v -60.730 24.692 -34.130
v -60.439 24.692 -34.421
v -60.439 24.692 -33.839
v -60.439 24.939 -34.130
v -60.439 24.445 -34.130
f 3371 3367 3369
f 3371 3369 3368
f 3371 3368 3370
f 3371 3370 3367
f 3372 3369 3367
f 3372 3368 3369
f 3372 3370 3368
f 3372 3367 3370
v 22.019 -53.260 -25.551
v 21.300 -53.260 -25.551
v 21.659 -53.260 -25.911
v 21.659 -53.260 -25.192
v 21.659 -52.955 -25.551
v 21.659 -53.566 -25.551
f 3377 3373 3375
f 3377 3375 3374
f 3377 3374 3376
f 3377 3376 3373
f 3378 3375 3373
f 3378 3374 3375
f 3378 3376 3374
f 3378 3373 3376
v 24.325 -55.228 -26.581
v 23.743 -55.228 -26.581
v 24.034 -55.228 -26.872
v 24.034 -55.228 -26.290
v 24.034 -54.981 -26.581
v 24.034 -55.475 -26.581
f 3383 3379 3381
f 3383 3381 3380
f 3383 3380 3382
f 3383 3382 3379
f 3384 3381 3379
f 3384 3380 3381
f 3384 3382 3380
f 3384 3379 3382
v 15.510 -50.422 -23.349
v 14.856 -50.422 -23.349
v 15.183 -50.422 -23.676
v 15.183 -50.422 -23.022
v 15.183 -50.144 -23.349
v 15.183 -50.700 -23.349
f 3389 3385 3387
f 3389 3387 3386
f 3389 3386 3388
f 3389 3388 3385
f 3390 3387 3385
f 3390 3386 3387
f 3390 3388 3386
f 3390 3385 3388
v 17.137 -51.099 -26.411
v 16.418 -51.099 -26.411
v 16.777 -51.099 -26.771
v 16.777 -51.099 -26.052
v 16.777 -50.794 -26.411
v 16.777 -51.405 -26.411
f 3395 3391 3393
f 3395 3393 3392
f 3395 3392 3394
f 3395 3394 3391
f 3396 3393 3391
f 3396 3392 3393
f 3396 3394 3392
f 3396 3391 3394
v -28.258 1.118 -28.762
v -28.977 1.118 -28.762
v -28.617 1.118 -29.122
v -28.617 1.118 -28.403
v -28.617 1.423 -28.762
v -28.617 0.812 -28.762
f 3401 3397 3399
f 3401 3399 3398
f 3401 3398 3400
f 3401 3400 3397
f 3402 3399 3397
f 3402 3398 3399
f 3402 3400 3398
f 3402 3397 3400
v -33.690 10.674 -30.961
v -34.190 10.674 -30.961
v -33.940 10.674 -31.211
v -33.940 10.674 -30.711
v -33.940 10.886 -30.961
v -33.940 10.461 -30.961
f 3407 3403 3405
f 3407 3405 3404
f 3407 3404 3406
f 3407 3406 3403
f 3408 3405 3403
f 3408 3404 3405
f 3408 3406 3404
f 3408 3403 3406
v -49.073 19.502 -32.832
v -49.655 19.502 -32.832
v -49.364 19.502 -33.123
v -49.364 19.502 -32.541
v -49.364 19.750 -32.832
v -49.364 19.255 -32.832
f 3413 3409 3411
f 3413 3411 3410
f 3413 3410 3412
f 3413 3412 3409
f 3414 3411 3409
f 3414 3410 3411
f 3414 3412 3410
f 3414 3409 3412
v -46.629 20.018 -39.151
v -47.129 20.018 -39.151
v -46.879 20.018 -39.401
v -46.879 20.018 -38.901
v -46.879 20.231 -39.151
v -46.879 19.806 -39.151
f 3419 3415 3417
f 3419 3417 3416
f 3419 3416 3418
f 3419 3418 3415
f 3420 3417 3415
f 3420 3416 3417
f 3420 3418 3416
f 3420 3415 3418
v -45.381 20.854 -39.978
v -46.035 20.854 -39.978
v -45.708 20.854 -40.305
v -45.708 20.854 -39.651
v -45.708 21.132 -39.978
v -45.708 20.576 -39.978
f 3425 3421 3423
f 3425 3423 3422
f 3425 3422 3424
f 3425 3424 3421
f 3426 3423 3421
f 3426 3422 3423
f 3426 3424 3422
f 3426 3421 3424
v 26.545 -51.961 -27.877
v 25.964 -51.961 -27.877
v 26.254 -51.961 -28.168
v 26.254 -51.961 -27.586
v 26.254 -51.714 -27.877
v 26.254 -52.209 -27.877
f 3431 3427 3429
f 3431 3429 3428
f 3431 3428 3430
f 3431 3430 3427
f 3432 3429 3427
f 3432 3428 3429
f 3432 3430 3428
f 3432 3427 3430
v 25.547 -50.958 -24.274
v 24.893 -50.958 -24.274
v 25.220 -50.958 -24.601
v 25.220 -50.958 -23.947
v 25.220 -50.680 -24.274
v 25.220 -51.236 -24.274
f 3437 3433 3435
f 3437 3435 3434
f 3437 3434 3436
f 3437 3436 3433
f 3438 3435 3433
f 3438 3434 3435
f 3438 3436 3434
f 3438 3433 3436
v -16.933 0.532 -38.516
v -17.433 0.532 -38.516
v -17.183 0.532 -38.766
v -17.183 0.532 -38.266
v -17.183 0.744 -38.516
v -17.183 0.319 -38.516
f 3443 3439 3441
f 3443 3441 3440
f 3443 3440 3442
f 3443 3442 3439
f 3444 3441 3439
f 3444 3440 3441
f 3444 3442 3440
f 3444 3439 3442
v -48.252 39.342 -41.778
v -48.752 39.342 -41.778
v -48.502 39.342 -42.028
v -48.502 39.342 -41.528
v -48.502 39.554 -41.778
v -48.502 39.129 -41.778
f 3449 3445 3447
f 3449 3447 3446
f 3449 3446 3448
f 3449 3448 3445
f 3450 3447 3445
f 3450 3446 3447
f 3450 3448 3446
f 3450 3445 3448
v -51.870 42.493 -40.856
v -52.370 42.493 -40.856
v -52.120 42.493 -41.106
v -52.120 42.493 -40.606
v -52.120 42.705 -40.856
v -52.120 42.280 -40.856
f 3455 3451 3453
f 3455 3453 3452
f 3455 3452 3454
f 3455 3454 3451
f 3456 3453 3451
f 3456 3452 3453
f 3456 3454 3452
f 3456 3451 3454
v 9.689 -20.876 -28.734
v 9.107 -20.876 -28.734
v 9.398 -20.876 -29.025
v 9.398 -20.876 -28.443
v 9.398 -20.629 -28.734
v 9.398 -21.124 -28.734
f 3461 3457 3459
f 3461 3459 3458
f 3461 3458 3460
f 3461 3460 3457
f 3462 3459 3457
f 3462 3458 3459
f 3462 3460 3458
f 3462 3457 3460
v -7.549 15.345 -30.967
v -8.131 15.345 -30.967
v -7.840 15.345 -31.258
v -7.840 15.345 -30.676
v -7.840 15.592 -30.967
v -7.840 15.097 -30.967
f 3467 3463 3465
f 3467 3465 3464
f 3467 3464 3466
f 3467 3466 3463
f 3468 3465 3463
f 3468 3464 3465
f 3468 3466 3464
f 3468 3463 3466
v -13.643 15.303 -30.538
v -14.297 15.303 -30.538
v -13.970 15.303 -30.865
v -13.970 15.303 -30.211
v -13.970 15.581 -30.538
v -13.970 15.026 -30.538
f 3473 3469 3471
f 3473 3471 3470
f 3473 3470 3472
f 3473 3472 3469
f 3474 3471 3469
f 3474 3470 3471
f 3474 3472 3470
f 3474 3469 3472
v 50.045 -44.329 -15.944
v 49.545 -44.329 -15.944
v 49.795 -44.329 -16.194
v 49.795 -44.329 -15.694
v 49.795 -44.116 -15.944
v 49.795 -44.541 -15.944
f 3479 3475 3477
f 3479 3477 3476
f 3479 3476 3478
f 3479 3478 3475
f 3480 3477 3475
f 3480 3476 3477
f 3480 3478 3476
f 3480 3475 3478
v 16.910 -2.992 -27.011
v 16.410 -2.992 -27.011
v 16.660 -2.992 -27.261
v 16.660 -2.992 -26.761
v 16.660 -2.779 -27.011
v 16.660 -3.204 -27.011
f 3485 3481 3483
f 3485 3483 3482
f 3485 3482 3484
f 3485 3484 3481
f 3486 3483 3481
f 3486 3482 3483
f 3486 3484 3482
f 3486 3481 3484
v 8.663 -6.884 -22.391
v 8.082 -6.884 -22.391
v 8.373 -6.884 -22.682
v 8.373 -6.884 -22.100
v 8.373 -6.636 -22.391
v 8.373 -7.131 -22.391
f 3491 3487 3489
f 3491 3489 3488
f 3491 3488 3490
f 3491 3490 3487
f 3492 3489 3487
f 3492 3488 3489
f 3492 3490 3488
f 3492 3487 3490
v 10.189 10.770 -29.749
v 9.607 10.770 -29.749
v 9.898 10.770 -30.040
v 9.898 10.770 -29.458
v 9.898 11.017 -29.749
v 9.898 10.522 -29.749
f 3497 3493 3495
f 3497 3495 3494
f 3497 3494 3496
f 3497 3496 3493
f 3498 3495 3493
f 3498 3494 3495
f 3498 3496 3494
f 3498 3493 3496
v -17.791 29.443 -25.487
v -18.291 29.443 -25.487
v -18.041 29.443 -25.737
v -18.041 29.443 -25.237
v -18.041 29.655 -25.487
v -18.041 29.230 -25.487
f 3503 3499 3501
f 3503 3501 3500
f 3503 3500 3502
f 3503 3502 3499
f 3504 3501 3499
f 3504 3500 3501
f 3504 3502 3500
f 3504 3499 3502
v -13.836 35.494 -24.877
v -14.336 35.494 -24.877
v -14.086 35.494 -25.127
v -14.086 35.494 -24.627
v -14.086 35.707 -24.877
v -14.086 35.282 -24.877
f 3509 3505 3507
f 3509 3507 3506
f 3509 3506 3508
f 3509 3508 3505
f 3510 3507 3505
f 3510 3506 3507
f 3510 3508 3506
f 3510 3505 3508
v 30.618 -4.396 -24.231
v 29.899 -4.396 -24.231
v 30.259 -4.396 -24.591
v 30.259 -4.396 -23.872
v 30.259 -4.091 -24.231
v 30.259 -4.702 -24.231
f 3515 3511 3513
f 3515 3513 3512
f 3515 3512 3514
f 3515 3514 3511
f 3516 3513 3511
f 3516 3512 3513
f 3516 3514 3512
f 3516 3511 3514
v -5.386 43.931 -28.327
v -5.886 43.931 -28.327
v -5.636 43.931 -28.577
v -5.636 43.931 -28.077
v -5.636 44.144 -28.327
v -5.636 43.719 -28.327
f 3521 3517 3519
f 3521 3519 3518
f 3521 3518 3520
f 3521 3520 3517
f 3522 3519 3517
f 3522 3518 3519
f 3522 3520 3518
f 3522 3517 3520
v 64.214 -33.086 -15.509
v 63.632 -33.086 -15.509
v 63.923 -33.086 -15.800
v 63.923 -33.086 -15.218
v 63.923 -32.839 -15.509
v 63.923 -33.333 -15.509
f 3527 3523 3525
f 3527 3525 3524
f 3527 3524 3526
f 3527 3526 3523
f 3528 3525 3523
f 3528 3524 3525
f 3528 3526 3524
f 3528 3523 3526
v 42.276 -3.211 -27.266
v 41.694 -3.211 -27.266
v 41.985 -3.211 -27.557
v 41.985 -3.211 -26.975
v 41.985 -2.964 -27.266
v 41.985 -3.459 -27.266
f 3533 3529 3531
f 3533 3531 3530
f 3533 3530 3532
f 3533 3532 3529
f 3534 3531 3529
f 3534 3530 3531
f 3534 3532 3530
f 3534 3529 3532
v 45.806 -8.864 -19.220
v 45.306 -8.864 -19.220
v 45.556 -8.864 -19.470
v 45.556 -8.864 -18.970
v 45.556 -8.652 -19.220
v 45.556 -9.077 -19.220
f 3539 3535 3537
f 3539 3537 3536
f 3539 3536 3538
f 3539 3538 3535
f 3540 3537 3535
f 3540 3536 3537
f 3540 3538 3536
f 3540 3535 3538
v 5.474 44.521 -32.736
v 4.974 44.521 -32.736
v 5.224 44.521 -32.986
v 5.224 44.521 -32.486
v 5.224 44.733 -32.736
v 5.224 44.308 -32.736
f 3545 3541 3543
f 3545 3543 3542
f 3545 3542 3544
f 3545 3544 3541
f 3546 3543 3541
f 3546 3542 3543
f 3546 3544 3542
f 3546 3541 3544
v 65.008 -18.953 -17.962
v 64.355 -18.953 -17.962
v 64.681 -18.953 -18.289
v 64.681 -18.953 -17.635
v 64.681 -18.675 -17.962
v 64.681 -19.231 -17.962
f 3551 3547 3549
f 3551 3549 3548
f 3551 3548 3550
f 3551 3550 3547
f 3552 3549 3547
f 3552 3548 3549
f 3552 3550 3548
f 3552 3547 3550
v 62.278 -17.318 -21.917
v 61.778 -17.318 -21.917
v 62.028 -17.318 -22.167
v 62.028 -17.318 -21.667
v 62.028 -17.105 -21.917
v 62.028 -17.530 -21.917
f 3557 3553 3555
f 3557 3555 3554
f 3557 3554 3556
f 3557 3556 3553
f 3558 3555 3553
f 3558 3554 3555
f 3558 3556 3554
f 3558 3553 3556
v 67.685 -9.232 -20.157
v 67.185 -9.232 -20.157
v 67.435 -9.232 -20.407
v 67.435 -9.232 -19.907
v 67.435 -9.019 -20.157
v 67.435 -9.444 -20.157
f 3563 3559 3561
f 3563 3561 3560
f 3563 3560 3562
f 3563 3562 3559
f 3564 3561 3559
f 3564 3560 3561
f 3564 3562 3560
f 3564 3559 3562
v 58.445 -9.035 -28.903
v 57.945 -9.035 -28.903
v 58.195 -9.035 -29.153
v 58.195 -9.035 -28.653
v 58.195 -8.823 -28.903
v 58.195 -9.248 -28.903
f 3569 3565 3567
f 3569 3567 3566
f 3569 3566 3568
f 3569 3568 3565
f 3570 3567 3565
f 3570 3566 3567
f 3570 3568 3566
f 3570 3565 3568
v 55.005 -4.192 -28.651
v 54.424 -4.192 -28.651
v 54.715 -4.192 -28.942
v 54.715 -4.192 -28.360
v 54.715 -3.944 -28.651
v 54.715 -4.439 -28.651
f 3575 3571 3573
f 3575 3573 3572
f 3575 3572 3574
f 3575 3574 3571
f 3576 3573 3571
f 3576 3572 3573
f 3576 3574 3572
f 3576 3571 3574
v 57.263 -5.349 -23.269
v 56.609 -5.349 -23.269
v 56.936 -5.349 -23.596
v 56.936 -5.349 -22.942
v 56.936 -5.071 -23.269
v 56.936 -5.627 -23.269
f 3581 3577 3579
f 3581 3579 3578
f 3581 3578 3580
f 3581 3580 3577
f 3582 3579 3577
f 3582 3578 3579
f 3582 3580 3578
f 3582 3577 3580
v 9.681 53.891 -28.165
v 9.181 53.891 -28.165
v 9.431 53.891 -28.415
v 9.431 53.891 -27.915
v 9.431 54.103 -28.165
v 9.431 53.678 -28.165
f 3587 3583 3585
f 3587 3585 3584
f 3587 3584 3586
f 3587 3586 3583
f 3588 3585 3583
f 3588 3584 3585
f 3588 3586 3584
f 3588 3583 3586
v -0.364 63.344 -30.896
v -0.864 63.344 -30.896
v -0.614 63.344 -31.146
v -0.614 63.344 -30.646
v -0.614 63.556 -30.896
v -0.614 63.131 -30.896
f 3593 3589 3591
f 3593 3591 3590
f 3593 3590 3592
f 3593 3592 3589
f 3594 3591 3589
f 3594 3590 3591
f 3594 3592 3590
f 3594 3589 3592
v 15.542 57.574 -35.001
v 14.960 57.574 -35.001
v 15.251 57.574 -35.292
v 15.251 57.574 -34.710
v 15.251 57.821 -35.001
v 15.251 57.326 -35.001
f 3599 3595 3597
f 3599 3597 3596
f 3599 3596 3598
f 3599 3598 3595
f 3600 3597 3595
f 3600 3596 3597
f 3600 3598 3596
f 3600 3595 3598
v 17.939 57.485 -33.704
v 17.439 57.485 -33.704
v 17.689 57.485 -33.954
v 17.689 57.485 -33.454
v 17.689 57.698 -33.704
v 17.689 57.273 -33.704
f 3605 3601 3603
f 3605 3603 3602
f 3605 3602 3604
f 3605 3604 3601
f 3606 3603 3601
f 3606 3602 3603
f 3606 3604 3602
f 3606 3601 3604
v 21.007 57.559 -29.161
v 20.507 57.559 -29.161
v 20.757 57.559 -29.411
v 20.757 57.559 -28.911
v 20.757 57.771 -29.161
v 20.757 57.346 -29.161
f 3611 3607 3609
f 3611 3609 3608
f 3611 3608 3610
f 3611 3610 3607
f 3612 3609 3607
f 3612 3608 3609
f 3612 3610 3608
f 3612 3607 3610
v 69.027 9.897 -21.140
v 68.527 9.897 -21.140
v 68.777 9.897 -21.390
v 68.777 9.897 -20.890
v 68.777 10.110 -21.140
v 68.777 9.685 -21.140
f 3617 3613 3615
f 3617 3615 3614
f 3617 3614 3616
f 3617 3616 3613
f 3618 3615 3613
f 3618 3614 3615
f 3618 3616 3614
f 3618 3613 3616
v 19.424 68.686 -29.869
v 18.924 68.686 -29.869
v 19.174 68.686 -30.119
v 19.174 68.686 -29.619
v 19.174 68.899 -29.869
v 19.174 68.474 -29.869
f 3623 3619 3621
f 3623 3621 3620
f 3623 3620 3622
f 3623 3622 3619
f 3624 3621 3619
f 3624 3620 3621
f 3624 3622 3620
f 3624 3619 3622
v 55.635 39.148 -27.948
v 54.916 39.148 -27.948
v 55.276 39.148 -28.307
v 55.276 39.148 -27.588
v 55.276 39.454 -27.948
v 55.276 38.843 -27.948
f 3629 3625 3627
f 3629 3627 3626
f 3629 3626 3628
f 3629 3628 3625
f 3630 3627 3625
f 3630 3626 3627
f 3630 3628 3626
f 3630 3625 3628
v 54.546 40.755 -25.343
v 54.046 40.755 -25.343
v 54.296 40.755 -25.593
v 54.296 40.755 -25.093
v 54.296 40.968 -25.343
v 54.296 40.543 -25.343
f 3635 3631 3633
f 3635 3633 3632
f 3635 3632 3634
f 3635 3634 3631
f 3636 3633 3631
f 3636 3632 3633
f 3636 3634 3632
f 3636 3631 3634
v 55.856 42.118 -31.393
v 55.275 42.118 -31.393
v 55.565 42.118 -31.684
v 55.565 42.118 -31.103
v 55.565 42.365 -31.393
v 55.565 41.871 -31.393
f 3641 3637 3639
f 3641 3639 3638
f 3641 3638 3640
f 3641 3640 3637
f 3642 3639 3637
f 3642 3638 3639
f 3642 3640 3638
f 3642 3637 3640
v 51.984 42.892 -26.035
v 51.484 42.892 -26.035
v 51.734 42.892 -26.285
v 51.734 42.892 -25.785
v 51.734 43.104 -26.035
v 51.734 42.679 -26.035
f 3647 3643 3645
f 3647 3645 3644
f 3647 3644 3646
f 3647 3646 3643
f 3648 3645 3643
f 3648 3644 3645
f 3648 3646 3644
f 3648 3643 3646
v -64.303 -31.874 -16.331
v -64.803 -31.874 -16.331
v -64.553 -31.874 -16.581
v -64.553 -31.874 -16.081
v -64.553 -31.661 -16.331
v -64.553 -32.086 -16.331
f 3653 3649 3651
f 3653 3651 3650
f 3653 3650 3652
f 3653 3652 3649
f 3654 3651 3649
f 3654 3650 3651
f 3654 3652 3650
f 3654 3649 3652
v -63.689 -37.092 -19.410
v -64.189 -37.092 -19.410
v -63.939 -37.092 -19.660
v -63.939 -37.092 -19.160
v -63.939 -36.880 -19.410
v -63.939 -37.305 -19.410
f 3659 3655 3657
f 3659 3657 3656
f 3659 3656 3658
f 3659 3658 3655
f 3660 3657 3655
f 3660 3656 3657
f 3660 3658 3656
f 3660 3655 3658
v -65.824 -6.261 -25.180
v -66.324 -6.261 -25.180
v -66.074 -6.261 -25.430
v -66.074 -6.261 -24.930
v -66.074 -6.049 -25.180
v -66.074 -6.474 -25.180
f 3665 3661 3663
f 3665 3663 3662
f 3665 3662 3664
f 3665 3664 3661
f 3666 3663 3661
f 3666 3662 3663
f 3666 3664 3662
f 3666 3661 3664
v -31.315 -31.681 -16.598
v -31.969 -31.681 -16.598
v -31.642 -31.681 -16.925
v -31.642 -31.681 -16.271
v -31.642 -31.403 -16.598
v -31.642 -31.959 -16.598
f 3671 3667 3669
f 3671 3669 3668
f 3671 3668 3670
f 3671 3670 3667
f 3672 3669 3667
f 3672 3668 3669
f 3672 3670 3668
f 3672 3667 3670
v -61.227 11.456 -22.609
v -61.808 11.456 -22.609
v -61.517 11.456 -22.900
v -61.517 11.456 -22.318
v -61.517 11.703 -22.609
v -61.517 11.208 -22.609
f 3677 3673 3675
f 3677 3675 3674
f 3677 3674 3676
f 3677 3676 3673
f 3678 3675 3673
f 3678 3674 3675
f 3678 3676 3674
f 3678 3673 3676
v -73.419 16.998 -24.470
v -73.919 16.998 -24.470
v -73.669 16.998 -24.720
v -73.669 16.998 -24.220
v -73.669 17.210 -24.470
v -73.669 16.785 -24.470
f 3683 3679 3681
f 3683 3681 3680
f 3683 3680 3682
f 3683 3682 3679
f 3684 3681 3679
f 3684 3680 3681
f 3684 3682 3680
f 3684 3679 3682
v -65.391 16.540 -20.632
v -65.891 16.540 -20.632
v -65.641 16.540 -20.882
v -65.641 16.540 -20.382
v -65.641 16.753 -20.632
v -65.641 16.328 -20.632
f 3689 3685 3687
f 3689 3687 3686
f 3689 3686 3688
f 3689 3688 3685
f 3690 3687 3685
f 3690 3686 3687
f 3690 3688 3686
f 3690 3685 3688
v -48.363 9.344 -28.873
v -48.945 9.344 -28.873
v -48.654 9.344 -29.164
v -48.654 9.344 -28.582
v -48.654 9.591 -28.873
v -48.654 9.096 -28.873
f 3695 3691 3693
f 3695 3693 3692
f 3695 3692 3694
f 3695 3694 3691
f 3696 3693 3691
f 3696 3692 3693
f 3696 3694 3692
f 3696 3691 3694
v -53.837 11.481 -23.112
v -54.557 11.481 -23.112
v -54.197 11.481 -23.471
v -54.197 11.481 -22.752
v -54.197 11.787 -23.112
v -54.197 11.176 -23.112
f 3701 3697 3699
f 3701 3699 3698
f 3701 3698 3700
f 3701 3700 3697
f 3702 3699 3697
f 3702 3698 3699
f 3702 3700 3698
f 3702 3697 3700
v -46.625 11.504 -25.864
v -47.207 11.504 -25.864
v -46.916 11.504 -26.155
v -46.916 11.504 -25.573
v -46.916 11.751 -25.864
v -46.916 11.257 -25.864
f 3707 3703 3705
f 3707 3705 3704
f 3707 3704 3706
f 3707 3706 3703
f 3708 3705 3703
f 3708 3704 3705
f 3708 3706 3704
f 3708 3703 3706
v -56.874 18.663 -25.410
v -57.374 18.663 -25.410
v -57.124 18.663 -25.660
v -57.124 18.663 -25.160
v -57.124 18.875 -25.410
v -57.124 18.450 -25.410
f 3713 3709 3711
f 3713 3711 3710
f 3713 3710 3712
f 3713 3712 3709
f 3714 3711 3709
f 3714 3710 3711
f 3714 3712 3710
f 3714 3709 3712
v -60.994 20.860 -24.578
v -61.576 20.860 -24.578
v -61.285 20.860 -24.869
v -61.285 20.860 -24.287
v -61.285 21.108 -24.578
v -61.285 20.613 -24.578
f 3719 3715 3717
f 3719 3717 3716
f 3719 3716 3718
f 3719 3718 3715
f 3720 3717 3715
f 3720 3716 3717
f 3720 3718 3716
f 3720 3715 3718
v -63.538 26.304 -21.832
v -64.038 26.304 -21.832
v -63.788 26.304 -22.082
v -63.788 26.304 -21.582
v -63.788 26.516 -21.832
v -63.788 26.091 -21.832
f 3725 3721 3723
f 3725 3723 3722
f 3725 3722 3724
f 3725 3724 3721
f 3726 3723 3721
f 3726 3722 3723
f 3726 3724 3722
f 3726 3721 3724
v 20.866 -47.265 -18.699
v 20.284 -47.265 -18.699
v 20.575 -47.265 -18.990
v 20.575 -47.265 -18.408
v 20.575 -47.017 -18.699
v 20.575 -47.512 -18.699
f 3731 3727 3729
f 3731 3729 3728
f 3731 3728 3730
f 3731 3730 3727
f 3732 3729 3727
f 3732 3728 3729
f 3732 3730 3728
f 3732 3727 3730
v 13.275 -45.227 -20.722
v 12.556 -45.227 -20.722
v 12.916 -45.227 -21.081
v 12.916 -45.227 -20.362
v 12.916 -44.921 -20.722
v 12.916 -45.533 -20.722
f 3737 3733 3735
f 3737 3735 3734
f 3737 3734 3736
f 3737 3736 3733
f 3738 3735 3733
f 3738 3734 3735
f 3738 3736 3734
f 3738 3733 3736
v 17.106 -47.179 -20.899
v 16.452 -47.179 -20.899
v 16.779 -47.179 -21.226
v 16.779 -47.179 -20.572
v 16.779 -46.901 -20.899
v 16.779 -47.457 -20.899
f 3743 3739 3741
f 3743 3741 3740
f 3743 3740 3742
f 3743 3742 3739
f 3744 3741 3739
f 3744 3740 3741
f 3744 3742 3740
f 3744 3739 3742
v 4.729 -39.691 -13.605
v 4.147 -39.691 -13.605
v 4.438 -39.691 -13.895
v 4.438 -39.691 -13.314
v 4.438 -39.444 -13.605
v 4.438 -39.938 -13.605
f 3749 3745 3747
f 3749 3747 3746
f 3749 3746 3748
f 3749 3748 3745
f 3750 3747 3745
f 3750 3746 3747
f 3750 3748 3746
f 3750 3745 3748
v 9.245 -43.357 -16.713
v 8.745 -43.357 -16.713
v 8.995 -43.357 -16.963
v 8.995 -43.357 -16.463
v 8.995 -43.144 -16.713
v 8.995 -43.569 -16.713
f 3755 3751 3753
f 3755 3753 3752
f 3755 3752 3754
f 3755 3754 3751
f 3756 3753 3751
f 3756 3752 3753
f 3756 3754 3752
f 3756 3751 3754
v 7.611 -42.456 -13.534
v 7.111 -42.456 -13.534
v 7.361 -42.456 -13.784
v 7.361 -42.456 -13.284
v 7.361 -42.243 -13.534
v 7.361 -42.668 -13.534
f 3761 3757 3759
f 3761 3759 3758
f 3761 3758 3760
f 3761 3760 3757
f 3762 3759 3757
f 3762 3758 3759
f 3762 3760 3758
f 3762 3757 3760
v -32.467 4.680 -28.605
v -33.121 4.680 -28.605
v -32.794 4.680 -28.932
v -32.794 4.680 -28.278
v -32.794 4.958 -28.605
v -32.794 4.402 -28.605
f 3767 3763 3765
f 3767 3765 3764
f 3767 3764 3766
f 3767 3766 3763
f 3768 3765 3763
f 3768 3764 3765
f 3768 3766 3764
f 3768 3763 3766
v -42.135 11.425 -28.574
v -42.716 11.425 -28.574
v -42.426 11.425 -28.865
v -42.426 11.425 -28.283
v -42.426 11.672 -28.574
v -42.426 11.177 -28.574
f 3773 3769 3771
f 3773 3771 3770
f 3773 3770 3772
f 3773 3772 3769
f 3774 3771 3769
f 3774 3770 3771
f 3774 3772 3770
f 3774 3769 3772
v -51.911 21.730 -27.306
v -52.565 21.730 -27.306
v -52.238 21.730 -27.633
v -52.238 21.730 -26.979
v -52.238 22.008 -27.306
v -52.238 21.452 -27.306
f 3779 3775 3777
f 3779 3777 3776
f 3779 3776 3778
f 3779 3778 3775
f 3780 3777 3775
f 3780 3776 3777
f 3780 3778 3776
f 3780 3775 3778
v -55.752 27.446 -30.718
v -56.252 27.446 -30.718
v -56.002 27.446 -30.968
v -56.002 27.446 -30.468
v -56.002 27.658 -30.718
v -56.002 27.233 -30.718
f 3785 3781 3783
f 3785 3783 3782
f 3785 3782 3784
f 3785 3784 3781
f 3786 3783 3781
f 3786 3782 3783
f 3786 3784 3782
f 3786 3781 3784
v -59.771 31.982 -28.321
v -60.271 31.982 -28.321
v -60.021 31.982 -28.571
v -60.021 31.982 -28.071
v -60.021 32.194 -28.321
v -60.021 31.769 -28.321
f 3791 3787 3789
f 3791 3789 3788
f 3791 3788 3790
f 3791 3790 3787
f 3792 3789 3787
f 3792 3788 3789
f 3792 3790 3788
f 3792 3787 3790
v -52.159 30.128 -31.049
v -52.659 30.128 -31.049
v -52.409 30.128 -31.299
v -52.409 30.128 -30.799
v -52.409 30.340 -31.049
v -52.409 29.915 -31.049
f 3797 3793 3795
f 3797 3795 3794
f 3797 3794 3796
f 3797 3796 3793
f 3798 3795 3793
f 3798 3794 3795
f 3798 3796 3794
f 3798 3793 3796
v 35.902 -48.898 -21.861
v 35.402 -48.898 -21.861
v 35.652 -48.898 -22.111
v 35.652 -48.898 -21.611
v 35.652 -48.686 -21.861
v 35.652 -49.111 -21.861
f 3803 3799 3801
f 3803 3801 3800
f 3803 3800 3802
f 3803 3802 3799
f 3804 3801 3799
f 3804 3800 3801
f 3804 3802 3800
f 3804 3799 3802
v 23.708 -38.878 -21.283
v 22.989 -38.878 -21.283
v 23.348 -38.878 -21.642
v 23.348 -38.878 -20.923
v 23.348 -38.572 -21.283
v 23.348 -39.184 -21.283
f 3809 3805 3807
f 3809 3807 3806
f 3809 3806 3808
f 3809 3808 3805
f 3810 3807 3805
f 3810 3806 3807
f 3810 3808 3806
f 3810 3805 3808
v -2.043 -1.350 -21.813
v -2.762 -1.350 -21.813
v -2.403 -1.350 -22.172
v -2.403 -1.350 -21.453
v -2.403 -1.044 -21.813
v -2.403 -1.655 -21.813
f 3815 3811 3813
f 3815 3813 3812
f 3815 3812 3814
f 3815 3814 3811
f 3816 3813 3811
f 3816 3812 3813
f 3816 3814 3812
f 3816 3811 3814
v -15.593 9.747 -27.092
v -16.093 9.747 -27.092
v -15.843 9.747 -27.342
v -15.843 9.747 -26.842
v -15.843 9.960 -27.092
v -15.843 9.535 -27.092
f 3821 3817 3819
f 3821 3819 3818
f 3821 3818 3820
f 3821 3820 3817
f 3822 3819 3817
f 3822 3818 3819
f 3822 3820 3818
f 3822 3817 3820
v -17.287 9.203 -21.356
v -17.869 9.203 -21.356
v -17.578 9.203 -21.647
v -17.578 9.203 -21.065
v -17.578 9.451 -21.356
v -17.578 8.956 -21.356
f 3827 3823 3825
f 3827 3825 3824
f 3827 3824 3826
f 3827 3826 3823
f 3828 3825 3823
f 3828 3824 3825
f 3828 3826 3824
f 3828 3823 3826
v -17.590 12.024 -26.530
v -18.172 12.024 -26.530
v -17.881 12.024 -26.821
v -17.881 12.024 -26.239
v -17.881 12.271 -26.530
v -17.881 11.777 -26.530
f 3833 3829 3831
f 3833 3831 3830
f 3833 3830 3832
f 3833 3832 3829
f 3834 3831 3829
f 3834 3830 3831
f 3834 3832 3830
f 3834 3829 3832
v -25.324 18.315 -25.152
v -25.906 18.315 -25.152
v -25.615 18.315 -25.443
v -25.615 18.315 -24.861
v -25.615 18.563 -25.152
v -25.615 18.068 -25.152
f 3839 3835 3837
f 3839 3837 3836
f 3839 3836 3838
f 3839 3838 3835
f 3840 3837 3835
f 3840 3836 3837
f 3840 3838 3836
f 3840 3835 3838
v -56.067 36.716 -31.791
v -56.649 36.716 -31.791
v -56.358 36.716 -32.082
v -56.358 36.716 -31.500
v -56.358 36.963 -31.791
v -56.358 36.469 -31.791
f 3845 3841 3843
f 3845 3843 3842
f 3845 3842 3844
f 3845 3844 3841
f 3846 3843 3841
f 3846 3842 3843
f 3846 3844 3842
f 3846 3841 3844
v -52.440 41.585 -32.465
v -52.940 41.585 -32.465
v -52.690 41.585 -32.715
v -52.690 41.585 -32.215
v -52.690 41.797 -32.465
v -52.690 41.372 -32.465
f 3851 3847 3849
f 3851 3849 3848
f 3851 3848 3850
f 3851 3850 3847
f 3852 3849 3847
f 3852 3848 3849
f 3852 3850 3848
f 3852 3847 3850
v -58.407 41.769 -32.419
v -59.061 41.769 -32.419
v -58.734 41.769 -32.746
v -58.734 41.769 -32.092
v -58.734 42.047 -32.419
v -58.734 41.491 -32.419
f 3857 3853 3855
f 3857 3855 3854
f 3857 3854 3856
f 3857 3856 3853
f 3858 3855 3853
f 3858 3854 3855
f 3858 3856 3854
f 3858 3853 3856
v 46.344 -44.981 -14.954
v 45.624 -44.981 -14.954
v 45.984 -44.981 -15.314
v 45.984 -44.981 -14.595
v 45.984 -44.675 -14.954
v 45.984 -45.286 -14.954
f 3863 3859 3861
f 3863 3861 3860
f 3863 3860 3862
f 3863 3862 3859
f 3864 3861 3859
f 3864 3860 3861
f 3864 3862 3860
f 3864 3859 3862
v 32.161 -40.662 -20.146
v 31.579 -40.662 -20.146
v 31.870 -40.662 -20.437
v 31.870 -40.662 -19.855
v 31.870 -40.415 -20.146
v 31.870 -40.909 -20.146
f 3869 3865 3867
f 3869 3867 3866
f 3869 3866 3868
f 3869 3868 3865
f 3870 3867 3865
f 3870 3866 3867
f 3870 3868 3866
f 3870 3865 3868
v 13.247 -18.279 -21.858
v 12.665 -18.279 -21.858
v 12.956 -18.279 -22.149
v 12.956 -18.279 -21.568
v 12.956 -18.032 -21.858
v 12.956 -18.526 -21.858
f 3875 3871 3873
f 3875 3873 3872
f 3875 3872 3874
f 3875 3874 3871
f 3876 3873 3871
f 3876 3872 3873
f 3876 3874 3872
f 3876 3871 3874
v 8.547 -20.245 -19.675
v 8.047 -20.245 -19.675
v 8.297 -20.245 -19.925
v 8.297 -20.245 -19.425
v 8.297 -20.033 -19.675
v 8.297 -20.458 -19.675
f 3881 3877 3879
f 3881 3879 3878
f 3881 3878 3880
f 3881 3880 3877
f 3882 3879 3877
f 3882 3878 3879
f 3882 3880 3878
f 3882 3877 3880
v -3.209 11.950 -19.280
v -3.709 11.950 -19.280
v -3.459 11.950 -19.530
v -3.459 11.950 -19.030
v -3.459 12.163 -19.280
v -3.459 11.738 -19.280
f 3887 3883 3885
f 3887 3885 3884
f 3887 3884 3886
f 3887 3886 3883
f 3888 3885 3883
f 3888 3884 3885
f 3888 3886 3884
f 3888 3883 3886
v 3.917 6.092 -23.696
v 3.417 6.092 -23.696
v 3.667 6.092 -23.946
v 3.667 6.092 -23.446
v 3.667 6.305 -23.696
v 3.667 5.880 -23.696
f 3893 3889 3891
f 3893 3891 3890
f 3893 3890 3892
f 3893 3892 3889
f 3894 3891 3889
f 3894 3890 3891
f 3894 3892 3890
f 3894 3889 3892
v 9.853 -7.623 -15.513
v 9.271 -7.623 -15.513
v 9.562 -7.623 -15.804
v 9.562 -7.623 -15.222
v 9.562 -7.376 -15.513
v 9.562 -7.870 -15.513
f 3899 3895 3897
f 3899 3897 3896
f 3899 3896 3898
f 3899 3898 3895
f 3900 3897 3895
f 3900 3896 3897
f 3900 3898 3896
f 3900 3895 3898
v 8.788 -7.307 -12.287
v 8.206 -7.307 -12.287
v 8.497 -7.307 -12.578
v 8.497 -7.307 -11.996
v 8.497 -7.060 -12.287
v 8.497 -7.554 -12.287
f 3905 3901 3903
f 3905 3903 3902
f 3905 3902 3904
f 3905 3904 3901
f 3906 3903 3901
f 3906 3902 3903
f 3906 3904 3902
f 3906 3901 3904
v 5.821 -6.254 -19.048
v 5.321 -6.254 -19.048
v 5.571 -6.254 -19.298
v 5.571 -6.254 -18.798
v 5.571 -6.042 -19.048
v 5.571 -6.467 -19.048
f 3911 3907 3909
f 3911 3909 3908
f 3911 3908 3910
f 3911 3910 3907
f 3912 3909 3907
f 3912 3908 3909
f 3912 3910 3908
f 3912 3907 3910
v 5.185 -0.339 -21.235
v 4.603 -0.339 -21.235
v 4.894 -0.339 -21.526
v 4.894 -0.339 -20.944
v 4.894 -0.092 -21.235
v 4.894 -0.587 -21.235
f 3917 3913 3915
f 3917 3915 3914
f 3917 3914 3916
f 3917 3916 3913
f 3918 3915 3913
f 3918 3914 3915
f 3918 3916 3914
f 3918 3913 3916
v 8.081 -1.040 -21.732
v 7.499 -1.040 -21.732
v 7.790 -1.040 -22.023
v 7.790 -1.040 -21.441
v 7.790 -0.793 -21.732
v 7.790 -1.288 -21.732
f 3923 3919 3921
f 3923 3921 3920
f 3923 3920 3922
f 3923 3922 3919
f 3924 3921 3919
f 3924 3920 3921
f 3924 3922 3920
f 3924 3919 3922
v 15.004 15.049 -20.230
v 14.422 15.049 -20.230
v 14.713 15.049 -20.520
v 14.713 15.049 -19.939
v 14.713 15.296 -20.230
v 14.713 14.801 -20.230
f 3929 3925 3927
f 3929 3927 3926
f 3929 3926 3928
f 3929 3928 3925
f 3930 3927 3925
f 3930 3926 3927
f 3930 3928 3926
f 3930 3925 3928
v 44.689 -28.279 -12.706
v 44.107 -28.279 -12.706
v 44.398 -28.279 -12.997
v 44.398 -28.279 -12.415
v 44.398 -28.032 -12.706
v 44.398 -28.526 -12.706
f 3935 3931 3933
f 3935 3933 3932
f 3935 3932 3934
f 3935 3934 3931
f 3936 3933 3931
f 3936 3932 3933
f 3936 3934 3932
f 3936 3931 3934
v 49.685 -24.103 -13.442
v 49.185 -24.103 -13.442
v 49.435 -24.103 -13.692
v 49.435 -24.103 -13.192
v 49.435 -23.890 -13.442
v 49.435 -24.315 -13.442
f 3941 3937 3939
f 3941 3939 3938
f 3941 3938 3940
f 3941 3940 3937
f 3942 3939 3937
f 3942 3938 3939
f 3942 3940 3938
f 3942 3937 3940
v 35.802 -7.419 -8.243
v 35.083 -7.419 -8.243
v 35.442 -7.419 -8.602
v 35.442 -7.419 -7.883
v 35.442 -7.113 -8.243
v 35.442 -7.725 -8.243
f 3947 3943 3945
f 3947 3945 3944
f 3947 3944 3946
f 3947 3946 3943
f 3948 3945 3943
f 3948 3944 3945
f 3948 3946 3944
f 3948 3943 3946
v 70.020 -34.616 -8.782
v 69.438 -34.616 -8.782
v 69.729 -34.616 -9.073
v 69.729 -34.616 -8.491
v 69.729 -34.368 -8.782
v 69.729 -34.863 -8.782
f 3953 3949 3951
f 3953 3951 3950
f 3953 3950 3952
f 3953 3952 3949
f 3954 3951 3949
f 3954 3950 3951
f 3954 3952 3950
f 3954 3949 3952
v 61.094 -20.678 -11.372
v 60.594 -20.678 -11.372
v 60.844 -20.678 -11.622
v 60.844 -20.678 -11.122
v 60.844 -20.466 -11.372
v 60.844 -20.891 -11.372
f 3959 3955 3957
f 3959 3957 3956
f 3959 3956 3958
f 3959 3958 3955
f 3960 3957 3955
f 3960 3956 3957
f 3960 3958 3956
f 3960 3955 3958
v 63.150 -19.872 -11.256
v 62.650 -19.872 -11.256
v 62.900 -19.872 -11.506
v 62.900 -19.872 -11.006
v 62.900 -19.660 -11.256
v 62.900 -20.085 -11.256
f 3965 3961 3963
f 3965 3963 3962
f 3965 3962 3964
f 3965 3964 3961
f 3966 3963 3961
f 3966 3962 3963
f 3966 3964 3962
f 3966 3961 3964
v 67.281 -23.462 -8.801
v 66.781 -23.462 -8.801
v 67.031 -23.462 -9.051
v 67.031 -23.462 -8.551
v 67.031 -23.249 -8.801
v 67.031 -23.674 -8.801
f 3971 3967 3969
f 3971 3969 3968
f 3971 3968 3970
f 3971 3970 3967
f 3972 3969 3967
f 3972 3968 3969
f 3972 3970 3968
f 3972 3967 3970
v 56.658 -15.120 -14.352
v 56.158 -15.120 -14.352
v 56.408 -15.120 -14.602
v 56.408 -15.120 -14.102
v 56.408 -14.908 -14.352
v 56.408 -15.333 -14.352
f 3977 3973 3975
f 3977 3975 3974
f 3977 3974 3976
f 3977 3976 3973
f 3978 3975 3973
f 3978 3974 3975
f 3978 3976 3974
f 3978 3973 3976
v 57.576 -16.198 -10.897
v 56.994 -16.198 -10.897
v 57.285 -16.198 -11.188
v 57.285 -16.198 -10.606
v 57.285 -15.951 -10.897
v 57.285 -16.446 -10.897
f 3983 3979 3981
f 3983 3981 3980
f 3983 3980 3982
f 3983 3982 3979
f 3984 3981 3979
f 3984 3980 3981
f 3984 3982 3980
f 3984 3979 3982
v 64.850 -19.904 -16.632
v 64.269 -19.904 -16.632
v 64.559 -19.904 -16.923
v 64.559 -19.904 -16.341
v 64.559 -19.657 -16.632
v 64.559 -20.152 -16.632
f 3989 3985 3987
f 3989 3987 3986
f 3989 3986 3988
f 3989 3988 3985
f 3990 3987 3985
f 3990 3986 3987
f 3990 3988 3986
f 3990 3985 3988
v 70.745 -20.129 -13.689
v 70.091 -20.129 -13.689
v 70.418 -20.129 -14.016
v 70.418 -20.129 -13.362
v 70.418 -19.851 -13.689
v 70.418 -20.407 -13.689
f 3995 3991 3993
f 3995 3993 3992
f 3995 3992 3994
f 3995 3994 3991
f 3996 3993 3991
f 3996 3992 3993
f 3996 3994 3992
f 3996 3991 3994
v 64.504 -14.079 -15.797
v 63.850 -14.079 -15.797
v 64.177 -14.079 -16.124
v 64.177 -14.079 -15.470
v 64.177 -13.801 -15.797
v 64.177 -14.356 -15.797
f 4001 3997 3999
f 4001 3999 3998
f 4001 3998 4000
f 4001 4000 3997
f 4002 3999 3997
f 4002 3998 3999
f 4002 4000 3998
f 4002 3997 4000
v 60.403 -8.475 -10.393
v 59.903 -8.475 -10.393
v 60.153 -8.475 -10.643
v 60.153 -8.475 -10.143
v 60.153 -8.262 -10.393
v 60.153 -8.687 -10.393
f 4007 4003 4005
f 4007 4005 4004
f 4007 4004 4006
f 4007 4006 4003
f 4008 4005 4003
f 4008 4004 4005
f 4008 4006 4004
f 4008 4003 4006
v 3.061 60.607 -26.222
v 2.561 60.607 -26.222
v 2.811 60.607 -26.472
v 2.811 60.607 -25.972
v 2.811 60.819 -26.222
v 2.811 60.394 -26.222
f 4013 4009 4011
f 4013 4011 4010
f 4013 4010 4012
f 4013 4012 4009
f 4014 4011 4009
f 4014 4010 4011
f 4014 4012 4010
f 4014 4009 4012
v 7.427 58.004 -25.467
v 6.927 58.004 -25.467
v 7.177 58.004 -25.717
v 7.177 58.004 -25.217
v 7.177 58.216 -25.467
v 7.177 57.791 -25.467
f 4019 4015 4017
f 4019 4017 4016
f 4019 4016 4018
f 4019 4018 4015
f 4020 4017 4015
f 4020 4016 4017
f 4020 4018 4016
f 4020 4015 4018
v 7.367 56.606 -23.249
v 6.786 56.606 -23.249
v 7.077 56.606 -23.540
v 7.077 56.606 -22.958
v 7.077 56.854 -23.249
v 7.077 56.359 -23.249
f 4025 4021 4023
f 4025 4023 4022
f 4025 4022 4024
f 4025 4024 4021
f 4026 4023 4021
f 4026 4022 4023
f 4026 4024 4022
f 4026 4021 4024
v 11.263 56.164 -25.935
v 10.763 56.164 -25.935
v 11.013 56.164 -26.185
v 11.013 56.164 -25.685
v 11.013 56.377 -25.935
v 11.013 55.952 -25.935
f 4031 4027 4029
f 4031 4029 4028
f 4031 4028 4030
f 4031 4030 4027
f 4032 4029 4027
f 4032 4028 4029
f 4032 4030 4028
f 4032 4027 4030
v 36.563 46.969 -18.476
v 36.063 46.969 -18.476
v 36.313 46.969 -18.726
v 36.313 46.969 -18.226
v 36.313 47.182 -18.476
v 36.313 46.757 -18.476
f 4037 4033 4035
f 4037 4035 4034
f 4037 4034 4036
f 4037 4036 4033
f 4038 4035 4033
f 4038 4034 4035
f 4038 4036 4034
f 4038 4033 4036
v 40.531 42.999 -15.039
v 40.031 42.999 -15.039
v 40.281 42.999 -15.289
v 40.281 42.999 -14.789
v 40.281 43.211 -15.039
v 40.281 42.786 -15.039
f 4043 4039 4041
f 4043 4041 4040
f 4043 4040 4042
f 4043 4042 4039
f 4044 4041 4039
f 4044 4040 4041
f 4044 4042 4040
f 4044 4039 4042
v 77.750 9.985 -15.884
v 77.168 9.985 -15.884
v 77.459 9.985 -16.175
v 77.459 9.985 -15.593
v 77.459 10.233 -15.884
v 77.459 9.738 -15.884
f 4049 4045 4047
f 4049 4047 4046
f 4049 4046 4048
f 4049 4048 4045
f 4050 4047 4045
f 4050 4046 4047
f 4050 4048 4046
f 4050 4045 4048
v 64.268 21.117 -20.663
v 63.768 21.117 -20.663
v 64.018 21.117 -20.913
v 64.018 21.117 -20.413
v 64.018 21.329 -20.663
v 64.018 20.904 -20.663
f 4055 4051 4053
f 4055 4053 4052
f 4055 4052 4054
f 4055 4054 4051
f 4056 4053 4051
f 4056 4052 4053
f 4056 4054 4052
f 4056 4051 4054
v 67.713 16.792 -16.732
v 67.213 16.792 -16.732
v 67.463 16.792 -16.982
v 67.463 16.792 -16.482
v 67.463 17.005 -16.732
v 67.463 16.580 -16.732
f 4061 4057 4059
f 4061 4059 4058
f 4061 4058 4060
f 4061 4060 4057
f 4062 4059 4057
f 4062 4058 4059
f 4062 4060 4058
f 4062 4057 4060
v 63.586 23.731 -21.187
v 62.933 23.731 -21.187
v 63.260 23.731 -21.514
v 63.260 23.731 -20.860
v 63.260 24.009 -21.187
v 63.260 23.453 -21.187
f 4067 4063 4065
f 4067 4065 4064
f 4067 4064 4066
f 4067 4066 4063
f 4068 4065 4063
f 4068 4064 4065
f 4068 4066 4064
f 4068 4063 4066
v 62.583 24.945 -20.985
v 62.083 24.945 -20.985
v 62.333 24.945 -21.235
v 62.333 24.945 -20.735
v 62.333 25.157 -20.985
v 62.333 24.732 -20.985
f 4073 4069 4071
f 4073 4071 4070
f 4073 4070 4072
f 4073 4072 4069
f 4074 4071 4069
f 4074 4070 4071
f 4074 4072 4070
f 4074 4069 4072
v 64.082 22.206 -19.851
v 63.428 22.206 -19.851
v 63.755 22.206 -20.178
v 63.755 22.206 -19.524
v 63.755 22.484 -19.851
v 63.755 21.928 -19.851
f 4079 4075 4077
f 4079 4077 4076
f 4079 4076 4078
f 4079 4078 4075
f 4080 4077 4075
f 4080 4076 4077
f 4080 4078 4076
f 4080 4075 4078
v 50.739 32.994 -22.528
v 50.239 32.994 -22.528
v 50.489 32.994 -22.778
v 50.489 32.994 -22.278
v 50.489 33.207 -22.528
v 50.489 32.782 -22.528
f 4085 4081 4083
f 4085 4083 4082
f 4085 4082 4084
f 4085 4084 4081
f 4086 4083 4081
f 4086 4082 4083
f 4086 4084 4082
f 4086 4081 4084
v 54.249 27.665 -20.666
v 53.749 27.665 -20.666
v 53.999 27.665 -20.916
v 53.999 27.665 -20.416
v 53.999 27.878 -20.666
v 53.999 27.453 -20.666
f 4091 4087 4089
f 4091 4089 4088
f 4091 4088 4090
f 4091 4090 4087
f 4092 4089 4087
f 4092 4088 4089
f 4092 4090 4088
f 4092 4087 4090
v 41.398 40.278 -16.573
v 40.898 40.278 -16.573
v 41.148 40.278 -16.823
v 41.148 40.278 -16.323
v 41.148 40.491 -16.573
v 41.148 40.066 -16.573
f 4097 4093 4095
f 4097 4095 4094
f 4097 4094 4096
f 4097 4096 4093
f 4098 4095 4093
f 4098 4094 4095
f 4098 4096 4094
f 4098 4093 4096
v 63.000 26.387 -20.936
v 62.500 26.387 -20.936
v 62.750 26.387 -21.186
v 62.750 26.387 -20.686
v 62.750 26.599 -20.936
v 62.750 26.174 -20.936
f 4103 4099 4101
f 4103 4101 4100
f 4103 4100 4102
f 4103 4102 4099
f 4104 4101 4099
f 4104 4100 4101
f 4104 4102 4100
f 4104 4099 4102
v 51.017 43.240 -24.252
v 50.517 43.240 -24.252
v 50.767 43.240 -24.502
v 50.767 43.240 -24.002
v 50.767 43.453 -24.252
v 50.767 43.028 -24.252
f 4109 4105 4107
f 4109 4107 4106
f 4109 4106 4108
f 4109 4108 4105
f 4110 4107 4105
f 4110 4106 4107
f 4110 4108 4106
f 4110 4105 4108
v -63.511 -45.960 -9.738
v -64.093 -45.960 -9.738
v -63.802 -45.960 -10.029
v -63.802 -45.960 -9.447
v -63.802 -45.712 -9.738
v -63.802 -46.207 -9.738
f 4115 4111 4113
f 4115 4113 4112
f 4115 4112 4114
f 4115 4114 4111
f 4116 4113 4111
f 4116 4112 4113
f 4116 4114 4112
f 4116 4111 4114
v -59.962 -45.181 -11.852
v -60.462 -45.181 -11.852
v -60.212 -45.181 -12.102
v -60.212 -45.181 -11.602
v -60.212 -44.969 -11.852
v -60.212 -45.394 -11.852
f 4121 4117 4119
f 4121 4119 4118
f 4121 4118 4120
f 4121 4120 4117
f 4122 4119 4117
f 4122 4118 4119
f 4122 4120 4118
f 4122 4117 4120
v -30.611 -28.950 -8.169
v -31.111 -28.950 -8.169
v -30.861 -28.950 -8.419
v -30.861 -28.950 -7.919
v -30.861 -28.738 -8.169
v -30.861 -29.163 -8.169
f 4127 4123 4125
f 4127 4125 4124
f 4127 4124 4126
f 4127 4126 4123
f 4128 4125 4123
f 4128 4124 4125
f 4128 4126 4124
f 4128 4123 4126
v -60.946 -5.361 -17.112
v -61.527 -5.361 -17.112
v -61.236 -5.361 -17.403
v -61.236 -5.361 -16.822
v -61.236 -5.114 -17.112
v -61.236 -5.609 -17.112
f 4133 4129 4131
f 4133 4131 4130
f 4133 4130 4132
f 4133 4132 4129
f 4134 4131 4129
f 4134 4130 4131
f 4134 4132 4130
f 4134 4129 4132
v -64.128 4.689 -16.135
v -64.628 4.689 -16.135
v -64.378 4.689 -16.385
v -64.378 4.689 -15.885
v -64.378 4.902 -16.135
v -64.378 4.477 -16.135
f 4139 4135 4137
f 4139 4137 4136
f 4139 4136 4138
f 4139 4138 4135
f 4140 4137 4135
f 4140 4136 4137
f 4140 4138 4136
f 4140 4135 4138
v -72.117 10.388 -13.195
v -72.837 10.388 -13.195
v -72.477 10.388 -13.555
v -72.477 10.388 -12.836
v -72.477 10.694 -13.195
v -72.477 10.083 -13.195
f 4145 4141 4143
f 4145 4143 4142
f 4145 4142 4144
f 4145 4144 4141
f 4146 4143 4141
f 4146 4142 4143
f 4146 4144 4142
f 4146 4141 4144
v -70.178 13.417 -10.210
v -70.832 13.417 -10.210
v -70.505 13.417 -10.537
v -70.505 13.417 -9.884
v -70.505 13.695 -10.210
v -70.505 13.139 -10.210
f 4151 4147 4149
f 4151 4149 4148
f 4151 4148 4150
f 4151 4150 4147
f 4152 4149 4147
f 4152 4148 4149
f 4152 4150 4148
f 4152 4147 4150
v -32.367 -8.119 -8.347
v -32.948 -8.119 -8.347
v -32.658 -8.119 -8.638
v -32.658 -8.119 -8.056
v -32.658 -7.871 -8.347
v -32.658 -8.366 -8.347
f 4157 4153 4155
f 4157 4155 4154
f 4157 4154 4156
f 4157 4156 4153
f 4158 4155 4153
f 4158 4154 4155
f 4158 4156 4154
f 4158 4153 4156
v -61.783 10.385 -19.828
v -62.365 10.385 -19.828
v -62.074 10.385 -20.119
v -62.074 10.385 -19.537
v -62.074 10.633 -19.828
v -62.074 10.138 -19.828
f 4163 4159 4161
f 4163 4161 4160
f 4163 4160 4162
f 4163 4162 4159
f 4164 4161 4159
f 4164 4160 4161
f 4164 4162 4160
f 4164 4159 4162
v -58.012 8.056 -12.985
v -58.512 8.056 -12.985
v -58.262 8.056 -13.235
v -58.262 8.056 -12.735
v -58.262 8.269 -12.985
v -58.262 7.844 -12.985
f 4169 4165 4167
f 4169 4167 4166
f 4169 4166 4168
f 4169 4168 4165
f 4170 4167 4165
f 4170 4166 4167
f 4170 4168 4166
f 4170 4165 4168
v -64.607 9.447 -12.663
v -65.107 9.447 -12.663
v -64.857 9.447 -12.913
v -64.857 9.447 -12.413
v -64.857 9.660 -12.663
v -64.857 9.235 -12.663
f 4175 4171 4173
f 4175 4173 4172
f 4175 4172 4174
f 4175 4174 4171
f 4176 4173 4171
f 4176 4172 4173
f 4176 4174 4172
f 4176 4171 4174
v -2.670 -37.020 -7.461
v -3.170 -37.020 -7.461
v -2.920 -37.020 -7.711
v -2.920 -37.020 -7.211
v -2.920 -36.807 -7.461
v -2.920 -37.232 -7.461
f 4181 4177 4179
f 4181 4179 4178
f 4181 4178 4180
f 4181 4180 4177
f 4182 4179 4177
f 4182 4178 4179
f 4182 4180 4178
f 4182 4177 4180
v -35.148 -4.967 -11.223
v -35.648 -4.967 -11.223
v -35.398 -4.967 -11.473
v -35.398 -4.967 -10.973
v -35.398 -4.755 -11.223
v -35.398 -5.180 -11.223
f 4187 4183 4185
f 4187 4185 4184
f 4187 4184 4186
f 4187 4186 4183
f 4188 4185 4183
f 4188 4184 4185
f 4188 4186 4184
f 4188 4183 4186
v -38.158 8.630 -10.152
v -38.812 8.630 -10.152
v -38.485 8.630 -10.479
v -38.485 8.630 -9.825
v -38.485 8.908 -10.152
v -38.485 8.352 -10.152
f 4193 4189 4191
f 4193 4191 4190
f 4193 4190 4192
f 4193 4192 4189
f 4194 4191 4189
f 4194 4190 4191
f 4194 4192 4190
f 4194 4189 4192
v -47.654 11.437 -15.643
v -48.235 11.437 -15.643
v -47.945 11.437 -15.933
v -47.945 11.437 -15.352
v -47.945 11.684 -15.643
v -47.945 11.189 -15.643
f 4199 4195 4197
f 4199 4197 4196
f 4199 4196 4198
f 4199 4198 4195
f 4200 4197 4195
f 4200 4196 4197
f 4200 4198 4196
f 4200 4195 4198
v 26.998 -51.148 -12.806
v 26.498 -51.148 -12.806
v 26.748 -51.148 -13.056
v 26.748 -51.148 -12.556
v 26.748 -50.936 -12.806
v 26.748 -51.361 -12.806
f 4205 4201 4203
f 4205 4203 4202
f 4205 4202 4204
f 4205 4204 4201
f 4206 4203 4201
f 4206 4202 4203
f 4206 4204 4202
f 4206 4201 4204
v 1.769 -39.164 -9.957
v 1.269 -39.164 -9.957
v 1.519 -39.164 -10.207
v 1.519 -39.164 -9.707
v 1.519 -38.951 -9.957
v 1.519 -39.376 -9.957
f 4211 4207 4209
f 4211 4209 4208
f 4211 4208 4210
f 4211 4210 4207
f 4212 4209 4207
f 4212 4208 4209
f 4212 4210 4208
f 4212 4207 4210
v 3.250 -38.894 -10.349
v 2.668 -38.894 -10.349
v 2.959 -38.894 -10.640
v 2.959 -38.894 -10.058
v 2.959 -38.647 -10.349
v 2.959 -39.142 -10.349
f 4217 4213 4215
f 4217 4215 4214
f 4217 4214 4216
f 4217 4216 4213
f 4218 4215 4213
f 4218 4214 4215
f 4218 4216 4214
f 4218 4213 4216
v -0.399 -34.545 -7.629
v -0.899 -34.545 -7.629
v -0.649 -34.545 -7.879
v -0.649 -34.545 -7.379
v -0.649 -34.333 -7.629
v -0.649 -34.758 -7.629
f 4223 4219 4221
f 4223 4221 4220
f 4223 4220 4222
f 4223 4222 4219
f 4224 4221 4219
f 4224 4220 4221
f 4224 4222 4220
f 4224 4219 4222
v -0.592 -36.986 -7.105
v -1.092 -36.986 -7.105
v -0.842 -36.986 -7.355
v -0.842 -36.986 -6.855
v -0.842 -36.773 -7.105
v -0.842 -37.198 -7.105
f 4229 4225 4227
f 4229 4227 4226
f 4229 4226 4228
f 4229 4228 4225
f 4230 4227 4225
f 4230 4226 4227
f 4230 4228 4226
f 4230 4225 4228
v -10.142 -10.898 -8.272
v -10.724 -10.898 -8.272
v -10.433 -10.898 -8.563
v -10.433 -10.898 -7.981
v -10.433 -10.651 -8.272
v -10.433 -11.145 -8.272
f 4235 4231 4233
f 4235 4233 4232
f 4235 4232 4234
f 4235 4234 4231
f 4236 4233 4231
f 4236 4232 4233
f 4236 4234 4232
f 4236 4231 4234
v -8.856 -11.145 -9.497
v -9.575 -11.145 -9.497
v -9.215 -11.145 -9.856
v -9.215 -11.145 -9.137
v -9.215 -10.840 -9.497
v -9.215 -11.451 -9.497
f 4241 4237 4239
f 4241 4239 4238
f 4241 4238 4240
f 4241 4240 4237
f 4242 4239 4237
f 4242 4238 4239
f 4242 4240 4238
f 4242 4237 4240
v -34.306 9.398 -12.082
v -34.806 9.398 -12.082
v -34.556 9.398 -12.332
v -34.556 9.398 -11.832
v -34.556 9.610 -12.082
v -34.556 9.185 -12.082
f 4247 4243 4245
f 4247 4245 4244
f 4247 4244 4246
f 4247 4246 4243
f 4248 4245 4243
f 4248 4244 4245
f 4248 4246 4244
f 4248 4243 4246
v -34.917 9.022 -10.452
v -35.417 9.022 -10.452
v -35.167 9.022 -10.702
v -35.167 9.022 -10.202
v -35.167 9.234 -10.452
v -35.167 8.809 -10.452
f 4253 4249 4251
f 4253 4251 4250
f 4253 4250 4252
f 4253 4252 4249
f 4254 4251 4249
f 4254 4250 4251
f 4254 4252 4250
f 4254 4249 4252
v -30.331 12.744 -17.360
v -30.985 12.744 -17.360
v -30.658 12.744 -17.687
v -30.658 12.744 -17.033
v -30.658 13.022 -17.360
v -30.658 12.466 -17.360
f 4259 4255 4257
f 4259 4257 4256
f 4259 4256 4258
f 4259 4258 4255
f 4260 4257 4255
f 4260 4256 4257
f 4260 4258 4256
f 4260 4255 4258
v -30.457 12.647 -15.408
v -31.039 12.647 -15.408
v -30.748 12.647 -15.699
v -30.748 12.647 -15.117
v -30.748 12.894 -15.408
v -30.748 12.399 -15.408
f 4265 4261 4263
f 4265 4263 4262
f 4265 4262 4264
f 4265 4264 4261
f 4266 4263 4261
f 4266 4262 4263
f 4266 4264 4262
f 4266 4261 4264
v -41.112 14.052 -19.694
v -41.612 14.052 -19.694
v -41.362 14.052 -19.944
v -41.362 14.052 -19.444
v -41.362 14.264 -19.694
v -41.362 13.839 -19.694
f 4271 4267 4269
f 4271 4269 4268
f 4271 4268 4270
f 4271 4270 4267
f 4272 4269 4267
f 4272 4268 4269
f 4272 4270 4268
f 4272 4267 4270
v 43.075 -58.652 -5.740
v 42.575 -58.652 -5.740
v 42.825 -58.652 -5.990
v 42.825 -58.652 -5.490
v 42.825 -58.440 -5.740
v 42.825 -58.865 -5.740
f 4277 4273 4275
f 4277 4275 4274
f 4277 4274 4276
f 4277 4276 4273
f 4278 4275 4273
f 4278 4274 4275
f 4278 4276 4274
f 4278 4273 4276
v 43.167 -61.214 -2.680
v 42.667 -61.214 -2.680
v 42.917 -61.214 -2.930
v 42.917 -61.214 -2.430
v 42.917 -61.002 -2.680
v 42.917 -61.427 -2.680
f 4283 4279 4281
f 4283 4281 4280
f 4283 4280 4282
f 4283 4282 4279
f 4284 4281 4279
f 4284 4280 4281
f 4284 4282 4280
f 4284 4279 4282
v 42.909 -56.050 -3.953
v 42.409 -56.050 -3.953
v 42.659 -56.050 -4.203
v 42.659 -56.050 -3.703
v 42.659 -55.837 -3.953
v 42.659 -56.262 -3.953
f 4289 4285 4287
f 4289 4287 4286
f 4289 4286 4288
f 4289 4288 4285
f 4290 4287 4285
f 4290 4286 4287
f 4290 4288 4286
f 4290 4285 4288
v 33.980 -53.027 -11.431
v 33.480 -53.027 -11.431
v 33.730 -53.027 -11.681
v 33.730 -53.027 -11.181
v 33.730 -52.815 -11.431
v 33.730 -53.240 -11.431
f 4295 4291 4293
f 4295 4293 4292
f 4295 4292 4294
f 4295 4294 4291
f 4296 4293 4291
f 4296 4292 4293
f 4296 4294 4292
f 4296 4291 4294
v 13.777 -32.123 -15.140
v 13.195 -32.123 -15.140
v 13.486 -32.123 -15.431
v 13.486 -32.123 -14.849
v 13.486 -31.876 -15.140
v 13.486 -32.370 -15.140
f 4301 4297 4299
f 4301 4299 4298
f 4301 4298 4300
f 4301 4300 4297
f 4302 4299 4297
f 4302 4298 4299
f 4302 4300 4298
f 4302 4297 4300
v 5.310 -25.787 -10.889
v 4.729 -25.787 -10.889
v 5.020 -25.787 -11.180
v 5.020 -25.787 -10.598
v 5.020 -25.540 -10.889
v 5.020 -26.035 -10.889
f 4307 4303 4305
f 4307 4305 4304
f 4307 4304 4306
f 4307 4306 4303
f 4308 4305 4303
f 4308 4304 4305
f 4308 4306 4304
f 4308 4303 4306
v 7.831 -28.550 -12.117
v 7.249 -28.550 -12.117
v 7.540 -28.550 -12.408
v 7.540 -28.550 -11.826
v 7.540 -28.302 -12.117
v 7.540 -28.797 -12.117
f 4313 4309 4311
f 4313 4311 4310
f 4313 4310 4312
f 4313 4312 4309
f 4314 4311 4309
f 4314 4310 4311
f 4314 4312 4310
f 4314 4309 4312
v 0.659 -22.343 -8.373
v 0.077 -22.343 -8.373
v 0.368 -22.343 -8.664
v 0.368 -22.343 -8.082
v 0.368 -22.096 -8.373
v 0.368 -22.590 -8.373
f 4319 4315 4317
f 4319 4317 4316
f 4319 4316 4318
f 4319 4318 4315
f 4320 4317 4315
f 4320 4316 4317
f 4320 4318 4316
f 4320 4315 4318
v -2.569 -12.588 -7.270
v -3.223 -12.588 -7.270
v -2.896 -12.588 -7.597
v -2.896 -12.588 -6.943
v -2.896 -12.310 -7.270
v -2.896 -12.866 -7.270
f 4325 4321 4323
f 4325 4323 4322
f 4325 4322 4324
f 4325 4324 4321
f 4326 4323 4321
f 4326 4322 4323
f 4326 4324 4322
f 4326 4321 4324
v -1.317 -13.200 -8.351
v -1.817 -13.200 -8.351
v -1.567 -13.200 -8.601
v -1.567 -13.200 -8.101
v -1.567 -12.988 -8.351
v -1.567 -13.413 -8.351
f 4331 4327 4329
f 4331 4329 4328
f 4331 4328 4330
f 4331 4330 4327
f 4332 4329 4327
f 4332 4328 4329
f 4332 4330 4328
f 4332 4327 4330
v -0.670 -13.068 -11.059
v -1.389 -13.068 -11.059
v -1.030 -13.068 -11.419
v -1.030 -13.068 -10.699
v -1.030 -12.763 -11.059
v -1.030 -13.374 -11.059
f 4337 4333 4335
f 4337 4335 4334
f 4337 4334 4336
f 4337 4336 4333
f 4338 4335 4333
f 4338 4334 4335
f 4338 4336 4334
f 4338 4333 4336
v -8.734 3.655 -20.565
v -9.315 3.655 -20.565
v -9.025 3.655 -20.856
v -9.025 3.655 -20.274
v -9.025 3.902 -20.565
v -9.025 3.408 -20.565
f 4343 4339 4341
f 4343 4341 4340
f 4343 4340 4342
f 4343 4342 4339
f 4344 4341 4339
f 4344 4340 4341
f 4344 4342 4340
f 4344 4339 4342
v -20.459 6.693 -13.574
v -21.113 6.693 -13.574
v -20.786 6.693 -13.901
v -20.786 6.693 -13.247
v -20.786 6.970 -13.574
v -20.786 6.415 -13.574
f 4349 4345 4347
f 4349 4347 4346
f 4349 4346 4348
f 4349 4348 4345
f 4350 4347 4345
f 4350 4346 4347
f 4350 4348 4346
f 4350 4345 4348
v -14.169 6.286 -20.553
v -14.751 6.286 -20.553
v -14.460 6.286 -20.844
v -14.460 6.286 -20.262
v -14.460 6.534 -20.553
v -14.460 6.039 -20.553
f 4355 4351 4353
f 4355 4353 4352
f 4355 4352 4354
f 4355 4354 4351
f 4356 4353 4351
f 4356 4352 4353
f 4356 4354 4352
f 4356 4351 4354
v 48.616 -53.051 -7.744
v 48.034 -53.051 -7.744
v 48.325 -53.051 -8.035
v 48.325 -53.051 -7.453
v 48.325 -52.804 -7.744
v 48.325 -53.298 -7.744
f 4361 4357 4359
f 4361 4359 4358
f 4361 4358 4360
f 4361 4360 4357
f 4362 4359 4357
f 4362 4358 4359
f 4362 4360 4358
f 4362 4357 4360
v 50.567 -52.525 -7.877
v 49.913 -52.525 -7.877
v 50.240 -52.525 -8.204
v 50.240 -52.525 -7.550
v 50.240 -52.248 -7.877
v 50.240 -52.803 -7.877
f 4367 4363 4365
f 4367 4365 4364
f 4367 4364 4366
f 4367 4366 4363
f 4368 4365 4363
f 4368 4364 4365
f 4368 4366 4364
f 4368 4363 4366
v 2.047 -13.759 -17.084
v 1.327 -13.759 -17.084
v 1.687 -13.759 -17.443
v 1.687 -13.759 -16.724
v 1.687 -13.453 -17.084
v 1.687 -14.064 -17.084
f 4373 4369 4371
f 4373 4371 4370
f 4373 4370 4372
f 4373 4372 4369
f 4374 4371 4369
f 4374 4370 4371
f 4374 4372 4370
f 4374 4369 4372
v 6.140 -12.482 -17.392
v 5.558 -12.482 -17.392
v 5.849 -12.482 -17.683
v 5.849 -12.482 -17.101
v 5.849 -12.234 -17.392
v 5.849 -12.729 -17.392
f 4379 4375 4377
f 4379 4377 4376
f 4379 4376 4378
f 4379 4378 4375
f 4380 4377 4375
f 4380 4376 4377
f 4380 4378 4376
f 4380 4375 4378
v -5.309 -8.247 -10.655
v -5.809 -8.247 -10.655
v -5.559 -8.247 -10.905
v -5.559 -8.247 -10.405
v -5.559 -8.034 -10.655
v -5.559 -8.459 -10.655
f 4385 4381 4383
f 4385 4383 4382
f 4385 4382 4384
f 4385 4384 4381
f 4386 4383 4381
f 4386 4382 4383
f 4386 4384 4382
f 4386 4381 4384
v 0.659 -9.749 -16.033
v 0.005 -9.749 -16.033
v 0.332 -9.749 -16.360
v 0.332 -9.749 -15.706
v 0.332 -9.471 -16.033
v 0.332 -10.026 -16.033
f 4391 4387 4389
f 4391 4389 4388
f 4391 4388 4390
f 4391 4390 4387
f 4392 4389 4387
f 4392 4388 4389
f 4392 4390 4388
f 4392 4387 4390
v 3.407 -12.167 -16.061
v 2.753 -12.167 -16.061
v 3.080 -12.167 -16.388
v 3.080 -12.167 -15.735
v 3.080 -11.889 -16.061
v 3.080 -12.445 -16.061
f 4397 4393 4395
f 4397 4395 4394
f 4397 4394 4396
f 4397 4396 4393
f 4398 4395 4393
f 4398 4394 4395
f 4398 4396 4394
f 4398 4393 4396
v 3.760 -9.313 -19.112
v 3.260 -9.313 -19.112
v 3.510 -9.313 -19.362
v 3.510 -9.313 -18.862
v 3.510 -9.100 -19.112
v 3.510 -9.525 -19.112
f 4403 4399 4401
f 4403 4401 4400
f 4403 4400 4402
f 4403 4402 4399
f 4404 4401 4399
f 4404 4400 4401
f 4404 4402 4400
f 4404 4399 4402
v 7.997 3.173 -9.402
v 7.497 3.173 -9.402
v 7.747 3.173 -9.652
v 7.747 3.173 -9.152
v 7.747 3.385 -9.402
v 7.747 2.960 -9.402
f 4409 4405 4407
f 4409 4407 4406
f 4409 4406 4408
f 4409 4408 4405
f 4410 4407 4405
f 4410 4406 4407
f 4410 4408 4406
f 4410 4405 4408
v 11.481 9.491 -2.966
v 10.981 9.491 -2.966
v 11.231 9.491 -3.216
v 11.231 9.491 -2.716
v 11.231 9.703 -2.966
v 11.231 9.278 -2.966
f 4415 4411 4413
f 4415 4413 4412
f 4415 4412 4414
f 4415 4414 4411
f 4416 4413 4411
f 4416 4412 4413
f 4416 4414 4412
f 4416 4411 4414
v 65.563 -17.348 -6.317
v 64.844 -17.348 -6.317
v 65.204 -17.348 -6.676
v 65.204 -17.348 -5.957
v 65.204 -17.043 -6.317
v 65.204 -17.654 -6.317
f 4421 4417 4419
f 4421 4419 4418
f 4421 4418 4420
f 4421 4420 4417
f 4422 4419 4417
f 4422 4418 4419
f 4422 4420 4418
f 4422 4417 4420
v 67.180 -5.503 -8.660
v 66.680 -5.503 -8.660
v 66.930 -5.503 -8.910
v 66.930 -5.503 -8.410
v 66.930 -5.290 -8.660
v 66.930 -5.715 -8.660
f 4427 4423 4425
f 4427 4425 4424
f 4427 4424 4426
f 4427 4426 4423
f 4428 4425 4423
f 4428 4424 4425
f 4428 4426 4424
f 4428 4423 4426
v 36.989 38.042 -11.045
v 36.489 38.042 -11.045
v 36.739 38.042 -11.295
v 36.739 38.042 -10.795
v 36.739 38.255 -11.045
v 36.739 37.830 -11.045
f 4433 4429 4431
f 4433 4431 4430
f 4433 4430 4432
f 4433 4432 4429
f 4434 4431 4429
f 4434 4430 4431
f 4434 4432 4430
f 4434 4429 4432
v -72.161 -21.699 -4.941
v -72.661 -21.699 -4.941
v -72.411 -21.699 -5.191
v -72.411 -21.699 -4.691
v -72.411 -21.487 -4.941
v -72.411 -21.912 -4.941
f 4439 4435 4437
f 4439 4437 4436
f 4439 4436 4438
f 4439 4438 4435
f 4440 4437 4435
f 4440 4436 4437
f 4440 4438 4436
f 4440 4435 4438
v -16.280 -35.038 -0.966
v -16.780 -35.038 -0.966
v -16.530 -35.038 -1.216
v -16.530 -35.038 -0.716
v -16.530 -34.825 -0.966
v -16.530 -35.250 -0.966
f 4445 4441 4443
f 4445 4443 4442
f 4445 4442 4444
f 4445 4444 4441
f 4446 4443 4441
f 4446 4442 4443
f 4446 4444 4442
f 4446 4441 4444
v -13.103 -36.844 -3.148
v -13.603 -36.844 -3.148
v -13.353 -36.844 -3.398
v -13.353 -36.844 -2.898
v -13.353 -36.631 -3.148
v -13.353 -37.056 -3.148
f 4451 4447 4449
f 4451 4449 4448
f 4451 4448 4450
f 4451 4450 4447
f 4452 4449 4447
f 4452 4448 4449
f 4452 4450 4448
f 4452 4447 4450
v -21.112 -12.404 -2.453
v -21.831 -12.404 -2.453
v -21.471 -12.404 -2.812
v -21.471 -12.404 -2.093
v -21.471 -12.099 -2.453
v -21.471 -12.710 -2.453
f 4457 4453 4455
f 4457 4455 4454
f 4457 4454 4456
f 4457 4456 4453
f 4458 4455 4453
f 4458 4454 4455
f 4458 4456 4454
f 4458 4453 4456
v -59.660 5.232 -6.796
v -60.160 5.232 -6.796
v -59.910 5.232 -7.046
v -59.910 5.232 -6.546
v -59.910 5.444 -6.796
v -59.910 5.019 -6.796
f 4463 4459 4461
f 4463 4461 4460
f 4463 4460 4462
f 4463 4462 4459
f 4464 4461 4459
f 4464 4460 4461
f 4464 4462 4460
f 4464 4459 4462
v -5.229 -35.329 -2.246
v -5.729 -35.329 -2.246
v -5.479 -35.329 -2.496
v -5.479 -35.329 -1.996
v -5.479 -35.117 -2.246
v -5.479 -35.542 -2.246
f 4469 4465 4467
f 4469 4467 4466
f 4469 4466 4468
f 4469 4468 4465
f 4470 4467 4465
f 4470 4466 4467
f 4470 4468 4466
f 4470 4465 4468
v -8.270 -26.370 -0.033
v -8.770 -26.370 -0.033
v -8.520 -26.370 -0.283
v -8.520 -26.370 0.217
v -8.520 -26.158 -0.033
v -8.520 -26.583 -0.033
f 4475 4471 4473
f 4475 4473 4472
f 4475 4472 4474
f 4475 4474 4471
f 4476 4473 4471
f 4476 4472 4473
f 4476 4474 4472
f 4476 4471 4474
v -7.703 -28.057 -0.357
v -8.203 -28.057 -0.357
v -7.953 -28.057 -0.607
v -7.953 -28.057 -0.107
v -7.953 -27.844 -0.357
v -7.953 -28.269 -0.357
f 4481 4477 4479
f 4481 4479 4478
f 4481 4478 4480
f 4481 4480 4477
f 4482 4479 4477
f 4482 4478 4479
f 4482 4480 4478
f 4482 4477 4480
v -6.733 -27.714 -0.982
v -7.387 -27.714 -0.982
v -7.060 -27.714 -1.309
v -7.060 -27.714 -0.655
v -7.060 -27.437 -0.982
v -7.060 -27.992 -0.982
f 4487 4483 4485
f 4487 4485 4484
f 4487 4484 4486
f 4487 4486 4483
f 4488 4485 4483
f 4488 4484 4485
f 4488 4486 4484
f 4488 4483 4486
v 46.457 -61.686 -2.065
v 45.803 -61.686 -2.065
v 46.130 -61.686 -2.392
v 46.130 -61.686 -1.738
v 46.130 -61.408 -2.065
v 46.130 -61.964 -2.065
f 4493 4489 4491
f 4493 4491 4490
f 4493 4490 4492
f 4493 4492 4489
f 4494 4491 4489
f 4494 4490 4491
f 4494 4492 4490
f 4494 4489 4492
v -10.006 1.797 -4.995
v -10.506 1.797 -4.995
v -10.256 1.797 -5.245
v -10.256 1.797 -4.745
v -10.256 2.009 -4.995
v -10.256 1.584 -4.995
f 4499 4495 4497
f 4499 4497 4496
f 4499 4496 4498
f 4499 4498 4495
f 4500 4497 4495
f 4500 4496 4497
f 4500 4498 4496
f 4500 4495 4498
v 15.686 0.280 3.321
v 14.799 0.280 3.321
v 15.243 0.280 2.878
v 15.243 0.280 3.765
v 15.243 0.657 3.321
v 15.243 -0.098 3.321
usemtl mtl-001
f 4505 4501 4503
f 4505 4503 4502
f 4505 4502 4504
f 4505 4504 4501
f 4506 4503 4501
f 4506 4502 4503
f 4506 4504 4502
f 4506 4501 4504
v -0.441 -0.577 -3.243
v -1.328 -0.577 -3.243
v -0.885 -0.577 -3.687
v -0.885 -0.577 -2.800
v -0.885 -0.200 -3.243
v -0.885 -0.954 -3.243
f 4511 4507 4509
f 4511 4509 4508
f 4511 4508 4510
f 4511 4510 4507
f 4512 4509 4507
f 4512 4508 4509
f 4512 4510 4508
f 4512 4507 4510
v -38.716 -50.541 15.254
v -39.495 -50.541 15.254
v -39.105 -50.541 14.864
v -39.105 -50.541 15.643
v -39.105 -50.210 15.254
v -39.105 -50.872 15.254
f 4517 4513 4515
f 4517 4515 4514
f 4517 4514 4516
f 4517 4516 4513
f 4518 4515 4513
f 4518 4514 4515
f 4518 4516 4514
f 4518 4513 4516
v -28.224 -22.535 9.869
v -29.160 -22.535 9.869
v -28.692 -22.535 9.400
v -28.692 -22.535 10.337
v -28.692 -22.137 9.869
v -28.692 -22.933 9.869
f 4523 4519 4521
f 4523 4521 4520
f 4523 4520 4522
f 4523 4522 4519
f 4524 4521 4519
f 4524 4520 4521
f 4524 4522 4520
f 4524 4519 4522
v -13.140 -24.713 5.603
v -13.919 -24.713 5.603
v -13.530 -24.713 5.213
v -13.530 -24.713 5.992
v -13.530 -24.382 5.603
v -13.530 -25.044 5.603
f 4529 4525 4527
f 4529 4527 4526
f 4529 4526 4528
f 4529 4528 4525
f 4530 4527 4525
f 4530 4526 4527
f 4530 4528 4526
f 4530 4525 4528
v -23.805 -4.915 6.304
v -24.639 -4.915 6.304
v -24.222 -4.915 5.887
v -24.222 -4.915 6.721
v -24.222 -4.560 6.304
v -24.222 -5.269 6.304
f 4535 4531 4533
f 4535 4533 4532
f 4535 4532 4534
f 4535 4534 4531
f 4536 4533 4531
f 4536 4532 4533
f 4536 4534 4532
f 4536 4531 4534
v -38.149 -1.494 9.197
v -39.086 -1.494 9.197
v -38.618 -1.494 8.729
v -38.618 -1.494 9.666
v -38.618 -1.096 9.197
v -38.618 -1.892 9.197
f 4541 4537 4539
f 4541 4539 4538
f 4541 4538 4540
f 4541 4540 4537
f 4542 4539 4537
f 4542 4538 4539
f 4542 4540 4538
f 4542 4537 4540
v -6.346 -20.322 4.589
v -7.180 -20.322 4.589
v -6.763 -20.322 4.171
v -6.763 -20.322 5.006
v -6.763 -19.967 4.589
v -6.763 -20.677 4.589
f 4547 4543 4545
f 4547 4545 4544
f 4547 4544 4546
f 4547 4546 4543
f 4548 4545 4543
f 4548 4544 4545
f 4548 4546 4544
f 4548 4543 4546
v -6.346 -22.192 8.787
v -7.181 -22.192 8.787
v -6.763 -22.192 8.370
v -6.763 -22.192 9.205
v -6.763 -21.837 8.787
v -6.763 -22.547 8.787
f 4553 4549 4551
f 4553 4551 4550
f 4553 4550 4552
f 4553 4552 4549
f 4554 4551 4549
f 4554 4550 4551
f 4554 4552 4550
f 4554 4549 4552
v -7.327 -9.819 6.144
v -8.106 -9.819 6.144
v -7.716 -9.819 5.755
v -7.716 -9.819 6.534
v -7.716 -9.488 6.144
v -7.716 -10.150 6.144
f 4559 4555 4557
f 4559 4557 4556
f 4559 4556 4558
f 4559 4558 4555
f 4560 4557 4555
f 4560 4556 4557
f 4560 4558 4556
f 4560 4555 4558
v 10.392 1.536 14.323
v 9.505 1.536 14.323
v 9.949 1.536 13.880
v 9.949 1.536 14.767
v 9.949 1.913 14.323
v 9.949 1.159 14.323
f 4565 4561 4563
f 4565 4563 4562
f 4565 4562 4564
f 4565 4564 4561
f 4566 4563 4561
f 4566 4562 4563
f 4566 4564 4562
f 4566 4561 4564
v 12.140 3.198 14.762
v 11.361 3.198 14.762
v 11.751 3.198 14.373
v 11.751 3.198 15.152
v 11.751 3.529 14.762
v 11.751 2.867 14.762
f 4571 4567 4569
f 4571 4569 4568
f 4571 4568 4570
f 4571 4570 4567
f 4572 4569 4567
f 4572 4568 4569
f 4572 4570 4568
f 4572 4567 4570
v 65.338 -10.555 15.917
v 64.503 -10.555 15.917
v 64.920 -10.555 15.500
v 64.920 -10.555 16.334
v 64.920 -10.201 15.917
v 64.920 -10.910 15.917
f 4577 4573 4575
f 4577 4575 4574
f 4577 4574 4576
f 4577 4576 4573
f 4578 4575 4573
f 4578 4574 4575
f 4578 4576 4574
f 4578 4573 4576
v -65.385 -39.535 15.837
v -66.321 -39.535 15.837
v -65.853 -39.535 15.369
v -65.853 -39.535 16.305
v -65.853 -39.137 15.837
v -65.853 -39.933 15.837
f 4583 4579 4581
f 4583 4581 4580
f 4583 4580 4582
f 4583 4582 4579
f 4584 4581 4579
f 4584 4580 4581
f 4584 4582 4580
f 4584 4579 4582
v -45.448 -5.324 16.614
v -46.335 -5.324 16.614
v -45.891 -5.324 16.171
v -45.891 -5.324 17.058
v -45.891 -4.947 16.614
v -45.891 -5.701 16.614
f 4589 4585 4587
f 4589 4587 4586
f 4589 4586 4588
f 4589 4588 4585
f 4590 4587 4585
f 4590 4586 4587
f 4590 4588 4586
f 4590 4585 4588
v -23.168 -26.809 14.113
v -24.055 -26.809 14.113
v -23.612 -26.809 13.670
v -23.612 -26.809 14.557
v -23.612 -26.432 14.113
v -23.612 -27.186 14.113
f 4595 4591 4593
f 4595 4593 4592
f 4595 4592 4594
f 4595 4594 4591
f 4596 4593 4591
f 4596 4592 4593
f 4596 4594 4592
f 4596 4591 4594
v -39.405 -5.163 11.299
v -40.292 -5.163 11.299
v -39.848 -5.163 10.856
v -39.848 -5.163 11.743
v -39.848 -4.786 11.299
v -39.848 -5.540 11.299
f 4601 4597 4599
f 4601 4599 4598
f 4601 4598 4600
f 4601 4600 4597
f 4602 4599 4597
f 4602 4598 4599
f 4602 4600 4598
f 4602 4597 4600
v -17.416 -25.967 13.576
v -18.195 -25.967 13.576
v -17.806 -25.967 13.187
v -17.806 -25.967 13.966
v -17.806 -25.636 13.576
v -17.806 -26.298 13.576
f 4607 4603 4605
f 4607 4605 4604
f 4607 4604 4606
f 4607 4606 4603
f 4608 4605 4603
f 4608 4604 4605
f 4608 4606 4604
f 4608 4603 4606
v -16.848 -24.178 15.195
v -17.683 -24.178 15.195
v -17.266 -24.178 14.778
v -17.266 -24.178 15.612
v -17.266 -23.823 15.195
v -17.266 -24.532 15.195
f 4613 4609 4611
f 4613 4611 4610
f 4613 4610 4612
f 4613 4612 4609
f 4614 4611 4609
f 4614 4610 4611
f 4614 4612 4610
f 4614 4609 4612
v -17.551 -9.061 14.345
v -18.534 -9.061 14.345
v -18.043 -9.061 13.853
v -18.043 -9.061 14.837
v -18.043 -8.643 14.345
v -18.043 -9.480 14.345
f 4619 4615 4617
f 4619 4617 4616
f 4619 4616 4618
f 4619 4618 4615
f 4620 4617 4615
f 4620 4616 4617
f 4620 4618 4616
f 4620 4615 4618
v -55.742 18.219 14.280
v -56.629 18.219 14.280
v -56.185 18.219 13.836
v -56.185 18.219 14.723
v -56.185 18.596 14.280
v -56.185 17.842 14.280
f 4625 4621 4623
f 4625 4623 4622
f 4625 4622 4624
f 4625 4624 4621
f 4626 4623 4621
f 4626 4622 4623
f 4626 4624 4622
f 4626 4621 4624
v -1.091 -21.289 13.329
v -1.978 -21.289 13.329
v -1.535 -21.289 12.886
v -1.535 -21.289 13.773
v -1.535 -20.912 13.329
v -1.535 -21.666 13.329
f 4631 4627 4629
f 4631 4629 4628
f 4631 4628 4630
f 4631 4630 4627
f 4632 4629 4627
f 4632 4628 4629
f 4632 4630 4628
f 4632 4627 4630
v -17.120 0.276 15.122
v -17.899 0.276 15.122
v -17.510 0.276 14.732
v -17.510 0.276 15.511
v -17.510 0.607 15.122
v -17.510 -0.055 15.122
f 4637 4633 4635
f 4637 4635 4634
f 4637 4634 4636
f 4637 4636 4633
f 4638 4635 4633
f 4638 4634 4635
f 4638 4636 4634
f 4638 4633 4636
v 7.740 -9.083 16.959
v 6.853 -9.083 16.959
v 7.296 -9.083 16.515
v 7.296 -9.083 17.402
v 7.296 -8.706 16.959
v 7.296 -9.460 16.959
f 4643 4639 4641
f 4643 4641 4640
f 4643 4640 4642
f 4643 4642 4639
f 4644 4641 4639
f 4644 4640 4641
f 4644 4642 4640
f 4644 4639 4642
v -1.164 -4.024 11.969
v -1.998 -4.024 11.969
v -1.581 -4.024 11.552
v -1.581 -4.024 12.387
v -1.581 -3.669 11.969
v -1.581 -4.378 11.969
f 4649 4645 4647
f 4649 4647 4646
f 4649 4646 4648
f 4649 4648 4645
f 4650 4647 4645
f 4650 4646 4647
f 4650 4648 4646
f 4650 4645 4648
v -0.093 -5.512 11.396
v -1.030 -5.512 11.396
v -0.562 -5.512 10.928
v -0.562 -5.512 11.864
v -0.562 -5.113 11.396
v -0.562 -5.910 11.396
f 4655 4651 4653
f 4655 4653 4652
f 4655 4652 4654
f 4655 4654 4651
f 4656 4653 4651
f 4656 4652 4653
f 4656 4654 4652
f 4656 4651 4654
v 14.960 0.755 21.441
v 14.072 0.755 21.441
v 14.516 0.755 20.998
v 14.516 0.755 21.885
v 14.516 1.132 21.441
v 14.516 0.378 21.441
f 4661 4657 4659
f 4661 4659 4658
f 4661 4658 4660
f 4661 4660 4657
f 4662 4659 4657
f 4662 4658 4659
f 4662 4660 4658
f 4662 4657 4660
v 10.222 14.228 25.064
v 9.443 14.228 25.064
v 9.832 14.228 24.674
v 9.832 14.228 25.453
v 9.832 14.560 25.064
v 9.832 13.897 25.064
f 4667 4663 4665
f 4667 4665 4664
f 4667 4664 4666
f 4667 4666 4663
f 4668 4665 4663
f 4668 4664 4665
f 4668 4666 4664
f 4668 4663 4666
v 11.678 10.246 21.284
v 10.694 10.246 21.284
v 11.186 10.246 20.793
v 11.186 10.246 21.776
v 11.186 10.665 21.284
v 11.186 9.828 21.284
f 4673 4669 4671
f 4673 4671 4670
f 4673 4670 4672
f 4673 4672 4669
f 4674 4671 4669
f 4674 4670 4671
f 4674 4672 4670
f 4674 4669 4672
v 13.683 9.315 20.973
v 12.848 9.315 20.973
v 13.265 9.315 20.556
v 13.265 9.315 21.391
v 13.265 9.670 20.973
v 13.265 8.960 20.973
f 4679 4675 4677
f 4679 4677 4676
f 4679 4676 4678
f 4679 4678 4675
f 4680 4677 4675
f 4680 4676 4677
f 4680 4678 4676
f 4680 4675 4678
v 52.888 -7.384 22.068
v 52.109 -7.384 22.068
v 52.498 -7.384 21.678
v 52.498 -7.384 22.457
v 52.498 -7.053 22.068
v 52.498 -7.715 22.068
f 4685 4681 4683
f 4685 4683 4682
f 4685 4682 4684
f 4685 4684 4681
f 4686 4683 4681
f 4686 4682 4683
f 4686 4684 4682
f 4686 4681 4684
v 40.918 0.677 27.718
v 40.084 0.677 27.718
v 40.501 0.677 27.300
v 40.501 0.677 28.135
v 40.501 1.032 27.718
v 40.501 0.323 27.718
f 4691 4687 4689
f 4691 4689 4688
f 4691 4688 4690
f 4691 4690 4687
f 4692 4689 4687
f 4692 4688 4689
f 4692 4690 4688
f 4692 4687 4690
v 42.227 0.400 26.388
v 41.448 0.400 26.388
v 41.838 0.400 25.998
v 41.838 0.400 26.777
v 41.838 0.731 26.388
v 41.838 0.069 26.388
f 4697 4693 4695
f 4697 4695 4694
f 4697 4694 4696
f 4697 4696 4693
f 4698 4695 4693
f 4698 4694 4695
f 4698 4696 4694
f 4698 4693 4696
v 5.640 62.733 14.709
v 4.752 62.733 14.709
v 5.196 62.733 14.265
v 5.196 62.733 15.153
v 5.196 63.110 14.709
v 5.196 62.356 14.709
f 4703 4699 4701
f 4703 4701 4700
f 4703 4700 4702
f 4703 4702 4699
f 4704 4701 4699
f 4704 4700 4701
f 4704 4702 4700
f 4704 4699 4702
v 1.421 69.147 14.159
v 0.642 69.147 14.159
v 1.032 69.147 13.769
v 1.032 69.147 14.548
v 1.032 69.478 14.159
v 1.032 68.816 14.159
f 4709 4705 4707
f 4709 4707 4706
f 4709 4706 4708
f 4709 4708 4705
f 4710 4707 4705
f 4710 4706 4707
f 4710 4708 4706
f 4710 4705 4708
v -22.999 -63.014 30.072
v -23.833 -63.014 30.072
v -23.416 -63.014 29.655
v -23.416 -63.014 30.490
v -23.416 -62.659 30.072
v -23.416 -63.369 30.072
f 4715 4711 4713
f 4715 4713 4712
f 4715 4712 4714
f 4715 4714 4711
f 4716 4713 4711
f 4716 4712 4713
f 4716 4714 4712
f 4716 4711 4714
v -26.227 -50.304 29.786
v -27.062 -50.304 29.786
v -26.644 -50.304 29.368
v -26.644 -50.304 30.203
v -26.644 -49.949 29.786
v -26.644 -50.659 29.786
f 4721 4717 4719
f 4721 4719 4718
f 4721 4718 4720
f 4721 4720 4717
f 4722 4719 4717
f 4722 4718 4719
f 4722 4720 4718
f 4722 4717 4720
v 16.091 -55.498 28.271
v 15.312 -55.498 28.271
v 15.701 -55.498 27.882
v 15.701 -55.498 28.661
v 15.701 -55.167 28.271
v 15.701 -55.829 28.271
f 4727 4723 4725
f 4727 4725 4724
f 4727 4724 4726
f 4727 4726 4723
f 4728 4725 4723
f 4728 4724 4725
f 4728 4726 4724
f 4728 4723 4726
v 22.042 -52.431 30.607
v 21.154 -52.431 30.607
v 21.598 -52.431 30.163
v 21.598 -52.431 31.050
v 21.598 -52.054 30.607
v 21.598 -52.808 30.607
f 4733 4729 4731
f 4733 4731 4730
f 4733 4730 4732
f 4733 4732 4729
f 4734 4731 4729
f 4734 4730 4731
f 4734 4732 4730
f 4734 4729 4732
v 7.235 -49.748 27.154
v 6.348 -49.748 27.154
v 6.792 -49.748 26.710
v 6.792 -49.748 27.598
v 6.792 -49.371 27.154
v 6.792 -50.126 27.154
f 4739 4735 4737
f 4739 4737 4736
f 4739 4736 4738
f 4739 4738 4735
f 4740 4737 4735
f 4740 4736 4737
f 4740 4738 4736
f 4740 4735 4738
v -31.369 -2.450 26.433
v -32.305 -2.450 26.433
v -31.837 -2.450 25.964
v -31.837 -2.450 26.901
v -31.837 -2.052 26.433
v -31.837 -2.848 26.433
f 4745 4741 4743
f 4745 4743 4742
f 4745 4742 4744
f 4745 4744 4741
f 4746 4743 4741
f 4746 4742 4743
f 4746 4744 4742
f 4746 4741 4744
v -33.865 17.115 23.805
v -34.700 17.115 23.805
v -34.283 17.115 23.387
v -34.283 17.115 24.222
v -34.283 17.469 23.805
v -34.283 16.760 23.805
f 4751 4747 4749
f 4751 4749 4748
f 4751 4748 4750
f 4751 4750 4747
f 4752 4749 4747
f 4752 4748 4749
f 4752 4750 4748
f 4752 4747 4750
v -10.673 10.290 17.703
v -11.452 10.290 17.703
v -11.063 10.290 17.314
v -11.063 10.290 18.093
v -11.063 10.621 17.703
v -11.063 9.959 17.703
f 4757 4753 4755
f 4757 4755 4754
f 4757 4754 4756
f 4757 4756 4753
f 4758 4755 4753
f 4758 4754 4755
f 4758 4756 4754
f 4758 4753 4756
v 6.322 -5.876 20.879
v 5.487 -5.876 20.879
v 5.904 -5.876 20.462
v 5.904 -5.876 21.296
v 5.904 -5.521 20.879
v 5.904 -6.231 20.879
f 4763 4759 4761
f 4763 4761 4760
f 4763 4760 4762
f 4763 4762 4759
f 4764 4761 4759
f 4764 4760 4761
f 4764 4762 4760
f 4764 4759 4762
v 25.857 4.275 37.020
v 25.078 4.275 37.020
v 25.468 4.275 36.630
v 25.468 4.275 37.409
v 25.468 4.606 37.020
v 25.468 3.943 37.020
f 4769 4765 4767
f 4769 4767 4766
f 4769 4766 4768
f 4769 4768 4765
f 4770 4767 4765
f 4770 4766 4767
f 4770 4768 4766
f 4770 4765 4768
v 19.296 23.962 33.197
v 18.517 23.962 33.197
v 18.907 23.962 32.807
v 18.907 23.962 33.586
v 18.907 24.293 33.197
v 18.907 23.630 33.197
f 4775 4771 4773
f 4775 4773 4772
f 4775 4772 4774
f 4775 4774 4771
f 4776 4773 4771
f 4776 4772 4773
f 4776 4774 4772
f 4776 4771 4774
v 66.750 0.190 31.281
v 65.863 0.190 31.281
v 66.307 0.190 30.837
v 66.307 0.190 31.725
v 66.307 0.567 31.281
v 66.307 -0.187 31.281
f 4781 4777 4779
f 4781 4779 4778
f 4781 4778 4780
f 4781 4780 4777
f 4782 4779 4777
f 4782 4778 4779
f 4782 4780 4778
f 4782 4777 4780
v 16.849 -41.374 37.679
v 15.962 -41.374 37.679
v 16.405 -41.374 37.236
v 16.405 -41.374 38.123
v 16.405 -40.997 37.679
v 16.405 -41.751 37.679
f 4787 4783 4785
f 4787 4785 4784
f 4787 4784 4786
f 4787 4786 4783
f 4788 4785 4783
f 4788 4784 4785
f 4788 4786 4784
f 4788 4783 4786
v 2.533 -30.067 32.318
v 1.698 -30.067 32.318
v 2.116 -30.067 31.900
v 2.116 -30.067 32.735
v 2.116 -29.712 32.318
v 2.116 -30.421 32.318
f 4793 4789 4791
f 4793 4791 4790
f 4793 4790 4792
f 4793 4792 4789
f 4794 4791 4789
f 4794 4790 4791
f 4794 4792 4790
f 4794 4789 4792
v 40.684 -45.289 38.620
v 39.905 -45.289 38.620
v 40.294 -45.289 38.231
v 40.294 -45.289 39.010
v 40.294 -44.958 38.620
v 40.294 -45.620 38.620
f 4799 4795 4797
f 4799 4797 4796
f 4799 4796 4798
f 4799 4798 4795
f 4800 4797 4795
f 4800 4796 4797
f 4800 4798 4796
f 4800 4795 4798
v 1.000 24.427 45.902
v 0.221 24.427 45.902
v 0.611 24.427 45.512
v 0.611 24.427 46.291
v 0.611 24.758 45.902
v 0.611 24.096 45.902
f 4805 4801 4803
f 4805 4803 4802
f 4805 4802 4804
f 4805 4804 4801
f 4806 4803 4801
f 4806 4802 4803
f 4806 4804 4802
f 4806 4801 4804
v -8.659 47.614 40.649
v -9.494 47.614 40.649
v -9.077 47.614 40.232
v -9.077 47.614 41.066
v -9.077 47.969 40.649
v -9.077 47.260 40.649
f 4811 4807 4809
f 4811 4809 4808
f 4811 4808 4810
f 4811 4810 4807
f 4812 4809 4807
f 4812 4808 4809
f 4812 4810 4808
f 4812 4807 4810
v 43.533 48.315 43.626
v 42.754 48.315 43.626
v 43.144 48.315 43.237
v 43.144 48.315 44.016
v 43.144 48.646 43.626
v 43.144 47.984 43.626
f 4817 4813 4815
f 4817 4815 4814
f 4817 4814 4816
f 4817 4816 4813
f 4818 4815 4813
f 4818 4814 4815
f 4818 4816 4814
f 4818 4813 4816
v -17.019 -46.061 46.138
v -17.906 -46.061 46.138
v -17.463 -46.061 45.695
v -17.463 -46.061 46.582
v -17.463 -45.684 46.138
v -17.463 -46.438 46.138
f 4823 4819 4821
f 4823 4821 4820
f 4823 4820 4822
f 4823 4822 4819
f 4824 4821 4819
f 4824 4820 4821
f 4824 4822 4820
f 4824 4819 4822
v -27.122 -34.518 45.095
v -28.059 -34.518 45.095
v -27.591 -34.518 44.626
v -27.591 -34.518 45.563
v -27.591 -34.120 45.095
v -27.591 -34.916 45.095
f 4829 4825 4827
f 4829 4827 4826
f 4829 4826 4828
f 4829 4828 4825
f 4830 4827 4825
f 4830 4826 4827
f 4830 4828 4826
f 4830 4825 4828
v -34.111 -11.502 46.511
v -34.890 -11.502 46.511
v -34.501 -11.502 46.121
v -34.501 -11.502 46.900
v -34.501 -11.171 46.511
v -34.501 -11.833 46.511
f 4835 4831 4833
f 4835 4833 4832
f 4835 4832 4834
f 4835 4834 4831
f 4836 4833 4831
f 4836 4832 4833
f 4836 4834 4832
f 4836 4831 4834
v -44.296 -3.648 50.860
v -45.183 -3.648 50.860
v -44.739 -3.648 50.416
v -44.739 -3.648 51.304
v -44.739 -3.271 50.860
v -44.739 -4.025 50.860
f 4841 4837 4839
f 4841 4839 4838
f 4841 4838 4840
f 4841 4840 4837
f 4842 4839 4837
f 4842 4838 4839
f 4842 4840 4838
f 4842 4837 4840
v -2.629 -9.972 45.195
v -3.516 -9.972 45.195
v -3.072 -9.972 44.751
v -3.072 -9.972 45.638
v -3.072 -9.595 45.195
v -3.072 -10.349 45.195
f 4847 4843 4845
f 4847 4845 4844
f 4847 4844 4846
f 4847 4846 4843
f 4848 4845 4843
f 4848 4844 4845
f 4848 4846 4844
f 4848 4843 4846
v 7.015 -2.698 43.159
v 6.128 -2.698 43.159
v 6.571 -2.698 42.715
v 6.571 -2.698 43.603
v 6.571 -2.321 43.159
v 6.571 -3.075 43.159
f 4853 4849 4851
f 4853 4851 4850
f 4853 4850 4852
f 4853 4852 4849
f 4854 4851 4849
f 4854 4850 4851
f 4854 4852 4850
f 4854 4849 4852
v 32.656 -19.849 51.448
v 31.877 -19.849 51.448
v 32.267 -19.849 51.058
v 32.267 -19.849 51.837
v 32.267 -19.518 51.448
v 32.267 -20.180 51.448
f 4859 4855 4857
f 4859 4857 4856
f 4859 4856 4858
f 4859 4858 4855
f 4860 4857 4855
f 4860 4856 4857
f 4860 4858 4856
f 4860 4855 4858
v 5.052 20.486 48.718
v 4.273 20.486 48.718
v 4.663 20.486 48.328
v 4.663 20.486 49.107
v 4.663 20.817 48.718
v 4.663 20.155 48.718
f 4865 4861 4863
f 4865 4863 4862
f 4865 4862 4864
f 4865 4864 4861
f 4866 4863 4861
f 4866 4862 4863
f 4866 4864 4862
f 4866 4861 4864
v -4.356 27.672 52.815
v -5.340 27.672 52.815
v -4.848 27.672 52.323
v -4.848 27.672 53.307
v -4.848 28.091 52.815
v -4.848 27.254 52.815
f 4871 4867 4869
f 4871 4869 4868
f 4871 4868 4870
f 4871 4870 4867
f 4872 4869 4867
f 4872 4868 4869
f 4872 4870 4868
f 4872 4867 4870
v 6.347 27.301 48.419
v 5.568 27.301 48.419
v 5.957 27.301 48.030
v 5.957 27.301 48.809
v 5.957 27.632 48.419
v 5.957 26.970 48.419
f 4877 4873 4875
f 4877 4875 4874
f 4877 4874 4876
f 4877 4876 4873
f 4878 4875 4873
f 4878 4874 4875
f 4878 4876 4874
f 4878 4873 4876
v 4.466 -1.431 53.379
v 3.529 -1.431 53.379
v 3.997 -1.431 52.911
v 3.997 -1.431 53.848
v 3.997 -1.033 53.379
v 3.997 -1.829 53.379
f 4883 4879 4881
f 4883 4881 4880
f 4883 4880 4882
f 4883 4882 4879
f 4884 4881 4879
f 4884 4880 4881
f 4884 4882 4880
f 4884 4879 4882
v 12.892 32.799 64.106
v 12.057 32.799 64.106
v 12.475 32.799 63.689
v 12.475 32.799 64.524
v 12.475 33.154 64.106
v 12.475 32.444 64.106
f 4889 4885 4887
f 4889 4887 4886
f 4889 4886 4888
f 4889 4888 4885
f 4890 4887 4885
f 4890 4886 4887
f 4890 4888 4886
f 4890 4885 4888
v 41.210 3.134 68.395
v 40.323 3.134 68.395
v 40.767 3.134 67.952
v 40.767 3.134 68.839
v 40.767 3.511 68.395
v 40.767 2.757 68.395
f 4895 4891 4893
f 4895 4893 4892
f 4895 4892 4894
f 4895 4894 4891
f 4896 4893 4891
f 4896 4892 4893
f 4896 4894 4892
f 4896 4891 4894
v 17.222 47.958 57.430
v 16.388 47.958 57.430
v 16.805 47.958 57.013
v 16.805 47.958 57.848
v 16.805 48.313 57.430
v 16.805 47.603 57.430
f 4901 4897 4899
f 4901 4899 4898
f 4901 4898 4900
f 4901 4900 4897
f 4902 4899 4897
f 4902 4898 4899
f 4902 4900 4898
f 4902 4897 4900
v 18.934 50.610 57.756
v 18.155 50.610 57.756
v 18.545 50.610 57.366
v 18.545 50.610 58.145
v 18.545 50.941 57.756
v 18.545 50.279 57.756
f 4907 4903 4905
f 4907 4905 4904
f 4907 4904 4906
f 4907 4906 4903
f 4908 4905 4903
f 4908 4904 4905
f 4908 4906 4904
f 4908 4903 4906
v -35.088 3.815 65.766
v -35.867 3.815 65.766
v -35.477 3.815 65.376
v -35.477 3.815 66.155
v -35.477 4.146 65.766
v -35.477 3.484 65.766
f 4913 4909 4911
f 4913 4911 4910
f 4913 4910 4912
f 4913 4912 4909
f 4914 4911 4909
f 4914 4910 4911
f 4914 4912 4910
f 4914 4909 4912
v 2.261 -6.040 61.031
v 1.374 -6.040 61.031
v 1.817 -6.040 60.588
v 1.817 -6.040 61.475
v 1.817 -5.663 61.031
v 1.817 -6.417 61.031
f 4919 4915 4917
f 4919 4917 4916
f 4919 4916 4918
f 4919 4918 4915
f 4920 4917 4915
f 4920 4916 4917
f 4920 4918 4916
f 4920 4915 4918
v 11.696 27.460 71.552
v 10.861 27.460 71.552
v 11.278 27.460 71.135
v 11.278 27.460 71.969
v 11.278 27.815 71.552
v 11.278 27.106 71.552
f 4925 4921 4923
f 4925 4923 4922
f 4925 4922 4924
f 4925 4924 4921
f 4926 4923 4921
f 4926 4922 4923
f 4926 4924 4922
f 4926 4921 4924
v 12.347 29.676 70.107
v 11.460 29.676 70.107
v 11.904 29.676 69.664
v 11.904 29.676 70.551
v 11.904 30.053 70.107
v 11.904 29.299 70.107
f 4931 4927 4929
f 4931 4929 4928
f 4931 4928 4930
f 4931 4930 4927
f 4932 4929 4927
f 4932 4928 4929
f 4932 4930 4928
f 4932 4927 4930
v -7.960 -20.098 -75.818
v -8.944 -20.098 -75.818
v -8.452 -20.098 -76.310
v -8.452 -20.098 -75.326
v -8.452 -19.680 -75.818
v -8.452 -20.516 -75.818
f 4937 4933 4935
f 4937 4935 4934
f 4937 4934 4936
f 4937 4936 4933
f 4938 4935 4933
f 4938 4934 4935
f 4938 4936 4934
f 4938 4933 4936
v 27.843 -2.720 -68.351
v 27.008 -2.720 -68.351
v 27.426 -2.720 -68.769
v 27.426 -2.720 -67.934
v 27.426 -2.365 -68.351
v 27.426 -3.074 -68.351
f 4943 4939 4941
f 4943 4941 4940
f 4943 4940 4942
f 4943 4942 4939
f 4944 4941 4939
f 4944 4940 4941
f 4944 4942 4940
f 4944 4939 4942
v -15.440 -34.136 -62.877
v -16.327 -34.136 -62.877
v -15.883 -34.136 -63.321
v -15.883 -34.136 -62.433
v -15.883 -33.759 -62.877
v -15.883 -34.513 -62.877
f 4949 4945 4947
f 4949 4947 4946
f 4949 4946 4948
f 4949 4948 4945
f 4950 4947 4945
f 4950 4946 4947
f 4950 4948 4946
f 4950 4945 4948
v 28.141 -26.105 -58.442
v 27.306 -26.105 -58.442
v 27.724 -26.105 -58.859
v 27.724 -26.105 -58.025
v 27.724 -25.751 -58.442
v 27.724 -26.460 -58.442
f 4955 4951 4953
f 4955 4953 4952
f 4955 4952 4954
f 4955 4954 4951
f 4956 4953 4951
f 4956 4952 4953
f 4956 4954 4952
f 4956 4951 4954
v 34.659 5.811 -63.460
v 33.824 5.811 -63.460
v 34.242 5.811 -63.877
v 34.242 5.811 -63.043
v 34.242 6.166 -63.460
v 34.242 5.456 -63.460
f 4961 4957 4959
f 4961 4959 4958
f 4961 4958 4960
f 4961 4960 4957
f 4962 4959 4957
f 4962 4958 4959
f 4962 4960 4958
f 4962 4957 4960
v -36.399 30.170 -56.607
v -37.286 30.170 -56.607
v -36.843 30.170 -57.050
v -36.843 30.170 -56.163
v -36.843 30.547 -56.607
v -36.843 29.793 -56.607
f 4967 4963 4965
f 4967 4965 4964
f 4967 4964 4966
f 4967 4966 4963
f 4968 4965 4963
f 4968 4964 4965
f 4968 4966 4964
f 4968 4963 4966
v 48.667 -11.287 -52.172
v 47.888 -11.287 -52.172
v 48.277 -11.287 -52.562
v 48.277 -11.287 -51.783
v 48.277 -10.956 -52.172
v 48.277 -11.618 -52.172
f 4973 4969 4971
f 4973 4971 4970
f 4973 4970 4972
f 4973 4972 4969
f 4974 4971 4969
f 4974 4970 4971
f 4974 4972 4970
f 4974 4969 4972
v -41.109 -42.872 -43.469
v -41.888 -42.872 -43.469
v -41.498 -42.872 -43.858
v -41.498 -42.872 -43.079
v -41.498 -42.541 -43.469
v -41.498 -43.203 -43.469
f 4979 4975 4977
f 4979 4977 4976
f 4979 4976 4978
f 4979 4978 4975
f 4980 4977 4975
f 4980 4976 4977
f 4980 4978 4976
f 4980 4975 4978
v -36.177 26.166 -53.038
v -37.065 26.166 -53.038
v -36.621 26.166 -53.482
v -36.621 26.166 -52.595
v -36.621 26.543 -53.038
v -36.621 25.789 -53.038
f 4985 4981 4983
f 4985 4983 4982
f 4985 4982 4984
f 4985 4984 4981
f 4986 4983 4981
f 4986 4982 4983
f 4986 4984 4982
f 4986 4981 4984
v 18.221 -31.813 -43.455
v 17.237 -31.813 -43.455
v 17.729 -31.813 -43.947
v 17.729 -31.813 -42.963
v 17.729 -31.395 -43.455
v 17.729 -32.231 -43.455
f 4991 4987 4989
f 4991 4989 4988
f 4991 4988 4990
f 4991 4990 4987
f 4992 4989 4987
f 4992 4988 4989
f 4992 4990 4988
f 4992 4987 4990
v 18.332 -29.385 -53.201
v 17.553 -29.385 -53.201
v 17.943 -29.385 -53.591
v 17.943 -29.385 -52.812
v 17.943 -29.053 -53.201
v 17.943 -29.716 -53.201
f 4997 4993 4995
f 4997 4995 4994
f 4997 4994 4996
f 4997 4996 4993
f 4998 4995 4993
f 4998 4994 4995
f 4998 4996 4994
f 4998 4993 4996
v 57.538 12.420 -39.790
v 56.703 12.420 -39.790
v 57.120 12.420 -40.207
v 57.120 12.420 -39.373
v 57.120 12.775 -39.790
v 57.120 12.065 -39.790
f 5003 4999 5001
f 5003 5001 5000
f 5003 5000 5002
f 5003 5002 4999
f 5004 5001 4999
f 5004 5000 5001
f 5004 5002 5000
f 5004 4999 5002
v -39.240 -42.930 -37.522
v -40.075 -42.930 -37.522
v -39.658 -42.930 -37.939
v -39.658 -42.930 -37.104
v -39.658 -42.575 -37.522
v -39.658 -43.285 -37.522
f 5009 5005 5007
f 5009 5007 5006
f 5009 5006 5008
f 5009 5008 5005
f 5010 5007 5005
f 5010 5006 5007
f 5010 5008 5006
f 5010 5005 5008
v -36.555 -43.152 -32.587
v -37.442 -43.152 -32.587
v -36.998 -43.152 -33.031
v -36.998 -43.152 -32.144
v -36.998 -42.775 -32.587
v -36.998 -43.529 -32.587
f 5015 5011 5013
f 5015 5013 5012
f 5015 5012 5014
f 5015 5014 5011
f 5016 5013 5011
f 5016 5012 5013
f 5016 5014 5012
f 5016 5011 5014
v -54.559 -36.210 -37.997
v -55.446 -36.210 -37.997
v -55.002 -36.210 -38.440
v -55.002 -36.210 -37.553
v -55.002 -35.833 -37.997
v -55.002 -36.587 -37.997
f 5021 5017 5019
f 5021 5019 5018
f 5021 5018 5020
f 5021 5020 5017
f 5022 5019 5017
f 5022 5018 5019
f 5022 5020 5018
f 5022 5017 5020
v -15.018 -46.234 -37.659
v -15.797 -46.234 -37.659
v -15.407 -46.234 -38.048
v -15.407 -46.234 -37.270
v -15.407 -45.903 -37.659
v -15.407 -46.566 -37.659
f 5027 5023 5025
f 5027 5025 5024
f 5027 5024 5026
f 5027 5026 5023
f 5028 5025 5023
f 5028 5024 5025
f 5028 5026 5024
f 5028 5023 5026
v -35.942 -6.318 -39.378
v -36.829 -6.318 -39.378
v -36.386 -6.318 -39.822
v -36.386 -6.318 -38.935
v -36.386 -5.941 -39.378
v -36.386 -6.695 -39.378
f 5033 5029 5031
f 5033 5031 5030
f 5033 5030 5032
f 5033 5032 5029
f 5034 5031 5029
f 5034 5030 5031
f 5034 5032 5030
f 5034 5029 5032
v -58.021 24.314 -44.113
v -58.856 24.314 -44.113
v -58.439 24.314 -44.531
v -58.439 24.314 -43.696
v -58.439 24.668 -44.113
v -58.439 23.959 -44.113
f 5039 5035 5037
f 5039 5037 5036
f 5039 5036 5038
f 5039 5038 5035
f 5040 5037 5035
f 5040 5036 5037
f 5040 5038 5036
f 5040 5035 5038
v -56.736 25.276 -46.550
v -57.515 25.276 -46.550
v -57.125 25.276 -46.939
v -57.125 25.276 -46.160
v -57.125 25.607 -46.550
v -57.125 24.945 -46.550
f 5045 5041 5043
f 5045 5043 5042
f 5045 5042 5044
f 5045 5044 5041
f 5046 5043 5041
f 5046 5042 5043
f 5046 5044 5042
f 5046 5041 5044
v -39.682 28.625 -50.665
v -40.569 28.625 -50.665
v -40.125 28.625 -51.108
v -40.125 28.625 -50.221
v -40.125 29.002 -50.665
v -40.125 28.248 -50.665
f 5051 5047 5049
f 5051 5049 5048
f 5051 5048 5050
f 5051 5050 5047
f 5052 5049 5047
f 5052 5048 5049
f 5052 5050 5048
f 5052 5047 5050
v -52.067 36.535 -47.274
v -52.846 36.535 -47.274
v -52.457 36.535 -47.663
v -52.457 36.535 -46.884
v -52.457 36.866 -47.274
v -52.457 36.204 -47.274
f 5057 5053 5055
f 5057 5055 5054
f 5057 5054 5056
f 5057 5056 5053
f 5058 5055 5053
f 5058 5054 5055
f 5058 5056 5054
f 5058 5053 5056
v -44.464 36.298 -44.323
v -45.401 36.298 -44.323
v -44.932 36.298 -44.792
v -44.932 36.298 -43.855
v -44.932 36.696 -44.323
v -44.932 35.900 -44.323
f 5063 5059 5061
f 5063 5061 5060
f 5063 5060 5062
f 5063 5062 5059
f 5064 5061 5059
f 5064 5060 5061
f 5064 5062 5060
f 5064 5059 5062
v -43.466 53.072 -40.526
v -44.300 53.072 -40.526
v -43.883 53.072 -40.943
v -43.883 53.072 -40.108
v -43.883 53.426 -40.526
v -43.883 52.717 -40.526
f 5069 5065 5067
f 5069 5067 5066
f 5069 5066 5068
f 5069 5068 5065
f 5070 5067 5065
f 5070 5066 5067
f 5070 5068 5066
f 5070 5065 5068
v -41.997 56.310 -37.617
v -42.776 56.310 -37.617
v -42.386 56.310 -38.007
v -42.386 56.310 -37.228
v -42.386 56.641 -37.617
v -42.386 55.979 -37.617
f 5075 5071 5073
f 5075 5073 5072
f 5075 5072 5074
f 5075 5074 5071
f 5076 5073 5071
f 5076 5072 5073
f 5076 5074 5072
f 5076 5071 5074
v 44.288 -14.982 -33.165
v 43.453 -14.982 -33.165
v 43.871 -14.982 -33.582
v 43.871 -14.982 -32.748
v 43.871 -14.627 -33.165
v 43.871 -15.336 -33.165
f 5081 5077 5079
f 5081 5079 5078
f 5081 5078 5080
f 5081 5080 5077
f 5082 5079 5077
f 5082 5078 5079
f 5082 5080 5078
f 5082 5077 5080
v 62.116 -6.401 -33.409
v 61.337 -6.401 -33.409
v 61.727 -6.401 -33.799
v 61.727 -6.401 -33.020
v 61.727 -6.070 -33.409
v 61.727 -6.732 -33.409
f 5087 5083 5085
f 5087 5085 5084
f 5087 5084 5086
f 5087 5086 5083
f 5088 5085 5083
f 5088 5084 5085
f 5088 5086 5084
f 5088 5083 5086
v 51.119 30.576 -35.232
v 50.340 30.576 -35.232
v 50.729 30.576 -35.621
v 50.729 30.576 -34.842
v 50.729 30.907 -35.232
v 50.729 30.245 -35.232
f 5093 5089 5091
f 5093 5091 5090
f 5093 5090 5092
f 5093 5092 5089
f 5094 5091 5089
f 5094 5090 5091
f 5094 5092 5090
f 5094 5089 5092
v -48.771 14.169 -30.737
v -49.550 14.169 -30.737
v -49.161 14.169 -31.127
v -49.161 14.169 -30.348
v -49.161 14.500 -30.737
v -49.161 13.838 -30.737
f 5099 5095 5097
f 5099 5097 5096
f 5099 5096 5098
f 5099 5098 5095
f 5100 5097 5095
f 5100 5096 5097
f 5100 5098 5096
f 5100 5095 5098
v -31.013 3.195 -29.503
v -31.792 3.195 -29.503
v -31.402 3.195 -29.892
v -31.402 3.195 -29.113
v -31.402 3.526 -29.503
v -31.402 2.864 -29.503
f 5105 5101 5103
f 5105 5103 5102
f 5105 5102 5104
f 5105 5104 5101
f 5106 5103 5101
f 5106 5102 5103
f 5106 5104 5102
f 5106 5101 5104
v 10.052 -4.833 -23.525
v 9.068 -4.833 -23.525
v 9.560 -4.833 -24.017
v 9.560 -4.833 -23.033
v 9.560 -4.415 -23.525
v 9.560 -5.251 -23.525
f 5111 5107 5109
f 5111 5109 5108
f 5111 5108 5110
f 5111 5110 5107
f 5112 5109 5107
f 5112 5108 5109
f 5112 5110 5108
f 5112 5107 5110
v 20.765 -2.524 -26.636
v 19.986 -2.524 -26.636
v 20.375 -2.524 -27.025
v 20.375 -2.524 -26.246
v 20.375 -2.193 -26.636
v 20.375 -2.855 -26.636
f 5117 5113 5115
f 5117 5115 5114
f 5117 5114 5116
f 5117 5116 5113
f 5118 5115 5113
f 5118 5114 5115
f 5118 5116 5114
f 5118 5113 5116
v 0.424 46.258 -28.492
v -0.355 46.258 -28.492
v 0.034 46.258 -28.881
v 0.034 46.258 -28.102
v 0.034 46.589 -28.492
v 0.034 45.927 -28.492
f 5123 5119 5121
f 5123 5121 5120
f 5123 5120 5122
f 5123 5122 5119
f 5124 5121 5119
f 5124 5120 5121
f 5124 5122 5120
f 5124 5119 5122
v 57.820 -12.515 -26.202
v 56.985 -12.515 -26.202
v 57.402 -12.515 -26.619
v 57.402 -12.515 -25.785
v 57.402 -12.160 -26.202
v 57.402 -12.870 -26.202
f 5129 5125 5127
f 5129 5127 5126
f 5129 5126 5128
f 5129 5128 5125
f 5130 5127 5125
f 5130 5126 5127
f 5130 5128 5126
f 5130 5125 5128
v 70.364 -12.442 -19.602
v 69.585 -12.442 -19.602
v 69.975 -12.442 -19.992
v 69.975 -12.442 -19.213
v 69.975 -12.111 -19.602
v 69.975 -12.773 -19.602
f 5135 5131 5133
f 5135 5133 5132
f 5135 5132 5134
f 5135 5134 5131
f 5136 5133 5131
f 5136 5132 5133
f 5136 5134 5132
f 5136 5131 5134
v 49.353 46.823 -27.873
v 48.417 46.823 -27.873
v 48.885 46.823 -28.341
v 48.885 46.823 -27.404
v 48.885 47.221 -27.873
v 48.885 46.425 -27.873
f 5141 5137 5139
f 5141 5139 5138
f 5141 5138 5140
f 5141 5140 5137
f 5142 5139 5137
f 5142 5138 5139
f 5142 5140 5138
f 5142 5137 5140
v -42.410 -32.606 -22.076
v -43.245 -32.606 -22.076
v -42.828 -32.606 -22.493
v -42.828 -32.606 -21.658
v -42.828 -32.251 -22.076
v -42.828 -32.960 -22.076
f 5147 5143 5145
f 5147 5145 5144
f 5147 5144 5146
f 5147 5146 5143
f 5148 5145 5143
f 5148 5144 5145
f 5148 5146 5144
f 5148 5143 5146
v -51.832 8.808 -27.104
v -52.769 8.808 -27.104
v -52.301 8.808 -27.573
v -52.301 8.808 -26.636
v -52.301 9.206 -27.104
v -52.301 8.410 -27.104
f 5153 5149 5151
f 5153 5151 5150
f 5153 5150 5152
f 5153 5152 5149
f 5154 5151 5149
f 5154 5150 5151
f 5154 5152 5150
f 5154 5149 5152
v -55.331 10.766 -22.224
v -56.165 10.766 -22.224
v -55.748 10.766 -22.641
v -55.748 10.766 -21.807
v -55.748 11.121 -22.224
v -55.748 10.412 -22.224
f 5159 5155 5157
f 5159 5157 5156
f 5159 5156 5158
f 5159 5158 5155
f 5160 5157 5155
f 5160 5156 5157
f 5160 5158 5156
f 5160 5155 5158
v -62.372 12.071 -18.818
v -63.308 12.071 -18.818
v -62.840 12.071 -19.287
v -62.840 12.071 -18.350
v -62.840 12.469 -18.818
v -62.840 11.673 -18.818
f 5165 5161 5163
f 5165 5163 5162
f 5165 5162 5164
f 5165 5164 5161
f 5166 5163 5161
f 5166 5162 5163
f 5166 5164 5162
f 5166 5161 5164
v -43.093 2.050 -19.667
v -43.872 2.050 -19.667
v -43.482 2.050 -20.057
v -43.482 2.050 -19.278
v -43.482 2.381 -19.667
v -43.482 1.719 -19.667
f 5171 5167 5169
f 5171 5169 5168
f 5171 5168 5170
f 5171 5170 5167
f 5172 5169 5167
f 5172 5168 5169
f 5172 5170 5168
f 5172 5167 5170
v -61.808 19.033 -23.116
v -62.642 19.033 -23.116
v -62.225 19.033 -23.533
v -62.225 19.033 -22.698
v -62.225 19.388 -23.116
v -62.225 18.679 -23.116
f 5177 5173 5175
f 5177 5175 5174
f 5177 5174 5176
f 5177 5176 5173
f 5178 5175 5173
f 5178 5174 5175
f 5178 5176 5174
f 5178 5173 5176
v 13.977 -43.740 -18.794
v 13.090 -43.740 -18.794
v 13.533 -43.740 -19.237
v 13.533 -43.740 -18.350
v 13.533 -43.363 -18.794
v 13.533 -44.117 -18.794
f 5183 5179 5181
f 5183 5181 5180
f 5183 5180 5182
f 5183 5182 5179
f 5184 5181 5179
f 5184 5180 5181
f 5184 5182 5180
f 5184 5179 5182
v 19.611 -45.493 -19.866
v 18.832 -45.493 -19.866
v 19.221 -45.493 -20.255
v 19.221 -45.493 -19.476
v 19.221 -45.162 -19.866
v 19.221 -45.824 -19.866
f 5189 5185 5187
f 5189 5187 5186
f 5189 5186 5188
f 5189 5188 5185
f 5190 5187 5185
f 5190 5186 5187
f 5190 5188 5186
f 5190 5185 5188
v -12.475 5.991 -21.556
v -13.310 5.991 -21.556
v -12.893 5.991 -21.973
v -12.893 5.991 -21.138
v -12.893 6.346 -21.556
v -12.893 5.637 -21.556
f 5195 5191 5193
f 5195 5193 5192
f 5195 5192 5194
f 5195 5194 5191
f 5196 5193 5191
f 5196 5192 5193
f 5196 5194 5192
f 5196 5191 5194
v -26.319 15.404 -22.182
v -27.303 15.404 -22.182
v -26.811 15.404 -22.674
v -26.811 15.404 -21.690
v -26.811 15.822 -22.182
v -26.811 14.986 -22.182
f 5201 5197 5199
f 5201 5199 5198
f 5201 5198 5200
f 5201 5200 5197
f 5202 5199 5197
f 5202 5198 5199
f 5202 5200 5198
f 5202 5197 5200
v 8.117 -9.226 -16.273
v 7.230 -9.226 -16.273
v 7.673 -9.226 -16.717
v 7.673 -9.226 -15.829
v 7.673 -8.849 -16.273
v 7.673 -9.603 -16.273
f 5207 5203 5205
f 5207 5205 5204
f 5207 5204 5206
f 5207 5206 5203
f 5208 5205 5203
f 5208 5204 5205
f 5208 5206 5204
f 5208 5203 5206
v 67.590 -22.195 -9.848
v 66.606 -22.195 -9.848
v 67.098 -22.195 -10.340
v 67.098 -22.195 -9.356
v 67.098 -21.777 -9.848
v 67.098 -22.613 -9.848
f 5213 5209 5211
f 5213 5211 5210
f 5213 5210 5212
f 5213 5212 5209
f 5214 5211 5209
f 5214 5210 5211
f 5214 5212 5210
f 5214 5209 5212
v 59.608 -20.164 -15.997
v 58.721 -20.164 -15.997
v 59.164 -20.164 -16.441
v 59.164 -20.164 -15.554
v 59.164 -19.787 -15.997
v 59.164 -20.541 -15.997
f 5219 5215 5217
f 5219 5217 5216
f 5219 5216 5218
f 5219 5218 5215
f 5220 5217 5215
f 5220 5216 5217
f 5220 5218 5216
f 5220 5215 5218
v 60.132 -11.288 -15.817
v 59.148 -11.288 -15.817
v 59.640 -11.288 -16.309
v 59.640 -11.288 -15.325
v 59.640 -10.870 -15.817
v 59.640 -11.706 -15.817
f 5225 5221 5223
f 5225 5223 5222
f 5225 5222 5224
f 5225 5224 5221
f 5226 5223 5221
f 5226 5222 5223
f 5226 5224 5222
f 5226 5221 5224
v 57.599 -8.072 -16.731
v 56.764 -8.072 -16.731
v 57.181 -8.072 -17.149
v 57.181 -8.072 -16.314
v 57.181 -7.718 -16.731
v 57.181 -8.427 -16.731
f 5231 5227 5229
f 5231 5229 5228
f 5231 5228 5230
f 5231 5230 5227
f 5232 5229 5227
f 5232 5228 5229
f 5232 5230 5228
f 5232 5227 5230
v 43.174 39.593 -17.076
v 42.190 39.593 -17.076
v 42.682 39.593 -17.568
v 42.682 39.593 -16.585
v 42.682 40.011 -17.076
v 42.682 39.175 -17.076
f 5237 5233 5235
f 5237 5235 5234
f 5237 5234 5236
f 5237 5236 5233
f 5238 5235 5233
f 5238 5234 5235
f 5238 5236 5234
f 5238 5233 5236
v 54.636 48.745 -16.842
v 53.857 48.745 -16.842
v 54.246 48.745 -17.231
v 54.246 48.745 -16.452
v 54.246 49.076 -16.842
v 54.246 48.414 -16.842
f 5243 5239 5241
f 5243 5241 5240
f 5243 5240 5242
f 5243 5242 5239
f 5244 5241 5239
f 5244 5240 5241
f 5244 5242 5240
f 5244 5239 5242
v -61.712 2.319 -17.269
v -62.648 2.319 -17.269
v -62.180 2.319 -17.738
v -62.180 2.319 -16.801
v -62.180 2.717 -17.269
v -62.180 1.921 -17.269
f 5249 5245 5247
f 5249 5247 5246
f 5249 5246 5248
f 5249 5248 5245
f 5250 5247 5245
f 5250 5246 5247
f 5250 5248 5246
f 5250 5245 5248
v -62.877 9.782 -14.344
v -63.764 9.782 -14.344
v -63.320 9.782 -14.787
v -63.320 9.782 -13.900
v -63.320 10.159 -14.344
v -63.320 9.405 -14.344
f 5255 5251 5253
f 5255 5253 5252
f 5255 5252 5254
f 5255 5254 5251
f 5256 5253 5251
f 5256 5252 5253
f 5256 5254 5252
f 5256 5251 5254
v -60.140 14.005 -19.167
v -61.027 14.005 -19.167
v -60.584 14.005 -19.611
v -60.584 14.005 -18.724
v -60.584 14.382 -19.167
v -60.584 13.628 -19.167
f 5261 5257 5259
f 5261 5259 5258
f 5261 5258 5260
f 5261 5260 5257
f 5262 5259 5257
f 5262 5258 5259
f 5262 5260 5258
f 5262 5257 5260
v -7.274 2.306 -20.025
v -8.109 2.306 -20.025
v -7.692 2.306 -20.443
v -7.692 2.306 -19.608
v -7.692 2.661 -20.025
v -7.692 1.951 -20.025
f 5267 5263 5265
f 5267 5265 5264
f 5267 5264 5266
f 5267 5266 5263
f 5268 5265 5263
f 5268 5264 5265
f 5268 5266 5264
f 5268 5263 5266
v -5.715 -27.869 -2.182
v -6.652 -27.869 -2.182
v -6.183 -27.869 -2.651
v -6.183 -27.869 -1.714
v -6.183 -27.471 -2.182
v -6.183 -28.267 -2.182
f 5273 5269 5271
f 5273 5271 5270
f 5273 5270 5272
f 5273 5272 5269
f 5274 5271 5269
f 5274 5270 5271
f 5274 5272 5270
f 5274 5269 5272
v -14.113 -11.366 -5.906
v -14.948 -11.366 -5.906
v -14.531 -11.366 -6.323
v -14.531 -11.366 -5.488
v -14.531 -11.011 -5.906
v -14.531 -11.720 -5.906
f 5279 5275 5277
f 5279 5277 5276
f 5279 5276 5278
f 5279 5278 5275
f 5280 5277 5275
f 5280 5276 5277
f 5280 5278 5276
f 5280 5275 5278
v -1.621 -10.946 -11.685
v -1.621 -11.510 -11.685
v -1.339 -10.772 -12.141
v -1.903 -10.772 -12.141
v -1.165 -11.228 -11.860
v -2.077 -11.228 -11.860
v -1.621 -11.510 -12.597
v -1.621 -10.946 -12.597
v -1.903 -11.684 -12.141
v -1.339 -11.684 -12.141
v -2.077 -11.228 -12.423
v -1.165 -11.228 -12.423
v -1.621 -11.228 -11.605
v -1.455 -10.794 -11.873
v -1.787 -10.794 -11.873
v -1.353 -11.062 -11.708
v -1.889 -11.062 -11.708
v -1.353 -11.394 -11.708
v -1.889 -11.394 -11.708
v -1.787 -11.662 -11.873
v -1.455 -11.662 -11.873
v -1.621 -10.692 -12.141
v -1.187 -10.960 -11.976
v -1.455 -10.794 -12.409
v -1.187 -10.960 -12.307
v -2.055 -10.960 -11.976
v -1.787 -10.794 -12.409
v -2.055 -10.960 -12.307
v -1.187 -11.496 -11.976
v -1.085 -11.228 -12.141
v -2.055 -11.496 -11.976
v -2.157 -11.228 -12.141
v -1.621 -11.228 -12.677
v -1.787 -11.662 -12.409
v -1.455 -11.662 -12.409
v -1.889 -11.394 -12.575
v -1.353 -11.394 -12.575
v -1.889 -11.062 -12.575
v -1.353 -11.062 -12.575
v -1.621 -11.764 -12.141
v -2.055 -11.496 -12.307
v -1.187 -11.496 -12.307
usemtl mtl-002
f 5281 5297 5293
f 5297 5286 5299
f 5297 5299 5293
f 5293 5299 5282
f 5281 5295 5297
f 5295 5284 5306
f 5295 5306 5297
f 5297 5306 5286
f 5281 5294 5295
f 5294 5283 5302
f 5294 5302 5295
f 5295 5302 5284
f 5281 5296 5294
f 5296 5285 5303
f 5296 5303 5294
f 5294 5303 5283
f 5281 5293 5296
f 5293 5282 5298
f 5293 5298 5296
f 5296 5298 5285
f 5282 5299 5300
f 5299 5286 5311
f 5299 5311 5300
f 5300 5311 5289
f 5286 5306 5312
f 5306 5284 5308
f 5306 5308 5312
f 5312 5308 5291
f 5284 5302 5307
f 5302 5283 5304
f 5302 5304 5307
f 5307 5304 5288
f 5283 5303 5305
f 5303 5285 5310
f 5303 5310 5305
f 5305 5310 5292
f 5285 5298 5309
f 5298 5282 5301
f 5298 5301 5309
f 5309 5301 5290
f 5288 5319 5313
f 5319 5292 5317
f 5319 5317 5313
f 5313 5317 5287
f 5292 5322 5317
f 5322 5290 5315
f 5322 5315 5317
f 5317 5315 5287
f 5290 5320 5315
f 5320 5289 5314
f 5320 5314 5315
f 5315 5314 5287
f 5289 5321 5314
f 5321 5291 5316
f 5321 5316 5314
f 5314 5316 5287
f 5291 5318 5316
f 5318 5288 5313
f 5318 5313 5316
f 5316 5313 5287
f 5283 5305 5304
f 5305 5292 5319
f 5305 5319 5304
f 5304 5319 5288
f 5285 5309 5310
f 5309 5290 5322
f 5309 5322 5310
f 5310 5322 5292
f 5282 5300 5301
f 5300 5289 5320
f 5300 5320 5301
f 5301 5320 5290
f 5286 5312 5311
f 5312 5291 5321
f 5312 5321 5311
f 5311 5321 5289
f 5284 5307 5308
f 5307 5288 5318
f 5307 5318 5308
f 5308 5318 5291
v -26.862 -23.161 12.877
v -26.862 -23.701 12.877
v -26.592 -22.993 12.439
v -27.133 -22.993 12.439
v -26.425 -23.431 12.709
v -27.300 -23.431 12.709
v -26.862 -23.701 12.001
v -26.862 -23.161 12.001
v -27.133 -23.869 12.439
v -26.592 -23.869 12.439
v -27.300 -23.431 12.168
v -26.425 -23.431 12.168
v -26.862 -23.431 12.953
v -26.703 -23.015 12.696
v -27.021 -23.015 12.696
v -26.605 -23.272 12.855
v -27.119 -23.272 12.855
v -26.605 -23.590 12.855
v -27.119 -23.590 12.855
v -27.021 -23.847 12.696
v -26.703 -23.847 12.696
v -26.862 -22.917 12.439
v -26.446 -23.174 12.598
v -26.703 -23.015 12.182
v -26.446 -23.174 12.280
v -27.278 -23.174 12.598
v -27.021 -23.015 12.182
v -27.278 -23.174 12.280
v -26.446 -23.688 12.598
v -26.348 -23.431 12.439
v -27.278 -23.688 12.598
v -27.377 -23.431 12.439
v -26.862 -23.431 11.925
v -27.021 -23.847 12.182
v -26.703 -23.847 12.182
v -27.119 -23.590 12.023
v -26.605 -23.590 12.023
v -27.119 -23.272 12.023
v -26.605 -23.272 12.023
v -26.862 -23.945 12.439
v -27.278 -23.688 12.280
v -26.446 -23.688 12.280
f 5323 5339 5335
f 5339 5328 5341
f 5339 5341 5335
f 5335 5341 5324
f 5323 5337 5339
f 5337 5326 5348
f 5337 5348 5339
f 5339 5348 5328
f 5323 5336 5337
f 5336 5325 5344
f 5336 5344 5337
f 5337 5344 5326
f 5323 5338 5336
f 5338 5327 5345
f 5338 5345 5336
f 5336 5345 5325
f 5323 5335 5338
f 5335 5324 5340
f 5335 5340 5338
f 5338 5340 5327
f 5324 5341 5342
f 5341 5328 5353
f 5341 5353 5342
f 5342 5353 5331
f 5328 5348 5354
f 5348 5326 5350
f 5348 5350 5354
f 5354 5350 5333
f 5326 5344 5349
f 5344 5325 5346
f 5344 5346 5349
f 5349 5346 5330
f 5325 5345 5347
f 5345 5327 5352
f 5345 5352 5347
f 5347 5352 5334
f 5327 5340 5351
f 5340 5324 5343
f 5340 5343 5351
f 5351 5343 5332
f 5330 5361 5355
f 5361 5334 5359
f 5361 5359 5355
f 5355 5359 5329
f 5334 5364 5359
f 5364 5332 5357
f 5364 5357 5359
f 5359 5357 5329
f 5332 5362 5357
f 5362 5331 5356
f 5362 5356 5357
f 5357 5356 5329
f 5331 5363 5356
f 5363 5333 5358
f 5363 5358 5356
f 5356 5358 5329
f 5333 5360 5358
f 5360 5330 5355
f 5360 5355 5358
f 5358 5355 5329
f 5325 5347 5346
f 5347 5334 5361
f 5347 5361 5346
f 5346 5361 5330
f 5327 5351 5352
f 5351 5332 5364
f 5351 5364 5352
f 5352 5364 5334
f 5324 5342 5343
f 5342 5331 5362
f 5342 5362 5343
f 5343 5362 5332
f 5328 5354 5353
f 5354 5333 5363
f 5354 5363 5353
f 5353 5363 5331
f 5326 5349 5350
f 5349 5330 5360
f 5349 5360 5350
f 5350 5360 5333
v 7.101 -0.881 -2.373
v 7.101 -1.466 -2.373
v 7.394 -0.700 -2.846
v 6.808 -0.700 -2.846
v 7.575 -1.173 -2.554
v 6.627 -1.173 -2.554
v 7.101 -1.466 -3.320
v 7.101 -0.881 -3.320
v 6.808 -1.647 -2.846
v 7.394 -1.647 -2.846
v 6.627 -1.173 -3.139
v 7.575 -1.173 -3.139
v 7.101 -1.173 -2.289
v 7.273 -0.723 -2.568
v 6.929 -0.723 -2.568
v 7.379 -1.001 -2.396
v 6.823 -1.001 -2.396
v 7.379 -1.346 -2.396
v 6.823 -1.346 -2.396
v 6.929 -1.624 -2.568
v 7.273 -1.624 -2.568
v 7.101 -0.617 -2.846
v 7.552 -0.895 -2.674
v 7.273 -0.723 -3.125
v 7.552 -0.895 -3.018
v 6.651 -0.895 -2.674
v 6.929 -0.723 -3.125
v 6.651 -0.895 -3.018
v 7.552 -1.452 -2.674
v 7.658 -1.173 -2.846
v 6.651 -1.452 -2.674
v 6.544 -1.173 -2.846
v 7.101 -1.173 -3.403
v 6.929 -1.624 -3.125
v 7.273 -1.624 -3.125
v 6.823 -1.346 -3.297
v 7.379 -1.346 -3.297
v 6.823 -1.001 -3.297
v 7.379 -1.001 -3.297
v 7.101 -1.730 -2.846
v 6.651 -1.452 -3.018
v 7.552 -1.452 -3.018
f 5365 5381 5377
f 5381 5370 5383
f 5381 5383 5377
f 5377 5383 5366
f 5365 5379 5381
f 5379 5368 5390
f 5379 5390 5381
f 5381 5390 5370
f 5365 5378 5379
f 5378 5367 5386
f 5378 5386 5379
f 5379 5386 5368
f 5365 5380 5378
f 5380 5369 5387
f 5380 5387 5378
f 5378 5387 5367
f 5365 5377 5380
f 5377 5366 5382
f 5377 5382 5380
f 5380 5382 5369
f 5366 5383 5384
f 5383 5370 5395
f 5383 5395 5384
f 5384 5395 5373
f 5370 5390 5396
f 5390 5368 5392
f 5390 5392 5396
f 5396 5392 5375
f 5368 5386 5391
f 5386 5367 5388
f 5386 5388 5391
f 5391 5388 5372
f 5367 5387 5389
f 5387 5369 5394
f 5387 5394 5389
f 5389 5394 5376
f 5369 5382 5393
f 5382 5366 5385
f 5382 5385 5393
f 5393 5385 5374
f 5372 5403 5397
f 5403 5376 5401
f 5403 5401 5397
f 5397 5401 5371
f 5376 5406 5401
f 5406 5374 5399
f 5406 5399 5401
f 5401 5399 5371
f 5374 5404 5399
f 5404 5373 5398
f 5404 5398 5399
f 5399 5398 5371
f 5373 5405 5398
f 5405 5375 5400
f 5405 5400 5398
f 5398 5400 5371
f 5375 5402 5400
f 5402 5372 5397
f 5402 5397 5400
f 5400 5397 5371
f 5367 5389 5388
f 5389 5376 5403
f 5389 5403 5388
f 5388 5403 5372
f 5369 5393 5394
f 5393 5374 5406
f 5393 5406 5394
f 5394 5406 5376
f 5366 5384 5385
f 5384 5373 5404
f 5384 5404 5385
f 5385 5404 5374
f 5370 5396 5395
f 5396 5375 5405
f 5396 5405 5395
f 5395 5405 5373
f 5368 5391 5392
f 5391 5372 5402
f 5391 5402 5392
f 5392 5402 5375
v 16.768 5.720 15.653
v 16.768 5.113 15.653
v 17.072 5.907 15.162
v 16.465 5.907 15.162
v 17.259 5.416 15.465
v 16.278 5.416 15.465
v 16.768 5.113 14.671
v 16.768 5.720 14.671
v 16.465 4.926 15.162
v 17.072 4.926 15.162
v 16.278 5.416 14.859
v 17.259 5.416 14.859
v 16.768 5.416 15.739
v 16.947 5.883 15.451
v 16.590 5.883 15.451
v 17.057 5.595 15.629
v 16.480 5.595 15.629
v 17.057 5.238 15.629
v 16.480 5.238 15.629
v 16.590 4.950 15.451
v 16.947 4.950 15.451
v 16.768 5.993 15.162
v 17.235 5.705 15.340
v 16.947 5.883 14.874
v 17.235 5.705 14.984
v 16.302 5.705 15.340
v 16.590 5.883 14.874
v 16.302 5.705 14.984
v 17.235 5.128 15.340
v 17.345 5.416 15.162
v 16.302 5.128 15.340
v 16.191 5.416 15.162
v 16.768 5.416 14.585
v 16.590 4.950 14.874
v 16.947 4.950 14.874
v 16.480 5.238 14.695
v 17.057 5.238 14.695
v 16.480 5.595 14.695
v 17.057 5.595 14.695
v 16.768 4.840 15.162
v 16.302 5.128 14.984
v 17.235 5.128 14.984
f 5407 5423 5419
f 5423 5412 5425
f 5423 5425 5419
f 5419 5425 5408
f 5407 5421 5423
f 5421 5410 5432
f 5421 5432 5423
f 5423 5432 5412
f 5407 5420 5421
f 5420 5409 5428
f 5420 5428 5421
f 5421 5428 5410
f 5407 5422 5420
f 5422 5411 5429
f 5422 5429 5420
f 5420 5429 5409
f 5407 5419 5422
f 5419 5408 5424
f 5419 5424 5422
f 5422 5424 5411
f 5408 5425 5426
f 5425 5412 5437
f 5425 5437 5426
f 5426 5437 5415
f 5412 5432 5438
f 5432 5410 5434
f 5432 5434 5438
f 5438 5434 5417
f 5410 5428 5433
f 5428 5409 5430
f 5428 5430 5433
f 5433 5430 5414
f 5409 5429 5431
f 5429 5411 5436
f 5429 5436 5431
f 5431 5436 5418
f 5411 5424 5435
f 5424 5408 5427
f 5424 5427 5435
f 5435 5427 5416
f 5414 5445 5439
f 5445 5418 5443
f 5445 5443 5439
f 5439 5443 5413
f 5418 5448 5443
f 5448 5416 5441
f 5448 5441 5443
f 5443 5441 5413
f 5416 5446 5441
f 5446 5415 5440
f 5446 5440 5441
f 5441 5440 5413
f 5415 5447 5440
f 5447 5417 5442
f 5447 5442 5440
f 5440 5442 5413
f 5417 5444 5442
f 5444 5414 5439
f 5444 5439 5442
f 5442 5439 5413
f 5409 5431 5430
f 5431 5418 5445
f 5431 5445 5430
f 5430 5445 5414
f 5411 5435 5436
f 5435 5416 5448
f 5435 5448 5436
f 5436 5448 5418
f 5408 5426 5427
f 5426 5415 5446
f 5426 5446 5427
f 5427 5446 5416
f 5412 5438 5437
f 5438 5417 5447
f 5438 5447 5437
f 5437 5447 5415
f 5410 5433 5434
f 5433 5414 5444
f 5433 5444 5434
f 5434 5444 5417
v 23.532 5.597 12.792
v 23.532 5.034 12.792
v 23.814 5.771 12.336
v 23.250 5.771 12.336
v 23.988 5.316 12.617
v 23.076 5.316 12.617
v 23.532 5.034 11.880
v 23.532 5.597 11.880
v 23.250 4.860 12.336
v 23.814 4.860 12.336
v 23.076 5.316 12.054
v 23.988 5.316 12.054
v 23.532 5.316 12.872
v 23.698 5.749 12.604
v 23.367 5.749 12.604
v 23.800 5.481 12.769
v 23.264 5.481 12.769
v 23.800 5.150 12.769
v 23.264 5.150 12.769
v 23.367 4.882 12.604
v 23.698 4.882 12.604
v 23.532 5.852 12.336
v 23.966 5.584 12.501
v 23.698 5.749 12.068
v 23.966 5.584 12.170
v 23.099 5.584 12.501
v 23.367 5.749 12.068
v 23.099 5.584 12.170
v 23.966 5.047 12.501
v 24.068 5.316 12.336
v 23.099 5.047 12.501
v 22.996 5.316 12.336
v 23.532 5.316 11.800
v 23.367 4.882 12.068
v 23.698 4.882 12.068
v 23.264 5.150 11.902
v 23.800 5.150 11.902
v 23.264 5.481 11.902
v 23.800 5.481 11.902
v 23.532 4.779 12.336
v 23.099 5.047 12.170
v 23.966 5.047 12.170
f 5449 5465 5461
f 5465 5454 5467
f 5465 5467 5461
f 5461 5467 5450
f 5449 5463 5465
f 5463 5452 5474
f 5463 5474 5465
f 5465 5474 5454
f 5449 5462 5463
f 5462 5451 5470
f 5462 5470 5463
f 5463 5470 5452
f 5449 5464 5462
f 5464 5453 5471
f 5464 5471 5462
f 5462 5471 5451
f 5449 5461 5464
f 5461 5450 5466
f 5461 5466 5464
f 5464 5466 5453
f 5450 5467 5468
f 5467 5454 5479
f 5467 5479 5468
f 5468 5479 5457
f 5454 5474 5480
f 5474 5452 5476
f 5474 5476 5480
f 5480 5476 5459
f 5452 5470 5475
f 5470 5451 5472
f 5470 5472 5475
f 5475 5472 5456
f 5451 5471 5473
f 5471 5453 5478
f 5471 5478 5473
f 5473 5478 5460
f 5453 5466 5477
f 5466 5450 5469
f 5466 5469 5477
f 5477 5469 5458
f 5456 5487 5481
f 5487 5460 5485
f 5487 5485 5481
f 5481 5485 5455
f 5460 5490 5485
f 5490 5458 5483
f 5490 5483 5485
f 5485 5483 5455
f 5458 5488 5483
f 5488 5457 5482
f 5488 5482 5483
f 5483 5482 5455
f 5457 5489 5482
f 5489 5459 5484
f 5489 5484 5482
f 5482 5484 5455
f 5459 5486 5484
f 5486 5456 5481
f 5486 5481 5484
f 5484 5481 5455
f 5451 5473 5472
f 5473 5460 5487
f 5473 5487 5472
f 5472 5487 5456
f 5453 5477 5478
f 5477 5458 5490
f 5477 5490 5478
f 5478 5490 5460
f 5450 5468 5469
f 5468 5457 5488
f 5468 5488 5469
f 5469 5488 5458
f 5454 5480 5479
f 5480 5459 5489
f 5480 5489 5479
f 5479 5489 5457
f 5452 5475 5476
f 5475 5456 5486
f 5475 5486 5476
f 5476 5486 5459
v 57.214 1.806 18.443
v 57.214 1.159 18.443
v 57.537 2.006 17.920
v 56.890 2.006 17.920
v 57.737 1.482 18.243
v 56.690 1.482 18.243
v 57.214 1.159 17.397
v 57.214 1.806 17.397
v 56.890 0.959 17.920
v 57.537 0.959 17.920
v 56.690 1.482 17.597
v 57.737 1.482 17.597
v 57.214 1.482 18.535
v 57.404 1.980 18.227
v 57.024 1.980 18.227
v 57.521 1.672 18.418
v 56.906 1.672 18.418
v 57.521 1.292 18.418
v 56.906 1.292 18.418
v 57.024 0.985 18.227
v 57.404 0.985 18.227
v 57.214 2.097 17.920
v 57.711 1.790 18.110
v 57.404 1.980 17.612
v 57.711 1.790 17.730
v 56.716 1.790 18.110
v 57.024 1.980 17.612
v 56.716 1.790 17.730
v 57.711 1.175 18.110
v 57.829 1.482 17.920
v 56.716 1.175 18.110
v 56.599 1.482 17.920
v 57.214 1.482 17.305
v 57.024 0.985 17.612
v 57.404 0.985 17.612
v 56.906 1.292 17.422
v 57.521 1.292 17.422
v 56.906 1.672 17.422
v 57.521 1.672 17.422
v 57.214 0.867 17.920
v 56.716 1.175 17.730
v 57.711 1.175 17.730
f 5491 5507 5503
f 5507 5496 5509
f 5507 5509 5503
f 5503 5509 5492
f 5491 5505 5507
f 5505 5494 5516
f 5505 5516 5507
f 5507 5516 5496
f 5491 5504 5505
f 5504 5493 5512
f 5504 5512 5505
f 5505 5512 5494
f 5491 5506 5504
f 5506 5495 5513
f 5506 5513 5504
f 5504 5513 5493
f 5491 5503 5506
f 5503 5492 5508
f 5503 5508 5506
f 5506 5508 5495
f 5492 5509 5510
f 5509 5496 5521
f 5509 5521 5510
f 5510 5521 5499
f 5496 5516 5522
f 5516 5494 5518
f 5516 5518 5522
f 5522 5518 5501
f 5494 5512 5517
f 5512 5493 5514
f 5512 5514 5517
f 5517 5514 5498
f 5493 5513 5515
f 5513 5495 5520
f 5513 5520 5515
f 5515 5520 5502
f 5495 5508 5519
f 5508 5492 5511
f 5508 5511 5519
f 5519 5511 5500
f 5498 5529 5523
f 5529 5502 5527
f 5529 5527 5523
f 5523 5527 5497
f 5502 5532 5527
f 5532 5500 5525
f 5532 5525 5527
f 5527 5525 5497
f 5500 5530 5525
f 5530 5499 5524
f 5530 5524 5525
f 5525 5524 5497
f 5499 5531 5524
f 5531 5501 5526
f 5531 5526 5524
f 5524 5526 5497
f 5501 5528 5526
f 5528 5498 5523
f 5528 5523 5526
f 5526 5523 5497
f 5493 5515 5514
f 5515 5502 5529
f 5515 5529 5514
f 5514 5529 5498
f 5495 5519 5520
f 5519 5500 5532
f 5519 5532 5520
f 5520 5532 5502
f 5492 5510 5511
f 5510 5499 5530
f 5510 5530 5511
f 5511 5530 5500
f 5496 5522 5521
f 5522 5501 5531
f 5522 5531 5521
f 5521 5531 5499
f 5494 5517 5518
f 5517 5498 5528
f 5517 5528 5518
f 5518 5528 5501
v -50.139 -47.904 22.289
v -50.139 -48.511 22.289
v -49.835 -47.717 21.799
v -50.442 -47.717 21.799
v -49.648 -48.207 22.102
v -50.629 -48.207 22.102
v -50.139 -48.511 21.308
v -50.139 -47.904 21.308
v -50.442 -48.698 21.799
v -49.835 -48.698 21.799
v -50.629 -48.207 21.496
v -49.648 -48.207 21.496
v -50.139 -48.207 22.376
v -49.960 -47.741 22.087
v -50.317 -47.741 22.087
v -49.850 -48.029 22.265
v -50.427 -48.029 22.265
v -49.850 -48.386 22.265
v -50.427 -48.386 22.265
v -50.317 -48.674 22.087
v -49.960 -48.674 22.087
v -50.139 -47.630 21.799
v -49.672 -47.919 21.977
v -49.960 -47.741 21.510
v -49.672 -47.919 21.621
v -50.605 -47.919 21.977
v -50.317 -47.741 21.510
v -50.605 -47.919 21.621
v -49.672 -48.496 21.977
v -49.562 -48.207 21.799
v -50.605 -48.496 21.977
v -50.715 -48.207 21.799
v -50.139 -48.207 21.222
v -50.317 -48.674 21.510
v -49.960 -48.674 21.510
v -50.427 -48.386 21.332
v -49.850 -48.386 21.332
v -50.427 -48.029 21.332
v -49.850 -48.029 21.332
v -50.139 -48.784 21.799
v -50.605 -48.496 21.621
v -49.672 -48.496 21.621
f 5533 5549 5545
f 5549 5538 5551
f 5549 5551 5545
f 5545 5551 5534
f 5533 5547 5549
f 5547 5536 5558
f 5547 5558 5549
f 5549 5558 5538
f 5533 5546 5547
f 5546 5535 5554
f 5546 5554 5547
f 5547 5554 5536
f 5533 5548 5546
f 5548 5537 5555
f 5548 5555 5546
f 5546 5555 5535
f 5533 5545 5548
f 5545 5534 5550
f 5545 5550 5548
f 5548 5550 5537
f 5534 5551 5552
f 5551 5538 5563
f 5551 5563 5552
f 5552 5563 5541
f 5538 5558 5564
f 5558 5536 5560
f 5558 5560 5564
f 5564 5560 5543
f 5536 5554 5559
f 5554 5535 5556
f 5554 5556 5559
f 5559 5556 5540
f 5535 5555 5557
f 5555 5537 5562
f 5555 5562 5557
f 5557 5562 5544
f 5537 5550 5561
f 5550 5534 5553
f 5550 5553 5561
f 5561 5553 5542
f 5540 5571 5565
f 5571 5544 5569
f 5571 5569 5565
f 5565 5569 5539
f 5544 5574 5569
f 5574 5542 5567
f 5574 5567 5569
f 5569 5567 5539
f 5542 5572 5567
f 5572 5541 5566
f 5572 5566 5567
f 5567 5566 5539
f 5541 5573 5566
f 5573 5543 5568
f 5573 5568 5566
f 5566 5568 5539
f 5543 5570 5568
f 5570 5540 5565
f 5570 5565 5568
f 5568 5565 5539
f 5535 5557 5556
f 5557 5544 5571
f 5557 5571 5556
f 5556 5571 5540
f 5537 5561 5562
f 5561 5542 5574
f 5561 5574 5562
f 5562 5574 5544
f 5534 5552 5553
f 5552 5541 5572
f 5552 5572 5553
f 5553 5572 5542
f 5538 5564 5563
f 5564 5543 5573
f 5564 5573 5563
f 5563 5573 5541
f 5536 5559 5560
f 5559 5540 5570
f 5559 5570 5560
f 5560 5570 5543
v -44.784 -43.752 21.954
v -44.784 -44.316 21.954
v -44.502 -43.578 21.498
v -45.066 -43.578 21.498
v -44.328 -44.034 21.780
v -45.240 -44.034 21.780
v -44.784 -44.316 21.042
v -44.784 -43.752 21.042
v -45.066 -44.490 21.498
v -44.502 -44.490 21.498
v -45.240 -44.034 21.216
v -44.328 -44.034 21.216
v -44.784 -44.034 22.034
v -44.618 -43.600 21.766
v -44.950 -43.600 21.766
v -44.516 -43.868 21.932
v -45.052 -43.868 21.932
v -44.516 -44.200 21.932
v -45.052 -44.200 21.932
v -44.950 -44.468 21.766
v -44.618 -44.468 21.766
v -44.784 -43.498 21.498
v -44.350 -43.766 21.664
v -44.618 -43.600 21.230
v -44.350 -43.766 21.332
v -45.218 -43.766 21.664
v -44.950 -43.600 21.230
v -45.218 -43.766 21.332
v -44.350 -44.302 21.664
v -44.248 -44.034 21.498
v -45.218 -44.302 21.664
v -45.320 -44.034 21.498
v -44.784 -44.034 20.962
v -44.950 -44.468 21.230
v -44.618 -44.468 21.230
v -45.052 -44.200 21.064
v -44.516 -44.200 21.064
v -45.052 -43.868 21.064
v -44.516 -43.868 21.064
v -44.784 -44.570 21.498
v -45.218 -44.302 21.332
v -44.350 -44.302 21.332
f 5575 5591 5587
f 5591 5580 5593
f 5591 5593 5587
f 5587 5593 5576
f 5575 5589 5591
f 5589 5578 5600
f 5589 5600 5591
f 5591 5600 5580
f 5575 5588 5589
f 5588 5577 5596
f 5588 5596 5589
f 5589 5596 5578
f 5575 5590 5588
f 5590 5579 5597
f 5590 5597 5588
f 5588 5597 5577
f 5575 5587 5590
f 5587 5576 5592
f 5587 5592 5590
f 5590 5592 5579
f 5576 5593 5594
f 5593 5580 5605
f 5593 5605 5594
f 5594 5605 5583
f 5580 5600 5606
f 5600 5578 5602
f 5600 5602 5606
f 5606 5602 5585
f 5578 5596 5601
f 5596 5577 5598
f 5596 5598 5601
f 5601 5598 5582
f 5577 5597 5599
f 5597 5579 5604
f 5597 5604 5599
f 5599 5604 5586
f 5579 5592 5603
f 5592 5576 5595
f 5592 5595 5603
f 5603 5595 5584
f 5582 5613 5607
f 5613 5586 5611
f 5613 5611 5607
f 5607 5611 5581
f 5586 5616 5611
f 5616 5584 5609
f 5616 5609 5611
f 5611 5609 5581
f 5584 5614 5609
f 5614 5583 5608
f 5614 5608 5609
f 5609 5608 5581
f 5583 5615 5608
f 5615 5585 5610
f 5615 5610 5608
f 5608 5610 5581
f 5585 5612 5610
f 5612 5582 5607
f 5612 5607 5610
f 5610 5607 5581
f 5577 5599 5598
f 5599 5586 5613
f 5599 5613 5598
f 5598 5613 5582
f 5579 5603 5604
f 5603 5584 5616
f 5603 5616 5604
f 5604 5616 5586
f 5576 5594 5595
f 5594 5583 5614
f 5594 5614 5595
f 5595 5614 5584
f 5580 5606 5605
f 5606 5585 5615
f 5606 5615 5605
f 5605 5615 5583
f 5578 5601 5602
f 5601 5582 5612
f 5601 5612 5602
f 5602 5612 5585
v -29.696 -19.552 17.429
v -29.696 -20.158 17.429
v -29.392 -19.364 16.938
v -29.999 -19.364 16.938
v -29.205 -19.855 17.242
v -30.186 -19.855 17.242
v -29.696 -20.158 16.448
v -29.696 -19.552 16.448
v -29.999 -20.346 16.938
v -29.392 -20.346 16.938
v -30.186 -19.855 16.635
v -29.205 -19.855 16.635
v -29.696 -19.855 17.515
v -29.517 -19.388 17.227
v -29.874 -19.388 17.227
v -29.407 -19.677 17.405
v -29.984 -19.677 17.405
v -29.407 -20.033 17.405
v -29.984 -20.033 17.405
v -29.874 -20.322 17.227
v -29.517 -20.322 17.227
v -29.696 -19.278 16.938
v -29.229 -19.567 17.117
v -29.517 -19.388 16.650
v -29.229 -19.567 16.760
v -30.162 -19.567 17.117
v -29.874 -19.388 16.650
v -30.162 -19.567 16.760
v -29.229 -20.143 17.117
v -29.119 -19.855 16.938
v -30.162 -20.143 17.117
v -30.272 -19.855 16.938
v -29.696 -19.855 16.361
v -29.874 -20.322 16.650
v -29.517 -20.322 16.650
v -29.984 -20.033 16.472
v -29.407 -20.033 16.472
v -29.984 -19.677 16.472
v -29.407 -19.677 16.472
v -29.696 -20.432 16.938
v -30.162 -20.143 16.760
v -29.229 -20.143 16.760
f 5617 5633 5629
f 5633 5622 5635
f 5633 5635 5629
f 5629 5635 5618
f 5617 5631 5633
f 5631 5620 5642
f 5631 5642 5633
f 5633 5642 5622
f 5617 5630 5631
f 5630 5619 5638
f 5630 5638 5631
f 5631 5638 5620
f 5617 5632 5630
f 5632 5621 5639
f 5632 5639 5630
f 5630 5639 5619
f 5617 5629 5632
f 5629 5618 5634
f 5629 5634 5632
f 5632 5634 5621
f 5618 5635 5636
f 5635 5622 5647
f 5635 5647 5636
f 5636 5647 5625
f 5622 5642 5648
f 5642 5620 5644
f 5642 5644 5648
f 5648 5644 5627
f 5620 5638 5643
f 5638 5619 5640
f 5638 5640 5643
f 5643 5640 5624
f 5619 5639 5641
f 5639 5621 5646
f 5639 5646 5641
f 5641 5646 5628
f 5621 5634 5645
f 5634 5618 5637
f 5634 5637 5645
f 5645 5637 5626
f 5624 5655 5649
f 5655 5628 5653
f 5655 5653 5649
f 5649 5653 5623
f 5628 5658 5653
f 5658 5626 5651
f 5658 5651 5653
f 5653 5651 5623
f 5626 5656 5651
f 5656 5625 5650
f 5656 5650 5651
f 5651 5650 5623
f 5625 5657 5650
f 5657 5627 5652
f 5657 5652 5650
f 5650 5652 5623
f 5627 5654 5652
f 5654 5624 5649
f 5654 5649 5652
f 5652 5649 5623
f 5619 5641 5640
f 5641 5628 5655
f 5641 5655 5640
f 5640 5655 5624
f 5621 5645 5646
f 5645 5626 5658
f 5645 5658 5646
f 5646 5658 5628
f 5618 5636 5637
f 5636 5625 5656
f 5636 5656 5637
f 5637 5656 5626
f 5622 5648 5647
f 5648 5627 5657
f 5648 5657 5647
f 5647 5657 5625
f 5620 5643 5644
f 5643 5624 5654
f 5643 5654 5644
f 5644 5654 5627
v -60.566 1.731 13.827
v -60.566 1.167 13.827
v -60.284 1.905 13.371
v -60.848 1.905 13.371
v -60.110 1.449 13.653
v -61.022 1.449 13.653
v -60.566 1.167 12.915
v -60.566 1.731 12.915
v -60.848 0.993 13.371
v -60.284 0.993 13.371
v -61.022 1.449 13.089
v -60.110 1.449 13.089
v -60.566 1.449 13.907
v -60.400 1.883 13.639
v -60.731 1.883 13.639
v -60.298 1.615 13.805
v -60.834 1.615 13.805
v -60.298 1.283 13.805
v -60.834 1.283 13.805
v -60.731 1.015 13.639
v -60.400 1.015 13.639
v -60.566 1.985 13.371
v -60.132 1.717 13.537
v -60.400 1.883 13.103
v -60.132 1.717 13.205
v -60.999 1.717 13.537
v -60.731 1.883 13.103
v -60.999 1.717 13.205
v -60.132 1.181 13.537
v -60.030 1.449 13.371
v -60.999 1.181 13.537
v -61.102 1.449 13.371
v -60.566 1.449 12.835
v -60.731 1.015 13.103
v -60.400 1.015 13.103
v -60.834 1.283 12.937
v -60.298 1.283 12.937
v -60.834 1.615 12.937
v -60.298 1.615 12.937
v -60.566 0.913 13.371
v -60.999 1.181 13.205
v -60.132 1.181 13.205
f 5659 5675 5671
f 5675 5664 5677
f 5675 5677 5671
f 5671 5677 5660
f 5659 5673 5675
f 5673 5662 5684
f 5673 5684 5675
f 5675 5684 5664
f 5659 5672 5673
f 5672 5661 5680
f 5672 5680 5673
f 5673 5680 5662
f 5659 5674 5672
f 5674 5663 5681
f 5674 5681 5672
f 5672 5681 5661
f 5659 5671 5674
f 5671 5660 5676
f 5671 5676 5674
f 5674 5676 5663
f 5660 5677 5678
f 5677 5664 5689
f 5677 5689 5678
f 5678 5689 5667
f 5664 5684 5690
f 5684 5662 5686
f 5684 5686 5690
f 5690 5686 5669
f 5662 5680 5685
f 5680 5661 5682
f 5680 5682 5685
f 5685 5682 5666
f 5661 5681 5683
f 5681 5663 5688
f 5681 5688 5683
f 5683 5688 5670
f 5663 5676 5687
f 5676 5660 5679
f 5676 5679 5687
f 5687 5679 5668
f 5666 5697 5691
f 5697 5670 5695
f 5697 5695 5691
f 5691 5695 5665
f 5670 5700 5695
f 5700 5668 5693
f 5700 5693 5695
f 5695 5693 5665
f 5668 5698 5693
f 5698 5667 5692
f 5698 5692 5693
f 5693 5692 5665
f 5667 5699 5692
f 5699 5669 5694
f 5699 5694 5692
f 5692 5694 5665
f 5669 5696 5694
f 5696 5666 5691
f 5696 5691 5694
f 5694 5691 5665
f 5661 5683 5682
f 5683 5670 5697
f 5683 5697 5682
f 5682 5697 5666
f 5663 5687 5688
f 5687 5668 5700
f 5687 5700 5688
f 5688 5700 5670
f 5660 5678 5679
f 5678 5667 5698
f 5678 5698 5679
f 5679 5698 5668
f 5664 5690 5689
f 5690 5669 5699
f 5690 5699 5689
f 5689 5699 5667
f 5662 5685 5686
f 5685 5666 5696
f 5685 5696 5686
f 5686 5696 5669
v -21.783 -8.462 16.279
v -21.783 -9.048 16.279
v -21.491 -8.281 15.805
v -22.076 -8.281 15.805
v -21.310 -8.755 16.098
v -22.257 -8.755 16.098
v -21.783 -9.048 15.331
v -21.783 -8.462 15.331
v -22.076 -9.229 15.805
v -21.491 -9.229 15.805
v -22.257 -8.755 15.512
v -21.310 -8.755 15.512
v -21.783 -8.755 16.362
v -21.611 -8.304 16.083
v -21.956 -8.304 16.083
v -21.505 -8.583 16.256
v -22.062 -8.583 16.256
v -21.505 -8.927 16.256
v -22.062 -8.927 16.256
v -21.956 -9.205 16.083
v -21.611 -9.205 16.083
v -21.783 -8.198 15.805
v -21.333 -8.477 15.977
v -21.611 -8.304 15.527
v -21.333 -8.477 15.633
v -22.234 -8.477 15.977
v -21.956 -8.304 15.527
v -22.234 -8.477 15.633
v -21.333 -9.033 15.977
v -21.227 -8.755 15.805
v -22.234 -9.033 15.977
v -22.340 -8.755 15.805
v -21.783 -8.755 15.248
v -21.956 -9.205 15.527
v -21.611 -9.205 15.527
v -22.062 -8.927 15.355
v -21.505 -8.927 15.355
v -22.062 -8.583 15.355
v -21.505 -8.583 15.355
v -21.783 -9.312 15.805
v -22.234 -9.033 15.633
v -21.333 -9.033 15.633
f 5701 5717 5713
f 5717 5706 5719
f 5717 5719 5713
f 5713 5719 5702
f 5701 5715 5717
f 5715 5704 5726
f 5715 5726 5717
f 5717 5726 5706
f 5701 5714 5715
f 5714 5703 5722
f 5714 5722 5715
f 5715 5722 5704
f 5701 5716 5714
f 5716 5705 5723
f 5716 5723 5714
f 5714 5723 5703
f 5701 5713 5716
f 5713 5702 5718
f 5713 5718 5716
f 5716 5718 5705
f 5702 5719 5720
f 5719 5706 5731
f 5719 5731 5720
f 5720 5731 5709
f 5706 5726 5732
f 5726 5704 5728
f 5726 5728 5732
f 5732 5728 5711
f 5704 5722 5727
f 5722 5703 5724
f 5722 5724 5727
f 5727 5724 5708
f 5703 5723 5725
f 5723 5705 5730
f 5723 5730 5725
f 5725 5730 5712
f 5705 5718 5729
f 5718 5702 5721
f 5718 5721 5729
f 5729 5721 5710
f 5708 5739 5733
f 5739 5712 5737
f 5739 5737 5733
f 5733 5737 5707
f 5712 5742 5737
f 5742 5710 5735
f 5742 5735 5737
f 5737 5735 5707
f 5710 5740 5735
f 5740 5709 5734
f 5740 5734 5735
f 5735 5734 5707
f 5709 5741 5734
f 5741 5711 5736
f 5741 5736 5734
f 5734 5736 5707
f 5711 5738 5736
f 5738 5708 5733
f 5738 5733 5736
f 5736 5733 5707
f 5703 5725 5724
f 5725 5712 5739
f 5725 5739 5724
f 5724 5739 5708
f 5705 5729 5730
f 5729 5710 5742
f 5729 5742 5730
f 5730 5742 5712
f 5702 5720 5721
f 5720 5709 5740
f 5720 5740 5721
f 5721 5740 5710
f 5706 5732 5731
f 5732 5711 5741
f 5732 5741 5731
f 5731 5741 5709
f 5704 5727 5728
f 5727 5708 5738
f 5727 5738 5728
f 5728 5738 5711
v -33.776 -5.219 14.690
v -33.776 -5.760 14.690
v -33.505 -5.052 14.253
v -34.046 -5.052 14.253
v -33.338 -5.490 14.523
v -34.213 -5.490 14.523
v -33.776 -5.760 13.815
v -33.776 -5.219 13.815
v -34.046 -5.927 14.253
v -33.505 -5.927 14.253
v -34.213 -5.490 13.982
v -33.338 -5.490 13.982
v -33.776 -5.490 14.767
v -33.617 -5.074 14.510
v -33.935 -5.074 14.510
v -33.519 -5.331 14.669
v -34.033 -5.331 14.669
v -33.519 -5.649 14.669
v -34.033 -5.649 14.669
v -33.935 -5.906 14.510
v -33.617 -5.906 14.510
v -33.776 -4.975 14.253
v -33.360 -5.233 14.411
v -33.617 -5.074 13.995
v -33.360 -5.233 14.094
v -34.192 -5.233 14.411
v -33.935 -5.074 13.995
v -34.192 -5.233 14.094
v -33.360 -5.747 14.411
v -33.261 -5.490 14.253
v -34.192 -5.747 14.411
v -34.290 -5.490 14.253
v -33.776 -5.490 13.738
v -33.935 -5.906 13.995
v -33.617 -5.906 13.995
v -34.033 -5.649 13.836
v -33.519 -5.649 13.836
v -34.033 -5.331 13.836
v -33.519 -5.331 13.836
v -33.776 -6.004 14.253
v -34.192 -5.747 14.094
v -33.360 -5.747 14.094
f 5743 5759 5755
f 5759 5748 5761
f 5759 5761 5755
f 5755 5761 5744
f 5743 5757 5759
f 5757 5746 5768
f 5757 5768 5759
f 5759 5768 5748
f 5743 5756 5757
f 5756 5745 5764
f 5756 5764 5757
f 5757 5764 5746
f 5743 5758 5756
f 5758 5747 5765
f 5758 5765 5756
f 5756 5765 5745
f 5743 5755 5758
f 5755 5744 5760
f 5755 5760 5758
f 5758 5760 5747
f 5744 5761 5762
f 5761 5748 5773
f 5761 5773 5762
f 5762 5773 5751
f 5748 5768 5774
f 5768 5746 5770
f 5768 5770 5774
f 5774 5770 5753
f 5746 5764 5769
f 5764 5745 5766
f 5764 5766 5769
f 5769 5766 5750
f 5745 5765 5767
f 5765 5747 5772
f 5765 5772 5767
f 5767 5772 5754
f 5747 5760 5771
f 5760 5744 5763
f 5760 5763 5771
f 5771 5763 5752
f 5750 5781 5775
f 5781 5754 5779
f 5781 5779 5775
f 5775 5779 5749
f 5754 5784 5779
f 5784 5752 5777
f 5784 5777 5779
f 5779 5777 5749
f 5752 5782 5777
f 5782 5751 5776
f 5782 5776 5777
f 5777 5776 5749
f 5751 5783 5776
f 5783 5753 5778
f 5783 5778 5776
f 5776 5778 5749
f 5753 5780 5778
f 5780 5750 5775
f 5780 5775 5778
f 5778 5775 5749
f 5745 5767 5766
f 5767 5754 5781
f 5767 5781 5766
f 5766 5781 5750
f 5747 5771 5772
f 5771 5752 5784
f 5771 5784 5772
f 5772 5784 5754
f 5744 5762 5763
f 5762 5751 5782
f 5762 5782 5763
f 5763 5782 5752
f 5748 5774 5773
f 5774 5753 5783
f 5774 5783 5773
f 5773 5783 5751
f 5746 5769 5770
f 5769 5750 5780
f 5769 5780 5770
f 5770 5780 5753
v -14.250 -6.885 16.412
v -14.250 -7.449 16.412
v -13.968 -6.711 15.956
v -14.532 -6.711 15.956
v -13.794 -7.167 16.238
v -14.706 -7.167 16.238
v -14.250 -7.449 15.500
v -14.250 -6.885 15.500
v -14.532 -7.623 15.956
v -13.968 -7.623 15.956
v -14.706 -7.167 15.674
v -13.794 -7.167 15.674
v -14.250 -7.167 16.492
v -14.084 -6.733 16.224
v -14.415 -6.733 16.224
v -13.982 -7.002 16.390
v -14.518 -7.002 16.390
v -13.982 -7.333 16.390
v -14.518 -7.333 16.390
v -14.415 -7.601 16.224
v -14.084 -7.601 16.224
v -14.250 -6.631 15.956
v -13.816 -6.899 16.122
v -14.084 -6.733 15.688
v -13.816 -6.899 15.791
v -14.683 -6.899 16.122
v -14.415 -6.733 15.688
v -14.683 -6.899 15.791
v -13.816 -7.435 16.122
v -13.714 -7.167 15.956
v -14.683 -7.435 16.122
v -14.786 -7.167 15.956
v -14.250 -7.167 15.420
v -14.415 -7.601 15.688
v -14.084 -7.601 15.688
v -14.518 -7.333 15.523
v -13.982 -7.333 15.523
v -14.518 -7.002 15.523
v -13.982 -7.002 15.523
v -14.250 -7.703 15.956
v -14.683 -7.435 15.791
v -13.816 -7.435 15.791
f 5785 5801 5797
f 5801 5790 5803
f 5801 5803 5797
f 5797 5803 5786
f 5785 5799 5801
f 5799 5788 5810
f 5799 5810 5801
f 5801 5810 5790
f 5785 5798 5799
f 5798 5787 5806
f 5798 5806 5799
f 5799 5806 5788
f 5785 5800 5798
f 5800 5789 5807
f 5800 5807 5798
f 5798 5807 5787
f 5785 5797 5800
f 5797 5786 5802
f 5797 5802 5800
f 5800 5802 5789
f 5786 5803 5804
f 5803 5790 5815
f 5803 5815 5804
f 5804 5815 5793
f 5790 5810 5816
f 5810 5788 5812
f 5810 5812 5816
f 5816 5812 5795
f 5788 5806 5811
f 5806 5787 5808
f 5806 5808 5811
f 5811 5808 5792
f 5787 5807 5809
f 5807 5789 5814
f 5807 5814 5809
f 5809 5814 5796
f 5789 5802 5813
f 5802 5786 5805
f 5802 5805 5813
f 5813 5805 5794
f 5792 5823 5817
f 5823 5796 5821
f 5823 5821 5817
f 5817 5821 5791
f 5796 5826 5821
f 5826 5794 5819
f 5826 5819 5821
f 5821 5819 5791
f 5794 5824 5819
f 5824 5793 5818
f 5824 5818 5819
f 5819 5818 5791
f 5793 5825 5818
f 5825 5795 5820
f 5825 5820 5818
f 5818 5820 5791
f 5795 5822 5820
f 5822 5792 5817
f 5822 5817 5820
f 5820 5817 5791
f 5787 5809 5808
f 5809 5796 5823
f 5809 5823 5808
f 5808 5823 5792
f 5789 5813 5814
f 5813 5794 5826
f 5813 5826 5814
f 5814 5826 5796
f 5786 5804 5805
f 5804 5793 5824
f 5804 5824 5805
f 5805 5824 5794
f 5790 5816 5815
f 5816 5795 5825
f 5816 5825 5815
f 5815 5825 5793
f 5788 5811 5812
f 5811 5792 5822
f 5811 5822 5812
f 5812 5822 5795
v -0.548 -4.022 15.085
v -0.548 -4.649 15.085
v -0.234 -3.828 14.578
v -0.861 -3.828 14.578
v -0.040 -4.336 14.892
v -1.055 -4.336 14.892
v -0.548 -4.649 14.071
v -0.548 -4.022 14.071
v -0.861 -4.843 14.578
v -0.234 -4.843 14.578
v -1.055 -4.336 14.265
v -0.040 -4.336 14.265
v -0.548 -4.336 15.175
v -0.363 -3.853 14.876
v -0.732 -3.853 14.876
v -0.249 -4.151 15.061
v -0.846 -4.151 15.061
v -0.249 -4.520 15.061
v -0.846 -4.520 15.061
v -0.732 -4.818 14.876
v -0.363 -4.818 14.876
v -0.548 -3.739 14.578
v -0.065 -4.037 14.763
v -0.363 -3.853 14.280
v -0.065 -4.037 14.394
v -1.030 -4.037 14.763
v -0.732 -3.853 14.280
v -1.030 -4.037 14.394
v -0.065 -4.634 14.763
v 0.049 -4.336 14.578
v -1.030 -4.634 14.763
v -1.144 -4.336 14.578
v -0.548 -4.336 13.982
v -0.732 -4.818 14.280
v -0.363 -4.818 14.280
v -0.846 -4.520 14.096
v -0.249 -4.520 14.096
v -0.846 -4.151 14.096
v -0.249 -4.151 14.096
v -0.548 -4.932 14.578
v -1.030 -4.634 14.394
v -0.065 -4.634 14.394
f 5827 5843 5839
f 5843 5832 5845
f 5843 5845 5839
f 5839 5845 5828
f 5827 5841 5843
f 5841 5830 5852
f 5841 5852 5843
f 5843 5852 5832
f 5827 5840 5841
f 5840 5829 5848
f 5840 5848 5841
f 5841 5848 5830
f 5827 5842 5840
f 5842 5831 5849
f 5842 5849 5840
f 5840 5849 5829
f 5827 5839 5842
f 5839 5828 5844
f 5839 5844 5842
f 5842 5844 5831
f 5828 5845 5846
f 5845 5832 5857
f 5845 5857 5846
f 5846 5857 5835
f 5832 5852 5858
f 5852 5830 5854
f 5852 5854 5858
f 5858 5854 5837
f 5830 5848 5853
f 5848 5829 5850
f 5848 5850 5853
f 5853 5850 5834
f 5829 5849 5851
f 5849 5831 5856
f 5849 5856 5851
f 5851 5856 5838
f 5831 5844 5855
f 5844 5828 5847
f 5844 5847 5855
f 5855 5847 5836
f 5834 5865 5859
f 5865 5838 5863
f 5865 5863 5859
f 5859 5863 5833
f 5838 5868 5863
f 5868 5836 5861
f 5868 5861 5863
f 5863 5861 5833
f 5836 5866 5861
f 5866 5835 5860
f 5866 5860 5861
f 5861 5860 5833
f 5835 5867 5860
f 5867 5837 5862
f 5867 5862 5860
f 5860 5862 5833
f 5837 5864 5862
f 5864 5834 5859
f 5864 5859 5862
f 5862 5859 5833
f 5829 5851 5850
f 5851 5838 5865
f 5851 5865 5850
f 5850 5865 5834
f 5831 5855 5856
f 5855 5836 5868
f 5855 5868 5856
f 5856 5868 5838
f 5828 5846 5847
f 5846 5835 5866
f 5846 5866 5847
f 5847 5866 5836
f 5832 5858 5857
f 5858 5837 5867
f 5858 5867 5857
f 5857 5867 5835
f 5830 5853 5854
f 5853 5834 5864
f 5853 5864 5854
f 5854 5864 5837
v 62.778 -34.209 35.370
v 62.778 -34.773 35.370
v 63.060 -34.035 34.914
v 62.496 -34.035 34.914
v 63.234 -34.491 35.196
v 62.322 -34.491 35.196
v 62.778 -34.773 34.458
v 62.778 -34.209 34.458
v 62.496 -34.947 34.914
v 63.060 -34.947 34.914
v 62.322 -34.491 34.632
v 63.234 -34.491 34.632
v 62.778 -34.491 35.450
v 62.944 -34.057 35.182
v 62.612 -34.057 35.182
v 63.046 -34.325 35.347
v 62.510 -34.325 35.347
v 63.046 -34.657 35.347
v 62.510 -34.657 35.347
v 62.612 -34.925 35.182
v 62.944 -34.925 35.182
v 62.778 -33.955 34.914
v 63.212 -34.223 35.079
v 62.944 -34.057 34.646
v 63.212 -34.223 34.748
v 62.344 -34.223 35.079
v 62.612 -34.057 34.646
v 62.344 -34.223 34.748
v 63.212 -34.759 35.079
v 63.314 -34.491 34.914
v 62.344 -34.759 35.079
v 62.242 -34.491 34.914
v 62.778 -34.491 34.378
v 62.612 -34.925 34.646
v 62.944 -34.925 34.646
v 62.510 -34.657 34.480
v 63.046 -34.657 34.480
v 62.510 -34.325 34.480
v 63.046 -34.325 34.480
v 62.778 -35.027 34.914
v 62.344 -34.759 34.748
v 63.212 -34.759 34.748
f 5869 5885 5881
f 5885 5874 5887
f 5885 5887 5881
f 5881 5887 5870
f 5869 5883 5885
f 5883 5872 5894
f 5883 5894 5885
f 5885 5894 5874
f 5869 5882 5883
f 5882 5871 5890
f 5882 5890 5883
f 5883 5890 5872
f 5869 5884 5882
f 5884 5873 5891
f 5884 5891 5882
f 5882 5891 5871
f 5869 5881 5884
f 5881 5870 5886
f 5881 5886 5884
f 5884 5886 5873
f 5870 5887 5888
f 5887 5874 5899
f 5887 5899 5888
f 5888 5899 5877
f 5874 5894 5900
f 5894 5872 5896
f 5894 5896 5900
f 5900 5896 5879
f 5872 5890 5895
f 5890 5871 5892
f 5890 5892 5895
f 5895 5892 5876
f 5871 5891 5893
f 5891 5873 5898
f 5891 5898 5893
f 5893 5898 5880
f 5873 5886 5897
f 5886 5870 5889
f 5886 5889 5897
f 5897 5889 5878
f 5876 5907 5901
f 5907 5880 5905
f 5907 5905 5901
f 5901 5905 5875
f 5880 5910 5905
f 5910 5878 5903
f 5910 5903 5905
f 5905 5903 5875
f 5878 5908 5903
f 5908 5877 5902
f 5908 5902 5903
f 5903 5902 5875
f 5877 5909 5902
f 5909 5879 5904
f 5909 5904 5902
f 5902 5904 5875
f 5879 5906 5904
f 5906 5876 5901
f 5906 5901 5904
f 5904 5901 5875
f 5871 5893 5892
f 5893 5880 5907
f 5893 5907 5892
f 5892 5907 5876
f 5873 5897 5898
f 5897 5878 5910
f 5897 5910 5898
f 5898 5910 5880
f 5870 5888 5889
f 5888 5877 5908
f 5888 5908 5889
f 5889 5908 5878
f 5874 5900 5899
f 5900 5879 5909
f 5900 5909 5899
f 5899 5909 5877
f 5872 5895 5896
f 5895 5876 5906
f 5895 5906 5896
f 5896 5906 5879
v 53.000 6.435 24.300
v 53.000 5.829 24.300
v 53.303 6.623 23.809
v 52.696 6.623 23.809
v 53.490 6.132 24.113
v 52.509 6.132 24.113
v 53.000 5.829 23.319
v 53.000 6.435 23.319
v 52.696 5.641 23.809
v 53.303 5.641 23.809
v 52.509 6.132 23.506
v 53.490 6.132 23.506
v 53.000 6.132 24.386
v 53.178 6.599 24.098
v 52.821 6.599 24.098
v 53.288 6.310 24.276
v 52.711 6.310 24.276
v 53.288 5.954 24.276
v 52.711 5.954 24.276
v 52.821 5.665 24.098
v 53.178 5.665 24.098
v 53.000 6.709 23.809
v 53.466 6.420 23.988
v 53.178 6.599 23.521
v 53.466 6.420 23.631
v 52.533 6.420 23.988
v 52.821 6.599 23.521
v 52.533 6.420 23.631
v 53.466 5.844 23.988
v 53.576 6.132 23.809
v 52.533 5.844 23.988
v 52.423 6.132 23.809
v 53.000 6.132 23.232
v 52.821 5.665 23.521
v 53.178 5.665 23.521
v 52.711 5.954 23.343
v 53.288 5.954 23.343
v 52.711 6.310 23.343
v 53.288 6.310 23.343
v 53.000 5.555 23.809
v 52.533 5.844 23.631
v 53.466 5.844 23.631
f 5911 5927 5923
f 5927 5916 5929
f 5927 5929 5923
f 5923 5929 5912
f 5911 5925 5927
f 5925 5914 5936
f 5925 5936 5927
f 5927 5936 5916
f 5911 5924 5925
f 5924 5913 5932
f 5924 5932 5925
f 5925 5932 5914
f 5911 5926 5924
f 5926 5915 5933
f 5926 5933 5924
f 5924 5933 5913
f 5911 5923 5926
f 5923 5912 5928
f 5923 5928 5926
f 5926 5928 5915
f 5912 5929 5930
f 5929 5916 5941
f 5929 5941 5930
f 5930 5941 5919
f 5916 5936 5942
f 5936 5914 5938
f 5936 5938 5942
f 5942 5938 5921
f 5914 5932 5937
f 5932 5913 5934
f 5932 5934 5937
f 5937 5934 5918
f 5913 5933 5935
f 5933 5915 5940
f 5933 5940 5935
f 5935 5940 5922
f 5915 5928 5939
f 5928 5912 5931
f 5928 5931 5939
f 5939 5931 5920
f 5918 5949 5943
f 5949 5922 5947
f 5949 5947 5943
f 5943 5947 5917
f 5922 5952 5947
f 5952 5920 5945
f 5952 5945 5947
f 5947 5945 5917
f 5920 5950 5945
f 5950 5919 5944
f 5950 5944 5945
f 5945 5944 5917
f 5919 5951 5944
f 5951 5921 5946
f 5951 5946 5944
f 5944 5946 5917
f 5921 5948 5946
f 5948 5918 5943
f 5948 5943 5946
f 5946 5943 5917
f 5913 5935 5934
f 5935 5922 5949
f 5935 5949 5934
f 5934 5949 5918
f 5915 5939 5940
f 5939 5920 5952
f 5939 5952 5940
f 5940 5952 5922
f 5912 5930 5931
f 5930 5919 5950
f 5930 5950 5931
f 5931 5950 5920
f 5916 5942 5941
f 5942 5921 5951
f 5942 5951 5941
f 5941 5951 5919
f 5914 5937 5938
f 5937 5918 5948
f 5937 5948 5938
f 5938 5948 5921
v -22.420 -36.725 28.428
v -22.420 -37.310 28.428
v -22.127 -36.544 27.955
v -22.712 -36.544 27.955
v -21.946 -37.017 28.247
v -22.893 -37.017 28.247
v -22.420 -37.310 27.481
v -22.420 -36.725 27.481
v -22.712 -37.491 27.955
v -22.127 -37.491 27.955
v -22.893 -37.017 27.662
v -21.946 -37.017 27.662
v -22.420 -37.017 28.511
v -22.247 -36.567 28.233
v -22.592 -36.567 28.233
v -22.141 -36.845 28.405
v -22.698 -36.845 28.405
v -22.141 -37.189 28.405
v -22.698 -37.189 28.405
v -22.592 -37.468 28.233
v -22.247 -37.468 28.233
v -22.420 -36.460 27.955
v -21.969 -36.739 28.127
v -22.247 -36.567 27.676
v -21.969 -36.739 27.782
v -22.870 -36.739 28.127
v -22.592 -36.567 27.676
v -22.870 -36.739 27.782
v -21.969 -37.296 28.127
v -21.863 -37.017 27.955
v -22.870 -37.296 28.127
v -22.976 -37.017 27.955
v -22.420 -37.017 27.398
v -22.592 -37.468 27.676
v -22.247 -37.468 27.676
v -22.698 -37.189 27.504
v -22.141 -37.189 27.504
v -22.698 -36.845 27.504
v -22.141 -36.845 27.504
v -22.420 -37.574 27.955
v -22.870 -37.296 27.782
v -21.969 -37.296 27.782
f 5953 5969 5965
f 5969 5958 5971
f 5969 5971 5965
f 5965 5971 5954
f 5953 5967 5969
f 5967 5956 5978
f 5967 5978 5969
f 5969 5978 5958
f 5953 5966 5967
f 5966 5955 5974
f 5966 5974 5967
f 5967 5974 5956
f 5953 5968 5966
f 5968 5957 5975
f 5968 5975 5966
f 5966 5975 5955
f 5953 5965 5968
f 5965 5954 5970
f 5965 5970 5968
f 5968 5970 5957
f 5954 5971 5972
f 5971 5958 5983
f 5971 5983 5972
f 5972 5983 5961
f 5958 5978 5984
f 5978 5956 5980
f 5978 5980 5984
f 5984 5980 5963
f 5956 5974 5979
f 5974 5955 5976
f 5974 5976 5979
f 5979 5976 5960
f 5955 5975 5977
f 5975 5957 5982
f 5975 5982 5977
f 5977 5982 5964
f 5957 5970 5981
f 5970 5954 5973
f 5970 5973 5981
f 5981 5973 5962
f 5960 5991 5985
f 5991 5964 5989
f 5991 5989 5985
f 5985 5989 5959
f 5964 5994 5989
f 5994 5962 5987
f 5994 5987 5989
f 5989 5987 5959
f 5962 5992 5987
f 5992 5961 5986
f 5992 5986 5987
f 5987 5986 5959
f 5961 5993 5986
f 5993 5963 5988
f 5993 5988 5986
f 5986 5988 5959
f 5963 5990 5988
f 5990 5960 5985
f 5990 5985 5988
f 5988 5985 5959
f 5955 5977 5976
f 5977 5964 5991
f 5977 5991 5976
f 5976 5991 5960
f 5957 5981 5982
f 5981 5962 5994
f 5981 5994 5982
f 5982 5994 5964
f 5954 5972 5973
f 5972 5961 5992
f 5972 5992 5973
f 5973 5992 5962
f 5958 5984 5983
f 5984 5963 5993
f 5984 5993 5983
f 5983 5993 5961
f 5956 5979 5980
f 5979 5960 5990
f 5979 5990 5980
f 5980 5990 5963
v -24.653 -32.784 28.423
v -24.653 -33.430 28.423
v -24.329 -32.584 27.900
v -24.976 -32.584 27.900
v -24.129 -33.107 28.223
v -25.176 -33.107 28.223
v -24.653 -33.430 27.377
v -24.653 -32.784 27.377
v -24.976 -33.630 27.900
v -24.329 -33.630 27.900
v -25.176 -33.107 27.576
v -24.129 -33.107 27.576
v -24.653 -33.107 28.515
v -24.462 -32.610 28.207
v -24.843 -32.610 28.207
v -24.345 -32.917 28.397
v -24.960 -32.917 28.397
v -24.345 -33.297 28.397
v -24.960 -33.297 28.397
v -24.843 -33.605 28.207
v -24.462 -33.605 28.207
v -24.653 -32.492 27.900
v -24.155 -32.800 28.090
v -24.462 -32.610 27.592
v -24.155 -32.800 27.710
v -25.150 -32.800 28.090
v -24.843 -32.610 27.592
v -25.150 -32.800 27.710
v -24.155 -33.415 28.090
v -24.038 -33.107 27.900
v -25.150 -33.415 28.090
v -25.268 -33.107 27.900
v -24.653 -33.107 27.285
v -24.843 -33.605 27.592
v -24.462 -33.605 27.592
v -24.960 -33.297 27.402
v -24.345 -33.297 27.402
v -24.960 -32.917 27.402
v -24.345 -32.917 27.402
v -24.653 -33.722 27.900
v -25.150 -33.415 27.710
v -24.155 -33.415 27.710
f 5995 6011 6007
f 6011 6000 6013
f 6011 6013 6007
f 6007 6013 5996
f 5995 6009 6011
f 6009 5998 6020
f 6009 6020 6011
f 6011 6020 6000
f 5995 6008 6009
f 6008 5997 6016
f 6008 6016 6009
f 6009 6016 5998
f 5995 6010 6008
f 6010 5999 6017
f 6010 6017 6008
f 6008 6017 5997
f 5995 6007 6010
f 6007 5996 6012
f 6007 6012 6010
f 6010 6012 5999
f 5996 6013 6014
f 6013 6000 6025
f 6013 6025 6014
f 6014 6025 6003
f 6000 6020 6026
f 6020 5998 6022
f 6020 6022 6026
f 6026 6022 6005
f 5998 6016 6021
f 6016 5997 6018
f 6016 6018 6021
f 6021 6018 6002
f 5997 6017 6019
f 6017 5999 6024
f 6017 6024 6019
f 6019 6024 6006
f 5999 6012 6023
f 6012 5996 6015
f 6012 6015 6023
f 6023 6015 6004
f 6002 6033 6027
f 6033 6006 6031
f 6033 6031 6027
f 6027 6031 6001
f 6006 6036 6031
f 6036 6004 6029
f 6036 6029 6031
f 6031 6029 6001
f 6004 6034 6029
f 6034 6003 6028
f 6034 6028 6029
f 6029 6028 6001
f 6003 6035 6028
f 6035 6005 6030
f 6035 6030 6028
f 6028 6030 6001
f 6005 6032 6030
f 6032 6002 6027
f 6032 6027 6030
f 6030 6027 6001
f 5997 6019 6018
f 6019 6006 6033
f 6019 6033 6018
f 6018 6033 6002
f 5999 6023 6024
f 6023 6004 6036
f 6023 6036 6024
f 6024 6036 6006
f 5996 6014 6015
f 6014 6003 6034
f 6014 6034 6015
f 6015 6034 6004
f 6000 6026 6025
f 6026 6005 6035
f 6026 6035 6025
f 6025 6035 6003
f 5998 6021 6022
f 6021 6002 6032
f 6021 6032 6022
f 6022 6032 6005
v -56.838 -7.846 35.425
v -56.838 -8.431 35.425
v -56.546 -7.665 34.951
v -57.131 -7.665 34.951
v -56.365 -8.138 35.244
v -57.312 -8.138 35.244
v -56.838 -8.431 34.478
v -56.838 -7.846 34.478
v -57.131 -8.612 34.951
v -56.546 -8.612 34.951
v -57.312 -8.138 34.659
v -56.365 -8.138 34.659
v -56.838 -8.138 35.508
v -56.666 -7.688 35.230
v -57.010 -7.688 35.230
v -56.560 -7.966 35.402
v -57.117 -7.966 35.402
v -56.560 -8.310 35.402
v -57.117 -8.310 35.402
v -57.010 -8.589 35.230
v -56.666 -8.589 35.230
v -56.838 -7.581 34.951
v -56.388 -7.860 35.123
v -56.666 -7.688 34.673
v -56.388 -7.860 34.779
v -57.289 -7.860 35.123
v -57.010 -7.688 34.673
v -57.289 -7.860 34.779
v -56.388 -8.417 35.123
v -56.282 -8.138 34.951
v -57.289 -8.417 35.123
v -57.395 -8.138 34.951
v -56.838 -8.138 34.394
v -57.010 -8.589 34.673
v -56.666 -8.589 34.673
v -57.117 -8.310 34.501
v -56.560 -8.310 34.501
v -57.117 -7.966 34.501
v -56.560 -7.966 34.501
v -56.838 -8.695 34.951
v -57.289 -8.417 34.779
v -56.388 -8.417 34.779
f 6037 6053 6049
f 6053 6042 6055
f 6053 6055 6049
f 6049 6055 6038
f 6037 6051 6053
f 6051 6040 6062
f 6051 6062 6053
f 6053 6062 6042
f 6037 6050 6051
f 6050 6039 6058
f 6050 6058 6051
f 6051 6058 6040
f 6037 6052 6050
f 6052 6041 6059
f 6052 6059 6050
f 6050 6059 6039
f 6037 6049 6052
f 6049 6038 6054
f 6049 6054 6052
f 6052 6054 6041
f 6038 6055 6056
f 6055 6042 6067
f 6055 6067 6056
f 6056 6067 6045
f 6042 6062 6068
f 6062 6040 6064
f 6062 6064 6068
f 6068 6064 6047
f 6040 6058 6063
f 6058 6039 6060
f 6058 6060 6063
f 6063 6060 6044
f 6039 6059 6061
f 6059 6041 6066
f 6059 6066 6061
f 6061 6066 6048
f 6041 6054 6065
f 6054 6038 6057
f 6054 6057 6065
f 6065 6057 6046
f 6044 6075 6069
f 6075 6048 6073
f 6075 6073 6069
f 6069 6073 6043
f 6048 6078 6073
f 6078 6046 6071
f 6078 6071 6073
f 6073 6071 6043
f 6046 6076 6071
f 6076 6045 6070
f 6076 6070 6071
f 6071 6070 6043
f 6045 6077 6070
f 6077 6047 6072
f 6077 6072 6070
f 6070 6072 6043
f 6047 6074 6072
f 6074 6044 6069
f 6074 6069 6072
f 6072 6069 6043
f 6039 6061 6060
f 6061 6048 6075
f 6061 6075 6060
f 6060 6075 6044
f 6041 6065 6066
f 6065 6046 6078
f 6065 6078 6066
f 6066 6078 6048
f 6038 6056 6057
f 6056 6045 6076
f 6056 6076 6057
f 6057 6076 6046
f 6042 6068 6067
f 6068 6047 6077
f 6068 6077 6067
f 6067 6077 6045
f 6040 6063 6064
f 6063 6044 6074
f 6063 6074 6064
f 6064 6074 6047
v -55.587 5.593 35.536
v -55.587 5.029 35.536
v -55.305 5.767 35.080
v -55.869 5.767 35.080
v -55.131 5.311 35.362
v -56.043 5.311 35.362
v -55.587 5.029 34.624
v -55.587 5.593 34.624
v -55.869 4.855 35.080
v -55.305 4.855 35.080
v -56.043 5.311 34.799
v -55.131 5.311 34.799
v -55.587 5.311 35.616
v -55.422 5.744 35.348
v -55.753 5.744 35.348
v -55.319 5.476 35.514
v -55.855 5.476 35.514
v -55.319 5.145 35.514
v -55.855 5.145 35.514
v -55.753 4.877 35.348
v -55.422 4.877 35.348
v -55.587 5.847 35.080
v -55.154 5.579 35.246
v -55.422 5.744 34.812
v -55.154 5.579 34.915
v -56.021 5.579 35.246
v -55.753 5.744 34.812
v -56.021 5.579 34.915
v -55.154 5.043 35.246
v -55.051 5.311 35.080
v -56.021 5.043 35.246
v -56.123 5.311 35.080
v -55.587 5.311 34.544
v -55.753 4.877 34.812
v -55.422 4.877 34.812
v -55.855 5.145 34.647
v -55.319 5.145 34.647
v -55.855 5.476 34.647
v -55.319 5.476 34.647
v -55.587 4.775 35.080
v -56.021 5.043 34.915
v -55.154 5.043 34.915
f 6079 6095 6091
f 6095 6084 6097
f 6095 6097 6091
f 6091 6097 6080
f 6079 6093 6095
f 6093 6082 6104
f 6093 6104 6095
f 6095 6104 6084
f 6079 6092 6093
f 6092 6081 6100
f 6092 6100 6093
f 6093 6100 6082
f 6079 6094 6092
f 6094 6083 6101
f 6094 6101 6092
f 6092 6101 6081
f 6079 6091 6094
f 6091 6080 6096
f 6091 6096 6094
f 6094 6096 6083
f 6080 6097 6098
f 6097 6084 6109
f 6097 6109 6098
f 6098 6109 6087
f 6084 6104 6110
f 6104 6082 6106
f 6104 6106 6110
f 6110 6106 6089
f 6082 6100 6105
f 6100 6081 6102
f 6100 6102 6105
f 6105 6102 6086
f 6081 6101 6103
f 6101 6083 6108
f 6101 6108 6103
f 6103 6108 6090
f 6083 6096 6107
f 6096 6080 6099
f 6096 6099 6107
f 6107 6099 6088
f 6086 6117 6111
f 6117 6090 6115
f 6117 6115 6111
f 6111 6115 6085
f 6090 6120 6115
f 6120 6088 6113
f 6120 6113 6115
f 6115 6113 6085
f 6088 6118 6113
f 6118 6087 6112
f 6118 6112 6113
f 6113 6112 6085
f 6087 6119 6112
f 6119 6089 6114
f 6119 6114 6112
f 6112 6114 6085
f 6089 6116 6114
f 6116 6086 6111
f 6116 6111 6114
f 6114 6111 6085
f 6081 6103 6102
f 6103 6090 6117
f 6103 6117 6102
f 6102 6117 6086
f 6083 6107 6108
f 6107 6088 6120
f 6107 6120 6108
f 6108 6120 6090
f 6080 6098 6099
f 6098 6087 6118
f 6098 6118 6099
f 6099 6118 6088
f 6084 6110 6109
f 6110 6089 6119
f 6110 6119 6109
f 6109 6119 6087
f 6082 6105 6106
f 6105 6086 6116
f 6105 6116 6106
f 6106 6116 6089
v -65.019 8.276 43.648
v -65.019 7.713 43.648
v -64.737 8.450 43.192
v -65.301 8.450 43.192
v -64.563 7.995 43.474
v -65.475 7.995 43.474
v -65.019 7.713 42.736
v -65.019 8.276 42.736
v -65.301 7.539 43.192
v -64.737 7.539 43.192
v -65.475 7.995 42.910
v -64.563 7.995 42.910
v -65.019 7.995 43.728
v -64.853 8.428 43.460
v -65.184 8.428 43.460
v -64.751 8.160 43.625
v -65.287 8.160 43.625
v -64.751 7.829 43.625
v -65.287 7.829 43.625
v -65.184 7.561 43.460
v -64.853 7.561 43.460
v -65.019 8.531 43.192
v -64.585 8.263 43.357
v -64.853 8.428 42.924
v -64.585 8.263 43.026
v -65.452 8.263 43.357
v -65.184 8.428 42.924
v -65.452 8.263 43.026
v -64.585 7.727 43.357
v -64.483 7.995 43.192
v -65.452 7.727 43.357
v -65.555 7.995 43.192
v -65.019 7.995 42.656
v -65.184 7.561 42.924
v -64.853 7.561 42.924
v -65.287 7.829 42.758
v -64.751 7.829 42.758
v -65.287 8.160 42.758
v -64.751 8.160 42.758
v -65.019 7.459 43.192
v -65.452 7.727 43.026
v -64.585 7.727 43.026
f 6121 6137 6133
f 6137 6126 6139
f 6137 6139 6133
f 6133 6139 6122
f 6121 6135 6137
f 6135 6124 6146
f 6135 6146 6137
f 6137 6146 6126
f 6121 6134 6135
f 6134 6123 6142
f 6134 6142 6135
f 6135 6142 6124
f 6121 6136 6134
f 6136 6125 6143
f 6136 6143 6134
f 6134 6143 6123
f 6121 6133 6136
f 6133 6122 6138
f 6133 6138 6136
f 6136 6138 6125
f 6122 6139 6140
f 6139 6126 6151
f 6139 6151 6140
f 6140 6151 6129
f 6126 6146 6152
f 6146 6124 6148
f 6146 6148 6152
f 6152 6148 6131
f 6124 6142 6147
f 6142 6123 6144
f 6142 6144 6147
f 6147 6144 6128
f 6123 6143 6145
f 6143 6125 6150
f 6143 6150 6145
f 6145 6150 6132
f 6125 6138 6149
f 6138 6122 6141
f 6138 6141 6149
f 6149 6141 6130
f 6128 6159 6153
f 6159 6132 6157
f 6159 6157 6153
f 6153 6157 6127
f 6132 6162 6157
f 6162 6130 6155
f 6162 6155 6157
f 6157 6155 6127
f 6130 6160 6155
f 6160 6129 6154
f 6160 6154 6155
f 6155 6154 6127
f 6129 6161 6154
f 6161 6131 6156
f 6161 6156 6154
f 6154 6156 6127
f 6131 6158 6156
f 6158 6128 6153
f 6158 6153 6156
f 6156 6153 6127
f 6123 6145 6144
f 6145 6132 6159
f 6145 6159 6144
f 6144 6159 6128
f 6125 6149 6150
f 6149 6130 6162
f 6149 6162 6150
f 6150 6162 6132
f 6122 6140 6141
f 6140 6129 6160
f 6140 6160 6141
f 6141 6160 6130
f 6126 6152 6151
f 6152 6131 6161
f 6152 6161 6151
f 6151 6161 6129
f 6124 6147 6148
f 6147 6128 6158
f 6147 6158 6148
f 6148 6158 6131
v 26.958 -4.405 -72.057
v 26.958 -4.991 -72.057
v 27.251 -4.224 -72.530
v 26.665 -4.224 -72.530
v 27.432 -4.698 -72.238
v 26.484 -4.698 -72.238
v 26.958 -4.991 -73.004
v 26.958 -4.405 -73.004
v 26.665 -5.172 -72.530
v 27.251 -5.172 -72.530
v 26.484 -4.698 -72.823
v 27.432 -4.698 -72.823
v 26.958 -4.698 -71.973
v 27.130 -4.248 -72.252
v 26.786 -4.248 -72.252
v 27.236 -4.526 -72.080
v 26.680 -4.526 -72.080
v 27.236 -4.870 -72.080
v 26.680 -4.870 -72.080
v 26.786 -5.148 -72.252
v 27.130 -5.148 -72.252
v 26.958 -4.141 -72.530
v 27.408 -4.420 -72.358
v 27.130 -4.248 -72.809
v 27.408 -4.420 -72.702
v 26.507 -4.420 -72.358
v 26.786 -4.248 -72.809
v 26.507 -4.420 -72.702
v 27.408 -4.976 -72.358
v 27.515 -4.698 -72.530
v 26.507 -4.976 -72.358
v 26.401 -4.698 -72.530
v 26.958 -4.698 -73.087
v 26.786 -5.148 -72.809
v 27.130 -5.148 -72.809
v 26.680 -4.870 -72.981
v 27.236 -4.870 -72.981
v 26.680 -4.526 -72.981
v 27.236 -4.526 -72.981
v 26.958 -5.255 -72.530
v 26.507 -4.976 -72.702
v 27.408 -4.976 -72.702
f 6163 6179 6175
f 6179 6168 6181
f 6179 6181 6175
f 6175 6181 6164
f 6163 6177 6179
f 6177 6166 6188
f 6177 6188 6179
f 6179 6188 6168
f 6163 6176 6177
f 6176 6165 6184
f 6176 6184 6177
f 6177 6184 6166
f 6163 6178 6176
f 6178 6167 6185
f 6178 6185 6176
f 6176 6185 6165
f 6163 6175 6178
f 6175 6164 6180
f 6175 6180 6178
f 6178 6180 6167
f 6164 6181 6182
f 6181 6168 6193
f 6181 6193 6182
f 6182 6193 6171
f 6168 6188 6194
f 6188 6166 6190
f 6188 6190 6194
f 6194 6190 6173
f 6166 6184 6189
f 6184 6165 6186
f 6184 6186 6189
f 6189 6186 6170
f 6165 6185 6187
f 6185 6167 6192
f 6185 6192 6187
f 6187 6192 6174
f 6167 6180 6191
f 6180 6164 6183
f 6180 6183 6191
f 6191 6183 6172
f 6170 6201 6195
f 6201 6174 6199
f 6201 6199 6195
f 6195 6199 6169
f 6174 6204 6199
f 6204 6172 6197
f 6204 6197 6199
f 6199 6197 6169
f 6172 6202 6197
f 6202 6171 6196
f 6202 6196 6197
f 6197 6196 6169
f 6171 6203 6196
f 6203 6173 6198
f 6203 6198 6196
f 6196 6198 6169
f 6173 6200 6198
f 6200 6170 6195
f 6200 6195 6198
f 6198 6195 6169
f 6165 6187 6186
f 6187 6174 6201
f 6187 6201 6186
f 6186 6201 6170
f 6167 6191 6192
f 6191 6172 6204
f 6191 6204 6192
f 6192 6204 6174
f 6164 6182 6183
f 6182 6171 6202
f 6182 6202 6183
f 6183 6202 6172
f 6168 6194 6193
f 6194 6173 6203
f 6194 6203 6193
f 6193 6203 6171
f 6166 6189 6190
f 6189 6170 6200
f 6189 6200 6190
f 6190 6200 6173
v 55.590 18.768 -52.917
v 55.590 18.183 -52.917
v 55.883 18.949 -53.391
v 55.298 18.949 -53.391
v 56.064 18.476 -53.098
v 55.117 18.476 -53.098
v 55.590 18.183 -53.864
v 55.590 18.768 -53.864
v 55.298 18.002 -53.391
v 55.883 18.002 -53.391
v 55.117 18.476 -53.683
v 56.064 18.476 -53.683
v 55.590 18.476 -52.834
v 55.762 18.926 -53.112
v 55.418 18.926 -53.112
v 55.869 18.648 -52.940
v 55.312 18.648 -52.940
v 55.869 18.304 -52.940
v 55.312 18.304 -52.940
v 55.418 18.025 -53.112
v 55.762 18.025 -53.112
v 55.590 19.032 -53.391
v 56.041 18.754 -53.218
v 55.762 18.926 -53.669
v 56.041 18.754 -53.563
v 55.140 18.754 -53.218
v 55.418 18.926 -53.669
v 55.140 18.754 -53.563
v 56.041 18.197 -53.218
v 56.147 18.476 -53.391
v 55.140 18.197 -53.218
v 55.034 18.476 -53.391
v 55.590 18.476 -53.947
v 55.418 18.025 -53.669
v 55.762 18.025 -53.669
v 55.312 18.304 -53.841
v 55.869 18.304 -53.841
v 55.312 18.648 -53.841
v 55.869 18.648 -53.841
v 55.590 17.919 -53.391
v 55.140 18.197 -53.563
v 56.041 18.197 -53.563
f 6205 6221 6217
f 6221 6210 6223
f 6221 6223 6217
f 6217 6223 6206
f 6205 6219 6221
f 6219 6208 6230
f 6219 6230 6221
f 6221 6230 6210
f 6205 6218 6219
f 6218 6207 6226
f 6218 6226 6219
f 6219 6226 6208
f 6205 6220 6218
f 6220 6209 6227
f 6220 6227 6218
f 6218 6227 6207
f 6205 6217 6220
f 6217 6206 6222
f 6217 6222 6220
f 6220 6222 6209
f 6206 6223 6224
f 6223 6210 6235
f 6223 6235 6224
f 6224 6235 6213
f 6210 6230 6236
f 6230 6208 6232
f 6230 6232 6236
f 6236 6232 6215
f 6208 6226 6231
f 6226 6207 6228
f 6226 6228 6231
f 6231 6228 6212
f 6207 6227 6229
f 6227 6209 6234
f 6227 6234 6229
f 6229 6234 6216
f 6209 6222 6233
f 6222 6206 6225
f 6222 6225 6233
f 6233 6225 6214
f 6212 6243 6237
f 6243 6216 6241
f 6243 6241 6237
f 6237 6241 6211
f 6216 6246 6241
f 6246 6214 6239
f 6246 6239 6241
f 6241 6239 6211
f 6214 6244 6239
f 6244 6213 6238
f 6244 6238 6239
f 6239 6238 6211
f 6213 6245 6238
f 6245 6215 6240
f 6245 6240 6238
f 6238 6240 6211
f 6215 6242 6240
f 6242 6212 6237
f 6242 6237 6240
f 6240 6237 6211
f 6207 6229 6228
f 6229 6216 6243
f 6229 6243 6228
f 6228 6243 6212
f 6209 6233 6234
f 6233 6214 6246
f 6233 6246 6234
f 6234 6246 6216
f 6206 6224 6225
f 6224 6213 6244
f 6224 6244 6225
f 6225 6244 6214
f 6210 6236 6235
f 6236 6215 6245
f 6236 6245 6235
f 6235 6245 6213
f 6208 6231 6232
f 6231 6212 6242
f 6231 6242 6232
f 6232 6242 6215
v -40.795 -41.970 -45.242
v -40.795 -42.597 -45.242
v -40.481 -41.777 -45.749
v -41.108 -41.777 -45.749
v -40.288 -42.284 -45.436
v -41.302 -42.284 -45.436
v -40.795 -42.597 -46.257
v -40.795 -41.970 -46.257
v -41.108 -42.791 -45.749
v -40.481 -42.791 -45.749
v -41.302 -42.284 -46.063
v -40.288 -42.284 -46.063
v -40.795 -42.284 -45.153
v -40.611 -41.801 -45.451
v -40.979 -41.801 -45.451
v -40.497 -42.099 -45.267
v -41.093 -42.099 -45.267
v -40.497 -42.468 -45.267
v -41.093 -42.468 -45.267
v -40.979 -42.766 -45.451
v -40.611 -42.766 -45.451
v -40.795 -41.687 -45.749
v -40.313 -41.986 -45.565
v -40.611 -41.801 -46.048
v -40.313 -41.986 -45.934
v -41.277 -41.986 -45.565
v -40.979 -41.801 -46.048
v -41.277 -41.986 -45.934
v -40.313 -42.582 -45.565
v -40.199 -42.284 -45.749
v -41.277 -42.582 -45.565
v -41.391 -42.284 -45.749
v -40.795 -42.284 -46.346
v -40.979 -42.766 -46.048
v -40.611 -42.766 -46.048
v -41.093 -42.468 -46.232
v -40.497 -42.468 -46.232
v -41.093 -42.099 -46.232
v -40.497 -42.099 -46.232
v -40.795 -42.880 -45.749
v -41.277 -42.582 -45.934
v -40.313 -42.582 -45.934
f 6247 6263 6259
f 6263 6252 6265
f 6263 6265 6259
f 6259 6265 6248
f 6247 6261 6263
f 6261 6250 6272
f 6261 6272 6263
f 6263 6272 6252
f 6247 6260 6261
f 6260 6249 6268
f 6260 6268 6261
f 6261 6268 6250
f 6247 6262 6260
f 6262 6251 6269
f 6262 6269 6260
f 6260 6269 6249
f 6247 6259 6262
f 6259 6248 6264
f 6259 6264 6262
f 6262 6264 6251
f 6248 6265 6266
f 6265 6252 6277
f 6265 6277 6266
f 6266 6277 6255
f 6252 6272 6278
f 6272 6250 6274
f 6272 6274 6278
f 6278 6274 6257
f 6250 6268 6273
f 6268 6249 6270
f 6268 6270 6273
f 6273 6270 6254
f 6249 6269 6271
f 6269 6251 6276
f 6269 6276 6271
f 6271 6276 6258
f 6251 6264 6275
f 6264 6248 6267
f 6264 6267 6275
f 6275 6267 6256
f 6254 6285 6279
f 6285 6258 6283
f 6285 6283 6279
f 6279 6283 6253
f 6258 6288 6283
f 6288 6256 6281
f 6288 6281 6283
f 6283 6281 6253
f 6256 6286 6281
f 6286 6255 6280
f 6286 6280 6281
f 6281 6280 6253
f 6255 6287 6280
f 6287 6257 6282
f 6287 6282 6280
f 6280 6282 6253
f 6257 6284 6282
f 6284 6254 6279
f 6284 6279 6282
f 6282 6279 6253
f 6249 6271 6270
f 6271 6258 6285
f 6271 6285 6270
f 6270 6285 6254
f 6251 6275 6276
f 6275 6256 6288
f 6275 6288 6276
f 6276 6288 6258
f 6248 6266 6267
f 6266 6255 6286
f 6266 6286 6267
f 6267 6286 6256
f 6252 6278 6277
f 6278 6257 6287
f 6278 6287 6277
f 6277 6287 6255
f 6250 6273 6274
f 6273 6254 6284
f 6273 6284 6274
f 6274 6284 6257
v -37.932 -43.356 -43.551
v -37.932 -43.897 -43.551
v -37.662 -43.189 -43.988
v -38.203 -43.189 -43.988
v -37.495 -43.627 -43.718
v -38.370 -43.627 -43.718
v -37.932 -43.897 -44.426
v -37.932 -43.356 -44.426
v -38.203 -44.064 -43.988
v -37.662 -44.064 -43.988
v -38.370 -43.627 -44.259
v -37.495 -43.627 -44.259
v -37.932 -43.627 -43.474
v -37.773 -43.211 -43.731
v -38.091 -43.211 -43.731
v -37.675 -43.468 -43.572
v -38.190 -43.468 -43.572
v -37.675 -43.786 -43.572
v -38.190 -43.786 -43.572
v -38.091 -44.043 -43.731
v -37.773 -44.043 -43.731
v -37.932 -43.112 -43.988
v -37.516 -43.370 -43.829
v -37.773 -43.211 -44.245
v -37.516 -43.370 -44.147
v -38.349 -43.370 -43.829
v -38.091 -43.211 -44.245
v -38.349 -43.370 -44.147
v -37.516 -43.884 -43.829
v -37.418 -43.627 -43.988
v -38.349 -43.884 -43.829
v -38.447 -43.627 -43.988
v -37.932 -43.627 -44.503
v -38.091 -44.043 -44.245
v -37.773 -44.043 -44.245
v -38.190 -43.786 -44.404
v -37.675 -43.786 -44.404
v -38.190 -43.468 -44.404
v -37.675 -43.468 -44.404
v -37.932 -44.141 -43.988
v -38.349 -43.884 -44.147
v -37.516 -43.884 -44.147
f 6289 6305 6301
f 6305 6294 6307
f 6305 6307 6301
f 6301 6307 6290
f 6289 6303 6305
f 6303 6292 6314
f 6303 6314 6305
f 6305 6314 6294
f 6289 6302 6303
f 6302 6291 6310
f 6302 6310 6303
f 6303 6310 6292
f 6289 6304 6302
f 6304 6293 6311
f 6304 6311 6302
f 6302 6311 6291
f 6289 6301 6304
f 6301 6290 6306
f 6301 6306 6304
f 6304 6306 6293
f 6290 6307 6308
f 6307 6294 6319
f 6307 6319 6308
f 6308 6319 6297
f 6294 6314 6320
f 6314 6292 6316
f 6314 6316 6320
f 6320 6316 6299
f 6292 6310 6315
f 6310 6291 6312
f 6310 6312 6315
f 6315 6312 6296
f 6291 6311 6313
f 6311 6293 6318
f 6311 6318 6313
f 6313 6318 6300
f 6293 6306 6317
f 6306 6290 6309
f 6306 6309 6317
f 6317 6309 6298
f 6296 6327 6321
f 6327 6300 6325
f 6327 6325 6321
f 6321 6325 6295
f 6300 6330 6325
f 6330 6298 6323
f 6330 6323 6325
f 6325 6323 6295
f 6298 6328 6323
f 6328 6297 6322
f 6328 6322 6323
f 6323 6322 6295
f 6297 6329 6322
f 6329 6299 6324
f 6329 6324 6322
f 6322 6324 6295
f 6299 6326 6324
f 6326 6296 6321
f 6326 6321 6324
f 6324 6321 6295
f 6291 6313 6312
f 6313 6300 6327
f 6313 6327 6312
f 6312 6327 6296
f 6293 6317 6318
f 6317 6298 6330
f 6317 6330 6318
f 6318 6330 6300
f 6290 6308 6309
f 6308 6297 6328
f 6308 6328 6309
f 6309 6328 6298
f 6294 6320 6319
f 6320 6299 6329
f 6320 6329 6319
f 6319 6329 6297
f 6292 6315 6316
f 6315 6296 6326
f 6315 6326 6316
f 6316 6326 6299
v 21.285 -27.452 -53.063
v 21.285 -28.038 -53.063
v 21.578 -27.271 -53.536
v 20.993 -27.271 -53.536
v 21.759 -27.745 -53.244
v 20.812 -27.745 -53.244
v 21.285 -28.038 -54.010
v 21.285 -27.452 -54.010
v 20.993 -28.218 -53.536
v 21.578 -28.218 -53.536
v 20.812 -27.745 -53.829
v 21.759 -27.745 -53.829
v 21.285 -27.745 -52.980
v 21.457 -27.294 -53.258
v 21.113 -27.294 -53.258
v 21.564 -27.573 -53.086
v 21.007 -27.573 -53.086
v 21.564 -27.917 -53.086
v 21.007 -27.917 -53.086
v 21.113 -28.195 -53.258
v 21.457 -28.195 -53.258
v 21.285 -27.188 -53.536
v 21.736 -27.466 -53.364
v 21.457 -27.294 -53.815
v 21.736 -27.466 -53.708
v 20.835 -27.466 -53.364
v 21.113 -27.294 -53.815
v 20.835 -27.466 -53.708
v 21.736 -28.023 -53.364
v 21.842 -27.745 -53.536
v 20.835 -28.023 -53.364
v 20.729 -27.745 -53.536
v 21.285 -27.745 -54.093
v 21.113 -28.195 -53.815
v 21.457 -28.195 -53.815
v 21.007 -27.917 -53.987
v 21.564 -27.917 -53.987
v 21.007 -27.573 -53.987
v 21.564 -27.573 -53.987
v 21.285 -28.302 -53.536
v 20.835 -28.023 -53.708
v 21.736 -28.023 -53.708
f 6331 6347 6343
f 6347 6336 6349
f 6347 6349 6343
f 6343 6349 6332
f 6331 6345 6347
f 6345 6334 6356
f 6345 6356 6347
f 6347 6356 6336
f 6331 6344 6345
f 6344 6333 6352
f 6344 6352 6345
f 6345 6352 6334
f 6331 6346 6344
f 6346 6335 6353
f 6346 6353 6344
f 6344 6353 6333
f 6331 6343 6346
f 6343 6332 6348
f 6343 6348 6346
f 6346 6348 6335
f 6332 6349 6350
f 6349 6336 6361
f 6349 6361 6350
f 6350 6361 6339
f 6336 6356 6362
f 6356 6334 6358
f 6356 6358 6362
f 6362 6358 6341
f 6334 6352 6357
f 6352 6333 6354
f 6352 6354 6357
f 6357 6354 6338
f 6333 6353 6355
f 6353 6335 6360
f 6353 6360 6355
f 6355 6360 6342
f 6335 6348 6359
f 6348 6332 6351
f 6348 6351 6359
f 6359 6351 6340
f 6338 6369 6363
f 6369 6342 6367
f 6369 6367 6363
f 6363 6367 6337
f 6342 6372 6367
f 6372 6340 6365
f 6372 6365 6367
f 6367 6365 6337
f 6340 6370 6365
f 6370 6339 6364
f 6370 6364 6365
f 6365 6364 6337
f 6339 6371 6364
f 6371 6341 6366
f 6371 6366 6364
f 6364 6366 6337
f 6341 6368 6366
f 6368 6338 6363
f 6368 6363 6366
f 6366 6363 6337
f 6333 6355 6354
f 6355 6342 6369
f 6355 6369 6354
f 6354 6369 6338
f 6335 6359 6360
f 6359 6340 6372
f 6359 6372 6360
f 6360 6372 6342
f 6332 6350 6351
f 6350 6339 6370
f 6350 6370 6351
f 6351 6370 6340
f 6336 6362 6361
f 6362 6341 6371
f 6362 6371 6361
f 6361 6371 6339
f 6334 6357 6358
f 6357 6338 6368
f 6357 6368 6358
f 6358 6368 6341
v 23.992 -36.921 -32.972
v 23.992 -37.528 -32.972
v 24.295 -36.734 -33.462
v 23.689 -36.734 -33.462
v 24.483 -37.224 -33.159
v 23.501 -37.224 -33.159
v 23.992 -37.528 -33.953
v 23.992 -36.921 -33.953
v 23.689 -37.715 -33.462
v 24.295 -37.715 -33.462
v 23.501 -37.224 -33.766
v 24.483 -37.224 -33.766
v 23.992 -37.224 -32.886
v 24.170 -36.758 -33.174
v 23.814 -36.758 -33.174
v 24.280 -37.046 -32.996
v 23.704 -37.046 -32.996
v 24.280 -37.403 -32.996
v 23.704 -37.403 -32.996
v 23.814 -37.691 -33.174
v 24.170 -37.691 -33.174
v 23.992 -36.648 -33.462
v 24.459 -36.936 -33.284
v 24.170 -36.758 -33.751
v 24.459 -36.936 -33.641
v 23.525 -36.936 -33.284
v 23.814 -36.758 -33.751
v 23.525 -36.936 -33.641
v 24.459 -37.513 -33.284
v 24.569 -37.224 -33.462
v 23.525 -37.513 -33.284
v 23.415 -37.224 -33.462
v 23.992 -37.224 -34.039
v 23.814 -37.691 -33.751
v 24.170 -37.691 -33.751
v 23.704 -37.403 -33.929
v 24.280 -37.403 -33.929
v 23.704 -37.046 -33.929
v 24.280 -37.046 -33.929
v 23.992 -37.801 -33.462
v 23.525 -37.513 -33.641
v 24.459 -37.513 -33.641
f 6373 6389 6385
f 6389 6378 6391
f 6389 6391 6385
f 6385 6391 6374
f 6373 6387 6389
f 6387 6376 6398
f 6387 6398 6389
f 6389 6398 6378
f 6373 6386 6387
f 6386 6375 6394
f 6386 6394 6387
f 6387 6394 6376
f 6373 6388 6386
f 6388 6377 6395
f 6388 6395 6386
f 6386 6395 6375
f 6373 6385 6388
f 6385 6374 6390
f 6385 6390 6388
f 6388 6390 6377
f 6374 6391 6392
f 6391 6378 6403
f 6391 6403 6392
f 6392 6403 6381
f 6378 6398 6404
f 6398 6376 6400
f 6398 6400 6404
f 6404 6400 6383
f 6376 6394 6399
f 6394 6375 6396
f 6394 6396 6399
f 6399 6396 6380
f 6375 6395 6397
f 6395 6377 6402
f 6395 6402 6397
f 6397 6402 6384
f 6377 6390 6401
f 6390 6374 6393
f 6390 6393 6401
f 6401 6393 6382
f 6380 6411 6405
f 6411 6384 6409
f 6411 6409 6405
f 6405 6409 6379
f 6384 6414 6409
f 6414 6382 6407
f 6414 6407 6409
f 6409 6407 6379
f 6382 6412 6407
f 6412 6381 6406
f 6412 6406 6407
f 6407 6406 6379
f 6381 6413 6406
f 6413 6383 6408
f 6413 6408 6406
f 6406 6408 6379
f 6383 6410 6408
f 6410 6380 6405
f 6410 6405 6408
f 6408 6405 6379
f 6375 6397 6396
f 6397 6384 6411
f 6397 6411 6396
f 6396 6411 6380
f 6377 6401 6402
f 6401 6382 6414
f 6401 6414 6402
f 6402 6414 6384
f 6374 6392 6393
f 6392 6381 6412
f 6392 6412 6393
f 6393 6412 6382
f 6378 6404 6403
f 6404 6383 6413
f 6404 6413 6403
f 6403 6413 6381
f 6376 6399 6400
f 6399 6380 6410
f 6399 6410 6400
f 6400 6410 6383
v -49.989 48.259 -39.155
v -49.989 47.718 -39.155
v -49.719 48.426 -39.592
v -50.260 48.426 -39.592
v -49.551 47.989 -39.322
v -50.427 47.989 -39.322
v -49.989 47.718 -40.030
v -49.989 48.259 -40.030
v -50.260 47.551 -39.592
v -49.719 47.551 -39.592
v -50.427 47.989 -39.863
v -49.551 47.989 -39.863
v -49.989 47.989 -39.078
v -49.830 48.405 -39.335
v -50.148 48.405 -39.335
v -49.732 48.148 -39.176
v -50.246 48.148 -39.176
v -49.732 47.830 -39.176
v -50.246 47.830 -39.176
v -50.148 47.572 -39.335
v -49.830 47.572 -39.335
v -49.989 48.503 -39.592
v -49.573 48.246 -39.433
v -49.830 48.405 -39.849
v -49.573 48.246 -39.751
v -50.405 48.246 -39.433
v -50.148 48.405 -39.849
v -50.405 48.246 -39.751
v -49.573 47.731 -39.433
v -49.475 47.989 -39.592
v -50.405 47.731 -39.433
v -50.503 47.989 -39.592
v -49.989 47.989 -40.107
v -50.148 47.572 -39.849
v -49.830 47.572 -39.849
v -50.246 47.830 -40.008
v -49.732 47.830 -40.008
v -50.246 48.148 -40.008
v -49.732 48.148 -40.008
v -49.989 47.474 -39.592
v -50.405 47.731 -39.751
v -49.573 47.731 -39.751
f 6415 6431 6427
f 6431 6420 6433
f 6431 6433 6427
f 6427 6433 6416
f 6415 6429 6431
f 6429 6418 6440
f 6429 6440 6431
f 6431 6440 6420
f 6415 6428 6429
f 6428 6417 6436
f 6428 6436 6429
f 6429 6436 6418
f 6415 6430 6428
f 6430 6419 6437
f 6430 6437 6428
f 6428 6437 6417
f 6415 6427 6430
f 6427 6416 6432
f 6427 6432 6430
f 6430 6432 6419
f 6416 6433 6434
f 6433 6420 6445
f 6433 6445 6434
f 6434 6445 6423
f 6420 6440 6446
f 6440 6418 6442
f 6440 6442 6446
f 6446 6442 6425
f 6418 6436 6441
f 6436 6417 6438
f 6436 6438 6441
f 6441 6438 6422
f 6417 6437 6439
f 6437 6419 6444
f 6437 6444 6439
f 6439 6444 6426
f 6419 6432 6443
f 6432 6416 6435
f 6432 6435 6443
f 6443 6435 6424
f 6422 6453 6447
f 6453 6426 6451
f 6453 6451 6447
f 6447 6451 6421
f 6426 6456 6451
f 6456 6424 6449
f 6456 6449 6451
f 6451 6449 6421
f 6424 6454 6449
f 6454 6423 6448
f 6454 6448 6449
f 6449 6448 6421
f 6423 6455 6448
f 6455 6425 6450
f 6455 6450 6448
f 6448 6450 6421
f 6425 6452 6450
f 6452 6422 6447
f 6452 6447 6450
f 6450 6447 6421
f 6417 6439 6438
f 6439 6426 6453
f 6439 6453 6438
f 6438 6453 6422
f 6419 6443 6444
f 6443 6424 6456
f 6443 6456 6444
f 6444 6456 6426
f 6416 6434 6435
f 6434 6423 6454
f 6434 6454 6435
f 6435 6454 6424
f 6420 6446 6445
f 6446 6425 6455
f 6446 6455 6445
f 6445 6455 6423
f 6418 6441 6442
f 6441 6422 6452
f 6441 6452 6442
f 6442 6452 6425
v 19.985 19.550 -36.253
v 19.985 19.009 -36.253
v 20.255 19.717 -36.690
v 19.714 19.717 -36.690
v 20.422 19.280 -36.420
v 19.547 19.280 -36.420
v 19.985 19.009 -37.128
v 19.985 19.550 -37.128
v 19.714 18.842 -36.690
v 20.255 18.842 -36.690
v 19.547 19.280 -36.961
v 20.422 19.280 -36.961
v 19.985 19.280 -36.176
v 20.144 19.696 -36.433
v 19.826 19.696 -36.433
v 20.242 19.439 -36.274
v 19.727 19.439 -36.274
v 20.242 19.121 -36.274
v 19.727 19.121 -36.274
v 19.826 18.863 -36.433
v 20.144 18.863 -36.433
v 19.985 19.794 -36.690
v 20.401 19.537 -36.531
v 20.144 19.696 -36.947
v 20.401 19.537 -36.849
v 19.568 19.537 -36.531
v 19.826 19.696 -36.947
v 19.568 19.537 -36.849
v 20.401 19.022 -36.531
v 20.499 19.280 -36.690
v 19.568 19.022 -36.531
v 19.470 19.280 -36.690
v 19.985 19.280 -37.205
v 19.826 18.863 -36.947
v 20.144 18.863 -36.947
v 19.727 19.121 -37.106
v 20.242 19.121 -37.106
v 19.727 19.439 -37.106
v 20.242 19.439 -37.106
v 19.985 18.765 -36.690
v 19.568 19.022 -36.849
v 20.401 19.022 -36.849
f 6457 6473 6469
f 6473 6462 6475
f 6473 6475 6469
f 6469 6475 6458
f 6457 6471 6473
f 6471 6460 6482
f 6471 6482 6473
f 6473 6482 6462
f 6457 6470 6471
f 6470 6459 6478
f 6470 6478 6471
f 6471 6478 6460
f 6457 6472 6470
f 6472 6461 6479
f 6472 6479 6470
f 6470 6479 6459
f 6457 6469 6472
f 6469 6458 6474
f 6469 6474 6472
f 6472 6474 6461
f 6458 6475 6476
f 6475 6462 6487
f 6475 6487 6476
f 6476 6487 6465
f 6462 6482 6488
f 6482 6460 6484
f 6482 6484 6488
f 6488 6484 6467
f 6460 6478 6483
f 6478 6459 6480
f 6478 6480 6483
f 6483 6480 6464
f 6459 6479 6481
f 6479 6461 6486
f 6479 6486 6481
f 6481 6486 6468
f 6461 6474 6485
f 6474 6458 6477
f 6474 6477 6485
f 6485 6477 6466
f 6464 6495 6489
f 6495 6468 6493
f 6495 6493 6489
f 6489 6493 6463
f 6468 6498 6493
f 6498 6466 6491
f 6498 6491 6493
f 6493 6491 6463
f 6466 6496 6491
f 6496 6465 6490
f 6496 6490 6491
f 6491 6490 6463
f 6465 6497 6490
f 6497 6467 6492
f 6497 6492 6490
f 6490 6492 6463
f 6467 6494 6492
f 6494 6464 6489
f 6494 6489 6492
f 6492 6489 6463
f 6459 6481 6480
f 6481 6468 6495
f 6481 6495 6480
f 6480 6495 6464
f 6461 6485 6486
f 6485 6466 6498
f 6485 6498 6486
f 6486 6498 6468
f 6458 6476 6477
f 6476 6465 6496
f 6476 6496 6477
f 6477 6496 6466
f 6462 6488 6487
f 6488 6467 6497
f 6488 6497 6487
f 6487 6497 6465
f 6460 6483 6484
f 6483 6464 6494
f 6483 6494 6484
f 6484 6494 6467
v -68.192 -3.336 -31.579
v -68.192 -3.963 -31.579
v -67.879 -3.142 -32.086
v -68.506 -3.142 -32.086
v -67.685 -3.649 -31.772
v -68.699 -3.649 -31.772
v -68.192 -3.963 -32.593
v -68.192 -3.336 -32.593
v -68.506 -4.157 -32.086
v -67.879 -4.157 -32.086
v -68.699 -3.649 -32.399
v -67.685 -3.649 -32.399
v -68.192 -3.649 -31.490
v -68.008 -3.167 -31.788
v -68.377 -3.167 -31.788
v -67.894 -3.465 -31.604
v -68.490 -3.465 -31.604
v -67.894 -3.834 -31.604
v -68.490 -3.834 -31.604
v -68.377 -4.132 -31.788
v -68.008 -4.132 -31.788
v -68.192 -3.053 -32.086
v -67.710 -3.351 -31.902
v -68.008 -3.167 -32.384
v -67.710 -3.351 -32.270
v -68.675 -3.351 -31.902
v -68.377 -3.167 -32.384
v -68.675 -3.351 -32.270
v -67.710 -3.948 -31.902
v -67.596 -3.649 -32.086
v -68.675 -3.948 -31.902
v -68.789 -3.649 -32.086
v -68.192 -3.649 -32.682
v -68.377 -4.132 -32.384
v -68.008 -4.132 -32.384
v -68.490 -3.834 -32.568
v -67.894 -3.834 -32.568
v -68.490 -3.465 -32.568
v -67.894 -3.465 -32.568
v -68.192 -4.246 -32.086
v -68.675 -3.948 -32.270
v -67.710 -3.948 -32.270
f 6499 6515 6511
f 6515 6504 6517
f 6515 6517 6511
f 6511 6517 6500
f 6499 6513 6515
f 6513 6502 6524
f 6513 6524 6515
f 6515 6524 6504
f 6499 6512 6513
f 6512 6501 6520
f 6512 6520 6513
f 6513 6520 6502
f 6499 6514 6512
f 6514 6503 6521
f 6514 6521 6512
f 6512 6521 6501
f 6499 6511 6514
f 6511 6500 6516
f 6511 6516 6514
f 6514 6516 6503
f 6500 6517 6518
f 6517 6504 6529
f 6517 6529 6518
f 6518 6529 6507
f 6504 6524 6530
f 6524 6502 6526
f 6524 6526 6530
f 6530 6526 6509
f 6502 6520 6525
f 6520 6501 6522
f 6520 6522 6525
f 6525 6522 6506
f 6501 6521 6523
f 6521 6503 6528
f 6521 6528 6523
f 6523 6528 6510
f 6503 6516 6527
f 6516 6500 6519
f 6516 6519 6527
f 6527 6519 6508
f 6506 6537 6531
f 6537 6510 6535
f 6537 6535 6531
f 6531 6535 6505
f 6510 6540 6535
f 6540 6508 6533
f 6540 6533 6535
f 6535 6533 6505
f 6508 6538 6533
f 6538 6507 6532
f 6538 6532 6533
f 6533 6532 6505
f 6507 6539 6532
f 6539 6509 6534
f 6539 6534 6532
f 6532 6534 6505
f 6509 6536 6534
f 6536 6506 6531
f 6536 6531 6534
f 6534 6531 6505
f 6501 6523 6522
f 6523 6510 6537
f 6523 6537 6522
f 6522 6537 6506
f 6503 6527 6528
f 6527 6508 6540
f 6527 6540 6528
f 6528 6540 6510
f 6500 6518 6519
f 6518 6507 6538
f 6518 6538 6519
f 6519 6538 6508
f 6504 6530 6529
f 6530 6509 6539
f 6530 6539 6529
f 6529 6539 6507
f 6502 6525 6526
f 6525 6506 6536
f 6525 6536 6526
f 6526 6536 6509
v -56.336 34.301 -32.326
v -56.336 33.654 -32.326
v -56.013 34.501 -32.849
v -56.659 34.501 -32.849
v -55.813 33.977 -32.526
v -56.859 33.977 -32.526
v -56.336 33.654 -33.372
v -56.336 34.301 -33.372
v -56.659 33.454 -32.849
v -56.013 33.454 -32.849
v -56.859 33.977 -33.172
v -55.813 33.977 -33.172
v -56.336 33.977 -32.234
v -56.146 34.475 -32.542
v -56.526 34.475 -32.542
v -56.029 34.168 -32.352
v -56.644 34.168 -32.352
v -56.029 33.787 -32.352
v -56.644 33.787 -32.352
v -56.526 33.480 -32.542
v -56.146 33.480 -32.542
v -56.336 34.593 -32.849
v -55.838 34.285 -32.659
v -56.146 34.475 -33.157
v -55.838 34.285 -33.039
v -56.834 34.285 -32.659
v -56.526 34.475 -33.157
v -56.834 34.285 -33.039
v -55.838 33.670 -32.659
v -55.721 33.977 -32.849
v -56.834 33.670 -32.659
v -56.951 33.977 -32.849
v -56.336 33.977 -33.464
v -56.526 33.480 -33.157
v -56.146 33.480 -33.157
v -56.644 33.787 -33.347
v -56.029 33.787 -33.347
v -56.644 34.168 -33.347
v -56.029 34.168 -33.347
v -56.336 33.362 -32.849
v -56.834 33.670 -33.039
v -55.838 33.670 -33.039
f 6541 6557 6553
f 6557 6546 6559
f 6557 6559 6553
f 6553 6559 6542
f 6541 6555 6557
f 6555 6544 6566
f 6555 6566 6557
f 6557 6566 6546
f 6541 6554 6555
f 6554 6543 6562
f 6554 6562 6555
f 6555 6562 6544
f 6541 6556 6554
f 6556 6545 6563
f 6556 6563 6554
f 6554 6563 6543
f 6541 6553 6556
f 6553 6542 6558
f 6553 6558 6556
f 6556 6558 6545
f 6542 6559 6560
f 6559 6546 6571
f 6559 6571 6560
f 6560 6571 6549
f 6546 6566 6572
f 6566 6544 6568
f 6566 6568 6572
f 6572 6568 6551
f 6544 6562 6567
f 6562 6543 6564
f 6562 6564 6567
f 6567 6564 6548
f 6543 6563 6565
f 6563 6545 6570
f 6563 6570 6565
f 6565 6570 6552
f 6545 6558 6569
f 6558 6542 6561
f 6558 6561 6569
f 6569 6561 6550
f 6548 6579 6573
f 6579 6552 6577
f 6579 6577 6573
f 6573 6577 6547
f 6552 6582 6577
f 6582 6550 6575
f 6582 6575 6577
f 6577 6575 6547
f 6550 6580 6575
f 6580 6549 6574
f 6580 6574 6575
f 6575 6574 6547
f 6549 6581 6574
f 6581 6551 6576
f 6581 6576 6574
f 6574 6576 6547
f 6551 6578 6576
f 6578 6548 6573
f 6578 6573 6576
f 6576 6573 6547
f 6543 6565 6564
f 6565 6552 6579
f 6565 6579 6564
f 6564 6579 6548
f 6545 6569 6570
f 6569 6550 6582
f 6569 6582 6570
f 6570 6582 6552
f 6542 6560 6561
f 6560 6549 6580
f 6560 6580 6561
f 6561 6580 6550
f 6546 6572 6571
f 6572 6551 6581
f 6572 6581 6571
f 6571 6581 6549
f 6544 6567 6568
f 6567 6548 6578
f 6567 6578 6568
f 6568 6578 6551
v 25.798 -36.997 -22.411
v 25.798 -37.624 -22.411
v 26.112 -36.803 -22.918
v 25.485 -36.803 -22.918
v 26.305 -37.310 -22.605
v 25.291 -37.310 -22.605
v 25.798 -37.624 -23.426
v 25.798 -36.997 -23.426
v 25.485 -37.818 -22.918
v 26.112 -37.818 -22.918
v 25.291 -37.310 -23.232
v 26.305 -37.310 -23.232
v 25.798 -37.310 -22.322
v 25.983 -36.828 -22.620
v 25.614 -36.828 -22.620
v 26.096 -37.126 -22.436
v 25.500 -37.126 -22.436
v 26.096 -37.495 -22.436
v 25.500 -37.495 -22.436
v 25.614 -37.793 -22.620
v 25.983 -37.793 -22.620
v 25.798 -36.714 -22.918
v 26.281 -37.012 -22.734
v 25.983 -36.828 -23.217
v 26.281 -37.012 -23.103
v 25.316 -37.012 -22.734
v 25.614 -36.828 -23.217
v 25.316 -37.012 -23.103
v 26.281 -37.608 -22.734
v 26.395 -37.310 -22.918
v 25.316 -37.608 -22.734
v 25.202 -37.310 -22.918
v 25.798 -37.310 -23.515
v 25.614 -37.793 -23.217
v 25.983 -37.793 -23.217
v 25.500 -37.495 -23.401
v 26.096 -37.495 -23.401
v 25.500 -37.126 -23.401
v 26.096 -37.126 -23.401
v 25.798 -37.907 -22.918
v 25.316 -37.608 -23.103
v 26.281 -37.608 -23.103
f 6583 6599 6595
f 6599 6588 6601
f 6599 6601 6595
f 6595 6601 6584
f 6583 6597 6599
f 6597 6586 6608
f 6597 6608 6599
f 6599 6608 6588
f 6583 6596 6597
f 6596 6585 6604
f 6596 6604 6597
f 6597 6604 6586
f 6583 6598 6596
f 6598 6587 6605
f 6598 6605 6596
f 6596 6605 6585
f 6583 6595 6598
f 6595 6584 6600
f 6595 6600 6598
f 6598 6600 6587
f 6584 6601 6602
f 6601 6588 6613
f 6601 6613 6602
f 6602 6613 6591
f 6588 6608 6614
f 6608 6586 6610
f 6608 6610 6614
f 6614 6610 6593
f 6586 6604 6609
f 6604 6585 6606
f 6604 6606 6609
f 6609 6606 6590
f 6585 6605 6607
f 6605 6587 6612
f 6605 6612 6607
f 6607 6612 6594
f 6587 6600 6611
f 6600 6584 6603
f 6600 6603 6611
f 6611 6603 6592
f 6590 6621 6615
f 6621 6594 6619
f 6621 6619 6615
f 6615 6619 6589
f 6594 6624 6619
f 6624 6592 6617
f 6624 6617 6619
f 6619 6617 6589
f 6592 6622 6617
f 6622 6591 6616
f 6622 6616 6617
f 6617 6616 6589
f 6591 6623 6616
f 6623 6593 6618
f 6623 6618 6616
f 6616 6618 6589
f 6593 6620 6618
f 6620 6590 6615
f 6620 6615 6618
f 6618 6615 6589
f 6585 6607 6606
f 6607 6594 6621
f 6607 6621 6606
f 6606 6621 6590
f 6587 6611 6612
f 6611 6592 6624
f 6611 6624 6612
f 6612 6624 6594
f 6584 6602 6603
f 6602 6591 6622
f 6602 6622 6603
f 6603 6622 6592
f 6588 6614 6613
f 6614 6593 6623
f 6614 6623 6613
f 6613 6623 6591
f 6586 6609 6610
f 6609 6590 6620
f 6609 6620 6610
f 6610 6620 6593
v -6.551 5.151 -20.226
v -6.551 4.504 -20.226
v -6.228 5.351 -20.749
v -6.875 5.351 -20.749
v -6.028 4.828 -20.426
v -7.075 4.828 -20.426
v -6.551 4.504 -21.272
v -6.551 5.151 -21.272
v -6.875 4.304 -20.749
v -6.228 4.304 -20.749
v -7.075 4.828 -21.072
v -6.028 4.828 -21.072
v -6.551 4.828 -20.134
v -6.361 5.325 -20.441
v -6.741 5.325 -20.441
v -6.244 5.018 -20.251
v -6.859 5.018 -20.251
v -6.244 4.637 -20.251
v -6.859 4.637 -20.251
v -6.741 4.330 -20.441
v -6.361 4.330 -20.441
v -6.551 5.443 -20.749
v -6.054 5.135 -20.559
v -6.361 5.325 -21.056
v -6.054 5.135 -20.939
v -7.049 5.135 -20.559
v -6.741 5.325 -21.056
v -7.049 5.135 -20.939
v -6.054 4.520 -20.559
v -5.936 4.828 -20.749
v -7.049 4.520 -20.559
v -7.166 4.828 -20.749
v -6.551 4.828 -21.364
v -6.741 4.330 -21.056
v -6.361 4.330 -21.056
v -6.859 4.637 -21.246
v -6.244 4.637 -21.246
v -6.859 5.018 -21.246
v -6.244 5.018 -21.246
v -6.551 4.212 -20.749
v -7.049 4.520 -20.939
v -6.054 4.520 -20.939
f 6625 6641 6637
f 6641 6630 6643
f 6641 6643 6637
f 6637 6643 6626
f 6625 6639 6641
f 6639 6628 6650
f 6639 6650 6641
f 6641 6650 6630
f 6625 6638 6639
f 6638 6627 6646
f 6638 6646 6639
f 6639 6646 6628
f 6625 6640 6638
f 6640 6629 6647
f 6640 6647 6638
f 6638 6647 6627
f 6625 6637 6640
f 6637 6626 6642
f 6637 6642 6640
f 6640 6642 6629
f 6626 6643 6644
f 6643 6630 6655
f 6643 6655 6644
f 6644 6655 6633
f 6630 6650 6656
f 6650 6628 6652
f 6650 6652 6656
f 6656 6652 6635
f 6628 6646 6651
f 6646 6627 6648
f 6646 6648 6651
f 6651 6648 6632
f 6627 6647 6649
f 6647 6629 6654
f 6647 6654 6649
f 6649 6654 6636
f 6629 6642 6653
f 6642 6626 6645
f 6642 6645 6653
f 6653 6645 6634
f 6632 6663 6657
f 6663 6636 6661
f 6663 6661 6657
f 6657 6661 6631
f 6636 6666 6661
f 6666 6634 6659
f 6666 6659 6661
f 6661 6659 6631
f 6634 6664 6659
f 6664 6633 6658
f 6664 6658 6659
f 6659 6658 6631
f 6633 6665 6658
f 6665 6635 6660
f 6665 6660 6658
f 6658 6660 6631
f 6635 6662 6660
f 6662 6632 6657
f 6662 6657 6660
f 6660 6657 6631
f 6627 6649 6648
f 6649 6636 6663
f 6649 6663 6648
f 6648 6663 6632
f 6629 6653 6654
f 6653 6634 6666
f 6653 6666 6654
f 6654 6666 6636
f 6626 6644 6645
f 6644 6633 6664
f 6644 6664 6645
f 6645 6664 6634
f 6630 6656 6655
f 6656 6635 6665
f 6656 6665 6655
f 6655 6665 6633
f 6628 6651 6652
f 6651 6632 6662
f 6651 6662 6652
f 6652 6662 6635
v -11.350 14.935 -29.332
v -11.350 14.288 -29.332
v -11.027 15.134 -29.855
v -11.673 15.134 -29.855
v -10.827 14.611 -29.532
v -11.873 14.611 -29.532
v -11.350 14.288 -30.378
v -11.350 14.935 -30.378
v -11.673 14.088 -29.855
v -11.027 14.088 -29.855
v -11.873 14.611 -30.179
v -10.827 14.611 -30.179
v -11.350 14.611 -29.240
v -11.160 15.109 -29.548
v -11.540 15.109 -29.548
v -11.042 14.801 -29.358
v -11.657 14.801 -29.358
v -11.042 14.421 -29.358
v -11.657 14.421 -29.358
v -11.540 14.114 -29.548
v -11.160 14.114 -29.548
v -11.350 15.226 -29.855
v -10.852 14.919 -29.665
v -11.160 15.109 -30.163
v -10.852 14.919 -30.045
v -11.847 14.919 -29.665
v -11.540 15.109 -30.163
v -11.847 14.919 -30.045
v -10.852 14.304 -29.665
v -10.735 14.611 -29.855
v -11.847 14.304 -29.665
v -11.965 14.611 -29.855
v -11.350 14.611 -30.470
v -11.540 14.114 -30.163
v -11.160 14.114 -30.163
v -11.657 14.421 -30.353
v -11.042 14.421 -30.353
v -11.657 14.801 -30.353
v -11.042 14.801 -30.353
v -11.350 13.996 -29.855
v -11.847 14.304 -30.045
v -10.852 14.304 -30.045
f 6667 6683 6679
f 6683 6672 6685
f 6683 6685 6679
f 6679 6685 6668
f 6667 6681 6683
f 6681 6670 6692
f 6681 6692 6683
f 6683 6692 6672
f 6667 6680 6681
f 6680 6669 6688
f 6680 6688 6681
f 6681 6688 6670
f 6667 6682 6680
f 6682 6671 6689
f 6682 6689 6680
f 6680 6689 6669
f 6667 6679 6682
f 6679 6668 6684
f 6679 6684 6682
f 6682 6684 6671
f 6668 6685 6686
f 6685 6672 6697
f 6685 6697 6686
f 6686 6697 6675
f 6672 6692 6698
f 6692 6670 6694
f 6692 6694 6698
f 6698 6694 6677
f 6670 6688 6693
f 6688 6669 6690
f 6688 6690 6693
f 6693 6690 6674
f 6669 6689 6691
f 6689 6671 6696
f 6689 6696 6691
f 6691 6696 6678
f 6671 6684 6695
f 6684 6668 6687
f 6684 6687 6695
f 6695 6687 6676
f 6674 6705 6699
f 6705 6678 6703
f 6705 6703 6699
f 6699 6703 6673
f 6678 6708 6703
f 6708 6676 6701
f 6708 6701 6703
f 6703 6701 6673
f 6676 6706 6701
f 6706 6675 6700
f 6706 6700 6701
f 6701 6700 6673
f 6675 6707 6700
f 6707 6677 6702
f 6707 6702 6700
f 6700 6702 6673
f 6677 6704 6702
f 6704 6674 6699
f 6704 6699 6702
f 6702 6699 6673
f 6669 6691 6690
f 6691 6678 6705
f 6691 6705 6690
f 6690 6705 6674
f 6671 6695 6696
f 6695 6676 6708
f 6695 6708 6696
f 6696 6708 6678
f 6668 6686 6687
f 6686 6675 6706
f 6686 6706 6687
f 6687 6706 6676
f 6672 6698 6697
f 6698 6677 6707
f 6698 6707 6697
f 6697 6707 6675
f 6670 6693 6694
f 6693 6674 6704
f 6693 6704 6694
f 6694 6704 6677
v 60.157 -33.540 -15.408
v 60.157 -34.125 -15.408
v 60.450 -33.359 -15.881
v 59.865 -33.359 -15.881
v 60.631 -33.832 -15.589
v 59.684 -33.832 -15.589
v 60.157 -34.125 -16.355
v 60.157 -33.540 -16.355
v 59.865 -34.306 -15.881
v 60.450 -34.306 -15.881
v 59.684 -33.832 -16.174
v 60.631 -33.832 -16.174
v 60.157 -33.832 -15.325
v 60.329 -33.382 -15.603
v 59.985 -33.382 -15.603
v 60.436 -33.660 -15.431
v 59.879 -33.660 -15.431
v 60.436 -34.004 -15.431
v 59.879 -34.004 -15.431
v 59.985 -34.283 -15.603
v 60.329 -34.283 -15.603
v 60.157 -33.276 -15.881
v 60.608 -33.554 -15.709
v 60.329 -33.382 -16.160
v 60.608 -33.554 -16.054
v 59.707 -33.554 -15.709
v 59.985 -33.382 -16.160
v 59.707 -33.554 -16.054
v 60.608 -34.111 -15.709
v 60.714 -33.832 -15.881
v 59.707 -34.111 -15.709
v 59.600 -33.832 -15.881
v 60.157 -33.832 -16.438
v 59.985 -34.283 -16.160
v 60.329 -34.283 -16.160
v 59.879 -34.004 -16.332
v 60.436 -34.004 -16.332
v 59.879 -33.660 -16.332
v 60.436 -33.660 -16.332
v 60.157 -34.389 -15.881
v 59.707 -34.111 -16.054
v 60.608 -34.111 -16.054
f 6709 6725 6721
f 6725 6714 6727
f 6725 6727 6721
f 6721 6727 6710
f 6709 6723 6725
f 6723 6712 6734
f 6723 6734 6725
f 6725 6734 6714
f 6709 6722 6723
f 6722 6711 6730
f 6722 6730 6723
f 6723 6730 6712
f 6709 6724 6722
f 6724 6713 6731
f 6724 6731 6722
f 6722 6731 6711
f 6709 6721 6724
f 6721 6710 6726
f 6721 6726 6724
f 6724 6726 6713
f 6710 6727 6728
f 6727 6714 6739
f 6727 6739 6728
f 6728 6739 6717
f 6714 6734 6740
f 6734 6712 6736
f 6734 6736 6740
f 6740 6736 6719
f 6712 6730 6735
f 6730 6711 6732
f 6730 6732 6735
f 6735 6732 6716
f 6711 6731 6733
f 6731 6713 6738
f 6731 6738 6733
f 6733 6738 6720
f 6713 6726 6737
f 6726 6710 6729
f 6726 6729 6737
f 6737 6729 6718
f 6716 6747 6741
f 6747 6720 6745
f 6747 6745 6741
f 6741 6745 6715
f 6720 6750 6745
f 6750 6718 6743
f 6750 6743 6745
f 6745 6743 6715
f 6718 6748 6743
f 6748 6717 6742
f 6748 6742 6743
f 6743 6742 6715
f 6717 6749 6742
f 6749 6719 6744
f 6749 6744 6742
f 6742 6744 6715
f 6719 6746 6744
f 6746 6716 6741
f 6746 6741 6744
f 6744 6741 6715
f 6711 6733 6732
f 6733 6720 6747
f 6733 6747 6732
f 6732 6747 6716
f 6713 6737 6738
f 6737 6718 6750
f 6737 6750 6738
f 6738 6750 6720
f 6710 6728 6729
f 6728 6717 6748
f 6728 6748 6729
f 6729 6748 6718
f 6714 6740 6739
f 6740 6719 6749
f 6740 6749 6739
f 6739 6749 6717
f 6712 6735 6736
f 6735 6716 6746
f 6735 6746 6736
f 6736 6746 6719
v 57.632 -14.386 -25.072
v 57.632 -14.972 -25.072
v 57.925 -14.205 -25.545
v 57.339 -14.205 -25.545
v 58.105 -14.679 -25.252
v 57.158 -14.679 -25.252
v 57.632 -14.972 -26.019
v 57.632 -14.386 -26.019
v 57.339 -15.153 -25.545
v 57.925 -15.153 -25.545
v 57.158 -14.679 -25.838
v 58.105 -14.679 -25.838
v 57.632 -14.679 -24.988
v 57.804 -14.229 -25.267
v 57.460 -14.229 -25.267
v 57.910 -14.507 -25.095
v 57.353 -14.507 -25.095
v 57.910 -14.851 -25.095
v 57.353 -14.851 -25.095
v 57.460 -15.129 -25.267
v 57.804 -15.129 -25.267
v 57.632 -14.122 -25.545
v 58.082 -14.401 -25.373
v 57.804 -14.229 -25.824
v 58.082 -14.401 -25.717
v 57.181 -14.401 -25.373
v 57.460 -14.229 -25.824
v 57.181 -14.401 -25.717
v 58.082 -14.957 -25.373
v 58.189 -14.679 -25.545
v 57.181 -14.957 -25.373
v 57.075 -14.679 -25.545
v 57.632 -14.679 -26.102
v 57.460 -15.129 -25.824
v 57.804 -15.129 -25.824
v 57.353 -14.851 -25.996
v 57.910 -14.851 -25.996
v 57.353 -14.507 -25.996
v 57.910 -14.507 -25.996
v 57.632 -15.236 -25.545
v 57.181 -14.957 -25.717
v 58.082 -14.957 -25.717
f 6751 6767 6763
f 6767 6756 6769
f 6767 6769 6763
f 6763 6769 6752
f 6751 6765 6767
f 6765 6754 6776
f 6765 6776 6767
f 6767 6776 6756
f 6751 6764 6765
f 6764 6753 6772
f 6764 6772 6765
f 6765 6772 6754
f 6751 6766 6764
f 6766 6755 6773
f 6766 6773 6764
f 6764 6773 6753
f 6751 6763 6766
f 6763 6752 6768
f 6763 6768 6766
f 6766 6768 6755
f 6752 6769 6770
f 6769 6756 6781
f 6769 6781 6770
f 6770 6781 6759
f 6756 6776 6782
f 6776 6754 6778
f 6776 6778 6782
f 6782 6778 6761
f 6754 6772 6777
f 6772 6753 6774
f 6772 6774 6777
f 6777 6774 6758
f 6753 6773 6775
f 6773 6755 6780
f 6773 6780 6775
f 6775 6780 6762
f 6755 6768 6779
f 6768 6752 6771
f 6768 6771 6779
f 6779 6771 6760
f 6758 6789 6783
f 6789 6762 6787
f 6789 6787 6783
f 6783 6787 6757
f 6762 6792 6787
f 6792 6760 6785
f 6792 6785 6787
f 6787 6785 6757
f 6760 6790 6785
f 6790 6759 6784
f 6790 6784 6785
f 6785 6784 6757
f 6759 6791 6784
f 6791 6761 6786
f 6791 6786 6784
f 6784 6786 6757
f 6761 6788 6786
f 6788 6758 6783
f 6788 6783 6786
f 6786 6783 6757
f 6753 6775 6774
f 6775 6762 6789
f 6775 6789 6774
f 6774 6789 6758
f 6755 6779 6780
f 6779 6760 6792
f 6779 6792 6780
f 6780 6792 6762
f 6752 6770 6771
f 6770 6759 6790
f 6770 6790 6771
f 6771 6790 6760
f 6756 6782 6781
f 6782 6761 6791
f 6782 6791 6781
f 6781 6791 6759
f 6754 6777 6778
f 6777 6758 6788
f 6777 6788 6778
f 6778 6788 6761
v 75.821 -13.983 -19.451
v 75.821 -14.568 -19.451
v 76.114 -13.802 -19.925
v 75.529 -13.802 -19.925
v 76.295 -14.276 -19.632
v 75.348 -14.276 -19.632
v 75.821 -14.568 -20.399
v 75.821 -13.983 -20.399
v 75.529 -14.749 -19.925
v 76.114 -14.749 -19.925
v 75.348 -14.276 -20.218
v 76.295 -14.276 -20.218
v 75.821 -14.276 -19.368
v 75.994 -13.825 -19.646
v 75.649 -13.825 -19.646
v 76.100 -14.103 -19.474
v 75.543 -14.103 -19.474
v 76.100 -14.448 -19.474
v 75.543 -14.448 -19.474
v 75.649 -14.726 -19.646
v 75.994 -14.726 -19.646
v 75.821 -13.719 -19.925
v 76.272 -13.997 -19.753
v 75.994 -13.825 -20.203
v 76.272 -13.997 -20.097
v 75.371 -13.997 -19.753
v 75.649 -13.825 -20.203
v 75.371 -13.997 -20.097
v 76.272 -14.554 -19.753
v 76.378 -14.276 -19.925
v 75.371 -14.554 -19.753
v 75.265 -14.276 -19.925
v 75.821 -14.276 -20.482
v 75.649 -14.726 -20.203
v 75.994 -14.726 -20.203
v 75.543 -14.448 -20.375
v 76.100 -14.448 -20.375
v 75.543 -14.103 -20.375
v 76.100 -14.103 -20.375
v 75.821 -14.832 -19.925
v 75.371 -14.554 -20.097
v 76.272 -14.554 -20.097
f 6793 6809 6805
f 6809 6798 6811
f 6809 6811 6805
f 6805 6811 6794
f 6793 6807 6809
f 6807 6796 6818
f 6807 6818 6809
f 6809 6818 6798
f 6793 6806 6807
f 6806 6795 6814
f 6806 6814 6807
f 6807 6814 6796
f 6793 6808 6806
f 6808 6797 6815
f 6808 6815 6806
f 6806 6815 6795
f 6793 6805 6808
f 6805 6794 6810
f 6805 6810 6808
f 6808 6810 6797
f 6794 6811 6812
f 6811 6798 6823
f 6811 6823 6812
f 6812 6823 6801
f 6798 6818 6824
f 6818 6796 6820
f 6818 6820 6824
f 6824 6820 6803
f 6796 6814 6819
f 6814 6795 6816
f 6814 6816 6819
f 6819 6816 6800
f 6795 6815 6817
f 6815 6797 6822
f 6815 6822 6817
f 6817 6822 6804
f 6797 6810 6821
f 6810 6794 6813
f 6810 6813 6821
f 6821 6813 6802
f 6800 6831 6825
f 6831 6804 6829
f 6831 6829 6825
f 6825 6829 6799
f 6804 6834 6829
f 6834 6802 6827
f 6834 6827 6829
f 6829 6827 6799
f 6802 6832 6827
f 6832 6801 6826
f 6832 6826 6827
f 6827 6826 6799
f 6801 6833 6826
f 6833 6803 6828
f 6833 6828 6826
f 6826 6828 6799
f 6803 6830 6828
f 6830 6800 6825
f 6830 6825 6828
f 6828 6825 6799
f 6795 6817 6816
f 6817 6804 6831
f 6817 6831 6816
f 6816 6831 6800
f 6797 6821 6822
f 6821 6802 6834
f 6821 6834 6822
f 6822 6834 6804
f 6794 6812 6813
f 6812 6801 6832
f 6812 6832 6813
f 6813 6832 6802
f 6798 6824 6823
f 6824 6803 6833
f 6824 6833 6823
f 6823 6833 6801
f 6796 6819 6820
f 6819 6800 6830
f 6819 6830 6820
f 6820 6830 6803
v 59.444 34.409 -24.059
v 59.444 33.868 -24.059
v 59.714 34.576 -24.496
v 59.173 34.576 -24.496
v 59.881 34.138 -24.226
v 59.006 34.138 -24.226
v 59.444 33.868 -24.934
v 59.444 34.409 -24.934
v 59.173 33.701 -24.496
v 59.714 33.701 -24.496
v 59.006 34.138 -24.767
v 59.881 34.138 -24.767
v 59.444 34.138 -23.982
v 59.603 34.554 -24.239
v 59.285 34.554 -24.239
v 59.701 34.297 -24.080
v 59.187 34.297 -24.080
v 59.701 33.979 -24.080
v 59.187 33.979 -24.080
v 59.285 33.722 -24.239
v 59.603 33.722 -24.239
v 59.444 34.653 -24.496
v 59.860 34.395 -24.337
v 59.603 34.554 -24.754
v 59.860 34.395 -24.655
v 59.028 34.395 -24.337
v 59.285 34.554 -24.754
v 59.028 34.395 -24.655
v 59.860 33.881 -24.337
v 59.958 34.138 -24.496
v 59.028 33.881 -24.337
v 58.929 34.138 -24.496
v 59.444 34.138 -25.011
v 59.285 33.722 -24.754
v 59.603 33.722 -24.754
v 59.187 33.979 -24.912
v 59.701 33.979 -24.912
v 59.187 34.297 -24.912
v 59.701 34.297 -24.912
v 59.444 33.624 -24.496
v 59.028 33.881 -24.655
v 59.860 33.881 -24.655
f 6835 6851 6847
f 6851 6840 6853
f 6851 6853 6847
f 6847 6853 6836
f 6835 6849 6851
f 6849 6838 6860
f 6849 6860 6851
f 6851 6860 6840
f 6835 6848 6849
f 6848 6837 6856
f 6848 6856 6849
f 6849 6856 6838
f 6835 6850 6848
f 6850 6839 6857
f 6850 6857 6848
f 6848 6857 6837
f 6835 6847 6850
f 6847 6836 6852
f 6847 6852 6850
f 6850 6852 6839
f 6836 6853 6854
f 6853 6840 6865
f 6853 6865 6854
f 6854 6865 6843
f 6840 6860 6866
f 6860 6838 6862
f 6860 6862 6866
f 6866 6862 6845
f 6838 6856 6861
f 6856 6837 6858
f 6856 6858 6861
f 6861 6858 6842
f 6837 6857 6859
f 6857 6839 6864
f 6857 6864 6859
f 6859 6864 6846
f 6839 6852 6863
f 6852 6836 6855
f 6852 6855 6863
f 6863 6855 6844
f 6842 6873 6867
f 6873 6846 6871
f 6873 6871 6867
f 6867 6871 6841
f 6846 6876 6871
f 6876 6844 6869
f 6876 6869 6871
f 6871 6869 6841
f 6844 6874 6869
f 6874 6843 6868
f 6874 6868 6869
f 6869 6868 6841
f 6843 6875 6868
f 6875 6845 6870
f 6875 6870 6868
f 6868 6870 6841
f 6845 6872 6870
f 6872 6842 6867
f 6872 6867 6870
f 6870 6867 6841
f 6837 6859 6858
f 6859 6846 6873
f 6859 6873 6858
f 6858 6873 6842
f 6839 6863 6864
f 6863 6844 6876
f 6863 6876 6864
f 6864 6876 6846
f 6836 6854 6855
f 6854 6843 6874
f 6854 6874 6855
f 6855 6874 6844
f 6840 6866 6865
f 6866 6845 6875
f 6866 6875 6865
f 6865 6875 6843
f 6838 6861 6862
f 6861 6842 6872
f 6861 6872 6862
f 6862 6872 6845
v -64.618 -0.657 -23.272
v -64.618 -1.243 -23.272
v -64.325 -0.477 -23.746
v -64.911 -0.477 -23.746
v -64.144 -0.950 -23.453
v -65.092 -0.950 -23.453
v -64.618 -1.243 -24.219
v -64.618 -0.657 -24.219
v -64.911 -1.424 -23.746
v -64.325 -1.424 -23.746
v -65.092 -0.950 -24.038
v -64.144 -0.950 -24.038
v -64.618 -0.950 -23.189
v -64.446 -0.500 -23.467
v -64.790 -0.500 -23.467
v -64.339 -0.778 -23.295
v -64.896 -0.778 -23.295
v -64.339 -1.122 -23.295
v -64.896 -1.122 -23.295
v -64.790 -1.401 -23.467
v -64.446 -1.401 -23.467
v -64.618 -0.393 -23.746
v -64.167 -0.672 -23.574
v -64.446 -0.500 -24.024
v -64.167 -0.672 -23.918
v -65.068 -0.672 -23.574
v -64.790 -0.500 -24.024
v -65.068 -0.672 -23.918
v -64.167 -1.229 -23.574
v -64.061 -0.950 -23.746
v -65.068 -1.229 -23.574
v -65.175 -0.950 -23.746
v -64.618 -0.950 -24.302
v -64.790 -1.401 -24.024
v -64.446 -1.401 -24.024
v -64.896 -1.122 -24.196
v -64.339 -1.122 -24.196
v -64.896 -0.778 -24.196
v -64.339 -0.778 -24.196
v -64.618 -1.507 -23.746
v -65.068 -1.229 -23.918
v -64.167 -1.229 -23.918
f 6877 6893 6889
f 6893 6882 6895
f 6893 6895 6889
f 6889 6895 6878
f 6877 6891 6893
f 6891 6880 6902
f 6891 6902 6893
f 6893 6902 6882
f 6877 6890 6891
f 6890 6879 6898
f 6890 6898 6891
f 6891 6898 6880
f 6877 6892 6890
f 6892 6881 6899
f 6892 6899 6890
f 6890 6899 6879
f 6877 6889 6892
f 6889 6878 6894
f 6889 6894 6892
f 6892 6894 6881
f 6878 6895 6896
f 6895 6882 6907
f 6895 6907 6896
f 6896 6907 6885
f 6882 6902 6908
f 6902 6880 6904
f 6902 6904 6908
f 6908 6904 6887
f 6880 6898 6903
f 6898 6879 6900
f 6898 6900 6903
f 6903 6900 6884
f 6879 6899 6901
f 6899 6881 6906
f 6899 6906 6901
f 6901 6906 6888
f 6881 6894 6905
f 6894 6878 6897
f 6894 6897 6905
f 6905 6897 6886
f 6884 6915 6909
f 6915 6888 6913
f 6915 6913 6909
f 6909 6913 6883
f 6888 6918 6913
f 6918 6886 6911
f 6918 6911 6913
f 6913 6911 6883
f 6886 6916 6911
f 6916 6885 6910
f 6916 6910 6911
f 6911 6910 6883
f 6885 6917 6910
f 6917 6887 6912
f 6917 6912 6910
f 6910 6912 6883
f 6887 6914 6912
f 6914 6884 6909
f 6914 6909 6912
f 6912 6909 6883
f 6879 6901 6900
f 6901 6888 6915
f 6901 6915 6900
f 6900 6915 6884
f 6881 6905 6906
f 6905 6886 6918
f 6905 6918 6906
f 6906 6918 6888
f 6878 6896 6897
f 6896 6885 6916
f 6896 6916 6897
f 6897 6916 6886
f 6882 6908 6907
f 6908 6887 6917
f 6908 6917 6907
f 6907 6917 6885
f 6880 6903 6904
f 6903 6884 6914
f 6903 6914 6904
f 6904 6914 6887
v 25.456 -50.949 -19.882
v 25.456 -51.490 -19.882
v 25.726 -50.782 -20.320
v 25.185 -50.782 -20.320
v 25.893 -51.220 -20.049
v 25.018 -51.220 -20.049
v 25.456 -51.490 -20.757
v 25.456 -50.949 -20.757
v 25.185 -51.657 -20.320
v 25.726 -51.657 -20.320
v 25.018 -51.220 -20.590
v 25.893 -51.220 -20.590
v 25.456 -51.220 -19.805
v 25.615 -50.803 -20.063
v 25.297 -50.803 -20.063
v 25.713 -51.061 -19.904
v 25.198 -51.061 -19.904
v 25.713 -51.379 -19.904
v 25.198 -51.379 -19.904
v 25.297 -51.636 -20.063
v 25.615 -51.636 -20.063
v 25.456 -50.705 -20.320
v 25.872 -50.962 -20.161
v 25.615 -50.803 -20.577
v 25.872 -50.962 -20.479
v 25.039 -50.962 -20.161
v 25.297 -50.803 -20.577
v 25.039 -50.962 -20.479
v 25.872 -51.477 -20.161
v 25.970 -51.220 -20.320
v 25.039 -51.477 -20.161
v 24.941 -51.220 -20.320
v 25.456 -51.220 -20.834
v 25.297 -51.636 -20.577
v 25.615 -51.636 -20.577
v 25.198 -51.379 -20.736
v 25.713 -51.379 -20.736
v 25.198 -51.061 -20.736
v 25.713 -51.061 -20.736
v 25.456 -51.734 -20.320
v 25.039 -51.477 -20.479
v 25.872 -51.477 -20.479
f 6919 6935 6931
f 6935 6924 6937
f 6935 6937 6931
f 6931 6937 6920
f 6919 6933 6935
f 6933 6922 6944
f 6933 6944 6935
f 6935 6944 6924
f 6919 6932 6933
f 6932 6921 6940
f 6932 6940 6933
f 6933 6940 6922
f 6919 6934 6932
f 6934 6923 6941
f 6934 6941 6932
f 6932 6941 6921
f 6919 6931 6934
f 6931 6920 6936
f 6931 6936 6934
f 6934 6936 6923
f 6920 6937 6938
f 6937 6924 6949
f 6937 6949 6938
f 6938 6949 6927
f 6924 6944 6950
f 6944 6922 6946
f 6944 6946 6950
f 6950 6946 6929
f 6922 6940 6945
f 6940 6921 6942
f 6940 6942 6945
f 6945 6942 6926
f 6921 6941 6943
f 6941 6923 6948
f 6941 6948 6943
f 6943 6948 6930
f 6923 6936 6947
f 6936 6920 6939
f 6936 6939 6947
f 6947 6939 6928
f 6926 6957 6951
f 6957 6930 6955
f 6957 6955 6951
f 6951 6955 6925
f 6930 6960 6955
f 6960 6928 6953
f 6960 6953 6955
f 6955 6953 6925
f 6928 6958 6953
f 6958 6927 6952
f 6958 6952 6953
f 6953 6952 6925
f 6927 6959 6952
f 6959 6929 6954
f 6959 6954 6952
f 6952 6954 6925
f 6929 6956 6954
f 6956 6926 6951
f 6956 6951 6954
f 6954 6951 6925
f 6921 6943 6942
f 6943 6930 6957
f 6943 6957 6942
f 6942 6957 6926
f 6923 6947 6948
f 6947 6928 6960
f 6947 6960 6948
f 6948 6960 6930
f 6920 6938 6939
f 6938 6927 6958
f 6938 6958 6939
f 6939 6958 6928
f 6924 6950 6949
f 6950 6929 6959
f 6950 6959 6949
f 6949 6959 6927
f 6922 6945 6946
f 6945 6926 6956
f 6945 6956 6946
f 6946 6956 6929
v -29.942 -29.737 -11.303
v -29.942 -30.278 -11.303
v -29.671 -29.570 -11.740
v -30.212 -29.570 -11.740
v -29.504 -30.008 -11.470
v -30.379 -30.008 -11.470
v -29.942 -30.278 -12.178
v -29.942 -29.737 -12.178
v -30.212 -30.445 -11.740
v -29.671 -30.445 -11.740
v -30.379 -30.008 -12.011
v -29.504 -30.008 -12.011
v -29.942 -30.008 -11.226
v -29.783 -29.592 -11.483
v -30.101 -29.592 -11.483
v -29.684 -29.849 -11.324
v -30.199 -29.849 -11.324
v -29.684 -30.167 -11.324
v -30.199 -30.167 -11.324
v -30.101 -30.424 -11.483
v -29.783 -30.424 -11.483
v -29.942 -29.493 -11.740
v -29.525 -29.750 -11.581
v -29.783 -29.592 -11.997
v -29.525 -29.750 -11.899
v -30.358 -29.750 -11.581
v -30.101 -29.592 -11.997
v -30.358 -29.750 -11.899
v -29.525 -30.265 -11.581
v -29.427 -30.008 -11.740
v -30.358 -30.265 -11.581
v -30.456 -30.008 -11.740
v -29.942 -30.008 -12.255
v -30.101 -30.424 -11.997
v -29.783 -30.424 -11.997
v -30.199 -30.167 -12.156
v -29.684 -30.167 -12.156
v -30.199 -29.849 -12.156
v -29.684 -29.849 -12.156
v -29.942 -30.522 -11.740
v -30.358 -30.265 -11.899
v -29.525 -30.265 -11.899
f 6961 6977 6973
f 6977 6966 6979
f 6977 6979 6973
f 6973 6979 6962
f 6961 6975 6977
f 6975 6964 6986
f 6975 6986 6977
f 6977 6986 6966
f 6961 6974 6975
f 6974 6963 6982
f 6974 6982 6975
f 6975 6982 6964
f 6961 6976 6974
f 6976 6965 6983
f 6976 6983 6974
f 6974 6983 6963
f 6961 6973 6976
f 6973 6962 6978
f 6973 6978 6976
f 6976 6978 6965
f 6962 6979 6980
f 6979 6966 6991
f 6979 6991 6980
f 6980 6991 6969
f 6966 6986 6992
f 6986 6964 6988
f 6986 6988 6992
f 6992 6988 6971
f 6964 6982 6987
f 6982 6963 6984
f 6982 6984 6987
f 6987 6984 6968
f 6963 6983 6985
f 6983 6965 6990
f 6983 6990 6985
f 6985 6990 6972
f 6965 6978 6989
f 6978 6962 6981
f 6978 6981 6989
f 6989 6981 6970
f 6968 6999 6993
f 6999 6972 6997
f 6999 6997 6993
f 6993 6997 6967
f 6972 7002 6997
f 7002 6970 6995
f 7002 6995 6997
f 6997 6995 6967
f 6970 7000 6995
f 7000 6969 6994
f 7000 6994 6995
f 6995 6994 6967
f 6969 7001 6994
f 7001 6971 6996
f 7001 6996 6994
f 6994 6996 6967
f 6971 6998 6996
f 6998 6968 6993
f 6998 6993 6996
f 6996 6993 6967
f 6963 6985 6984
f 6985 6972 6999
f 6985 6999 6984
f 6984 6999 6968
f 6965 6989 6990
f 6989 6970 7002
f 6989 7002 6990
f 6990 7002 6972
f 6962 6980 6981
f 6980 6969 7000
f 6980 7000 6981
f 6981 7000 6970
f 6966 6992 6991
f 6992 6971 7001
f 6992 7001 6991
f 6991 7001 6969
f 6964 6987 6988
f 6987 6968 6998
f 6987 6998 6988
f 6988 6998 6971
v -3.972 -8.823 -9.133
v -3.972 -9.450 -9.133
v -3.659 -8.629 -9.640
v -4.286 -8.629 -9.640
v -3.465 -9.137 -9.326
v -4.480 -9.137 -9.326
v -3.972 -9.450 -10.147
v -3.972 -8.823 -10.147
v -4.286 -9.644 -9.640
v -3.659 -9.644 -9.640
v -4.480 -9.137 -9.953
v -3.465 -9.137 -9.953
v -3.972 -9.137 -9.044
v -3.788 -8.654 -9.342
v -4.157 -8.654 -9.342
v -3.674 -8.952 -9.157
v -4.271 -8.952 -9.157
v -3.674 -9.321 -9.157
v -4.271 -9.321 -9.157
v -4.157 -9.619 -9.342
v -3.788 -9.619 -9.342
v -3.972 -8.540 -9.640
v -3.490 -8.839 -9.456
v -3.788 -8.654 -9.938
v -3.490 -8.839 -9.824
v -4.455 -8.839 -9.456
v -4.157 -8.654 -9.938
v -4.455 -8.839 -9.824
v -3.490 -9.435 -9.456
v -3.376 -9.137 -9.640
v -4.455 -9.435 -9.456
v -4.569 -9.137 -9.640
v -3.972 -9.137 -10.236
v -4.157 -9.619 -9.938
v -3.788 -9.619 -9.938
v -4.271 -9.321 -10.122
v -3.674 -9.321 -10.122
v -4.271 -8.952 -10.122
v -3.674 -8.952 -10.122
v -3.972 -9.733 -9.640
v -4.455 -9.435 -9.824
v -3.490 -9.435 -9.824
f 7003 7019 7015
f 7019 7008 7021
f 7019 7021 7015
f 7015 7021 7004
f 7003 7017 7019
f 7017 7006 7028
f 7017 7028 7019
f 7019 7028 7008
f 7003 7016 7017
f 7016 7005 7024
f 7016 7024 7017
f 7017 7024 7006
f 7003 7018 7016
f 7018 7007 7025
f 7018 7025 7016
f 7016 7025 7005
f 7003 7015 7018
f 7015 7004 7020
f 7015 7020 7018
f 7018 7020 7007
f 7004 7021 7022
f 7021 7008 7033
f 7021 7033 7022
f 7022 7033 7011
f 7008 7028 7034
f 7028 7006 7030
f 7028 7030 7034
f 7034 7030 7013
f 7006 7024 7029
f 7024 7005 7026
f 7024 7026 7029
f 7029 7026 7010
f 7005 7025 7027
f 7025 7007 7032
f 7025 7032 7027
f 7027 7032 7014
f 7007 7020 7031
f 7020 7004 7023
f 7020 7023 7031
f 7031 7023 7012
f 7010 7041 7035
f 7041 7014 7039
f 7041 7039 7035
f 7035 7039 7009
f 7014 7044 7039
f 7044 7012 7037
f 7044 7037 7039
f 7039 7037 7009
f 7012 7042 7037
f 7042 7011 7036
f 7042 7036 7037
f 7037 7036 7009
f 7011 7043 7036
f 7043 7013 7038
f 7043 7038 7036
f 7036 7038 7009
f 7013 7040 7038
f 7040 7010 7035
f 7040 7035 7038
f 7038 7035 7009
f 7005 7027 7026
f 7027 7014 7041
f 7027 7041 7026
f 7026 7041 7010
f 7007 7031 7032
f 7031 7012 7044
f 7031 7044 7032
f 7032 7044 7014
f 7004 7022 7023
f 7022 7011 7042
f 7022 7042 7023
f 7023 7042 7012
f 7008 7034 7033
f 7034 7013 7043
f 7034 7043 7033
f 7033 7043 7011
f 7006 7029 7030
f 7029 7010 7040
f 7029 7040 7030
f 7030 7040 7013
v -28.118 -20.521 -1.573
v -28.118 -21.062 -1.573
v -27.847 -20.354 -2.010
v -28.388 -20.354 -2.010
v -27.680 -20.791 -1.740
v -28.555 -20.791 -1.740
v -28.118 -21.062 -2.448
v -28.118 -20.521 -2.448
v -28.388 -21.229 -2.010
v -27.847 -21.229 -2.010
v -28.555 -20.791 -2.281
v -27.680 -20.791 -2.281
v -28.118 -20.791 -1.496
v -27.959 -20.375 -1.753
v -28.277 -20.375 -1.753
v -27.860 -20.632 -1.594
v -28.375 -20.632 -1.594
v -27.860 -20.950 -1.594
v -28.375 -20.950 -1.594
v -28.277 -21.207 -1.753
v -27.959 -21.207 -1.753
v -28.118 -20.277 -2.010
v -27.701 -20.534 -1.851
v -27.959 -20.375 -2.268
v -27.701 -20.534 -2.169
v -28.534 -20.534 -1.851
v -28.277 -20.375 -2.268
v -28.534 -20.534 -2.169
v -27.701 -21.049 -1.851
v -27.603 -20.791 -2.010
v -28.534 -21.049 -1.851
v -28.632 -20.791 -2.010
v -28.118 -20.791 -2.525
v -28.277 -21.207 -2.268
v -27.959 -21.207 -2.268
v -28.375 -20.950 -2.427
v -27.860 -20.950 -2.427
v -28.375 -20.632 -2.427
v -27.860 -20.632 -2.427
v -28.118 -21.306 -2.010
v -28.534 -21.049 -2.169
v -27.701 -21.049 -2.169
f 7045 7061 7057
f 7061 7050 7063
f 7061 7063 7057
f 7057 7063 7046
f 7045 7059 7061
f 7059 7048 7070
f 7059 7070 7061
f 7061 7070 7050
f 7045 7058 7059
f 7058 7047 7066
f 7058 7066 7059
f 7059 7066 7048
f 7045 7060 7058
f 7060 7049 7067
f 7060 7067 7058
f 7058 7067 7047
f 7045 7057 7060
f 7057 7046 7062
f 7057 7062 7060
f 7060 7062 7049
f 7046 7063 7064
f 7063 7050 7075
f 7063 7075 7064
f 7064 7075 7053
f 7050 7070 7076
f 7070 7048 7072
f 7070 7072 7076
f 7076 7072 7055
f 7048 7066 7071
f 7066 7047 7068
f 7066 7068 7071
f 7071 7068 7052
f 7047 7067 7069
f 7067 7049 7074
f 7067 7074 7069
f 7069 7074 7056
f 7049 7062 7073
f 7062 7046 7065
f 7062 7065 7073
f 7073 7065 7054
f 7052 7083 7077
f 7083 7056 7081
f 7083 7081 7077
f 7077 7081 7051
f 7056 7086 7081
f 7086 7054 7079
f 7086 7079 7081
f 7081 7079 7051
f 7054 7084 7079
f 7084 7053 7078
f 7084 7078 7079
f 7079 7078 7051
f 7053 7085 7078
f 7085 7055 7080
f 7085 7080 7078
f 7078 7080 7051
f 7055 7082 7080
f 7082 7052 7077
f 7082 7077 7080
f 7080 7077 7051
f 7047 7069 7068
f 7069 7056 7083
f 7069 7083 7068
f 7068 7083 7052
f 7049 7073 7074
f 7073 7054 7086
f 7073 7086 7074
f 7074 7086 7056
f 7046 7064 7065
f 7064 7053 7084
f 7064 7084 7065
f 7065 7084 7054
f 7050 7076 7075
f 7076 7055 7085
f 7076 7085 7075
f 7075 7085 7053
f 7048 7071 7072
f 7071 7052 7082
f 7071 7082 7072
f 7072 7082 7055
v -4.681 -28.550 -2.883
v -4.681 -29.157 -2.883
v -4.378 -28.363 -3.373
v -4.984 -28.363 -3.373
v -4.190 -28.853 -3.070
v -5.172 -28.853 -3.070
v -4.681 -29.157 -3.864
v -4.681 -28.550 -3.864
v -4.984 -29.344 -3.373
v -4.378 -29.344 -3.373
v -5.172 -28.853 -3.677
v -4.190 -28.853 -3.677
v -4.681 -28.853 -2.796
v -4.503 -28.387 -3.085
v -4.859 -28.387 -3.085
v -4.393 -28.675 -2.907
v -4.970 -28.675 -2.907
v -4.393 -29.032 -2.907
v -4.970 -29.032 -2.907
v -4.859 -29.320 -3.085
v -4.503 -29.320 -3.085
v -4.681 -28.277 -3.373
v -4.214 -28.565 -3.195
v -4.503 -28.387 -3.662
v -4.214 -28.565 -3.552
v -5.148 -28.565 -3.195
v -4.859 -28.387 -3.662
v -5.148 -28.565 -3.552
v -4.214 -29.142 -3.195
v -4.104 -28.853 -3.373
v -5.148 -29.142 -3.195
v -5.258 -28.853 -3.373
v -4.681 -28.853 -3.950
v -4.859 -29.320 -3.662
v -4.503 -29.320 -3.662
v -4.970 -29.032 -3.840
v -4.393 -29.032 -3.840
v -4.970 -28.675 -3.840
v -4.393 -28.675 -3.840
v -4.681 -29.430 -3.373
v -5.148 -29.142 -3.552
v -4.214 -29.142 -3.552
f 7087 7103 7099
f 7103 7092 7105
f 7103 7105 7099
f 7099 7105 7088
f 7087 7101 7103
f 7101 7090 7112
f 7101 7112 7103
f 7103 7112 7092
f 7087 7100 7101
f 7100 7089 7108
f 7100 7108 7101
f 7101 7108 7090
f 7087 7102 7100
f 7102 7091 7109
f 7102 7109 7100
f 7100 7109 7089
f 7087 7099 7102
f 7099 7088 7104
f 7099 7104 7102
f 7102 7104 7091
f 7088 7105 7106
f 7105 7092 7117
f 7105 7117 7106
f 7106 7117 7095
f 7092 7112 7118
f 7112 7090 7114
f 7112 7114 7118
f 7118 7114 7097
f 7090 7108 7113
f 7108 7089 7110
f 7108 7110 7113
f 7113 7110 7094
f 7089 7109 7111
f 7109 7091 7116
f 7109 7116 7111
f 7111 7116 7098
f 7091 7104 7115
f 7104 7088 7107
f 7104 7107 7115
f 7115 7107 7096
f 7094 7125 7119
f 7125 7098 7123
f 7125 7123 7119
f 7119 7123 7093
f 7098 7128 7123
f 7128 7096 7121
f 7128 7121 7123
f 7123 7121 7093
f 7096 7126 7121
f 7126 7095 7120
f 7126 7120 7121
f 7121 7120 7093
f 7095 7127 7120
f 7127 7097 7122
f 7127 7122 7120
f 7120 7122 7093
f 7097 7124 7122
f 7124 7094 7119
f 7124 7119 7122
f 7122 7119 7093
f 7089 7111 7110
f 7111 7098 7125
f 7111 7125 7110
f 7110 7125 7094
f 7091 7115 7116
f 7115 7096 7128
f 7115 7128 7116
f 7116 7128 7098
f 7088 7106 7107
f 7106 7095 7126
f 7106 7126 7107
f 7107 7126 7096
f 7092 7118 7117
f 7118 7097 7127
f 7118 7127 7117
f 7117 7127 7095
f 7090 7113 7114
f 7113 7094 7124
f 7113 7124 7114
f 7114 7124 7097
v 0.759 0.579 9.837
v 0.759 -0.192 9.837
v 1.144 0.817 9.213
v 0.373 0.817 9.213
v 1.383 0.193 9.599
v 0.135 0.193 9.599
v 0.759 -0.192 8.589
v 0.759 0.579 8.589
v 0.373 -0.431 9.213
v 1.144 -0.431 9.213
v 0.135 0.193 8.828
v 1.383 0.193 8.828
v 0.759 0.193 9.947
v 0.985 0.787 9.580
v 0.532 0.787 9.580
v 1.126 0.420 9.807
v 0.392 0.420 9.807
v 1.126 -0.034 9.807
v 0.392 -0.034 9.807
v 0.532 -0.400 9.580
v 0.985 -0.400 9.580
v 0.759 0.927 9.213
v 1.352 0.560 9.440
v 0.985 0.787 8.847
v 1.352 0.560 8.987
v 0.165 0.560 9.440
v 0.532 0.787 8.847
v 0.165 0.560 8.987
v 1.352 -0.174 9.440
v 1.492 0.193 9.213
v 0.165 -0.174 9.440
v 0.025 0.193 9.213
v 0.759 0.193 8.480
v 0.532 -0.400 8.847
v 0.985 -0.400 8.847
v 0.392 -0.034 8.620
v 1.126 -0.034 8.620
v 0.392 0.420 8.620
v 1.126 0.420 8.620
v 0.759 -0.540 9.213
v 0.165 -0.174 8.987
v 1.352 -0.174 8.987
usemtl mtl-003
f 7129 7145 7141
f 7145 7134 7147
f 7145 7147 7141
f 7141 7147 7130
f 7129 7143 7145
f 7143 7132 7154
f 7143 7154 7145
f 7145 7154 7134
f 7129 7142 7143
f 7142 7131 7150
f 7142 7150 7143
f 7143 7150 7132
f 7129 7144 7142
f 7144 7133 7151
f 7144 7151 7142
f 7142 7151 7131
f 7129 7141 7144
f 7141 7130 7146
f 7141 7146 7144
f 7144 7146 7133
f 7130 7147 7148
f 7147 7134 7159
f 7147 7159 7148
f 7148 7159 7137
f 7134 7154 7160
f 7154 7132 7156
f 7154 7156 7160
f 7160 7156 7139
f 7132 7150 7155
f 7150 7131 7152
f 7150 7152 7155
f 7155 7152 7136
f 7131 7151 7153
f 7151 7133 7158
f 7151 7158 7153
f 7153 7158 7140
f 7133 7146 7157
f 7146 7130 7149
f 7146 7149 7157
f 7157 7149 7138
f 7136 7167 7161
f 7167 7140 7165
f 7167 7165 7161
f 7161 7165 7135
f 7140 7170 7165
f 7170 7138 7163
f 7170 7163 7165
f 7165 7163 7135
f 7138 7168 7163
f 7168 7137 7162
f 7168 7162 7163
f 7163 7162 7135
f 7137 7169 7162
f 7169 7139 7164
f 7169 7164 7162
f 7162 7164 7135
f 7139 7166 7164
f 7166 7136 7161
f 7166 7161 7164
f 7164 7161 7135
f 7131 7153 7152
f 7153 7140 7167
f 7153 7167 7152
f 7152 7167 7136
f 7133 7157 7158
f 7157 7138 7170
f 7157 7170 7158
f 7158 7170 7140
f 7130 7148 7149
f 7148 7137 7168
f 7148 7168 7149
f 7149 7168 7138
f 7134 7160 7159
f 7160 7139 7169
f 7160 7169 7159
f 7159 7169 7137
f 7132 7155 7156
f 7155 7136 7166
f 7155 7166 7156
f 7156 7166 7139
v -10.942 12.423 16.623
v -10.942 11.757 16.623
v -10.609 12.629 16.084
v -11.275 12.629 16.084
v -10.403 12.090 16.417
v -11.480 12.090 16.417
v -10.942 11.757 15.546
v -10.942 12.423 15.546
v -11.275 11.552 16.084
v -10.609 11.552 16.084
v -11.480 12.090 15.751
v -10.403 12.090 15.751
v -10.942 12.090 16.718
v -10.746 12.603 16.401
v -11.137 12.603 16.401
v -10.625 12.286 16.597
v -11.258 12.286 16.597
v -10.625 11.895 16.597
v -11.258 11.895 16.597
v -11.137 11.578 16.401
v -10.746 11.578 16.401
v -10.942 12.724 16.084
v -10.429 12.407 16.280
v -10.746 12.603 15.768
v -10.429 12.407 15.889
v -11.454 12.407 16.280
v -11.137 12.603 15.768
v -11.454 12.407 15.889
v -10.429 11.774 16.280
v -10.308 12.090 16.084
v -11.454 11.774 16.280
v -11.575 12.090 16.084
v -10.942 12.090 15.451
v -11.137 11.578 15.768
v -10.746 11.578 15.768
v -11.258 11.895 15.572
v -10.625 11.895 15.572
v -11.258 12.286 15.572
v -10.625 12.286 15.572
v -10.942 11.457 16.084
v -11.454 11.774 15.889
v -10.429 11.774 15.889
f 7171 7187 7183
f 7187 7176 7189
f 7187 7189 7183
f 7183 7189 7172
f 7171 7185 7187
f 7185 7174 7196
f 7185 7196 7187
f 7187 7196 7176
f 7171 7184 7185
f 7184 7173 7192
f 7184 7192 7185
f 7185 7192 7174
f 7171 7186 7184
f 7186 7175 7193
f 7186 7193 7184
f 7184 7193 7173
f 7171 7183 7186
f 7183 7172 7188
f 7183 7188 7186
f 7186 7188 7175
f 7172 7189 7190
f 7189 7176 7201
f 7189 7201 7190
f 7190 7201 7179
f 7176 7196 7202
f 7196 7174 7198
f 7196 7198 7202
f 7202 7198 7181
f 7174 7192 7197
f 7192 7173 7194
f 7192 7194 7197
f 7197 7194 7178
f 7173 7193 7195
f 7193 7175 7200
f 7193 7200 7195
f 7195 7200 7182
f 7175 7188 7199
f 7188 7172 7191
f 7188 7191 7199
f 7199 7191 7180
f 7178 7209 7203
f 7209 7182 7207
f 7209 7207 7203
f 7203 7207 7177
f 7182 7212 7207
f 7212 7180 7205
f 7212 7205 7207
f 7207 7205 7177
f 7180 7210 7205
f 7210 7179 7204
f 7210 7204 7205
f 7205 7204 7177
f 7179 7211 7204
f 7211 7181 7206
f 7211 7206 7204
f 7204 7206 7177
f 7181 7208 7206
f 7208 7178 7203
f 7208 7203 7206
f 7206 7203 7177
f 7173 7195 7194
f 7195 7182 7209
f 7195 7209 7194
f 7194 7209 7178
f 7175 7199 7200
f 7199 7180 7212
f 7199 7212 7200
f 7200 7212 7182
f 7172 7190 7191
f 7190 7179 7210
f 7190 7210 7191
f 7191 7210 7180
f 7176 7202 7201
f 7202 7181 7211
f 7202 7211 7201
f 7201 7211 7179
f 7174 7197 7198
f 7197 7178 7208
f 7197 7208 7198
f 7198 7208 7181
v -21.404 -25.915 14.491
v -21.404 -26.581 14.491
v -21.071 -25.709 13.952
v -21.737 -25.709 13.952
v -20.866 -26.248 14.285
v -21.943 -26.248 14.285
v -21.404 -26.581 13.414
v -21.404 -25.915 13.414
v -21.737 -26.787 13.952
v -21.071 -26.787 13.952
v -21.943 -26.248 13.620
v -20.866 -26.248 13.620
v -21.404 -26.248 14.586
v -21.209 -25.735 14.269
v -21.600 -25.735 14.269
v -21.088 -26.052 14.465
v -21.721 -26.052 14.465
v -21.088 -26.444 14.465
v -21.721 -26.444 14.465
v -21.600 -26.760 14.269
v -21.209 -26.760 14.269
v -21.404 -25.615 13.952
v -20.892 -25.931 14.148
v -21.209 -25.735 13.636
v -20.892 -25.931 13.757
v -21.917 -25.931 14.148
v -21.600 -25.735 13.636
v -21.917 -25.931 13.757
v -20.892 -26.564 14.148
v -20.771 -26.248 13.952
v -21.917 -26.564 14.148
v -22.038 -26.248 13.952
v -21.404 -26.248 13.319
v -21.600 -26.760 13.636
v -21.209 -26.760 13.636
v -21.721 -26.444 13.440
v -21.088 -26.444 13.440
v -21.721 -26.052 13.440
v -21.088 -26.052 13.440
v -21.404 -26.881 13.952
v -21.917 -26.564 13.757
v -20.892 -26.564 13.757
f 7213 7229 7225
f 7229 7218 7231
f 7229 7231 7225
f 7225 7231 7214
f 7213 7227 7229
f 7227 7216 7238
f 7227 7238 7229
f 7229 7238 7218
f 7213 7226 7227
f 7226 7215 7234
f 7226 7234 7227
f 7227 7234 7216
f 7213 7228 7226
f 7228 7217 7235
f 7228 7235 7226
f 7226 7235 7215
f 7213 7225 7228
f 7225 7214 7230
f 7225 7230 7228
f 7228 7230 7217
f 7214 7231 7232
f 7231 7218 7243
f 7231 7243 7232
f 7232 7243 7221
f 7218 7238 7244
f 7238 7216 7240
f 7238 7240 7244
f 7244 7240 7223
f 7216 7234 7239
f 7234 7215 7236
f 7234 7236 7239
f 7239 7236 7220
f 7215 7235 7237
f 7235 7217 7242
f 7235 7242 7237
f 7237 7242 7224
f 7217 7230 7241
f 7230 7214 7233
f 7230 7233 7241
f 7241 7233 7222
f 7220 7251 7245
f 7251 7224 7249
f 7251 7249 7245
f 7245 7249 7219
f 7224 7254 7249
f 7254 7222 7247
f 7254 7247 7249
f 7249 7247 7219
f 7222 7252 7247
f 7252 7221 7246
f 7252 7246 7247
f 7247 7246 7219
f 7221 7253 7246
f 7253 7223 7248
f 7253 7248 7246
f 7246 7248 7219
f 7223 7250 7248
f 7250 7220 7245
f 7250 7245 7248
f 7248 7245 7219
f 7215 7237 7236
f 7237 7224 7251
f 7237 7251 7236
f 7236 7251 7220
f 7217 7241 7242
f 7241 7222 7254
f 7241 7254 7242
f 7242 7254 7224
f 7214 7232 7233
f 7232 7221 7252
f 7232 7252 7233
f 7233 7252 7222
f 7218 7244 7243
f 7244 7223 7253
f 7244 7253 7243
f 7243 7253 7221
f 7216 7239 7240
f 7239 7220 7250
f 7239 7250 7240
f 7240 7250 7223
v -37.259 -4.320 25.651
v -37.259 -5.074 25.651
v -36.882 -4.086 25.041
v -37.637 -4.086 25.041
v -36.649 -4.697 25.418
v -37.870 -4.697 25.418
v -37.259 -5.074 24.430
v -37.259 -4.320 24.430
v -37.637 -5.307 25.041
v -36.882 -5.307 25.041
v -37.870 -4.697 24.663
v -36.649 -4.697 24.663
v -37.259 -4.697 25.759
v -37.037 -4.116 25.400
v -37.481 -4.116 25.400
v -36.900 -4.475 25.621
v -37.618 -4.475 25.621
v -36.900 -4.919 25.621
v -37.618 -4.919 25.621
v -37.481 -5.278 25.400
v -37.037 -5.278 25.400
v -37.259 -3.979 25.041
v -36.679 -4.338 25.263
v -37.037 -4.116 24.682
v -36.679 -4.338 24.819
v -37.840 -4.338 25.263
v -37.481 -4.116 24.682
v -37.840 -4.338 24.819
v -36.679 -5.056 25.263
v -36.541 -4.697 25.041
v -37.840 -5.056 25.263
v -37.977 -4.697 25.041
v -37.259 -4.697 24.323
v -37.481 -5.278 24.682
v -37.037 -5.278 24.682
v -37.618 -4.919 24.460
v -36.900 -4.919 24.460
v -37.618 -4.475 24.460
v -36.900 -4.475 24.460
v -37.259 -5.415 25.041
v -37.840 -5.056 24.819
v -36.679 -5.056 24.819
f 7255 7271 7267
f 7271 7260 7273
f 7271 7273 7267
f 7267 7273 7256
f 7255 7269 7271
f 7269 7258 7280
f 7269 7280 7271
f 7271 7280 7260
f 7255 7268 7269
f 7268 7257 7276
f 7268 7276 7269
f 7269 7276 7258
f 7255 7270 7268
f 7270 7259 7277
f 7270 7277 7268
f 7268 7277 7257
f 7255 7267 7270
f 7267 7256 7272
f 7267 7272 7270
f 7270 7272 7259
f 7256 7273 7274
f 7273 7260 7285
f 7273 7285 7274
f 7274 7285 7263
f 7260 7280 7286
f 7280 7258 7282
f 7280 7282 7286
f 7286 7282 7265
f 7258 7276 7281
f 7276 7257 7278
f 7276 7278 7281
f 7281 7278 7262
f 7257 7277 7279
f 7277 7259 7284
f 7277 7284 7279
f 7279 7284 7266
f 7259 7272 7283
f 7272 7256 7275
f 7272 7275 7283
f 7283 7275 7264
f 7262 7293 7287
f 7293 7266 7291
f 7293 7291 7287
f 7287 7291 7261
f 7266 7296 7291
f 7296 7264 7289
f 7296 7289 7291
f 7291 7289 7261
f 7264 7294 7289
f 7294 7263 7288
f 7294 7288 7289
f 7289 7288 7261
f 7263 7295 7288
f 7295 7265 7290
f 7295 7290 7288
f 7288 7290 7261
f 7265 7292 7290
f 7292 7262 7287
f 7292 7287 7290
f 7290 7287 7261
f 7257 7279 7278
f 7279 7266 7293
f 7279 7293 7278
f 7278 7293 7262
f 7259 7283 7284
f 7283 7264 7296
f 7283 7296 7284
f 7284 7296 7266
f 7256 7274 7275
f 7274 7263 7294
f 7274 7294 7275
f 7275 7294 7264
f 7260 7286 7285
f 7286 7265 7295
f 7286 7295 7285
f 7285 7295 7263
f 7258 7281 7282
f 7281 7262 7292
f 7281 7292 7282
f 7282 7292 7265
v -35.146 -5.769 28.015
v -35.146 -6.435 28.015
v -34.814 -5.563 27.477
v -35.479 -5.563 27.477
v -34.608 -6.102 27.809
v -35.685 -6.102 27.809
v -35.146 -6.435 26.938
v -35.146 -5.769 26.938
v -35.479 -6.641 27.477
v -34.814 -6.641 27.477
v -35.685 -6.102 27.144
v -34.608 -6.102 27.144
v -35.146 -6.102 28.110
v -34.951 -5.590 27.793
v -35.342 -5.590 27.793
v -34.830 -5.906 27.989
v -35.463 -5.906 27.989
v -34.830 -6.298 27.989
v -35.463 -6.298 27.989
v -35.342 -6.614 27.793
v -34.951 -6.614 27.793
v -35.146 -5.469 27.477
v -34.634 -5.785 27.672
v -34.951 -5.590 27.160
v -34.634 -5.785 27.281
v -35.659 -5.785 27.672
v -35.342 -5.590 27.160
v -35.659 -5.785 27.281
v -34.634 -6.419 27.672
v -34.513 -6.102 27.477
v -35.659 -6.419 27.672
v -35.780 -6.102 27.477
v -35.146 -6.102 26.843
v -35.342 -6.614 27.160
v -34.951 -6.614 27.160
v -35.463 -6.298 26.964
v -34.830 -6.298 26.964
v -35.463 -5.906 26.964
v -34.830 -5.906 26.964
v -35.146 -6.735 27.477
v -35.659 -6.419 27.281
v -34.634 -6.419 27.281
f 7297 7313 7309
f 7313 7302 7315
f 7313 7315 7309
f 7309 7315 7298
f 7297 7311 7313
f 7311 7300 7322
f 7311 7322 7313
f 7313 7322 7302
f 7297 7310 7311
f 7310 7299 7318
f 7310 7318 7311
f 7311 7318 7300
f 7297 7312 7310
f 7312 7301 7319
f 7312 7319 7310
f 7310 7319 7299
f 7297 7309 7312
f 7309 7298 7314
f 7309 7314 7312
f 7312 7314 7301
f 7298 7315 7316
f 7315 7302 7327
f 7315 7327 7316
f 7316 7327 7305
f 7302 7322 7328
f 7322 7300 7324
f 7322 7324 7328
f 7328 7324 7307
f 7300 7318 7323
f 7318 7299 7320
f 7318 7320 7323
f 7323 7320 7304
f 7299 7319 7321
f 7319 7301 7326
f 7319 7326 7321
f 7321 7326 7308
f 7301 7314 7325
f 7314 7298 7317
f 7314 7317 7325
f 7325 7317 7306
f 7304 7335 7329
f 7335 7308 7333
f 7335 7333 7329
f 7329 7333 7303
f 7308 7338 7333
f 7338 7306 7331
f 7338 7331 7333
f 7333 7331 7303
f 7306 7336 7331
f 7336 7305 7330
f 7336 7330 7331
f 7331 7330 7303
f 7305 7337 7330
f 7337 7307 7332
f 7337 7332 7330
f 7330 7332 7303
f 7307 7334 7332
f 7334 7304 7329
f 7334 7329 7332
f 7332 7329 7303
f 7299 7321 7320
f 7321 7308 7335
f 7321 7335 7320
f 7320 7335 7304
f 7301 7325 7326
f 7325 7306 7338
f 7325 7338 7326
f 7326 7338 7308
f 7298 7316 7317
f 7316 7305 7336
f 7316 7336 7317
f 7317 7336 7306
f 7302 7328 7327
f 7328 7307 7337
f 7328 7337 7327
f 7327 7337 7305
f 7300 7323 7324
f 7323 7304 7334
f 7323 7334 7324
f 7324 7334 7307
v -45.757 -0.068 25.556
v -45.757 -0.771 25.556
v -45.406 0.149 24.988
v -46.108 0.149 24.988
v -45.189 -0.419 25.339
v -46.326 -0.419 25.339
v -45.757 -0.771 24.419
v -45.757 -0.068 24.419
v -46.108 -0.988 24.988
v -45.406 -0.988 24.988
v -46.326 -0.419 24.636
v -45.189 -0.419 24.636
v -45.757 -0.419 25.656
v -45.551 0.121 25.322
v -45.964 0.121 25.322
v -45.423 -0.213 25.528
v -46.091 -0.213 25.528
v -45.423 -0.626 25.528
v -46.091 -0.626 25.528
v -45.964 -0.960 25.322
v -45.551 -0.960 25.322
v -45.757 0.249 24.988
v -45.216 -0.085 25.194
v -45.551 0.121 24.653
v -45.216 -0.085 24.781
v -46.298 -0.085 25.194
v -45.964 0.121 24.653
v -46.298 -0.085 24.781
v -45.216 -0.754 25.194
v -45.089 -0.419 24.988
v -46.298 -0.754 25.194
v -46.425 -0.419 24.988
v -45.757 -0.419 24.319
v -45.964 -0.960 24.653
v -45.551 -0.960 24.653
v -46.091 -0.626 24.447
v -45.423 -0.626 24.447
v -46.091 -0.213 24.447
v -45.423 -0.213 24.447
v -45.757 -1.088 24.988
v -46.298 -0.754 24.781
v -45.216 -0.754 24.781
f 7339 7355 7351
f 7355 7344 7357
f 7355 7357 7351
f 7351 7357 7340
f 7339 7353 7355
f 7353 7342 7364
f 7353 7364 7355
f 7355 7364 7344
f 7339 7352 7353
f 7352 7341 7360
f 7352 7360 7353
f 7353 7360 7342
f 7339 7354 7352
f 7354 7343 7361
f 7354 7361 7352
f 7352 7361 7341
f 7339 7351 7354
f 7351 7340 7356
f 7351 7356 7354
f 7354 7356 7343
f 7340 7357 7358
f 7357 7344 7369
f 7357 7369 7358
f 7358 7369 7347
f 7344 7364 7370
f 7364 7342 7366
f 7364 7366 7370
f 7370 7366 7349
f 7342 7360 7365
f 7360 7341 7362
f 7360 7362 7365
f 7365 7362 7346
f 7341 7361 7363
f 7361 7343 7368
f 7361 7368 7363
f 7363 7368 7350
f 7343 7356 7367
f 7356 7340 7359
f 7356 7359 7367
f 7367 7359 7348
f 7346 7377 7371
f 7377 7350 7375
f 7377 7375 7371
f 7371 7375 7345
f 7350 7380 7375
f 7380 7348 7373
f 7380 7373 7375
f 7375 7373 7345
f 7348 7378 7373
f 7378 7347 7372
f 7378 7372 7373
f 7373 7372 7345
f 7347 7379 7372
f 7379 7349 7374
f 7379 7374 7372
f 7372 7374 7345
f 7349 7376 7374
f 7376 7346 7371
f 7376 7371 7374
f 7374 7371 7345
f 7341 7363 7362
f 7363 7350 7377
f 7363 7377 7362
f 7362 7377 7346
f 7343 7367 7368
f 7367 7348 7380
f 7367 7380 7368
f 7368 7380 7350
f 7340 7358 7359
f 7358 7347 7378
f 7358 7378 7359
f 7359 7378 7348
f 7344 7370 7369
f 7370 7349 7379
f 7370 7379 7369
f 7369 7379 7347
f 7342 7365 7366
f 7365 7346 7376
f 7365 7376 7366
f 7366 7376 7349
v 6.283 12.216 31.261
v 6.283 11.550 31.261
v 6.616 12.422 30.722
v 5.950 12.422 30.722
v 6.821 11.883 31.055
v 5.744 11.883 31.055
v 6.283 11.550 30.184
v 6.283 12.216 30.184
v 5.950 11.344 30.722
v 6.616 11.344 30.722
v 5.744 11.883 30.389
v 6.821 11.883 30.389
v 6.283 11.883 31.356
v 6.478 12.395 31.039
v 6.087 12.395 31.039
v 6.599 12.079 31.235
v 5.966 12.079 31.235
v 6.599 11.687 31.235
v 5.966 11.687 31.235
v 6.087 11.371 31.039
v 6.478 11.371 31.039
v 6.283 12.516 30.722
v 6.795 12.200 30.918
v 6.478 12.395 30.406
v 6.795 12.200 30.527
v 5.770 12.200 30.918
v 6.087 12.395 30.406
v 5.770 12.200 30.527
v 6.795 11.566 30.918
v 6.916 11.883 30.722
v 5.770 11.566 30.918
v 5.649 11.883 30.722
v 6.283 11.883 30.089
v 6.087 11.371 30.406
v 6.478 11.371 30.406
v 5.966 11.687 30.210
v 6.599 11.687 30.210
v 5.966 12.079 30.210
v 6.599 12.079 30.210
v 6.283 11.250 30.722
v 5.770 11.566 30.527
v 6.795 11.566 30.527
f 7381 7397 7393
f 7397 7386 7399
f 7397 7399 7393
f 7393 7399 7382
f 7381 7395 7397
f 7395 7384 7406
f 7395 7406 7397
f 7397 7406 7386
f 7381 7394 7395
f 7394 7383 7402
f 7394 7402 7395
f 7395 7402 7384
f 7381 7396 7394
f 7396 7385 7403
f 7396 7403 7394
f 7394 7403 7383
f 7381 7393 7396
f 7393 7382 7398
f 7393 7398 7396
f 7396 7398 7385
f 7382 7399 7400
f 7399 7386 7411
f 7399 7411 7400
f 7400 7411 7389
f 7386 7406 7412
f 7406 7384 7408
f 7406 7408 7412
f 7412 7408 7391
f 7384 7402 7407
f 7402 7383 7404
f 7402 7404 7407
f 7407 7404 7388
f 7383 7403 7405
f 7403 7385 7410
f 7403 7410 7405
f 7405 7410 7392
f 7385 7398 7409
f 7398 7382 7401
f 7398 7401 7409
f 7409 7401 7390
f 7388 7419 7413
f 7419 7392 7417
f 7419 7417 7413
f 7413 7417 7387
f 7392 7422 7417
f 7422 7390 7415
f 7422 7415 7417
f 7417 7415 7387
f 7390 7420 7415
f 7420 7389 7414
f 7420 7414 7415
f 7415 7414 7387
f 7389 7421 7414
f 7421 7391 7416
f 7421 7416 7414
f 7414 7416 7387
f 7391 7418 7416
f 7418 7388 7413
f 7418 7413 7416
f 7416 7413 7387
f 7383 7405 7404
f 7405 7392 7419
f 7405 7419 7404
f 7404 7419 7388
f 7385 7409 7410
f 7409 7390 7422
f 7409 7422 7410
f 7410 7422 7392
f 7382 7400 7401
f 7400 7389 7420
f 7400 7420 7401
f 7401 7420 7390
f 7386 7412 7411
f 7412 7391 7421
f 7412 7421 7411
f 7411 7421 7389
f 7384 7407 7408
f 7407 7388 7418
f 7407 7418 7408
f 7408 7418 7391
v -48.282 -1.135 31.468
v -48.282 -1.838 31.468
v -47.931 -0.918 30.899
v -48.634 -0.918 30.899
v -47.714 -1.486 31.251
v -48.851 -1.486 31.251
v -48.282 -1.838 30.331
v -48.282 -1.135 30.331
v -48.634 -2.055 30.899
v -47.931 -2.055 30.899
v -48.851 -1.486 30.548
v -47.714 -1.486 30.548
v -48.282 -1.486 31.568
v -48.076 -0.946 31.234
v -48.489 -0.946 31.234
v -47.948 -1.280 31.440
v -48.616 -1.280 31.440
v -47.948 -1.693 31.440
v -48.616 -1.693 31.440
v -48.489 -2.027 31.234
v -48.076 -2.027 31.234
v -48.282 -0.818 30.899
v -47.742 -1.152 31.106
v -48.076 -0.946 30.565
v -47.742 -1.152 30.693
v -48.823 -1.152 31.106
v -48.489 -0.946 30.565
v -48.823 -1.152 30.693
v -47.742 -1.821 31.106
v -47.614 -1.486 30.899
v -48.823 -1.821 31.106
v -48.951 -1.486 30.899
v -48.282 -1.486 30.231
v -48.489 -2.027 30.565
v -48.076 -2.027 30.565
v -48.616 -1.693 30.359
v -47.948 -1.693 30.359
v -48.616 -1.280 30.359
v -47.948 -1.280 30.359
v -48.282 -2.155 30.899
v -48.823 -1.821 30.693
v -47.742 -1.821 30.693
f 7423 7439 7435
f 7439 7428 7441
f 7439 7441 7435
f 7435 7441 7424
f 7423 7437 7439
f 7437 7426 7448
f 7437 7448 7439
f 7439 7448 7428
f 7423 7436 7437
f 7436 7425 7444
f 7436 7444 7437
f 7437 7444 7426
f 7423 7438 7436
f 7438 7427 7445
f 7438 7445 7436
f 7436 7445 7425
f 7423 7435 7438
f 7435 7424 7440
f 7435 7440 7438
f 7438 7440 7427
f 7424 7441 7442
f 7441 7428 7453
f 7441 7453 7442
f 7442 7453 7431
f 7428 7448 7454
f 7448 7426 7450
f 7448 7450 7454
f 7454 7450 7433
f 7426 7444 7449
f 7444 7425 7446
f 7444 7446 7449
f 7449 7446 7430
f 7425 7445 7447
f 7445 7427 7452
f 7445 7452 7447
f 7447 7452 7434
f 7427 7440 7451
f 7440 7424 7443
f 7440 7443 7451
f 7451 7443 7432
f 7430 7461 7455
f 7461 7434 7459
f 7461 7459 7455
f 7455 7459 7429
f 7434 7464 7459
f 7464 7432 7457
f 7464 7457 7459
f 7459 7457 7429
f 7432 7462 7457
f 7462 7431 7456
f 7462 7456 7457
f 7457 7456 7429
f 7431 7463 7456
f 7463 7433 7458
f 7463 7458 7456
f 7456 7458 7429
f 7433 7460 7458
f 7460 7430 7455
f 7460 7455 7458
f 7458 7455 7429
f 7425 7447 7446
f 7447 7434 7461
f 7447 7461 7446
f 7446 7461 7430
f 7427 7451 7452
f 7451 7432 7464
f 7451 7464 7452
f 7452 7464 7434
f 7424 7442 7443
f 7442 7431 7462
f 7442 7462 7443
f 7443 7462 7432
f 7428 7454 7453
f 7454 7433 7463
f 7454 7463 7453
f 7453 7463 7431
f 7426 7449 7450
f 7449 7430 7460
f 7449 7460 7450
f 7450 7460 7433
v -57.082 3.520 50.255
v -57.082 2.836 50.255
v -56.739 3.732 49.701
v -57.424 3.732 49.701
v -56.528 3.178 50.043
v -57.635 3.178 50.043
v -57.082 2.836 49.147
v -57.082 3.520 49.147
v -57.424 2.624 49.701
v -56.739 2.624 49.701
v -57.635 3.178 49.359
v -56.528 3.178 49.359
v -57.082 3.178 50.352
v -56.880 3.705 50.026
v -57.283 3.705 50.026
v -56.756 3.379 50.228
v -57.407 3.379 50.228
v -56.756 2.977 50.228
v -57.407 2.977 50.228
v -57.283 2.651 50.026
v -56.880 2.651 50.026
v -57.082 3.829 49.701
v -56.555 3.503 49.902
v -56.880 3.705 49.375
v -56.555 3.503 49.500
v -57.608 3.503 49.902
v -57.283 3.705 49.375
v -57.608 3.503 49.500
v -56.555 2.852 49.902
v -56.431 3.178 49.701
v -57.608 2.852 49.902
v -57.733 3.178 49.701
v -57.082 3.178 49.050
v -57.283 2.651 49.375
v -56.880 2.651 49.375
v -57.407 2.977 49.174
v -56.756 2.977 49.174
v -57.407 3.379 49.174
v -56.756 3.379 49.174
v -57.082 2.527 49.701
v -57.608 2.852 49.500
v -56.555 2.852 49.500
f 7465 7481 7477
f 7481 7470 7483
f 7481 7483 7477
f 7477 7483 7466
f 7465 7479 7481
f 7479 7468 7490
f 7479 7490 7481
f 7481 7490 7470
f 7465 7478 7479
f 7478 7467 7486
f 7478 7486 7479
f 7479 7486 7468
f 7465 7480 7478
f 7480 7469 7487
f 7480 7487 7478
f 7478 7487 7467
f 7465 7477 7480
f 7477 7466 7482
f 7477 7482 7480
f 7480 7482 7469
f 7466 7483 7484
f 7483 7470 7495
f 7483 7495 7484
f 7484 7495 7473
f 7470 7490 7496
f 7490 7468 7492
f 7490 7492 7496
f 7496 7492 7475
f 7468 7486 7491
f 7486 7467 7488
f 7486 7488 7491
f 7491 7488 7472
f 7467 7487 7489
f 7487 7469 7494
f 7487 7494 7489
f 7489 7494 7476
f 7469 7482 7493
f 7482 7466 7485
f 7482 7485 7493
f 7493 7485 7474
f 7472 7503 7497
f 7503 7476 7501
f 7503 7501 7497
f 7497 7501 7471
f 7476 7506 7501
f 7506 7474 7499
f 7506 7499 7501
f 7501 7499 7471
f 7474 7504 7499
f 7504 7473 7498
f 7504 7498 7499
f 7499 7498 7471
f 7473 7505 7498
f 7505 7475 7500
f 7505 7500 7498
f 7498 7500 7471
f 7475 7502 7500
f 7502 7472 7497
f 7502 7497 7500
f 7500 7497 7471
f 7467 7489 7488
f 7489 7476 7503
f 7489 7503 7488
f 7488 7503 7472
f 7469 7493 7494
f 7493 7474 7506
f 7493 7506 7494
f 7494 7506 7476
f 7466 7484 7485
f 7484 7473 7504
f 7484 7504 7485
f 7485 7504 7474
f 7470 7496 7495
f 7496 7475 7505
f 7496 7505 7495
f 7495 7505 7473
f 7468 7491 7492
f 7491 7472 7502
f 7491 7502 7492
f 7492 7502 7475
v -4.612 -16.042 -75.533
v -4.612 -16.762 -75.533
v -4.251 -15.819 -76.116
v -4.972 -15.819 -76.116
v -4.029 -16.402 -75.756
v -5.194 -16.402 -75.756
v -4.612 -16.762 -76.699
v -4.612 -16.042 -76.699
v -4.972 -16.985 -76.116
v -4.251 -16.985 -76.116
v -5.194 -16.402 -76.477
v -4.029 -16.402 -76.477
v -4.612 -16.402 -75.431
v -4.400 -15.848 -75.774
v -4.823 -15.848 -75.774
v -4.269 -16.191 -75.562
v -4.954 -16.191 -75.562
v -4.269 -16.614 -75.562
v -4.954 -16.614 -75.562
v -4.823 -16.957 -75.774
v -4.400 -16.957 -75.774
v -4.612 -15.717 -76.116
v -4.057 -16.060 -75.905
v -4.400 -15.848 -76.459
v -4.057 -16.060 -76.328
v -5.166 -16.060 -75.905
v -4.823 -15.848 -76.459
v -5.166 -16.060 -76.328
v -4.057 -16.745 -75.905
v -3.926 -16.402 -76.116
v -5.166 -16.745 -75.905
v -5.297 -16.402 -76.116
v -4.612 -16.402 -76.802
v -4.823 -16.957 -76.459
v -4.400 -16.957 -76.459
v -4.954 -16.614 -76.671
v -4.269 -16.614 -76.671
v -4.954 -16.191 -76.671
v -4.269 -16.191 -76.671
v -4.612 -17.087 -76.116
v -5.166 -16.745 -76.328
v -4.057 -16.745 -76.328
f 7507 7523 7519
f 7523 7512 7525
f 7523 7525 7519
f 7519 7525 7508
f 7507 7521 7523
f 7521 7510 7532
f 7521 7532 7523
f 7523 7532 7512
f 7507 7520 7521
f 7520 7509 7528
f 7520 7528 7521
f 7521 7528 7510
f 7507 7522 7520
f 7522 7511 7529
f 7522 7529 7520
f 7520 7529 7509
f 7507 7519 7522
f 7519 7508 7524
f 7519 7524 7522
f 7522 7524 7511
f 7508 7525 7526
f 7525 7512 7537
f 7525 7537 7526
f 7526 7537 7515
f 7512 7532 7538
f 7532 7510 7534
f 7532 7534 7538
f 7538 7534 7517
f 7510 7528 7533
f 7528 7509 7530
f 7528 7530 7533
f 7533 7530 7514
f 7509 7529 7531
f 7529 7511 7536
f 7529 7536 7531
f 7531 7536 7518
f 7511 7524 7535
f 7524 7508 7527
f 7524 7527 7535
f 7535 7527 7516
f 7514 7545 7539
f 7545 7518 7543
f 7545 7543 7539
f 7539 7543 7513
f 7518 7548 7543
f 7548 7516 7541
f 7548 7541 7543
f 7543 7541 7513
f 7516 7546 7541
f 7546 7515 7540
f 7546 7540 7541
f 7541 7540 7513
f 7515 7547 7540
f 7547 7517 7542
f 7547 7542 7540
f 7540 7542 7513
f 7517 7544 7542
f 7544 7514 7539
f 7544 7539 7542
f 7542 7539 7513
f 7509 7531 7530
f 7531 7518 7545
f 7531 7545 7530
f 7530 7545 7514
f 7511 7535 7536
f 7535 7516 7548
f 7535 7548 7536
f 7536 7548 7518
f 7508 7526 7527
f 7526 7515 7546
f 7526 7546 7527
f 7527 7546 7516
f 7512 7538 7537
f 7538 7517 7547
f 7538 7547 7537
f 7537 7547 7515
f 7510 7533 7534
f 7533 7514 7544
f 7533 7544 7534
f 7534 7544 7517
v -43.237 24.468 -48.908
v -43.237 23.713 -48.908
v -42.860 24.701 -49.519
v -43.614 24.701 -49.519
v -42.627 24.090 -49.142
v -43.848 24.090 -49.142
v -43.237 23.713 -50.129
v -43.237 24.468 -50.129
v -43.614 23.480 -49.519
v -42.860 23.480 -49.519
v -43.848 24.090 -49.896
v -42.627 24.090 -49.896
v -43.237 24.090 -48.801
v -43.015 24.671 -49.160
v -43.459 24.671 -49.160
v -42.878 24.312 -48.938
v -43.596 24.312 -48.938
v -42.878 23.868 -48.938
v -43.596 23.868 -48.938
v -43.459 23.510 -49.160
v -43.015 23.510 -49.160
v -43.237 24.808 -49.519
v -42.656 24.449 -49.297
v -43.015 24.671 -49.878
v -42.656 24.449 -49.741
v -43.818 24.449 -49.297
v -43.459 24.671 -49.878
v -43.818 24.449 -49.741
v -42.656 23.731 -49.297
v -42.519 24.090 -49.519
v -43.818 23.731 -49.297
v -43.955 24.090 -49.519
v -43.237 24.090 -50.237
v -43.459 23.510 -49.878
v -43.015 23.510 -49.878
v -43.596 23.868 -50.100
v -42.878 23.868 -50.100
v -43.596 24.312 -50.100
v -42.878 24.312 -50.100
v -43.237 23.373 -49.519
v -43.818 23.731 -49.741
v -42.656 23.731 -49.741
f 7549 7565 7561
f 7565 7554 7567
f 7565 7567 7561
f 7561 7567 7550
f 7549 7563 7565
f 7563 7552 7574
f 7563 7574 7565
f 7565 7574 7554
f 7549 7562 7563
f 7562 7551 7570
f 7562 7570 7563
f 7563 7570 7552
f 7549 7564 7562
f 7564 7553 7571
f 7564 7571 7562
f 7562 7571 7551
f 7549 7561 7564
f 7561 7550 7566
f 7561 7566 7564
f 7564 7566 7553
f 7550 7567 7568
f 7567 7554 7579
f 7567 7579 7568
f 7568 7579 7557
f 7554 7574 7580
f 7574 7552 7576
f 7574 7576 7580
f 7580 7576 7559
f 7552 7570 7575
f 7570 7551 7572
f 7570 7572 7575
f 7575 7572 7556
f 7551 7571 7573
f 7571 7553 7578
f 7571 7578 7573
f 7573 7578 7560
f 7553 7566 7577
f 7566 7550 7569
f 7566 7569 7577
f 7577 7569 7558
f 7556 7587 7581
f 7587 7560 7585
f 7587 7585 7581
f 7581 7585 7555
f 7560 7590 7585
f 7590 7558 7583
f 7590 7583 7585
f 7585 7583 7555
f 7558 7588 7583
f 7588 7557 7582
f 7588 7582 7583
f 7583 7582 7555
f 7557 7589 7582
f 7589 7559 7584
f 7589 7584 7582
f 7582 7584 7555
f 7559 7586 7584
f 7586 7556 7581
f 7586 7581 7584
f 7584 7581 7555
f 7551 7573 7572
f 7573 7560 7587
f 7573 7587 7572
f 7572 7587 7556
f 7553 7577 7578
f 7577 7558 7590
f 7577 7590 7578
f 7578 7590 7560
f 7550 7568 7569
f 7568 7557 7588
f 7568 7588 7569
f 7569 7588 7558
f 7554 7580 7579
f 7580 7559 7589
f 7580 7589 7579
f 7579 7589 7557
f 7552 7575 7576
f 7575 7556 7586
f 7575 7586 7576
f 7576 7586 7559
v 20.640 -52.820 -28.250
v 20.640 -53.540 -28.250
v 21.000 -52.597 -28.833
v 20.280 -52.597 -28.833
v 21.223 -53.180 -28.473
v 20.057 -53.180 -28.473
v 20.640 -53.540 -29.416
v 20.640 -52.820 -29.416
v 20.280 -53.763 -28.833
v 21.000 -53.763 -28.833
v 20.057 -53.180 -29.194
v 21.223 -53.180 -29.194
v 20.640 -53.180 -28.148
v 20.852 -52.626 -28.491
v 20.429 -52.626 -28.491
v 20.983 -52.968 -28.279
v 20.298 -52.968 -28.279
v 20.983 -53.392 -28.279
v 20.298 -53.392 -28.279
v 20.429 -53.734 -28.491
v 20.852 -53.734 -28.491
v 20.640 -52.495 -28.833
v 21.195 -52.837 -28.622
v 20.852 -52.626 -29.176
v 21.195 -52.837 -29.045
v 20.086 -52.837 -28.622
v 20.429 -52.626 -29.176
v 20.086 -52.837 -29.045
v 21.195 -53.523 -28.622
v 21.325 -53.180 -28.833
v 20.086 -53.523 -28.622
v 19.955 -53.180 -28.833
v 20.640 -53.180 -29.518
v 20.429 -53.734 -29.176
v 20.852 -53.734 -29.176
v 20.298 -53.392 -29.388
v 20.983 -53.392 -29.388
v 20.298 -52.968 -29.388
v 20.983 -52.968 -29.388
v 20.640 -53.865 -28.833
v 20.086 -53.523 -29.045
v 21.195 -53.523 -29.045
f 7591 7607 7603
f 7607 7596 7609
f 7607 7609 7603
f 7603 7609 7592
f 7591 7605 7607
f 7605 7594 7616
f 7605 7616 7607
f 7607 7616 7596
f 7591 7604 7605
f 7604 7593 7612
f 7604 7612 7605
f 7605 7612 7594
f 7591 7606 7604
f 7606 7595 7613
f 7606 7613 7604
f 7604 7613 7593
f 7591 7603 7606
f 7603 7592 7608
f 7603 7608 7606
f 7606 7608 7595
f 7592 7609 7610
f 7609 7596 7621
f 7609 7621 7610
f 7610 7621 7599
f 7596 7616 7622
f 7616 7594 7618
f 7616 7618 7622
f 7622 7618 7601
f 7594 7612 7617
f 7612 7593 7614
f 7612 7614 7617
f 7617 7614 7598
f 7593 7613 7615
f 7613 7595 7620
f 7613 7620 7615
f 7615 7620 7602
f 7595 7608 7619
f 7608 7592 7611
f 7608 7611 7619
f 7619 7611 7600
f 7598 7629 7623
f 7629 7602 7627
f 7629 7627 7623
f 7623 7627 7597
f 7602 7632 7627
f 7632 7600 7625
f 7632 7625 7627
f 7627 7625 7597
f 7600 7630 7625
f 7630 7599 7624
f 7630 7624 7625
f 7625 7624 7597
f 7599 7631 7624
f 7631 7601 7626
f 7631 7626 7624
f 7624 7626 7597
f 7601 7628 7626
f 7628 7598 7623
f 7628 7623 7626
f 7626 7623 7597
f 7593 7615 7614
f 7615 7602 7629
f 7615 7629 7614
f 7614 7629 7598
f 7595 7619 7620
f 7619 7600 7632
f 7619 7632 7620
f 7620 7632 7602
f 7592 7610 7611
f 7610 7599 7630
f 7610 7630 7611
f 7611 7630 7600
f 7596 7622 7621
f 7622 7601 7631
f 7622 7631 7621
f 7621 7631 7599
f 7594 7617 7618
f 7617 7598 7628
f 7617 7628 7618
f 7618 7628 7601
v -44.632 2.269 -28.320
v -44.632 1.584 -28.320
v -44.289 2.480 -28.873
v -44.974 2.480 -28.873
v -44.078 1.926 -28.531
v -45.185 1.926 -28.531
v -44.632 1.584 -29.427
v -44.632 2.269 -29.427
v -44.974 1.373 -28.873
v -44.289 1.373 -28.873
v -45.185 1.926 -29.216
v -44.078 1.926 -29.216
v -44.632 1.926 -28.222
v -44.430 2.453 -28.548
v -44.833 2.453 -28.548
v -44.306 2.127 -28.347
v -44.957 2.127 -28.347
v -44.306 1.725 -28.347
v -44.957 1.725 -28.347
v -44.833 1.400 -28.548
v -44.430 1.400 -28.548
v -44.632 2.577 -28.873
v -44.105 2.252 -28.672
v -44.430 2.453 -29.199
v -44.105 2.252 -29.075
v -45.158 2.252 -28.672
v -44.833 2.453 -29.199
v -45.158 2.252 -29.075
v -44.105 1.601 -28.672
v -43.981 1.926 -28.873
v -45.158 1.601 -28.672
v -45.283 1.926 -28.873
v -44.632 1.926 -29.524
v -44.833 1.400 -29.199
v -44.430 1.400 -29.199
v -44.957 1.725 -29.400
v -44.306 1.725 -29.400
v -44.957 2.127 -29.400
v -44.306 2.127 -29.400
v -44.632 1.275 -28.873
v -45.158 1.601 -29.075
v -44.105 1.601 -29.075
f 7633 7649 7645
f 7649 7638 7651
f 7649 7651 7645
f 7645 7651 7634
f 7633 7647 7649
f 7647 7636 7658
f 7647 7658 7649
f 7649 7658 7638
f 7633 7646 7647
f 7646 7635 7654
f 7646 7654 7647
f 7647 7654 7636
f 7633 7648 7646
f 7648 7637 7655
f 7648 7655 7646
f 7646 7655 7635
f 7633 7645 7648
f 7645 7634 7650
f 7645 7650 7648
f 7648 7650 7637
f 7634 7651 7652
f 7651 7638 7663
f 7651 7663 7652
f 7652 7663 7641
f 7638 7658 7664
f 7658 7636 7660
f 7658 7660 7664
f 7664 7660 7643
f 7636 7654 7659
f 7654 7635 7656
f 7654 7656 7659
f 7659 7656 7640
f 7635 7655 7657
f 7655 7637 7662
f 7655 7662 7657
f 7657 7662 7644
f 7637 7650 7661
f 7650 7634 7653
f 7650 7653 7661
f 7661 7653 7642
f 7640 7671 7665
f 7671 7644 7669
f 7671 7669 7665
f 7665 7669 7639
f 7644 7674 7669
f 7674 7642 7667
f 7674 7667 7669
f 7669 7667 7639
f 7642 7672 7667
f 7672 7641 7666
f 7672 7666 7667
f 7667 7666 7639
f 7641 7673 7666
f 7673 7643 7668
f 7673 7668 7666
f 7666 7668 7639
f 7643 7670 7668
f 7670 7640 7665
f 7670 7665 7668
f 7668 7665 7639
f 7635 7657 7656
f 7657 7644 7671
f 7657 7671 7656
f 7656 7671 7640
f 7637 7661 7662
f 7661 7642 7674
f 7661 7674 7662
f 7662 7674 7644
f 7634 7652 7653
f 7652 7641 7672
f 7652 7672 7653
f 7653 7672 7642
f 7638 7664 7663
f 7664 7643 7673
f 7664 7673 7663
f 7663 7673 7641
f 7636 7659 7660
f 7659 7640 7670
f 7659 7670 7660
f 7660 7670 7643
v 23.894 -51.497 -22.797
v 23.894 -52.217 -22.797
v 24.254 -51.274 -23.380
v 23.534 -51.274 -23.380
v 24.477 -51.857 -23.020
v 23.311 -51.857 -23.020
v 23.894 -52.217 -23.963
v 23.894 -51.497 -23.963
v 23.534 -52.440 -23.380
v 24.254 -52.440 -23.380
v 23.311 -51.857 -23.741
v 24.477 -51.857 -23.741
v 23.894 -51.857 -22.695
v 24.106 -51.303 -23.038
v 23.682 -51.303 -23.038
v 24.237 -51.645 -22.826
v 23.551 -51.645 -22.826
v 24.237 -52.069 -22.826
v 23.551 -52.069 -22.826
v 23.682 -52.411 -23.038
v 24.106 -52.411 -23.038
v 23.894 -51.172 -23.380
v 24.448 -51.515 -23.169
v 24.106 -51.303 -23.723
v 24.448 -51.515 -23.592
v 23.340 -51.515 -23.169
v 23.682 -51.303 -23.723
v 23.340 -51.515 -23.592
v 24.448 -52.200 -23.169
v 24.579 -51.857 -23.380
v 23.340 -52.200 -23.169
v 23.209 -51.857 -23.380
v 23.894 -51.857 -24.066
v 23.682 -52.411 -23.723
v 24.106 -52.411 -23.723
v 23.551 -52.069 -23.935
v 24.237 -52.069 -23.935
v 23.551 -51.645 -23.935
v 24.237 -51.645 -23.935
v 23.894 -52.542 -23.380
v 23.340 -52.200 -23.592
v 24.448 -52.200 -23.592
f 7675 7691 7687
f 7691 7680 7693
f 7691 7693 7687
f 7687 7693 7676
f 7675 7689 7691
f 7689 7678 7700
f 7689 7700 7691
f 7691 7700 7680
f 7675 7688 7689
f 7688 7677 7696
f 7688 7696 7689
f 7689 7696 7678
f 7675 7690 7688
f 7690 7679 7697
f 7690 7697 7688
f 7688 7697 7677
f 7675 7687 7690
f 7687 7676 7692
f 7687 7692 7690
f 7690 7692 7679
f 7676 7693 7694
f 7693 7680 7705
f 7693 7705 7694
f 7694 7705 7683
f 7680 7700 7706
f 7700 7678 7702
f 7700 7702 7706
f 7706 7702 7685
f 7678 7696 7701
f 7696 7677 7698
f 7696 7698 7701
f 7701 7698 7682
f 7677 7697 7699
f 7697 7679 7704
f 7697 7704 7699
f 7699 7704 7686
f 7679 7692 7703
f 7692 7676 7695
f 7692 7695 7703
f 7703 7695 7684
f 7682 7713 7707
f 7713 7686 7711
f 7713 7711 7707
f 7707 7711 7681
f 7686 7716 7711
f 7716 7684 7709
f 7716 7709 7711
f 7711 7709 7681
f 7684 7714 7709
f 7714 7683 7708
f 7714 7708 7709
f 7709 7708 7681
f 7683 7715 7708
f 7715 7685 7710
f 7715 7710 7708
f 7708 7710 7681
f 7685 7712 7710
f 7712 7682 7707
f 7712 7707 7710
f 7710 7707 7681
f 7677 7699 7698
f 7699 7686 7713
f 7699 7713 7698
f 7698 7713 7682
f 7679 7703 7704
f 7703 7684 7716
f 7703 7716 7704
f 7704 7716 7686
f 7676 7694 7695
f 7694 7683 7714
f 7694 7714 7695
f 7695 7714 7684
f 7680 7706 7705
f 7706 7685 7715
f 7706 7715 7705
f 7705 7715 7683
f 7678 7701 7702
f 7701 7682 7712
f 7701 7712 7702
f 7702 7712 7685
v 70.103 -6.811 -21.089
v 70.103 -7.532 -21.089
v 70.463 -6.589 -21.672
v 69.743 -6.589 -21.672
v 70.686 -7.172 -21.311
v 69.520 -7.172 -21.311
v 70.103 -7.532 -22.254
v 70.103 -6.811 -22.254
v 69.743 -7.754 -21.672
v 70.463 -7.754 -21.672
v 69.520 -7.172 -22.032
v 70.686 -7.172 -22.032
v 70.103 -7.172 -20.986
v 70.315 -6.617 -21.329
v 69.891 -6.617 -21.329
v 70.446 -6.960 -21.117
v 69.760 -6.960 -21.117
v 70.446 -7.383 -21.117
v 69.760 -7.383 -21.117
v 69.891 -7.726 -21.329
v 70.315 -7.726 -21.329
v 70.103 -6.486 -21.672
v 70.657 -6.829 -21.460
v 70.315 -6.617 -22.014
v 70.657 -6.829 -21.883
v 69.549 -6.829 -21.460
v 69.891 -6.617 -22.014
v 69.549 -6.829 -21.883
v 70.657 -7.514 -21.460
v 70.788 -7.172 -21.672
v 69.549 -7.514 -21.460
v 69.418 -7.172 -21.672
v 70.103 -7.172 -22.357
v 69.891 -7.726 -22.014
v 70.315 -7.726 -22.014
v 69.760 -7.383 -22.226
v 70.446 -7.383 -22.226
v 69.760 -6.960 -22.226
v 70.446 -6.960 -22.226
v 70.103 -7.857 -21.672
v 69.549 -7.514 -21.883
v 70.657 -7.514 -21.883
f 7717 7733 7729
f 7733 7722 7735
f 7733 7735 7729
f 7729 7735 7718
f 7717 7731 7733
f 7731 7720 7742
f 7731 7742 7733
f 7733 7742 7722
f 7717 7730 7731
f 7730 7719 7738
f 7730 7738 7731
f 7731 7738 7720
f 7717 7732 7730
f 7732 7721 7739
f 7732 7739 7730
f 7730 7739 7719
f 7717 7729 7732
f 7729 7718 7734
f 7729 7734 7732
f 7732 7734 7721
f 7718 7735 7736
f 7735 7722 7747
f 7735 7747 7736
f 7736 7747 7725
f 7722 7742 7748
f 7742 7720 7744
f 7742 7744 7748
f 7748 7744 7727
f 7720 7738 7743
f 7738 7719 7740
f 7738 7740 7743
f 7743 7740 7724
f 7719 7739 7741
f 7739 7721 7746
f 7739 7746 7741
f 7741 7746 7728
f 7721 7734 7745
f 7734 7718 7737
f 7734 7737 7745
f 7745 7737 7726
f 7724 7755 7749
f 7755 7728 7753
f 7755 7753 7749
f 7749 7753 7723
f 7728 7758 7753
f 7758 7726 7751
f 7758 7751 7753
f 7753 7751 7723
f 7726 7756 7751
f 7756 7725 7750
f 7756 7750 7751
f 7751 7750 7723
f 7725 7757 7750
f 7757 7727 7752
f 7757 7752 7750
f 7750 7752 7723
f 7727 7754 7752
f 7754 7724 7749
f 7754 7749 7752
f 7752 7749 7723
f 7719 7741 7740
f 7741 7728 7755
f 7741 7755 7740
f 7740 7755 7724
f 7721 7745 7746
f 7745 7726 7758
f 7745 7758 7746
f 7746 7758 7728
f 7718 7736 7737
f 7736 7725 7756
f 7736 7756 7737
f 7737 7756 7726
f 7722 7748 7747
f 7748 7727 7757
f 7748 7757 7747
f 7747 7757 7725
f 7720 7743 7744
f 7743 7724 7754
f 7743 7754 7744
f 7744 7754 7727
v -48.640 14.043 -26.510
v -48.640 13.288 -26.510
v -48.263 14.276 -27.121
v -49.018 14.276 -27.121
v -48.030 13.666 -26.743
v -49.251 13.666 -26.743
v -48.640 13.288 -27.731
v -48.640 14.043 -27.731
v -49.018 13.055 -27.121
v -48.263 13.055 -27.121
v -49.251 13.666 -27.498
v -48.030 13.666 -27.498
v -48.640 13.666 -26.403
v -48.418 14.246 -26.762
v -48.862 14.246 -26.762
v -48.281 13.887 -26.540
v -48.999 13.887 -26.540
v -48.281 13.444 -26.540
v -48.999 13.444 -26.540
v -48.862 13.085 -26.762
v -48.418 13.085 -26.762
v -48.640 14.383 -27.121
v -48.060 14.024 -26.899
v -48.418 14.246 -27.480
v -48.060 14.024 -27.343
v -49.221 14.024 -26.899
v -48.862 14.246 -27.480
v -49.221 14.024 -27.343
v -48.060 13.307 -26.899
v -47.923 13.666 -27.121
v -49.221 13.307 -26.899
v -49.358 13.666 -27.121
v -48.640 13.666 -27.839
v -48.862 13.085 -27.480
v -48.418 13.085 -27.480
v -48.999 13.444 -27.701
v -48.281 13.444 -27.701
v -48.999 13.887 -27.701
v -48.281 13.887 -27.701
v -48.640 12.948 -27.121
v -49.221 13.307 -27.343
v -48.060 13.307 -27.343
f 7759 7775 7771
f 7775 7764 7777
f 7775 7777 7771
f 7771 7777 7760
f 7759 7773 7775
f 7773 7762 7784
f 7773 7784 7775
f 7775 7784 7764
f 7759 7772 7773
f 7772 7761 7780
f 7772 7780 7773
f 7773 7780 7762
f 7759 7774 7772
f 7774 7763 7781
f 7774 7781 7772
f 7772 7781 7761
f 7759 7771 7774
f 7771 7760 7776
f 7771 7776 7774
f 7774 7776 7763
f 7760 7777 7778
f 7777 7764 7789
f 7777 7789 7778
f 7778 7789 7767
f 7764 7784 7790
f 7784 7762 7786
f 7784 7786 7790
f 7790 7786 7769
f 7762 7780 7785
f 7780 7761 7782
f 7780 7782 7785
f 7785 7782 7766
f 7761 7781 7783
f 7781 7763 7788
f 7781 7788 7783
f 7783 7788 7770
f 7763 7776 7787
f 7776 7760 7779
f 7776 7779 7787
f 7787 7779 7768
f 7766 7797 7791
f 7797 7770 7795
f 7797 7795 7791
f 7791 7795 7765
f 7770 7800 7795
f 7800 7768 7793
f 7800 7793 7795
f 7795 7793 7765
f 7768 7798 7793
f 7798 7767 7792
f 7798 7792 7793
f 7793 7792 7765
f 7767 7799 7792
f 7799 7769 7794
f 7799 7794 7792
f 7792 7794 7765
f 7769 7796 7794
f 7796 7766 7791
f 7796 7791 7794
f 7794 7791 7765
f 7761 7783 7782
f 7783 7770 7797
f 7783 7797 7782
f 7782 7797 7766
f 7763 7787 7788
f 7787 7768 7800
f 7787 7800 7788
f 7788 7800 7770
f 7760 7778 7779
f 7778 7767 7798
f 7778 7798 7779
f 7779 7798 7768
f 7764 7790 7789
f 7790 7769 7799
f 7790 7799 7789
f 7789 7799 7767
f 7762 7785 7786
f 7785 7766 7796
f 7785 7796 7786
f 7786 7796 7769
v -37.975 14.428 -20.912
v -37.975 13.762 -20.912
v -37.642 14.633 -21.451
v -38.308 14.633 -21.451
v -37.436 14.095 -21.118
v -38.514 14.095 -21.118
v -37.975 13.762 -21.989
v -37.975 14.428 -21.989
v -38.308 13.556 -21.451
v -37.642 13.556 -21.451
v -38.514 14.095 -21.784
v -37.436 14.095 -21.784
v -37.975 14.095 -20.817
v -37.779 14.607 -21.134
v -38.171 14.607 -21.134
v -37.658 14.290 -20.938
v -38.292 14.290 -20.938
v -37.658 13.899 -20.938
v -38.292 13.899 -20.938
v -38.171 13.582 -21.134
v -37.779 13.582 -21.134
v -37.975 14.728 -21.451
v -37.463 14.411 -21.255
v -37.779 14.607 -21.767
v -37.463 14.411 -21.646
v -38.487 14.411 -21.255
v -38.171 14.607 -21.767
v -38.487 14.411 -21.646
v -37.463 13.778 -21.255
v -37.342 14.095 -21.451
v -38.487 13.778 -21.255
v -38.608 14.095 -21.451
v -37.975 14.095 -22.084
v -38.171 13.582 -21.767
v -37.779 13.582 -21.767
v -38.292 13.899 -21.963
v -37.658 13.899 -21.963
v -38.292 14.290 -21.963
v -37.658 14.290 -21.963
v -37.975 13.461 -21.451
v -38.487 13.778 -21.646
v -37.463 13.778 -21.646
f 7801 7817 7813
f 7817 7806 7819
f 7817 7819 7813
f 7813 7819 7802
f 7801 7815 7817
f 7815 7804 7826
f 7815 7826 7817
f 7817 7826 7806
f 7801 7814 7815
f 7814 7803 7822
f 7814 7822 7815
f 7815 7822 7804
f 7801 7816 7814
f 7816 7805 7823
f 7816 7823 7814
f 7814 7823 7803
f 7801 7813 7816
f 7813 7802 7818
f 7813 7818 7816
f 7816 7818 7805
f 7802 7819 7820
f 7819 7806 7831
f 7819 7831 7820
f 7820 7831 7809
f 7806 7826 7832
f 7826 7804 7828
f 7826 7828 7832
f 7832 7828 7811
f 7804 7822 7827
f 7822 7803 7824
f 7822 7824 7827
f 7827 7824 7808
f 7803 7823 7825
f 7823 7805 7830
f 7823 7830 7825
f 7825 7830 7812
f 7805 7818 7829
f 7818 7802 7821
f 7818 7821 7829
f 7829 7821 7810
f 7808 7839 7833
f 7839 7812 7837
f 7839 7837 7833
f 7833 7837 7807
f 7812 7842 7837
f 7842 7810 7835
f 7842 7835 7837
f 7837 7835 7807
f 7810 7840 7835
f 7840 7809 7834
f 7840 7834 7835
f 7835 7834 7807
f 7809 7841 7834
f 7841 7811 7836
f 7841 7836 7834
f 7834 7836 7807
f 7811 7838 7836
f 7838 7808 7833
f 7838 7833 7836
f 7836 7833 7807
f 7803 7825 7824
f 7825 7812 7839
f 7825 7839 7824
f 7824 7839 7808
f 7805 7829 7830
f 7829 7810 7842
f 7829 7842 7830
f 7830 7842 7812
f 7802 7820 7821
f 7820 7809 7840
f 7820 7840 7821
f 7821 7840 7810
f 7806 7832 7831
f 7832 7811 7841
f 7832 7841 7831
f 7831 7841 7809
f 7804 7827 7828
f 7827 7808 7838
f 7827 7838 7828
f 7828 7838 7811
v -7.627 -10.414 -9.895
v -7.627 -11.080 -9.895
v -7.294 -10.208 -10.433
v -7.959 -10.208 -10.433
v -7.088 -10.747 -10.100
v -8.165 -10.747 -10.100
v -7.627 -11.080 -10.972
v -7.627 -10.414 -10.972
v -7.959 -11.286 -10.433
v -7.294 -11.286 -10.433
v -8.165 -10.747 -10.766
v -7.088 -10.747 -10.766
v -7.627 -10.747 -9.800
v -7.431 -10.235 -10.117
v -7.822 -10.235 -10.117
v -7.310 -10.551 -9.921
v -7.943 -10.551 -9.921
v -7.310 -10.943 -9.921
v -7.943 -10.943 -9.921
v -7.822 -11.259 -10.117
v -7.431 -11.259 -10.117
v -7.627 -10.114 -10.433
v -7.114 -10.430 -10.238
v -7.431 -10.235 -10.750
v -7.114 -10.430 -10.629
v -8.139 -10.430 -10.238
v -7.822 -10.235 -10.750
v -8.139 -10.430 -10.629
v -7.114 -11.064 -10.238
v -6.993 -10.747 -10.433
v -8.139 -11.064 -10.238
v -8.260 -10.747 -10.433
v -7.627 -10.747 -11.067
v -7.822 -11.259 -10.750
v -7.431 -11.259 -10.750
v -7.943 -10.943 -10.946
v -7.310 -10.943 -10.946
v -7.943 -10.551 -10.946
v -7.310 -10.551 -10.946
v -7.627 -11.380 -10.433
v -8.139 -11.064 -10.629
v -7.114 -11.064 -10.629
f 7843 7859 7855
f 7859 7848 7861
f 7859 7861 7855
f 7855 7861 7844
f 7843 7857 7859
f 7857 7846 7868
f 7857 7868 7859
f 7859 7868 7848
f 7843 7856 7857
f 7856 7845 7864
f 7856 7864 7857
f 7857 7864 7846
f 7843 7858 7856
f 7858 7847 7865
f 7858 7865 7856
f 7856 7865 7845
f 7843 7855 7858
f 7855 7844 7860
f 7855 7860 7858
f 7858 7860 7847
f 7844 7861 7862
f 7861 7848 7873
f 7861 7873 7862
f 7862 7873 7851
f 7848 7868 7874
f 7868 7846 7870
f 7868 7870 7874
f 7874 7870 7853
f 7846 7864 7869
f 7864 7845 7866
f 7864 7866 7869
f 7869 7866 7850
f 7845 7865 7867
f 7865 7847 7872
f 7865 7872 7867
f 7867 7872 7854
f 7847 7860 7871
f 7860 7844 7863
f 7860 7863 7871
f 7871 7863 7852
f 7850 7881 7875
f 7881 7854 7879
f 7881 7879 7875
f 7875 7879 7849
f 7854 7884 7879
f 7884 7852 7877
f 7884 7877 7879
f 7879 7877 7849
f 7852 7882 7877
f 7882 7851 7876
f 7882 7876 7877
f 7877 7876 7849
f 7851 7883 7876
f 7883 7853 7878
f 7883 7878 7876
f 7876 7878 7849
f 7853 7880 7878
f 7880 7850 7875
f 7880 7875 7878
f 7878 7875 7849
f 7845 7867 7866
f 7867 7854 7881
f 7867 7881 7866
f 7866 7881 7850
f 7847 7871 7872
f 7871 7852 7884
f 7871 7884 7872
f 7872 7884 7854
f 7844 7862 7863
f 7862 7851 7882
f 7862 7882 7863
f 7863 7882 7852
f 7848 7874 7873
f 7874 7853 7883
f 7874 7883 7873
f 7873 7883 7851
f 7846 7869 7870
f 7869 7850 7880
f 7869 7880 7870
f 7870 7880 7853
v -10.571 0.009 16.148
v -10.571 -0.810 16.148
v -10.161 0.262 15.485
v -10.980 0.262 15.485
v -9.908 -0.400 15.895
v -11.233 -0.400 15.895
v -10.571 -0.810 14.823
v -10.571 0.009 14.823
v -10.980 -1.063 15.485
v -10.161 -1.063 15.485
v -11.233 -0.400 15.076
v -9.908 -0.400 15.076
v -10.571 -0.400 16.264
v -10.330 0.230 15.874
v -10.812 0.230 15.874
v -10.181 -0.160 16.115
v -10.960 -0.160 16.115
v -10.181 -0.641 16.115
v -10.960 -0.641 16.115
v -10.812 -1.031 15.874
v -10.330 -1.031 15.874
v -10.571 0.378 15.485
v -9.941 -0.011 15.726
v -10.330 0.230 15.096
v -9.941 -0.011 15.244
v -11.201 -0.011 15.726
v -10.812 0.230 15.096
v -11.201 -0.011 15.244
v -9.941 -0.790 15.726
v -9.792 -0.400 15.485
v -11.201 -0.790 15.726
v -11.350 -0.400 15.485
v -10.571 -0.400 14.706
v -10.812 -1.031 15.096
v -10.330 -1.031 15.096
v -10.960 -0.641 14.855
v -10.181 -0.641 14.855
v -10.960 -0.160 14.855
v -10.181 -0.160 14.855
v -10.571 -1.179 15.485
v -11.201 -0.790 15.244
v -9.941 -0.790 15.244
usemtl mtl-004
f 7885 7901 7897
f 7901 7890 7903
f 7901 7903 7897
f 7897 7903 7886
f 7885 7899 7901
f 7899 7888 7910
f 7899 7910 7901
f 7901 7910 7890
f 7885 7898 7899
f 7898 7887 7906
f 7898 7906 7899
f 7899 7906 7888
f 7885 7900 7898
f 7900 7889 7907
f 7900 7907 7898
f 7898 7907 7887
f 7885 7897 7900
f 7897 7886 7902
f 7897 7902 7900
f 7900 7902 7889
f 7886 7903 7904
f 7903 7890 7915
f 7903 7915 7904
f 7904 7915 7893
f 7890 7910 7916
f 7910 7888 7912
f 7910 7912 7916
f 7916 7912 7895
f 7888 7906 7911
f 7906 7887 7908
f 7906 7908 7911
f 7911 7908 7892
f 7887 7907 7909
f 7907 7889 7914
f 7907 7914 7909
f 7909 7914 7896
f 7889 7902 7913
f 7902 7886 7905
f 7902 7905 7913
f 7913 7905 7894
f 7892 7923 7917
f 7923 7896 7921
f 7923 7921 7917
f 7917 7921 7891
f 7896 7926 7921
f 7926 7894 7919
f 7926 7919 7921
f 7921 7919 7891
f 7894 7924 7919
f 7924 7893 7918
f 7924 7918 7919
f 7919 7918 7891
f 7893 7925 7918
f 7925 7895 7920
f 7925 7920 7918
f 7918 7920 7891
f 7895 7922 7920
f 7922 7892 7917
f 7922 7917 7920
f 7920 7917 7891
f 7887 7909 7908
f 7909 7896 7923
f 7909 7923 7908
f 7908 7923 7892
f 7889 7913 7914
f 7913 7894 7926
f 7913 7926 7914
f 7914 7926 7896
f 7886 7904 7905
f 7904 7893 7924
f 7904 7924 7905
f 7905 7924 7894
f 7890 7916 7915
f 7916 7895 7925
f 7916 7925 7915
f 7915 7925 7893
f 7888 7911 7912
f 7911 7892 7922
f 7911 7922 7912
f 7912 7922 7895
v -5.295 0.187 12.715
v -5.295 -0.616 12.715
v -4.894 0.435 12.065
v -5.697 0.435 12.065
v -4.645 -0.215 12.467
v -5.945 -0.215 12.467
v -5.295 -0.616 11.416
v -5.295 0.187 11.416
v -5.697 -0.864 12.065
v -4.894 -0.864 12.065
v -5.945 -0.215 11.664
v -4.645 -0.215 11.664
v -5.295 -0.215 12.830
v -5.059 0.404 12.448
v -5.531 0.404 12.448
v -4.913 0.022 12.684
v -5.677 0.022 12.684
v -4.913 -0.451 12.684
v -5.677 -0.451 12.684
v -5.531 -0.833 12.448
v -5.059 -0.833 12.448
v -5.295 0.549 12.065
v -4.677 0.167 12.302
v -5.059 0.404 11.683
v -4.677 0.167 11.829
v -5.913 0.167 12.302
v -5.531 0.404 11.683
v -5.913 0.167 11.829
v -4.677 -0.597 12.302
v -4.531 -0.215 12.065
v -5.913 -0.597 12.302
v -6.059 -0.215 12.065
v -5.295 -0.215 11.301
v -5.531 -0.833 11.683
v -5.059 -0.833 11.683
v -5.677 -0.451 11.447
v -4.913 -0.451 11.447
v -5.677 0.022 11.447
v -4.913 0.022 11.447
v -5.295 -0.979 12.065
v -5.913 -0.597 11.829
v -4.677 -0.597 11.829
f 7927 7943 7939
f 7943 7932 7945
f 7943 7945 7939
f 7939 7945 7928
f 7927 7941 7943
f 7941 7930 7952
f 7941 7952 7943
f 7943 7952 7932
f 7927 7940 7941
f 7940 7929 7948
f 7940 7948 7941
f 7941 7948 7930
f 7927 7942 7940
f 7942 7931 7949
f 7942 7949 7940
f 7940 7949 7929
f 7927 7939 7942
f 7939 7928 7944
f 7939 7944 7942
f 7942 7944 7931
f 7928 7945 7946
f 7945 7932 7957
f 7945 7957 7946
f 7946 7957 7935
f 7932 7952 7958
f 7952 7930 7954
f 7952 7954 7958
f 7958 7954 7937
f 7930 7948 7953
f 7948 7929 7950
f 7948 7950 7953
f 7953 7950 7934
f 7929 7949 7951
f 7949 7931 7956
f 7949 7956 7951
f 7951 7956 7938
f 7931 7944 7955
f 7944 7928 7947
f 7944 7947 7955
f 7955 7947 7936
f 7934 7965 7959
f 7965 7938 7963
f 7965 7963 7959
f 7959 7963 7933
f 7938 7968 7963
f 7968 7936 7961
f 7968 7961 7963
f 7963 7961 7933
f 7936 7966 7961
f 7966 7935 7960
f 7966 7960 7961
f 7961 7960 7933
f 7935 7967 7960
f 7967 7937 7962
f 7967 7962 7960
f 7960 7962 7933
f 7937 7964 7962
f 7964 7934 7959
f 7964 7959 7962
f 7962 7959 7933
f 7929 7951 7950
f 7951 7938 7965
f 7951 7965 7950
f 7950 7965 7934
f 7931 7955 7956
f 7955 7936 7968
f 7955 7968 7956
f 7956 7968 7938
f 7928 7946 7947
f 7946 7935 7966
f 7946 7966 7947
f 7947 7966 7936
f 7932 7958 7957
f 7958 7937 7967
f 7958 7967 7957
f 7957 7967 7935
f 7930 7953 7954
f 7953 7934 7964
f 7953 7964 7954
f 7954 7964 7937
v 24.233 -47.983 38.183
v 24.233 -48.862 38.183
v 24.672 -47.711 37.472
v 23.794 -47.711 37.472
v 24.944 -48.422 37.912
v 23.522 -48.422 37.912
v 24.233 -48.862 36.762
v 24.233 -47.983 36.762
v 23.794 -49.133 37.472
v 24.672 -49.133 37.472
v 23.522 -48.422 37.033
v 24.944 -48.422 37.033
v 24.233 -48.422 38.308
v 24.491 -47.746 37.890
v 23.975 -47.746 37.890
v 24.651 -48.164 38.148
v 23.815 -48.164 38.148
v 24.651 -48.680 38.148
v 23.815 -48.680 38.148
v 23.975 -49.098 37.890
v 24.491 -49.098 37.890
v 24.233 -47.587 37.472
v 24.909 -48.004 37.731
v 24.491 -47.746 37.055
v 24.909 -48.004 37.214
v 23.557 -48.004 37.731
v 23.975 -47.746 37.055
v 23.557 -48.004 37.214
v 24.909 -48.840 37.731
v 25.068 -48.422 37.472
v 23.557 -48.840 37.731
v 23.397 -48.422 37.472
v 24.233 -48.422 36.637
v 23.975 -49.098 37.055
v 24.491 -49.098 37.055
v 23.815 -48.680 36.796
v 24.651 -48.680 36.796
v 23.815 -48.164 36.796
v 24.651 -48.164 36.796
v 24.233 -49.258 37.472
v 23.557 -48.840 37.214
v 24.909 -48.840 37.214
f 7969 7985 7981
f 7985 7974 7987
f 7985 7987 7981
f 7981 7987 7970
f 7969 7983 7985
f 7983 7972 7994
f 7983 7994 7985
f 7985 7994 7974
f 7969 7982 7983
f 7982 7971 7990
f 7982 7990 7983
f 7983 7990 7972
f 7969 7984 7982
f 7984 7973 7991
f 7984 7991 7982
f 7982 7991 7971
f 7969 7981 7984
f 7981 7970 7986
f 7981 7986 7984
f 7984 7986 7973
f 7970 7987 7988
f 7987 7974 7999
f 7987 7999 7988
f 7988 7999 7977
f 7974 7994 8000
f 7994 7972 7996
f 7994 7996 8000
f 8000 7996 7979
f 7972 7990 7995
f 7990 7971 7992
f 7990 7992 7995
f 7995 7992 7976
f 7971 7991 7993
f 7991 7973 7998
f 7991 7998 7993
f 7993 7998 7980
f 7973 7986 7997
f 7986 7970 7989
f 7986 7989 7997
f 7997 7989 7978
f 7976 8007 8001
f 8007 7980 8005
f 8007 8005 8001
f 8001 8005 7975
f 7980 8010 8005
f 8010 7978 8003
f 8010 8003 8005
f 8005 8003 7975
f 7978 8008 8003
f 8008 7977 8002
f 8008 8002 8003
f 8003 8002 7975
f 7977 8009 8002
f 8009 7979 8004
f 8009 8004 8002
f 8002 8004 7975
f 7979 8006 8004
f 8006 7976 8001
f 8006 8001 8004
f 8004 8001 7975
f 7971 7993 7992
f 7993 7980 8007
f 7993 8007 7992
f 7992 8007 7976
f 7973 7997 7998
f 7997 7978 8010
f 7997 8010 7998
f 7998 8010 7980
f 7970 7988 7989
f 7988 7977 8008
f 7988 8008 7989
f 7989 8008 7978
f 7974 8000 7999
f 8000 7979 8009
f 8000 8009 7999
f 7999 8009 7977
f 7972 7995 7996
f 7995 7976 8006
f 7995 8006 7996
f 7996 8006 7979
v 59.097 6.922 -34.748
v 59.097 6.015 -34.748
v 59.550 7.203 -35.481
v 58.643 7.203 -35.481
v 59.830 6.469 -35.028
v 58.363 6.469 -35.028
v 59.097 6.015 -36.215
v 59.097 6.922 -36.215
v 58.643 5.735 -35.481
v 59.550 5.735 -35.481
v 58.363 6.469 -35.935
v 59.830 6.469 -35.935
v 59.097 6.469 -34.619
v 59.363 7.167 -35.050
v 58.830 7.167 -35.050
v 59.528 6.735 -34.784
v 58.665 6.735 -34.784
v 59.528 6.202 -34.784
v 58.665 6.202 -34.784
v 58.830 5.771 -35.050
v 59.363 5.771 -35.050
v 59.097 7.331 -35.481
v 59.795 6.900 -35.215
v 59.363 7.167 -35.913
v 59.795 6.900 -35.748
v 58.399 6.900 -35.215
v 58.830 7.167 -35.913
v 58.399 6.900 -35.748
v 59.795 6.037 -35.215
v 59.959 6.469 -35.481
v 58.399 6.037 -35.215
v 58.234 6.469 -35.481
v 59.097 6.469 -36.344
v 58.830 5.771 -35.913
v 59.363 5.771 -35.913
v 58.665 6.202 -36.179
v 59.528 6.202 -36.179
v 58.665 6.735 -36.179
v 59.528 6.735 -36.179
v 59.097 5.606 -35.481
v 58.399 6.037 -35.748
v 59.795 6.037 -35.748
f 8011 8027 8023
f 8027 8016 8029
f 8027 8029 8023
f 8023 8029 8012
f 8011 8025 8027
f 8025 8014 8036
f 8025 8036 8027
f 8027 8036 8016
f 8011 8024 8025
f 8024 8013 8032
f 8024 8032 8025
f 8025 8032 8014
f 8011 8026 8024
f 8026 8015 8033
f 8026 8033 8024
f 8024 8033 8013
f 8011 8023 8026
f 8023 8012 8028
f 8023 8028 8026
f 8026 8028 8015
f 8012 8029 8030
f 8029 8016 8041
f 8029 8041 8030
f 8030 8041 8019
f 8016 8036 8042
f 8036 8014 8038
f 8036 8038 8042
f 8042 8038 8021
f 8014 8032 8037
f 8032 8013 8034
f 8032 8034 8037
f 8037 8034 8018
f 8013 8033 8035
f 8033 8015 8040
f 8033 8040 8035
f 8035 8040 8022
f 8015 8028 8039
f 8028 8012 8031
f 8028 8031 8039
f 8039 8031 8020
f 8018 8049 8043
f 8049 8022 8047
f 8049 8047 8043
f 8043 8047 8017
f 8022 8052 8047
f 8052 8020 8045
f 8052 8045 8047
f 8047 8045 8017
f 8020 8050 8045
f 8050 8019 8044
f 8050 8044 8045
f 8045 8044 8017
f 8019 8051 8044
f 8051 8021 8046
f 8051 8046 8044
f 8044 8046 8017
f 8021 8048 8046
f 8048 8018 8043
f 8048 8043 8046
f 8046 8043 8017
f 8013 8035 8034
f 8035 8022 8049
f 8035 8049 8034
f 8034 8049 8018
f 8015 8039 8040
f 8039 8020 8052
f 8039 8052 8040
f 8040 8052 8022
f 8012 8030 8031
f 8030 8019 8050
f 8030 8050 8031
f 8031 8050 8020
f 8016 8042 8041
f 8042 8021 8051
f 8042 8051 8041
f 8041 8051 8019
f 8014 8037 8038
f 8037 8018 8048
f 8037 8048 8038
f 8038 8048 8021
v -49.399 19.407 -35.766
v -49.399 18.604 -35.766
v -48.998 19.656 -36.416
v -49.801 19.656 -36.416
v -48.749 19.006 -36.014
v -50.049 19.006 -36.014
v -49.399 18.604 -37.066
v -49.399 19.407 -37.066
v -49.801 18.356 -36.416
v -48.998 18.356 -36.416
v -50.049 19.006 -36.818
v -48.749 19.006 -36.818
v -49.399 19.006 -35.652
v -49.163 19.624 -36.034
v -49.635 19.624 -36.034
v -49.017 19.242 -35.798
v -49.781 19.242 -35.798
v -49.017 18.770 -35.798
v -49.781 18.770 -35.798
v -49.635 18.388 -36.034
v -49.163 18.388 -36.034
v -49.399 19.770 -36.416
v -48.781 19.388 -36.180
v -49.163 19.624 -36.798
v -48.781 19.388 -36.652
v -50.017 19.388 -36.180
v -49.635 19.624 -36.798
v -50.017 19.388 -36.652
v -48.781 18.624 -36.180
v -48.635 19.006 -36.416
v -50.017 18.624 -36.180
v -50.163 19.006 -36.416
v -49.399 19.006 -37.180
v -49.635 18.388 -36.798
v -49.163 18.388 -36.798
v -49.781 18.770 -37.034
v -49.017 18.770 -37.034
v -49.781 19.242 -37.034
v -49.017 19.242 -37.034
v -49.399 18.242 -36.416
v -50.017 18.624 -36.652
v -48.781 18.624 -36.652
f 8053 8069 8065
f 8069 8058 8071
f 8069 8071 8065
f 8065 8071 8054
f 8053 8067 8069
f 8067 8056 8078
f 8067 8078 8069
f 8069 8078 8058
f 8053 8066 8067
f 8066 8055 8074
f 8066 8074 8067
f 8067 8074 8056
f 8053 8068 8066
f 8068 8057 8075
f 8068 8075 8066
f 8066 8075 8055
f 8053 8065 8068
f 8065 8054 8070
f 8065 8070 8068
f 8068 8070 8057
f 8054 8071 8072
f 8071 8058 8083
f 8071 8083 8072
f 8072 8083 8061
f 8058 8078 8084
f 8078 8056 8080
f 8078 8080 8084
f 8084 8080 8063
f 8056 8074 8079
f 8074 8055 8076
f 8074 8076 8079
f 8079 8076 8060
f 8055 8075 8077
f 8075 8057 8082
f 8075 8082 8077
f 8077 8082 8064
f 8057 8070 8081
f 8070 8054 8073
f 8070 8073 8081
f 8081 8073 8062
f 8060 8091 8085
f 8091 8064 8089
f 8091 8089 8085
f 8085 8089 8059
f 8064 8094 8089
f 8094 8062 8087
f 8094 8087 8089
f 8089 8087 8059
f 8062 8092 8087
f 8092 8061 8086
f 8092 8086 8087
f 8087 8086 8059
f 8061 8093 8086
f 8093 8063 8088
f 8093 8088 8086
f 8086 8088 8059
f 8063 8090 8088
f 8090 8060 8085
f 8090 8085 8088
f 8088 8085 8059
f 8055 8077 8076
f 8077 8064 8091
f 8077 8091 8076
f 8076 8091 8060
f 8057 8081 8082
f 8081 8062 8094
f 8081 8094 8082
f 8082 8094 8064
f 8054 8072 8073
f 8072 8061 8092
f 8072 8092 8073
f 8073 8092 8062
f 8058 8084 8083
f 8084 8063 8093
f 8084 8093 8083
f 8083 8093 8061
f 8056 8079 8080
f 8079 8060 8090
f 8079 8090 8080
f 8080 8090 8063
v -24.078 0.733 26.070
v -24.078 -0.305 26.070
v -23.559 1.053 25.231
v -24.597 1.053 25.231
v -23.239 0.214 25.749
v -24.917 0.214 25.749
v -24.078 -0.305 24.391
v -24.078 0.733 24.391
v -24.597 -0.625 25.231
v -23.559 -0.625 25.231
v -24.917 0.214 24.712
v -23.239 0.214 24.712
v -24.078 0.214 26.217
v -23.773 1.012 25.724
v -24.383 1.012 25.724
v -23.585 0.519 26.029
v -24.571 0.519 26.029
v -23.585 -0.091 26.029
v -24.571 -0.091 26.029
v -24.383 -0.584 25.724
v -23.773 -0.584 25.724
v -24.078 1.201 25.231
v -23.280 0.707 25.536
v -23.773 1.012 24.737
v -23.280 0.707 24.926
v -24.876 0.707 25.536
v -24.383 1.012 24.737
v -24.876 0.707 24.926
v -23.280 -0.279 25.536
v -23.091 0.214 25.231
v -24.876 -0.279 25.536
v -25.065 0.214 25.231
v -24.078 0.214 24.244
v -24.383 -0.584 24.737
v -23.773 -0.584 24.737
v -24.571 -0.091 24.432
v -23.585 -0.091 24.432
v -24.571 0.519 24.432
v -23.585 0.519 24.432
v -24.078 -0.773 25.231
v -24.876 -0.279 24.926
v -23.280 -0.279 24.926
usemtl mtl-005
f 8095 8111 8107
f 8111 8100 8113
f 8111 8113 8107
f 8107 8113 8096
f 8095 8109 8111
f 8109 8098 8120
f 8109 8120 8111
f 8111 8120 8100
f 8095 8108 8109
f 8108 8097 8116
f 8108 8116 8109
f 8109 8116 8098
f 8095 8110 8108
f 8110 8099 8117
f 8110 8117 8108
f 8108 8117 8097
f 8095 8107 8110
f 8107 8096 8112
f 8107 8112 8110
f 8110 8112 8099
f 8096 8113 8114
f 8113 8100 8125
f 8113 8125 8114
f 8114 8125 8103
f 8100 8120 8126
f 8120 8098 8122
f 8120 8122 8126
f 8126 8122 8105
f 8098 8116 8121
f 8116 8097 8118
f 8116 8118 8121
f 8121 8118 8102
f 8097 8117 8119
f 8117 8099 8124
f 8117 8124 8119
f 8119 8124 8106
f 8099 8112 8123
f 8112 8096 8115
f 8112 8115 8123
f 8123 8115 8104
f 8102 8133 8127
f 8133 8106 8131
f 8133 8131 8127
f 8127 8131 8101
f 8106 8136 8131
f 8136 8104 8129
f 8136 8129 8131
f 8131 8129 8101
f 8104 8134 8129
f 8134 8103 8128
f 8134 8128 8129
f 8129 8128 8101
f 8103 8135 8128
f 8135 8105 8130
f 8135 8130 8128
f 8128 8130 8101
f 8105 8132 8130
f 8132 8102 8127
f 8132 8127 8130
f 8130 8127 8101
f 8097 8119 8118
f 8119 8106 8133
f 8119 8133 8118
f 8118 8133 8102
f 8099 8123 8124
f 8123 8104 8136
f 8123 8136 8124
f 8124 8136 8106
f 8096 8114 8115
f 8114 8103 8134
f 8114 8134 8115
f 8115 8134 8104
f 8100 8126 8125
f 8126 8105 8135
f 8126 8135 8125
f 8125 8135 8103
f 8098 8121 8122
f 8121 8102 8132
f 8121 8132 8122
f 8122 8132 8105
v 24.248 -49.890 -28.078
v 24.248 -50.878 -28.078
v 24.742 -49.585 -28.876
v 23.754 -49.585 -28.876
v 25.047 -50.384 -28.383
v 23.449 -50.384 -28.383
v 24.248 -50.878 -29.675
v 24.248 -49.890 -29.675
v 23.754 -51.183 -28.876
v 24.742 -51.183 -28.876
v 23.449 -50.384 -29.370
v 25.047 -50.384 -29.370
v 24.248 -50.384 -27.937
v 24.538 -49.624 -28.407
v 23.958 -49.624 -28.407
v 24.717 -50.094 -28.117
v 23.778 -50.094 -28.117
v 24.717 -50.674 -28.117
v 23.778 -50.674 -28.117
v 23.958 -51.144 -28.407
v 24.538 -51.144 -28.407
v 24.248 -49.445 -28.876
v 25.008 -49.915 -28.586
v 24.538 -49.624 -29.346
v 25.008 -49.915 -29.167
v 23.488 -49.915 -28.586
v 23.958 -49.624 -29.346
v 23.488 -49.915 -29.167
v 25.008 -50.854 -28.586
v 25.187 -50.384 -28.876
v 23.488 -50.854 -28.586
v 23.309 -50.384 -28.876
v 24.248 -50.384 -29.815
v 23.958 -51.144 -29.346
v 24.538 -51.144 -29.346
v 23.778 -50.674 -29.636
v 24.717 -50.674 -29.636
v 23.778 -50.094 -29.636
v 24.717 -50.094 -29.636
v 24.248 -51.323 -28.876
v 23.488 -50.854 -29.167
v 25.008 -50.854 -29.167
f 8137 8153 8149
f 8153 8142 8155
f 8153 8155 8149
f 8149 8155 8138
f 8137 8151 8153
f 8151 8140 8162
f 8151 8162 8153
f 8153 8162 8142
f 8137 8150 8151
f 8150 8139 8158
f 8150 8158 8151
f 8151 8158 8140
f 8137 8152 8150
f 8152 8141 8159
f 8152 8159 8150
f 8150 8159 8139
f 8137 8149 8152
f 8149 8138 8154
f 8149 8154 8152
f 8152 8154 8141
f 8138 8155 8156
f 8155 8142 8167
f 8155 8167 8156
f 8156 8167 8145
f 8142 8162 8168
f 8162 8140 8164
f 8162 8164 8168
f 8168 8164 8147
f 8140 8158 8163
f 8158 8139 8160
f 8158 8160 8163
f 8163 8160 8144
f 8139 8159 8161
f 8159 8141 8166
f 8159 8166 8161
f 8161 8166 8148
f 8141 8154 8165
f 8154 8138 8157
f 8154 8157 8165
f 8165 8157 8146
f 8144 8175 8169
f 8175 8148 8173
f 8175 8173 8169
f 8169 8173 8143
f 8148 8178 8173
f 8178 8146 8171
f 8178 8171 8173
f 8173 8171 8143
f 8146 8176 8171
f 8176 8145 8170
f 8176 8170 8171
f 8171 8170 8143
f 8145 8177 8170
f 8177 8147 8172
f 8177 8172 8170
f 8170 8172 8143
f 8147 8174 8172
f 8174 8144 8169
f 8174 8169 8172
f 8172 8169 8143
f 8139 8161 8160
f 8161 8148 8175
f 8161 8175 8160
f 8160 8175 8144
f 8141 8165 8166
f 8165 8146 8178
f 8165 8178 8166
f 8166 8178 8148
f 8138 8156 8157
f 8156 8145 8176
f 8156 8176 8157
f 8157 8176 8146
f 8142 8168 8167
f 8168 8147 8177
f 8168 8177 8167
f 8167 8177 8145
f 8140 8163 8164
f 8163 8144 8174
f 8163 8174 8164
f 8164 8174 8147
v 60.517 -1.882 -27.123
v 60.517 -2.932 -27.123
v 61.042 -1.558 -27.972
v 59.992 -1.558 -27.972
v 61.366 -2.407 -27.447
v 59.668 -2.407 -27.447
v 60.517 -2.932 -28.821
v 60.517 -1.882 -28.821
v 59.992 -3.256 -27.972
v 61.042 -3.256 -27.972
v 59.668 -2.407 -28.497
v 61.366 -2.407 -28.497
v 60.517 -2.407 -26.974
v 60.825 -1.600 -27.473
v 60.208 -1.600 -27.473
v 61.016 -2.099 -27.165
v 60.018 -2.099 -27.165
v 61.016 -2.716 -27.165
v 60.018 -2.716 -27.165
v 60.208 -3.215 -27.473
v 60.825 -3.215 -27.473
v 60.517 -1.409 -27.972
v 61.325 -1.908 -27.664
v 60.825 -1.600 -28.471
v 61.325 -1.908 -28.281
v 59.709 -1.908 -27.664
v 60.208 -1.600 -28.471
v 59.709 -1.908 -28.281
v 61.325 -2.906 -27.664
v 61.515 -2.407 -27.972
v 59.709 -2.906 -27.664
v 59.519 -2.407 -27.972
v 60.517 -2.407 -28.970
v 60.208 -3.215 -28.471
v 60.825 -3.215 -28.471
v 60.018 -2.716 -28.780
v 61.016 -2.716 -28.780
v 60.018 -2.099 -28.780
v 61.016 -2.099 -28.780
v 60.517 -3.406 -27.972
v 59.709 -2.906 -28.281
v 61.325 -2.906 -28.281
f 8179 8195 8191
f 8195 8184 8197
f 8195 8197 8191
f 8191 8197 8180
f 8179 8193 8195
f 8193 8182 8204
f 8193 8204 8195
f 8195 8204 8184
f 8179 8192 8193
f 8192 8181 8200
f 8192 8200 8193
f 8193 8200 8182
f 8179 8194 8192
f 8194 8183 8201
f 8194 8201 8192
f 8192 8201 8181
f 8179 8191 8194
f 8191 8180 8196
f 8191 8196 8194
f 8194 8196 8183
f 8180 8197 8198
f 8197 8184 8209
f 8197 8209 8198
f 8198 8209 8187
f 8184 8204 8210
f 8204 8182 8206
f 8204 8206 8210
f 8210 8206 8189
f 8182 8200 8205
f 8200 8181 8202
f 8200 8202 8205
f 8205 8202 8186
f 8181 8201 8203
f 8201 8183 8208
f 8201 8208 8203
f 8203 8208 8190
f 8183 8196 8207
f 8196 8180 8199
f 8196 8199 8207
f 8207 8199 8188
f 8186 8217 8211
f 8217 8190 8215
f 8217 8215 8211
f 8211 8215 8185
f 8190 8220 8215
f 8220 8188 8213
f 8220 8213 8215
f 8215 8213 8185
f 8188 8218 8213
f 8218 8187 8212
f 8218 8212 8213
f 8213 8212 8185
f 8187 8219 8212
f 8219 8189 8214
f 8219 8214 8212
f 8212 8214 8185
f 8189 8216 8214
f 8216 8186 8211
f 8216 8211 8214
f 8214 8211 8185
f 8181 8203 8202
f 8203 8190 8217
f 8203 8217 8202
f 8202 8217 8186
f 8183 8207 8208
f 8207 8188 8220
f 8207 8220 8208
f 8208 8220 8190
f 8180 8198 8199
f 8198 8187 8218
f 8198 8218 8199
f 8199 8218 8188
f 8184 8210 8209
f 8210 8189 8219
f 8210 8219 8209
f 8209 8219 8187
f 8182 8205 8206
f 8205 8186 8216
f 8205 8216 8206
f 8206 8216 8189
v 58.503 3.957 -32.338
v 58.503 2.995 -32.338
v 58.983 4.254 -33.116
v 58.022 4.254 -33.116
v 59.280 3.476 -32.635
v 57.725 3.476 -32.635
v 58.503 2.995 -33.894
v 58.503 3.957 -33.894
v 58.022 2.698 -33.116
v 58.983 2.698 -33.116
v 57.725 3.476 -33.597
v 59.280 3.476 -33.597
v 58.503 3.476 -32.202
v 58.785 4.216 -32.659
v 58.220 4.216 -32.659
v 58.960 3.758 -32.376
v 58.046 3.758 -32.376
v 58.960 3.193 -32.376
v 58.046 3.193 -32.376
v 58.220 2.736 -32.659
v 58.785 2.736 -32.659
v 58.503 4.390 -33.116
v 59.242 3.933 -32.834
v 58.785 4.216 -33.573
v 59.242 3.933 -33.399
v 57.763 3.933 -32.834
v 58.220 4.216 -33.573
v 57.763 3.933 -33.399
v 59.242 3.019 -32.834
v 59.417 3.476 -33.116
v 57.763 3.019 -32.834
v 57.588 3.476 -33.116
v 58.503 3.476 -34.030
v 58.220 2.736 -33.573
v 58.785 2.736 -33.573
v 58.046 3.193 -33.856
v 58.960 3.193 -33.856
v 58.046 3.758 -33.856
v 58.960 3.758 -33.856
v 58.503 2.562 -33.116
v 57.763 3.019 -33.399
v 59.242 3.019 -33.399
f 8221 8237 8233
f 8237 8226 8239
f 8237 8239 8233
f 8233 8239 8222
f 8221 8235 8237
f 8235 8224 8246
f 8235 8246 8237
f 8237 8246 8226
f 8221 8234 8235
f 8234 8223 8242
f 8234 8242 8235
f 8235 8242 8224
f 8221 8236 8234
f 8236 8225 8243
f 8236 8243 8234
f 8234 8243 8223
f 8221 8233 8236
f 8233 8222 8238
f 8233 8238 8236
f 8236 8238 8225
f 8222 8239 8240
f 8239 8226 8251
f 8239 8251 8240
f 8240 8251 8229
f 8226 8246 8252
f 8246 8224 8248
f 8246 8248 8252
f 8252 8248 8231
f 8224 8242 8247
f 8242 8223 8244
f 8242 8244 8247
f 8247 8244 8228
f 8223 8243 8245
f 8243 8225 8250
f 8243 8250 8245
f 8245 8250 8232
f 8225 8238 8249
f 8238 8222 8241
f 8238 8241 8249
f 8249 8241 8230
f 8228 8259 8253
f 8259 8232 8257
f 8259 8257 8253
f 8253 8257 8227
f 8232 8262 8257
f 8262 8230 8255
f 8262 8255 8257
f 8257 8255 8227
f 8230 8260 8255
f 8260 8229 8254
f 8260 8254 8255
f 8255 8254 8227
f 8229 8261 8254
f 8261 8231 8256
f 8261 8256 8254
f 8254 8256 8227
f 8231 8258 8256
f 8258 8228 8253
f 8258 8253 8256
f 8256 8253 8227
f 8223 8245 8244
f 8245 8232 8259
f 8245 8259 8244
f 8244 8259 8228
f 8225 8249 8250
f 8249 8230 8262
f 8249 8262 8250
f 8250 8262 8232
f 8222 8240 8241
f 8240 8229 8260
f 8240 8260 8241
f 8241 8260 8230
f 8226 8252 8251
f 8252 8231 8261
f 8252 8261 8251
f 8251 8261 8229
f 8224 8247 8248
f 8247 8228 8258
f 8247 8258 8248
f 8248 8258 8231
v -25.290 -22.727 15.938
v -25.290 -23.869 15.938
v -24.719 -22.374 15.014
v -25.861 -22.374 15.014
v -24.366 -23.298 15.585
v -26.214 -23.298 15.585
v -25.290 -23.869 14.090
v -25.290 -22.727 14.090
v -25.861 -24.222 15.014
v -24.719 -24.222 15.014
v -26.214 -23.298 14.443
v -24.366 -23.298 14.443
v -25.290 -23.298 16.100
v -24.954 -22.419 15.557
v -25.626 -22.419 15.557
v -24.747 -22.962 15.893
v -25.833 -22.962 15.893
v -24.747 -23.634 15.893
v -25.833 -23.634 15.893
v -25.626 -24.177 15.557
v -24.954 -24.177 15.557
v -25.290 -22.211 15.014
v -24.411 -22.755 15.349
v -24.954 -22.419 14.470
v -24.411 -22.755 14.678
v -26.169 -22.755 15.349
v -25.626 -22.419 14.470
v -26.169 -22.755 14.678
v -24.411 -23.841 15.349
v -24.204 -23.298 15.014
v -26.169 -23.841 15.349
v -26.376 -23.298 15.014
v -25.290 -23.298 13.927
v -25.626 -24.177 14.470
v -24.954 -24.177 14.470
v -25.833 -23.634 14.135
v -24.747 -23.634 14.135
v -25.833 -22.962 14.135
v -24.747 -22.962 14.135
v -25.290 -24.384 15.014
v -26.169 -23.841 14.678
v -24.411 -23.841 14.678
usemtl mtl-006
f 8263 8279 8275
f 8279 8268 8281
f 8279 8281 8275
f 8275 8281 8264
f 8263 8277 8279
f 8277 8266 8288
f 8277 8288 8279
f 8279 8288 8268
f 8263 8276 8277
f 8276 8265 8284
f 8276 8284 8277
f 8277 8284 8266
f 8263 8278 8276
f 8278 8267 8285
f 8278 8285 8276
f 8276 8285 8265
f 8263 8275 8278
f 8275 8264 8280
f 8275 8280 8278
f 8278 8280 8267
f 8264 8281 8282
f 8281 8268 8293
f 8281 8293 8282
f 8282 8293 8271
f 8268 8288 8294
f 8288 8266 8290
f 8288 8290 8294
f 8294 8290 8273
f 8266 8284 8289
f 8284 8265 8286
f 8284 8286 8289
f 8289 8286 8270
f 8265 8285 8287
f 8285 8267 8292
f 8285 8292 8287
f 8287 8292 8274
f 8267 8280 8291
f 8280 8264 8283
f 8280 8283 8291
f 8291 8283 8272
f 8270 8301 8295
f 8301 8274 8299
f 8301 8299 8295
f 8295 8299 8269
f 8274 8304 8299
f 8304 8272 8297
f 8304 8297 8299
f 8299 8297 8269
f 8272 8302 8297
f 8302 8271 8296
f 8302 8296 8297
f 8297 8296 8269
f 8271 8303 8296
f 8303 8273 8298
f 8303 8298 8296
f 8296 8298 8269
f 8273 8300 8298
f 8300 8270 8295
f 8300 8295 8298
f 8298 8295 8269
f 8265 8287 8286
f 8287 8274 8301
f 8287 8301 8286
f 8286 8301 8270
f 8267 8291 8292
f 8291 8272 8304
f 8291 8304 8292
f 8292 8304 8274
f 8264 8282 8283
f 8282 8271 8302
f 8282 8302 8283
f 8283 8302 8272
f 8268 8294 8293
f 8294 8273 8303
f 8294 8303 8293
f 8293 8303 8271
f 8266 8289 8290
f 8289 8270 8300
f 8289 8300 8290
f 8290 8300 8273
v -50.571 5.116 25.961
v -50.571 3.985 25.961
v -50.005 5.466 25.046
v -51.136 5.466 25.046
v -49.656 4.551 25.612
v -51.486 4.551 25.612
v -50.571 3.985 24.131
v -50.571 5.116 24.131
v -51.136 3.636 25.046
v -50.005 3.636 25.046
v -51.486 4.551 24.480
v -49.656 4.551 24.480
v -50.571 4.551 26.122
v -50.238 5.421 25.584
v -50.903 5.421 25.584
v -50.033 4.883 25.916
v -51.109 4.883 25.916
v -50.033 4.218 25.916
v -51.109 4.218 25.916
v -50.903 3.680 25.584
v -50.238 3.680 25.584
v -50.571 5.627 25.046
v -49.700 5.089 25.378
v -50.238 5.421 24.508
v -49.700 5.089 24.714
v -51.441 5.089 25.378
v -50.903 5.421 24.508
v -51.441 5.089 24.714
v -49.700 4.013 25.378
v -49.495 4.551 25.046
v -51.441 4.013 25.378
v -51.647 4.551 25.046
v -50.571 4.551 23.970
v -50.903 3.680 24.508
v -50.238 3.680 24.508
v -51.109 4.218 24.176
v -50.033 4.218 24.176
v -51.109 4.883 24.176
v -50.033 4.883 24.176
v -50.571 3.475 25.046
v -51.441 4.013 24.714
v -49.700 4.013 24.714
f 8305 8321 8317
f 8321 8310 8323
f 8321 8323 8317
f 8317 8323 8306
f 8305 8319 8321
f 8319 8308 8330
f 8319 8330 8321
f 8321 8330 8310
f 8305 8318 8319
f 8318 8307 8326
f 8318 8326 8319
f 8319 8326 8308
f 8305 8320 8318
f 8320 8309 8327
f 8320 8327 8318
f 8318 8327 8307
f 8305 8317 8320
f 8317 8306 8322
f 8317 8322 8320
f 8320 8322 8309
f 8306 8323 8324
f 8323 8310 8335
f 8323 8335 8324
f 8324 8335 8313
f 8310 8330 8336
f 8330 8308 8332
f 8330 8332 8336
f 8336 8332 8315
f 8308 8326 8331
f 8326 8307 8328
f 8326 8328 8331
f 8331 8328 8312
f 8307 8327 8329
f 8327 8309 8334
f 8327 8334 8329
f 8329 8334 8316
f 8309 8322 8333
f 8322 8306 8325
f 8322 8325 8333
f 8333 8325 8314
f 8312 8343 8337
f 8343 8316 8341
f 8343 8341 8337
f 8337 8341 8311
f 8316 8346 8341
f 8346 8314 8339
f 8346 8339 8341
f 8341 8339 8311
f 8314 8344 8339
f 8344 8313 8338
f 8344 8338 8339
f 8339 8338 8311
f 8313 8345 8338
f 8345 8315 8340
f 8345 8340 8338
f 8338 8340 8311
f 8315 8342 8340
f 8342 8312 8337
f 8342 8337 8340
f 8340 8337 8311
f 8307 8329 8328
f 8329 8316 8343
f 8329 8343 8328
f 8328 8343 8312
f 8309 8333 8334
f 8333 8314 8346
f 8333 8346 8334
f 8334 8346 8316
f 8306 8324 8325
f 8324 8313 8344
f 8324 8344 8325
f 8325 8344 8314
f 8310 8336 8335
f 8336 8315 8345
f 8336 8345 8335
f 8335 8345 8313
f 8308 8331 8332
f 8331 8312 8342
f 8331 8342 8332
f 8332 8342 8315
v 33.206 -9.696 -64.094
v 33.206 -10.804 -64.094
v 33.760 -9.353 -64.991
v 32.651 -9.353 -64.991
v 34.102 -10.250 -64.437
v 32.309 -10.250 -64.437
v 33.206 -10.804 -65.888
v 33.206 -9.696 -65.888
v 32.651 -11.147 -64.991
v 33.760 -11.147 -64.991
v 32.309 -10.250 -65.545
v 34.102 -10.250 -65.545
v 33.206 -10.250 -63.937
v 33.531 -9.397 -64.464
v 32.880 -9.397 -64.464
v 33.733 -9.924 -64.138
v 32.678 -9.924 -64.138
v 33.733 -10.576 -64.138
v 32.678 -10.576 -64.138
v 32.880 -11.103 -64.464
v 33.531 -11.103 -64.464
v 33.206 -9.196 -64.991
v 34.058 -9.723 -64.665
v 33.531 -9.397 -65.518
v 34.058 -9.723 -65.317
v 32.353 -9.723 -64.665
v 32.880 -9.397 -65.518
v 32.353 -9.723 -65.317
v 34.058 -10.777 -64.665
v 34.260 -10.250 -64.991
v 32.353 -10.777 -64.665
v 32.151 -10.250 -64.991
v 33.206 -10.250 -66.045
v 32.880 -11.103 -65.518
v 33.531 -11.103 -65.518
v 32.678 -10.576 -65.844
v 33.733 -10.576 -65.844
v 32.678 -9.924 -65.844
v 33.733 -9.924 -65.844
v 33.206 -11.304 -64.991
v 32.353 -10.777 -65.317
v 34.058 -10.777 -65.317
f 8347 8363 8359
f 8363 8352 8365
f 8363 8365 8359
f 8359 8365 8348
f 8347 8361 8363
f 8361 8350 8372
f 8361 8372 8363
f 8363 8372 8352
f 8347 8360 8361
f 8360 8349 8368
f 8360 8368 8361
f 8361 8368 8350
f 8347 8362 8360
f 8362 8351 8369
f 8362 8369 8360
f 8360 8369 8349
f 8347 8359 8362
f 8359 8348 8364
f 8359 8364 8362
f 8362 8364 8351
f 8348 8365 8366
f 8365 8352 8377
f 8365 8377 8366
f 8366 8377 8355
f 8352 8372 8378
f 8372 8350 8374
f 8372 8374 8378
f 8378 8374 8357
f 8350 8368 8373
f 8368 8349 8370
f 8368 8370 8373
f 8373 8370 8354
f 8349 8369 8371
f 8369 8351 8376
f 8369 8376 8371
f 8371 8376 8358
f 8351 8364 8375
f 8364 8348 8367
f 8364 8367 8375
f 8375 8367 8356
f 8354 8385 8379
f 8385 8358 8383
f 8385 8383 8379
f 8379 8383 8353
f 8358 8388 8383
f 8388 8356 8381
f 8388 8381 8383
f 8383 8381 8353
f 8356 8386 8381
f 8386 8355 8380
f 8386 8380 8381
f 8381 8380 8353
f 8355 8387 8380
f 8387 8357 8382
f 8387 8382 8380
f 8380 8382 8353
f 8357 8384 8382
f 8384 8354 8379
f 8384 8379 8382
f 8382 8379 8353
f 8349 8371 8370
f 8371 8358 8385
f 8371 8385 8370
f 8370 8385 8354
f 8351 8375 8376
f 8375 8356 8388
f 8375 8388 8376
f 8376 8388 8358
f 8348 8366 8367
f 8366 8355 8386
f 8366 8386 8367
f 8367 8386 8356
f 8352 8378 8377
f 8378 8357 8387
f 8378 8387 8377
f 8377 8387 8355
f 8350 8373 8374
f 8373 8354 8384
f 8373 8384 8374
f 8374 8384 8357
v -3.851 -0.385 17.307
v -3.851 -1.664 17.307
v -3.211 0.011 16.273
v -4.490 0.011 16.273
v -2.816 -1.024 16.912
v -4.886 -1.024 16.912
v -3.851 -1.664 15.238
v -3.851 -0.385 15.238
v -4.490 -2.059 16.273
v -3.211 -2.059 16.273
v -4.886 -1.024 15.633
v -2.816 -1.024 15.633
v -3.851 -1.024 17.489
v -3.475 -0.040 16.881
v -4.227 -0.040 16.881
v -3.243 -0.648 17.257
v -4.459 -0.648 17.257
v -3.243 -1.400 17.257
v -4.459 -1.400 17.257
v -4.227 -2.008 16.881
v -3.475 -2.008 16.881
v -3.851 0.192 16.273
v -2.867 -0.416 16.649
v -3.475 -0.040 15.664
v -2.867 -0.416 15.897
v -4.835 -0.416 16.649
v -4.227 -0.040 15.664
v -4.835 -0.416 15.897
v -2.867 -1.632 16.649
v -2.634 -1.024 16.273
v -4.835 -1.632 16.649
v -5.067 -1.024 16.273
v -3.851 -1.024 15.056
v -4.227 -2.008 15.664
v -3.475 -2.008 15.664
v -4.459 -1.400 15.289
v -3.243 -1.400 15.289
v -4.459 -0.648 15.289
v -3.243 -0.648 15.289
v -3.851 -2.240 16.273
v -4.835 -1.632 15.897
v -2.867 -1.632 15.897
usemtl mtl-007
f 8389 8405 8401
f 8405 8394 8407
f 8405 8407 8401
f 8401 8407 8390
f 8389 8403 8405
f 8403 8392 8414
f 8403 8414 8405
f 8405 8414 8394
f 8389 8402 8403
f 8402 8391 8410
f 8402 8410 8403
f 8403 8410 8392
f 8389 8404 8402
f 8404 8393 8411
f 8404 8411 8402
f 8402 8411 8391
f 8389 8401 8404
f 8401 8390 8406
f 8401 8406 8404
f 8404 8406 8393
f 8390 8407 8408
f 8407 8394 8419
f 8407 8419 8408
f 8408 8419 8397
f 8394 8414 8420
f 8414 8392 8416
f 8414 8416 8420
f 8420 8416 8399
f 8392 8410 8415
f 8410 8391 8412
f 8410 8412 8415
f 8415 8412 8396
f 8391 8411 8413
f 8411 8393 8418
f 8411 8418 8413
f 8413 8418 8400
f 8393 8406 8417
f 8406 8390 8409
f 8406 8409 8417
f 8417 8409 8398
f 8396 8427 8421
f 8427 8400 8425
f 8427 8425 8421
f 8421 8425 8395
f 8400 8430 8425
f 8430 8398 8423
f 8430 8423 8425
f 8425 8423 8395
f 8398 8428 8423
f 8428 8397 8422
f 8428 8422 8423
f 8423 8422 8395
f 8397 8429 8422
f 8429 8399 8424
f 8429 8424 8422
f 8422 8424 8395
f 8399 8426 8424
f 8426 8396 8421
f 8426 8421 8424
f 8424 8421 8395
f 8391 8413 8412
f 8413 8400 8427
f 8413 8427 8412
f 8412 8427 8396
f 8393 8417 8418
f 8417 8398 8430
f 8417 8430 8418
f 8418 8430 8400
f 8390 8408 8409
f 8408 8397 8428
f 8408 8428 8409
f 8409 8428 8398
f 8394 8420 8419
f 8420 8399 8429
f 8420 8429 8419
f 8419 8429 8397
f 8392 8415 8416
f 8415 8396 8426
f 8415 8426 8416
f 8416 8426 8399
v -53.523 3.875 32.927
v -53.523 2.586 32.927
v -52.878 4.273 31.884
v -54.167 4.273 31.884
v -52.480 3.231 32.528
v -54.565 3.231 32.528
v -53.523 2.586 30.841
v -53.523 3.875 30.841
v -54.167 2.188 31.884
v -52.878 2.188 31.884
v -54.565 3.231 31.240
v -52.480 3.231 31.240
v -53.523 3.231 33.110
v -53.144 4.222 32.497
v -53.902 4.222 32.497
v -52.910 3.609 32.876
v -54.136 3.609 32.876
v -52.910 2.852 32.876
v -54.136 2.852 32.876
v -53.902 2.239 32.497
v -53.144 2.239 32.497
v -53.523 4.456 31.884
v -52.531 3.843 32.263
v -53.144 4.222 31.271
v -52.531 3.843 31.505
v -54.514 3.843 32.263
v -53.902 4.222 31.271
v -54.514 3.843 31.505
v -52.531 2.618 32.263
v -52.297 3.231 31.884
v -54.514 2.618 32.263
v -54.749 3.231 31.884
v -53.523 3.231 30.658
v -53.902 2.239 31.271
v -53.144 2.239 31.271
v -54.136 2.852 30.892
v -52.910 2.852 30.892
v -54.136 3.609 30.892
v -52.910 3.609 30.892
v -53.523 2.005 31.884
v -54.514 2.618 31.505
v -52.531 2.618 31.505
f 8431 8447 8443
f 8447 8436 8449
f 8447 8449 8443
f 8443 8449 8432
f 8431 8445 8447
f 8445 8434 8456
f 8445 8456 8447
f 8447 8456 8436
f 8431 8444 8445
f 8444 8433 8452
f 8444 8452 8445
f 8445 8452 8434
f 8431 8446 8444
f 8446 8435 8453
f 8446 8453 8444
f 8444 8453 8433
f 8431 8443 8446
f 8443 8432 8448
f 8443 8448 8446
f 8446 8448 8435
f 8432 8449 8450
f 8449 8436 8461
f 8449 8461 8450
f 8450 8461 8439
f 8436 8456 8462
f 8456 8434 8458
f 8456 8458 8462
f 8462 8458 8441
f 8434 8452 8457
f 8452 8433 8454
f 8452 8454 8457
f 8457 8454 8438
f 8433 8453 8455
f 8453 8435 8460
f 8453 8460 8455
f 8455 8460 8442
f 8435 8448 8459
f 8448 8432 8451
f 8448 8451 8459
f 8459 8451 8440
f 8438 8469 8463
f 8469 8442 8467
f 8469 8467 8463
f 8463 8467 8437
f 8442 8472 8467
f 8472 8440 8465
f 8472 8465 8467
f 8467 8465 8437
f 8440 8470 8465
f 8470 8439 8464
f 8470 8464 8465
f 8465 8464 8437
f 8439 8471 8464
f 8471 8441 8466
f 8471 8466 8464
f 8464 8466 8437
f 8441 8468 8466
f 8468 8438 8463
f 8468 8463 8466
f 8466 8463 8437
f 8433 8455 8454
f 8455 8442 8469
f 8455 8469 8454
f 8454 8469 8438
f 8435 8459 8460
f 8459 8440 8472
f 8459 8472 8460
f 8460 8472 8442
f 8432 8450 8451
f 8450 8439 8470
f 8450 8470 8451
f 8451 8470 8440
f 8436 8462 8461
f 8462 8441 8471
f 8462 8471 8461
f 8461 8471 8439
f 8434 8457 8458
f 8457 8438 8468
f 8457 8468 8458
f 8458 8468 8441
v -53.817 12.455 -24.446
v -53.817 11.207 -24.446
v -53.193 12.841 -25.456
v -54.442 12.841 -25.456
v -52.807 11.831 -24.832
v -54.828 11.831 -24.832
v -53.817 11.207 -26.467
v -53.817 12.455 -26.467
v -54.442 10.821 -25.456
v -53.193 10.821 -25.456
v -54.828 11.831 -26.081
v -52.807 11.831 -26.081
v -53.817 11.831 -24.269
v -53.450 12.792 -24.863
v -54.184 12.792 -24.863
v -53.224 12.198 -24.496
v -54.411 12.198 -24.496
v -53.224 11.464 -24.496
v -54.411 11.464 -24.496
v -54.184 10.870 -24.863
v -53.450 10.870 -24.863
v -53.817 13.019 -25.456
v -52.857 12.425 -25.089
v -53.450 12.792 -26.050
v -52.857 12.425 -25.823
v -54.778 12.425 -25.089
v -54.184 12.792 -26.050
v -54.778 12.425 -25.823
v -52.857 11.237 -25.089
v -52.630 11.831 -25.456
v -54.778 11.237 -25.089
v -55.005 11.831 -25.456
v -53.817 11.831 -26.644
v -54.184 10.870 -26.050
v -53.450 10.870 -26.050
v -54.411 11.464 -26.417
v -53.224 11.464 -26.417
v -54.411 12.198 -26.417
v -53.224 12.198 -26.417
v -53.817 10.643 -25.456
v -54.778 11.237 -25.823
v -52.857 11.237 -25.823
f 8473 8489 8485
f 8489 8478 8491
f 8489 8491 8485
f 8485 8491 8474
f 8473 8487 8489
f 8487 8476 8498
f 8487 8498 8489
f 8489 8498 8478
f 8473 8486 8487
f 8486 8475 8494
f 8486 8494 8487
f 8487 8494 8476
f 8473 8488 8486
f 8488 8477 8495
f 8488 8495 8486
f 8486 8495 8475
f 8473 8485 8488
f 8485 8474 8490
f 8485 8490 8488
f 8488 8490 8477
f 8474 8491 8492
f 8491 8478 8503
f 8491 8503 8492
f 8492 8503 8481
f 8478 8498 8504
f 8498 8476 8500
f 8498 8500 8504
f 8504 8500 8483
f 8476 8494 8499
f 8494 8475 8496
f 8494 8496 8499
f 8499 8496 8480
f 8475 8495 8497
f 8495 8477 8502
f 8495 8502 8497
f 8497 8502 8484
f 8477 8490 8501
f 8490 8474 8493
f 8490 8493 8501
f 8501 8493 8482
f 8480 8511 8505
f 8511 8484 8509
f 8511 8509 8505
f 8505 8509 8479
f 8484 8514 8509
f 8514 8482 8507
f 8514 8507 8509
f 8509 8507 8479
f 8482 8512 8507
f 8512 8481 8506
f 8512 8506 8507
f 8507 8506 8479
f 8481 8513 8506
f 8513 8483 8508
f 8513 8508 8506
f 8506 8508 8479
f 8483 8510 8508
f 8510 8480 8505
f 8510 8505 8508
f 8508 8505 8479
f 8475 8497 8496
f 8497 8484 8511
f 8497 8511 8496
f 8496 8511 8480
f 8477 8501 8502
f 8501 8482 8514
f 8501 8514 8502
f 8502 8514 8484
f 8474 8492 8493
f 8492 8481 8512
f 8492 8512 8493
f 8493 8512 8482
f 8478 8504 8503
f 8504 8483 8513
f 8504 8513 8503
f 8503 8513 8481
f 8476 8499 8500
f 8499 8480 8510
f 8499 8510 8500
f 8500 8510 8483
v -1.773 -12.504 -13.718
v -1.773 -13.722 -13.718
v -1.164 -12.127 -14.704
v -2.382 -12.127 -14.704
v -0.788 -13.113 -14.095
v -2.758 -13.113 -14.095
v -1.773 -13.722 -15.689
v -1.773 -12.504 -15.689
v -2.382 -14.098 -14.704
v -1.164 -14.098 -14.704
v -2.758 -13.113 -15.312
v -0.788 -13.113 -15.312
v -1.773 -13.113 -13.545
v -1.415 -12.176 -14.124
v -2.131 -12.176 -14.124
v -1.194 -12.755 -13.766
v -2.352 -12.755 -13.766
v -1.194 -13.471 -13.766
v -2.352 -13.471 -13.766
v -2.131 -14.050 -14.124
v -1.415 -14.050 -14.124
v -1.773 -11.954 -14.704
v -0.836 -12.534 -14.346
v -1.415 -12.176 -15.283
v -0.836 -12.534 -15.061
v -2.710 -12.534 -14.346
v -2.131 -12.176 -15.283
v -2.710 -12.534 -15.061
v -0.836 -13.692 -14.346
v -0.615 -13.113 -14.704
v -2.710 -13.692 -14.346
v -2.931 -13.113 -14.704
v -1.773 -13.113 -15.862
v -2.131 -14.050 -15.283
v -1.415 -14.050 -15.283
v -2.352 -13.471 -15.641
v -1.194 -13.471 -15.641
v -2.352 -12.755 -15.641
v -1.194 -12.755 -15.641
v -1.773 -14.271 -14.704
v -2.710 -13.692 -15.061
v -0.836 -13.692 -15.061
f 8515 8531 8527
f 8531 8520 8533
f 8531 8533 8527
f 8527 8533 8516
f 8515 8529 8531
f 8529 8518 8540
f 8529 8540 8531
f 8531 8540 8520
f 8515 8528 8529
f 8528 8517 8536
f 8528 8536 8529
f 8529 8536 8518
f 8515 8530 8528
f 8530 8519 8537
f 8530 8537 8528
f 8528 8537 8517
f 8515 8527 8530
f 8527 8516 8532
f 8527 8532 8530
f 8530 8532 8519
f 8516 8533 8534
f 8533 8520 8545
f 8533 8545 8534
f 8534 8545 8523
f 8520 8540 8546
f 8540 8518 8542
f 8540 8542 8546
f 8546 8542 8525
f 8518 8536 8541
f 8536 8517 8538
f 8536 8538 8541
f 8541 8538 8522
f 8517 8537 8539
f 8537 8519 8544
f 8537 8544 8539
f 8539 8544 8526
f 8519 8532 8543
f 8532 8516 8535
f 8532 8535 8543
f 8543 8535 8524
f 8522 8553 8547
f 8553 8526 8551
f 8553 8551 8547
f 8547 8551 8521
f 8526 8556 8551
f 8556 8524 8549
f 8556 8549 8551
f 8551 8549 8521
f 8524 8554 8549
f 8554 8523 8548
f 8554 8548 8549
f 8549 8548 8521
f 8523 8555 8548
f 8555 8525 8550
f 8555 8550 8548
f 8548 8550 8521
f 8525 8552 8550
f 8552 8522 8547
f 8552 8547 8550
f 8550 8547 8521
f 8517 8539 8538
f 8539 8526 8553
f 8539 8553 8538
f 8538 8553 8522
f 8519 8543 8544
f 8543 8524 8556
f 8543 8556 8544
f 8544 8556 8526
f 8516 8534 8535
f 8534 8523 8554
f 8534 8554 8535
f 8535 8554 8524
f 8520 8546 8545
f 8546 8525 8555
f 8546 8555 8545
f 8545 8555 8523
f 8518 8541 8542
f 8541 8522 8552
f 8541 8552 8542
f 8542 8552 8525
v 4.636 1.286 11.654
v 4.636 -0.033 11.654
v 5.295 1.693 10.588
v 3.977 1.693 10.588
v 5.702 0.626 11.247
v 3.569 0.626 11.247
v 4.636 -0.033 9.522
v 4.636 1.286 9.522
v 3.977 -0.440 10.588
v 5.295 -0.440 10.588
v 3.569 0.626 9.929
v 5.702 0.626 9.929
v 4.636 0.626 11.842
v 5.023 1.641 11.215
v 4.248 1.641 11.215
v 5.263 1.014 11.602
v 4.009 1.014 11.602
v 5.263 0.239 11.602
v 4.009 0.239 11.602
v 4.248 -0.388 11.215
v 5.023 -0.388 11.215
v 4.636 1.880 10.588
v 5.650 1.253 10.975
v 5.023 1.641 9.961
v 5.650 1.253 10.201
v 3.622 1.253 10.975
v 4.248 1.641 9.961
v 3.622 1.253 10.201
v 5.650 -0.000 10.975
v 5.890 0.626 10.588
v 3.622 -0.000 10.975
v 3.382 0.626 10.588
v 4.636 0.626 9.334
v 4.248 -0.388 9.961
v 5.023 -0.388 9.961
v 4.009 0.239 9.574
v 5.263 0.239 9.574
v 4.009 1.014 9.574
v 5.263 1.014 9.574
v 4.636 -0.627 10.588
v 3.622 -0.000 10.201
v 5.650 -0.000 10.201
usemtl mtl-008
f 8557 8573 8569
f 8573 8562 8575
f 8573 8575 8569
f 8569 8575 8558
f 8557 8571 8573
f 8571 8560 8582
f 8571 8582 8573
f 8573 8582 8562
f 8557 8570 8571
f 8570 8559 8578
f 8570 8578 8571
f 8571 8578 8560
f 8557 8572 8570
f 8572 8561 8579
f 8572 8579 8570
f 8570 8579 8559
f 8557 8569 8572
f 8569 8558 8574
f 8569 8574 8572
f 8572 8574 8561
f 8558 8575 8576
f 8575 8562 8587
f 8575 8587 8576
f 8576 8587 8565
f 8562 8582 8588
f 8582 8560 8584
f 8582 8584 8588
f 8588 8584 8567
f 8560 8578 8583
f 8578 8559 8580
f 8578 8580 8583
f 8583 8580 8564
f 8559 8579 8581
f 8579 8561 8586
f 8579 8586 8581
f 8581 8586 8568
f 8561 8574 8585
f 8574 8558 8577
f 8574 8577 8585
f 8585 8577 8566
f 8564 8595 8589
f 8595 8568 8593
f 8595 8593 8589
f 8589 8593 8563
f 8568 8598 8593
f 8598 8566 8591
f 8598 8591 8593
f 8593 8591 8563
f 8566 8596 8591
f 8596 8565 8590
f 8596 8590 8591
f 8591 8590 8563
f 8565 8597 8590
f 8597 8567 8592
f 8597 8592 8590
f 8590 8592 8563
f 8567 8594 8592
f 8594 8564 8589
f 8594 8589 8592
f 8592 8589 8563
f 8559 8581 8580
f 8581 8568 8595
f 8581 8595 8580
f 8580 8595 8564
f 8561 8585 8586
f 8585 8566 8598
f 8585 8598 8586
f 8586 8598 8568
f 8558 8576 8577
f 8576 8565 8596
f 8576 8596 8577
f 8577 8596 8566
f 8562 8588 8587
f 8588 8567 8597
f 8588 8597 8587
f 8587 8597 8565
f 8560 8583 8584
f 8583 8564 8594
f 8583 8594 8584
f 8584 8594 8567
v 3.834 -14.735 -14.963
v 3.834 -16.063 -14.963
v 4.498 -14.325 -16.037
v 3.170 -14.325 -16.037
v 4.908 -15.399 -15.373
v 2.760 -15.399 -15.373
v 3.834 -16.063 -17.111
v 3.834 -14.735 -17.111
v 3.170 -16.474 -16.037
v 4.498 -16.474 -16.037
v 2.760 -15.399 -16.701
v 4.908 -15.399 -16.701
v 3.834 -15.399 -14.774
v 4.224 -14.378 -15.406
v 3.444 -14.378 -15.406
v 4.466 -15.009 -15.015
v 3.203 -15.009 -15.015
v 4.466 -15.790 -15.015
v 3.203 -15.790 -15.015
v 3.444 -16.421 -15.406
v 4.224 -16.421 -15.406
v 3.834 -14.136 -16.037
v 4.856 -14.768 -15.647
v 4.224 -14.378 -16.669
v 4.856 -14.768 -16.427
v 2.812 -14.768 -15.647
v 3.444 -14.378 -16.669
v 2.812 -14.768 -16.427
v 4.856 -16.031 -15.647
v 5.097 -15.399 -16.037
v 2.812 -16.031 -15.647
v 2.571 -15.399 -16.037
v 3.834 -15.399 -17.300
v 3.444 -16.421 -16.669
v 4.224 -16.421 -16.669
v 3.203 -15.790 -17.059
v 4.466 -15.790 -17.059
v 3.203 -15.009 -17.059
v 4.466 -15.009 -17.059
v 3.834 -16.662 -16.037
v 2.812 -16.031 -16.427
v 4.856 -16.031 -16.427
f 8599 8615 8611
f 8615 8604 8617
f 8615 8617 8611
f 8611 8617 8600
f 8599 8613 8615
f 8613 8602 8624
f 8613 8624 8615
f 8615 8624 8604
f 8599 8612 8613
f 8612 8601 8620
f 8612 8620 8613
f 8613 8620 8602
f 8599 8614 8612
f 8614 8603 8621
f 8614 8621 8612
f 8612 8621 8601
f 8599 8611 8614
f 8611 8600 8616
f 8611 8616 8614
f 8614 8616 8603
f 8600 8617 8618
f 8617 8604 8629
f 8617 8629 8618
f 8618 8629 8607
f 8604 8624 8630
f 8624 8602 8626
f 8624 8626 8630
f 8630 8626 8609
f 8602 8620 8625
f 8620 8601 8622
f 8620 8622 8625
f 8625 8622 8606
f 8601 8621 8623
f 8621 8603 8628
f 8621 8628 8623
f 8623 8628 8610
f 8603 8616 8627
f 8616 8600 8619
f 8616 8619 8627
f 8627 8619 8608
f 8606 8637 8631
f 8637 8610 8635
f 8637 8635 8631
f 8631 8635 8605
f 8610 8640 8635
f 8640 8608 8633
f 8640 8633 8635
f 8635 8633 8605
f 8608 8638 8633
f 8638 8607 8632
f 8638 8632 8633
f 8633 8632 8605
f 8607 8639 8632
f 8639 8609 8634
f 8639 8634 8632
f 8632 8634 8605
f 8609 8636 8634
f 8636 8606 8631
f 8636 8631 8634
f 8634 8631 8605
f 8601 8623 8622
f 8623 8610 8637
f 8623 8637 8622
f 8622 8637 8606
f 8603 8627 8628
f 8627 8608 8640
f 8627 8640 8628
f 8628 8640 8610
f 8600 8618 8619
f 8618 8607 8638
f 8618 8638 8619
f 8619 8638 8608
f 8604 8630 8629
f 8630 8609 8639
f 8630 8639 8629
f 8629 8639 8607
f 8602 8625 8626
f 8625 8606 8636
f 8625 8636 8626
f 8626 8636 8609
v -65.819 8.968 -8.015
v -65.819 7.402 -8.015
v -65.036 9.451 -9.282
v -66.602 9.451 -9.282
v -64.553 8.185 -8.499
v -67.086 8.185 -8.499
v -65.819 7.402 -10.548
v -65.819 8.968 -10.548
v -66.602 6.918 -9.282
v -65.036 6.918 -9.282
v -67.086 8.185 -10.065
v -64.553 8.185 -10.065
v -65.819 8.185 -7.793
v -65.359 9.389 -8.537
v -66.280 9.389 -8.537
v -65.075 8.645 -8.077
v -66.564 8.645 -8.077
v -65.075 7.724 -8.077
v -66.564 7.724 -8.077
v -66.280 6.980 -8.537
v -65.359 6.980 -8.537
v -65.819 9.674 -9.282
v -64.615 8.929 -8.822
v -65.359 9.389 -10.026
v -64.615 8.929 -9.742
v -67.024 8.929 -8.822
v -66.280 9.389 -10.026
v -67.024 8.929 -9.742
v -64.615 7.440 -8.822
v -64.330 8.185 -9.282
v -67.024 7.440 -8.822
v -67.309 8.185 -9.282
v -65.819 8.185 -10.771
v -66.280 6.980 -10.026
v -65.359 6.980 -10.026
v -66.564 7.724 -10.486
v -65.075 7.724 -10.486
v -66.564 8.645 -10.486
v -65.075 8.645 -10.486
v -65.819 6.695 -9.282
v -67.024 7.440 -9.742
v -64.615 7.440 -9.742
usemtl mtl-009
f 8641 8657 8653
f 8657 8646 8659
f 8657 8659 8653
f 8653 8659 8642
f 8641 8655 8657
f 8655 8644 8666
f 8655 8666 8657
f 8657 8666 8646
f 8641 8654 8655
f 8654 8643 8662
f 8654 8662 8655
f 8655 8662 8644
f 8641 8656 8654
f 8656 8645 8663
f 8656 8663 8654
f 8654 8663 8643
f 8641 8653 8656
f 8653 8642 8658
f 8653 8658 8656
f 8656 8658 8645
f 8642 8659 8660
f 8659 8646 8671
f 8659 8671 8660
f 8660 8671 8649
f 8646 8666 8672
f 8666 8644 8668
f 8666 8668 8672
f 8672 8668 8651
f 8644 8662 8667
f 8662 8643 8664
f 8662 8664 8667
f 8667 8664 8648
f 8643 8663 8665
f 8663 8645 8670
f 8663 8670 8665
f 8665 8670 8652
f 8645 8658 8669
f 8658 8642 8661
f 8658 8661 8669
f 8669 8661 8650
f 8648 8679 8673
f 8679 8652 8677
f 8679 8677 8673
f 8673 8677 8647
f 8652 8682 8677
f 8682 8650 8675
f 8682 8675 8677
f 8677 8675 8647
f 8650 8680 8675
f 8680 8649 8674
f 8680 8674 8675
f 8675 8674 8647
f 8649 8681 8674
f 8681 8651 8676
f 8681 8676 8674
f 8674 8676 8647
f 8651 8678 8676
f 8678 8648 8673
f 8678 8673 8676
f 8676 8673 8647
f 8643 8665 8664
f 8665 8652 8679
f 8665 8679 8664
f 8664 8679 8648
f 8645 8669 8670
f 8669 8650 8682
f 8669 8682 8670
f 8670 8682 8652
f 8642 8660 8661
f 8660 8649 8680
f 8660 8680 8661
f 8661 8680 8650
f 8646 8672 8671
f 8672 8651 8681
f 8672 8681 8671
f 8671 8681 8649
f 8644 8667 8668
f 8667 8648 8678
f 8667 8678 8668
f 8668 8678 8651
v -30.504 -30.104 27.398
v -30.504 -31.772 27.398
v -29.670 -29.588 26.049
v -31.338 -29.588 26.049
v -29.154 -30.938 26.883
v -31.854 -30.938 26.883
v -30.504 -31.772 24.699
v -30.504 -30.104 24.699
v -31.338 -32.288 26.049
v -29.670 -32.288 26.049
v -31.854 -30.938 25.214
v -29.154 -30.938 25.214
v -30.504 -30.938 27.635
v -30.014 -29.654 26.842
v -30.994 -29.654 26.842
v -29.711 -30.448 27.332
v -31.297 -30.448 27.332
v -29.711 -31.428 27.332
v -31.297 -31.428 27.332
v -30.994 -32.222 26.842
v -30.014 -32.222 26.842
v -30.504 -29.351 26.049
v -29.220 -30.145 26.539
v -30.014 -29.654 25.255
v -29.220 -30.145 25.558
v -31.788 -30.145 26.539
v -30.994 -29.654 25.255
v -31.788 -30.145 25.558
v -29.220 -31.732 26.539
v -28.917 -30.938 26.049
v -31.788 -31.732 26.539
v -32.091 -30.938 26.049
v -30.504 -30.938 24.462
v -30.994 -32.222 25.255
v -30.014 -32.222 25.255
v -31.297 -31.428 24.765
v -29.711 -31.428 24.765
v -31.297 -30.448 24.765
v -29.711 -30.448 24.765
v -30.504 -32.525 26.049
v -31.788 -31.732 25.558
v -29.220 -31.732 25.558
usemtl mtl-010
f 8683 8699 8695
f 8699 8688 8701
f 8699 8701 8695
f 8695 8701 8684
f 8683 8697 8699
f 8697 8686 8708
f 8697 8708 8699
f 8699 8708 8688
f 8683 8696 8697
f 8696 8685 8704
f 8696 8704 8697
f 8697 8704 8686
f 8683 8698 8696
f 8698 8687 8705
f 8698 8705 8696
f 8696 8705 8685
f 8683 8695 8698
f 8695 8684 8700
f 8695 8700 8698
f 8698 8700 8687
f 8684 8701 8702
f 8701 8688 8713
f 8701 8713 8702
f 8702 8713 8691
f 8688 8708 8714
f 8708 8686 8710
f 8708 8710 8714
f 8714 8710 8693
f 8686 8704 8709
f 8704 8685 8706
f 8704 8706 8709
f 8709 8706 8690
f 8685 8705 8707
f 8705 8687 8712
f 8705 8712 8707
f 8707 8712 8694
f 8687 8700 8711
f 8700 8684 8703
f 8700 8703 8711
f 8711 8703 8692
f 8690 8721 8715
f 8721 8694 8719
f 8721 8719 8715
f 8715 8719 8689
f 8694 8724 8719
f 8724 8692 8717
f 8724 8717 8719
f 8719 8717 8689
f 8692 8722 8717
f 8722 8691 8716
f 8722 8716 8717
f 8717 8716 8689
f 8691 8723 8716
f 8723 8693 8718
f 8723 8718 8716
f 8716 8718 8689
f 8693 8720 8718
f 8720 8690 8715
f 8720 8715 8718
f 8718 8715 8689
f 8685 8707 8706
f 8707 8694 8721
f 8707 8721 8706
f 8706 8721 8690
f 8687 8711 8712
f 8711 8692 8724
f 8711 8724 8712
f 8712 8724 8694
f 8684 8702 8703
f 8702 8691 8722
f 8702 8722 8703
f 8703 8722 8692
f 8688 8714 8713
f 8714 8693 8723
f 8714 8723 8713
f 8713 8723 8691
f 8686 8709 8710
f 8709 8690 8720
f 8709 8720 8710
f 8710 8720 8693
v -36.156 -2.578 48.316
v -36.156 -4.358 48.316
v -35.266 -2.028 46.876
v -37.046 -2.028 46.876
v -34.717 -3.468 47.766
v -37.596 -3.468 47.766
v -36.156 -4.358 45.436
v -36.156 -2.578 45.436
v -37.046 -4.908 46.876
v -35.266 -4.908 46.876
v -37.596 -3.468 45.986
v -34.717 -3.468 45.986
v -36.156 -3.468 48.568
v -35.633 -2.099 47.722
v -36.679 -2.099 47.722
v -35.310 -2.945 48.245
v -37.002 -2.945 48.245
v -35.310 -3.991 48.245
v -37.002 -3.991 48.245
v -36.679 -4.837 47.722
v -35.633 -4.837 47.722
v -36.156 -1.775 46.876
v -34.787 -2.622 47.399
v -35.633 -2.099 46.030
v -34.787 -2.622 46.353
v -37.525 -2.622 47.399
v -36.679 -2.099 46.030
v -37.525 -2.622 46.353
v -34.787 -4.314 47.399
v -34.464 -3.468 46.876
v -37.525 -4.314 47.399
v -37.849 -3.468 46.876
v -36.156 -3.468 45.184
v -36.679 -4.837 46.030
v -35.633 -4.837 46.030
v -37.002 -3.991 45.507
v -35.310 -3.991 45.507
v -37.002 -2.945 45.507
v -35.310 -2.945 45.507
v -36.156 -5.160 46.876
v -37.525 -4.314 46.353
v -34.787 -4.314 46.353
usemtl mtl-011
f 8725 8741 8737
f 8741 8730 8743
f 8741 8743 8737
f 8737 8743 8726
f 8725 8739 8741
f 8739 8728 8750
f 8739 8750 8741
f 8741 8750 8730
f 8725 8738 8739
f 8738 8727 8746
f 8738 8746 8739
f 8739 8746 8728
f 8725 8740 8738
f 8740 8729 8747
f 8740 8747 8738
f 8738 8747 8727
f 8725 8737 8740
f 8737 8726 8742
f 8737 8742 8740
f 8740 8742 8729
f 8726 8743 8744
f 8743 8730 8755
f 8743 8755 8744
f 8744 8755 8733
f 8730 8750 8756
f 8750 8728 8752
f 8750 8752 8756
f 8756 8752 8735
f 8728 8746 8751
f 8746 8727 8748
f 8746 8748 8751
f 8751 8748 8732
f 8727 8747 8749
f 8747 8729 8754
f 8747 8754 8749
f 8749 8754 8736
f 8729 8742 8753
f 8742 8726 8745
f 8742 8745 8753
f 8753 8745 8734
f 8732 8763 8757
f 8763 8736 8761
f 8763 8761 8757
f 8757 8761 8731
f 8736 8766 8761
f 8766 8734 8759
f 8766 8759 8761
f 8761 8759 8731
f 8734 8764 8759
f 8764 8733 8758
f 8764 8758 8759
f 8759 8758 8731
f 8733 8765 8758
f 8765 8735 8760
f 8765 8760 8758
f 8758 8760 8731
f 8735 8762 8760
f 8762 8732 8757
f 8762 8757 8760
f 8760 8757 8731
f 8727 8749 8748
f 8749 8736 8763
f 8749 8763 8748
f 8748 8763 8732
f 8729 8753 8754
f 8753 8734 8766
f 8753 8766 8754
f 8754 8766 8736
f 8726 8744 8745
f 8744 8733 8764
f 8744 8764 8745
f 8745 8764 8734
f 8730 8756 8755
f 8756 8735 8765
f 8756 8765 8755
f 8755 8765 8733
f 8728 8751 8752
f 8751 8732 8762
f 8751 8762 8752
f 8752 8762 8735
v 69.446 -16.690 -13.789
v 69.446 -18.455 -13.789
v 70.328 -16.144 -15.217
v 68.563 -16.144 -15.217
v 70.874 -17.572 -14.334
v 68.018 -17.572 -14.334
v 69.446 -18.455 -16.645
v 69.446 -16.690 -16.645
v 68.563 -19.000 -15.217
v 70.328 -19.000 -15.217
v 68.018 -17.572 -16.099
v 70.874 -17.572 -16.099
v 69.446 -17.572 -13.538
v 69.965 -16.214 -14.377
v 68.927 -16.214 -14.377
v 70.285 -17.054 -13.859
v 68.606 -17.054 -13.859
v 70.285 -18.091 -13.859
v 68.606 -18.091 -13.859
v 68.927 -18.930 -14.377
v 69.965 -18.930 -14.377
v 69.446 -15.894 -15.217
v 70.804 -16.733 -14.698
v 69.965 -16.214 -16.056
v 70.804 -16.733 -15.735
v 68.088 -16.733 -14.698
v 68.927 -16.214 -16.056
v 68.088 -16.733 -15.735
v 70.804 -18.412 -14.698
v 71.125 -17.572 -15.217
v 68.088 -18.412 -14.698
v 67.767 -17.572 -15.217
v 69.446 -17.572 -16.895
v 68.927 -18.930 -16.056
v 69.965 -18.930 -16.056
v 68.606 -18.091 -16.575
v 70.285 -18.091 -16.575
v 68.606 -17.054 -16.575
v 70.285 -17.054 -16.575
v 69.446 -19.251 -15.217
v 68.088 -18.412 -15.735
v 70.804 -18.412 -15.735
f 8767 8783 8779
f 8783 8772 8785
f 8783 8785 8779
f 8779 8785 8768
f 8767 8781 8783
f 8781 8770 8792
f 8781 8792 8783
f 8783 8792 8772
f 8767 8780 8781
f 8780 8769 8788
f 8780 8788 8781
f 8781 8788 8770
f 8767 8782 8780
f 8782 8771 8789
f 8782 8789 8780
f 8780 8789 8769
f 8767 8779 8782
f 8779 8768 8784
f 8779 8784 8782
f 8782 8784 8771
f 8768 8785 8786
f 8785 8772 8797
f 8785 8797 8786
f 8786 8797 8775
f 8772 8792 8798
f 8792 8770 8794
f 8792 8794 8798
f 8798 8794 8777
f 8770 8788 8793
f 8788 8769 8790
f 8788 8790 8793
f 8793 8790 8774
f 8769 8789 8791
f 8789 8771 8796
f 8789 8796 8791
f 8791 8796 8778
f 8771 8784 8795
f 8784 8768 8787
f 8784 8787 8795
f 8795 8787 8776
f 8774 8805 8799
f 8805 8778 8803
f 8805 8803 8799
f 8799 8803 8773
f 8778 8808 8803
f 8808 8776 8801
f 8808 8801 8803
f 8803 8801 8773
f 8776 8806 8801
f 8806 8775 8800
f 8806 8800 8801
f 8801 8800 8773
f 8775 8807 8800
f 8807 8777 8802
f 8807 8802 8800
f 8800 8802 8773
f 8777 8804 8802
f 8804 8774 8799
f 8804 8799 8802
f 8802 8799 8773
f 8769 8791 8790
f 8791 8778 8805
f 8791 8805 8790
f 8790 8805 8774
f 8771 8795 8796
f 8795 8776 8808
f 8795 8808 8796
f 8796 8808 8778
f 8768 8786 8787
f 8786 8775 8806
f 8786 8806 8787
f 8787 8806 8776
f 8772 8798 8797
f 8798 8777 8807
f 8798 8807 8797
f 8797 8807 8775
f 8770 8793 8794
f 8793 8774 8804
f 8793 8804 8794
f 8794 8804 8777
v -42.668 -8.649 20.359
v -42.668 -10.658 20.359
v -41.664 -8.028 18.734
v -43.673 -8.028 18.734
v -41.043 -9.653 19.738
v -44.294 -9.653 19.738
v -42.668 -10.658 17.108
v -42.668 -8.649 17.108
v -43.673 -11.278 18.734
v -41.664 -11.278 18.734
v -44.294 -9.653 17.729
v -41.043 -9.653 17.729
v -42.668 -9.653 20.644
v -42.078 -8.107 19.689
v -43.259 -8.107 19.689
v -41.713 -9.063 20.280
v -43.624 -9.063 20.280
v -41.713 -10.244 20.280
v -43.624 -10.244 20.280
v -43.259 -11.199 19.689
v -42.078 -11.199 19.689
v -42.668 -7.742 18.734
v -41.123 -8.698 19.324
v -42.078 -8.107 17.778
v -41.123 -8.698 18.143
v -44.214 -8.698 19.324
v -43.259 -8.107 17.778
v -44.214 -8.698 18.143
v -41.123 -10.608 19.324
v -40.758 -9.653 18.734
v -44.214 -10.608 19.324
v -44.579 -9.653 18.734
v -42.668 -9.653 16.823
v -43.259 -11.199 17.778
v -42.078 -11.199 17.778
v -43.624 -10.244 17.188
v -41.713 -10.244 17.188
v -43.624 -9.063 17.188
v -41.713 -9.063 17.188
v -42.668 -11.564 18.734
v -44.214 -10.608 18.143
v -41.123 -10.608 18.143
usemtl mtl-013
f 8809 8825 8821
f 8825 8814 8827
f 8825 8827 8821
f 8821 8827 8810
f 8809 8823 8825
f 8823 8812 8834
f 8823 8834 8825
f 8825 8834 8814
f 8809 8822 8823
f 8822 8811 8830
f 8822 8830 8823
f 8823 8830 8812
f 8809 8824 8822
f 8824 8813 8831
f 8824 8831 8822
f 8822 8831 8811
f 8809 8821 8824
f 8821 8810 8826
f 8821 8826 8824
f 8824 8826 8813
f 8810 8827 8828
f 8827 8814 8839
f 8827 8839 8828
f 8828 8839 8817
f 8814 8834 8840
f 8834 8812 8836
f 8834 8836 8840
f 8840 8836 8819
f 8812 8830 8835
f 8830 8811 8832
f 8830 8832 8835
f 8835 8832 8816
f 8811 8831 8833
f 8831 8813 8838
f 8831 8838 8833
f 8833 8838 8820
f 8813 8826 8837
f 8826 8810 8829
f 8826 8829 8837
f 8837 8829 8818
f 8816 8847 8841
f 8847 8820 8845
f 8847 8845 8841
f 8841 8845 8815
f 8820 8850 8845
f 8850 8818 8843
f 8850 8843 8845
f 8845 8843 8815
f 8818 8848 8843
f 8848 8817 8842
f 8848 8842 8843
f 8843 8842 8815
f 8817 8849 8842
f 8849 8819 8844
f 8849 8844 8842
f 8842 8844 8815
f 8819 8846 8844
f 8846 8816 8841
f 8846 8841 8844
f 8844 8841 8815
f 8811 8833 8832
f 8833 8820 8847
f 8833 8847 8832
f 8832 8847 8816
f 8813 8837 8838
f 8837 8818 8850
f 8837 8850 8838
f 8838 8850 8820
f 8810 8828 8829
f 8828 8817 8848
f 8828 8848 8829
f 8829 8848 8818
f 8814 8840 8839
f 8840 8819 8849
f 8840 8849 8839
f 8839 8849 8817
f 8812 8835 8836
f 8835 8816 8846
f 8835 8846 8836
f 8836 8846 8819
